# 3D Bikini Generator - bikini_714ceded
# Patches: 10
# Total vertices: 2388
# Total faces: 4238

mtllib bikini_714ceded.mtl

# Patch: cup_left_scallop
o cup_left_scallop
usemtl bikini_714ceded_material
v -0.075288 1.334512 0.103199
v -0.075732 1.335215 0.104904
v -0.076235 1.333954 0.102663
v -0.076792 1.331385 0.097785
v -0.077400 1.328844 0.092937
v -0.078052 1.327650 0.090760
v -0.078744 1.328425 0.092494
v -0.079470 1.330766 0.097331
v -0.080225 1.333456 0.102836
v -0.081001 1.335096 0.106212
v -0.081794 1.334835 0.105753
v -0.082597 1.332807 0.101730
v -0.083403 1.330067 0.096251
v -0.084206 1.328040 0.092163
v -0.084999 1.327778 0.091576
v -0.085775 1.329419 0.094762
v -0.086530 1.332109 0.100016
v -0.087256 1.334449 0.104542
v -0.087948 1.335225 0.105909
v -0.088600 1.334031 0.103311
v -0.089208 1.331489 0.097992
v -0.089765 1.328920 0.092596
v -0.090268 1.327660 0.089795
v -0.090712 1.328363 0.090902
v -0.069313 1.333815 0.104535
v -0.070101 1.334489 0.106414
v -0.070994 1.333280 0.104494
v -0.071983 1.330817 0.100027
v -0.073060 1.328380 0.095571
v -0.074218 1.327236 0.093655
v -0.075446 1.327979 0.095468
v -0.076735 1.330223 0.100232
v -0.078074 1.332802 0.105613
v -0.079453 1.334375 0.108928
v -0.080860 1.334125 0.108540
v -0.082285 1.332181 0.104709
v -0.083715 1.329554 0.099455
v -0.085140 1.327609 0.095510
v -0.086547 1.327359 0.094895
v -0.087926 1.328932 0.097872
v -0.089265 1.331511 0.102806
v -0.090554 1.333755 0.107020
v -0.091782 1.334498 0.108180
v -0.092940 1.333354 0.105518
v -0.094017 1.330917 0.100226
v -0.095006 1.328454 0.094841
v -0.095899 1.327245 0.091927
v -0.096687 1.327919 0.092745
v -0.063439 1.332802 0.105844
v -0.064566 1.333447 0.107892
v -0.065841 1.332291 0.106289
v -0.067255 1.329933 0.102231
v -0.068795 1.327601 0.098164
v -0.070449 1.326506 0.096507
v -0.072204 1.327217 0.098395
v -0.074046 1.329365 0.103085
v -0.075960 1.331833 0.108341
v -0.077931 1.333339 0.111593
v -0.079942 1.333099 0.111275
v -0.081978 1.331238 0.107635
v -0.084022 1.328724 0.102607
v -0.086058 1.326863 0.098805
v -0.088069 1.326623 0.098162
v -0.090040 1.328129 0.100932
v -0.091954 1.330597 0.105549
v -0.093796 1.332745 0.109451
v -0.095551 1.333456 0.110408
v -0.097205 1.332361 0.107684
v -0.098745 1.330029 0.102422
v -0.100159 1.327672 0.097051
v -0.101434 1.326515 0.094028
v -0.102561 1.327160 0.094560
v -0.057710 1.331480 0.107115
v -0.059167 1.332096 0.109327
v -0.060816 1.330992 0.108035
v -0.062643 1.328740 0.104381
v -0.064634 1.326513 0.100698
v -0.066773 1.325467 0.099296
v -0.069042 1.326146 0.101257
v -0.071424 1.328198 0.105869
v -0.073898 1.330555 0.110997
v -0.076446 1.331993 0.114185
v -0.079046 1.331764 0.113936
v -0.081679 1.329986 0.110487
v -0.084321 1.327585 0.105684
v -0.086954 1.325808 0.102025
v -0.089554 1.325579 0.101357
v -0.092102 1.327017 0.103920
v -0.094576 1.329374 0.108223
v -0.096958 1.331426 0.111816
v -0.099227 1.332105 0.112573
v -0.101366 1.331059 0.109791
v -0.103357 1.328831 0.104563
v -0.105184 1.326580 0.099212
v -0.106833 1.325475 0.096084
v -0.108290 1.326091 0.096337
v -0.052168 1.329858 0.108335
v -0.053944 1.330445 0.110704
v -0.055955 1.329392 0.109718
v -0.058182 1.327247 0.106461
v -0.060610 1.325124 0.103157
v -0.063217 1.324127 0.102004
v -0.065984 1.324774 0.104033
v -0.068887 1.326730 0.108564
v -0.071904 1.328976 0.113561
v -0.075010 1.330347 0.116682
v -0.078180 1.330128 0.116500
v -0.081389 1.328434 0.113241
v -0.084611 1.326146 0.108665
v -0.087820 1.324453 0.105149
v -0.090990 1.324234 0.104457
v -0.094096 1.325604 0.106817
v -0.097113 1.327851 0.110807
v -0.100016 1.329806 0.114096
v -0.102783 1.330454 0.114657
v -0.105390 1.329457 0.111822
v -0.107818 1.327334 0.106634
v -0.110045 1.325188 0.101309
v -0.112056 1.324135 0.098084
v -0.113832 1.324723 0.098064
v -0.046854 1.327947 0.109495
v -0.048937 1.328505 0.112012
v -0.051293 1.327504 0.111322
v -0.053905 1.325464 0.108456
v -0.056751 1.323446 0.105523
v -0.059808 1.322498 0.104614
v -0.063051 1.323114 0.106705
v -0.066455 1.324972 0.111151
v -0.069991 1.327108 0.116012
v -0.073633 1.328411 0.119064
v -0.077349 1.328203 0.118948
v -0.081111 1.326593 0.115878
v -0.084889 1.324418 0.111527
v -0.088651 1.322808 0.108157
v -0.092367 1.322600 0.107442
v -0.096009 1.323903 0.109600
v -0.099545 1.326038 0.113283
v -0.102949 1.327897 0.116272
v -0.106192 1.328513 0.116643
v -0.109249 1.327565 0.113761
v -0.112095 1.325547 0.108620
v -0.114707 1.323507 0.103328
v -0.117063 1.322506 0.100014
v -0.119146 1.323064 0.099731
v -0.041807 1.325759 0.110584
v -0.044181 1.326288 0.113238
v -0.046867 1.325339 0.112836
v -0.049843 1.323405 0.110350
v -0.053086 1.321492 0.107781
v -0.056570 1.320593 0.107107
v -0.060266 1.321177 0.109255
v -0.064145 1.322939 0.113610
v -0.068175 1.324964 0.118332
v -0.072325 1.326199 0.121310
v -0.076560 1.326002 0.121258
v -0.080848 1.324476 0.118376
v -0.085152 1.322413 0.114251
v -0.089440 1.320887 0.111026
v -0.093675 1.320690 0.110291
v -0.097825 1.321925 0.112253
v -0.101855 1.323950 0.115631
v -0.105734 1.325712 0.118326
v -0.109430 1.326296 0.118513
v -0.112914 1.325397 0.115591
v -0.116157 1.323484 0.110506
v -0.119133 1.321550 0.105256
v -0.121819 1.320601 0.101863
v -0.124193 1.321130 0.101326
v -0.037066 1.323311 0.111591
v -0.039713 1.323811 0.114372
v -0.042708 1.322914 0.114245
v -0.046027 1.321086 0.112130
v -0.049643 1.319277 0.109915
v -0.053528 1.318428 0.109469
v -0.057649 1.318979 0.111666
v -0.061974 1.320645 0.115923
v -0.066469 1.322559 0.120501
v -0.071096 1.323727 0.123403
v -0.075819 1.323541 0.123412
v -0.080600 1.322098 0.120717
v -0.085400 1.320148 0.116817
v -0.090181 1.318705 0.113740
v -0.094904 1.318519 0.112987
v -0.099531 1.319686 0.114755
v -0.104026 1.321601 0.117834
v -0.108351 1.323266 0.120241
v -0.112472 1.323818 0.120251
v -0.116357 1.322969 0.117298
v -0.119973 1.321160 0.112278
v -0.123292 1.319332 0.107080
v -0.126287 1.318435 0.103619
v -0.128934 1.318935 0.102840
v -0.032664 1.320619 0.112509
v -0.035565 1.321090 0.115402
v -0.038847 1.320245 0.115539
v -0.042484 1.318523 0.113783
v -0.046447 1.316818 0.111912
v -0.050703 1.316018 0.111685
v -0.055220 1.316538 0.113922
v -0.059960 1.318107 0.118075
v -0.064885 1.319911 0.122503
v -0.069955 1.321011 0.125324
v -0.075131 1.320835 0.125391
v -0.080370 1.319476 0.122881
v -0.085630 1.317639 0.119207
v -0.090869 1.316279 0.116279
v -0.096045 1.316104 0.115511
v -0.101115 1.317204 0.117089
v -0.106040 1.319007 0.119875
v -0.110780 1.320577 0.122001
v -0.115297 1.321097 0.121842
v -0.119553 1.320296 0.118868
v -0.123516 1.318592 0.113922
v -0.127153 1.316870 0.108788
v -0.130435 1.316025 0.105271
v -0.133336 1.316496 0.104264
v -0.028635 1.317702 0.113327
v -0.031768 1.318144 0.116318
v -0.035313 1.317351 0.116705
v -0.039241 1.315735 0.115296
v -0.043521 1.314135 0.113757
v -0.048118 1.313384 0.113739
v -0.052996 1.313872 0.116008
v -0.058115 1.315345 0.120049
v -0.063435 1.317038 0.124321
v -0.068911 1.318070 0.127057
v -0.074501 1.317905 0.127179
v -0.080159 1.316629 0.124853
v -0.085841 1.314905 0.121405
v -0.091499 1.313629 0.118627
v -0.097089 1.313465 0.117847
v -0.102565 1.314497 0.119240
v -0.107885 1.316190 0.121739
v -0.113004 1.317663 0.123590
v -0.117882 1.318151 0.123272
v -0.122479 1.317400 0.120286
v -0.126759 1.315800 0.115427
v -0.130687 1.314184 0.110370
v -0.134232 1.313390 0.106810
v -0.137365 1.313833 0.105589
v -0.025009 1.314581 0.114038
v -0.028350 1.314995 0.117112
v -0.032131 1.314254 0.117734
v -0.036322 1.312743 0.116659
v -0.040887 1.311248 0.115440
v -0.045791 1.310546 0.115619
v -0.050995 1.311002 0.117911
v -0.056455 1.312379 0.121832
v -0.062129 1.313960 0.125942
v -0.067971 1.314925 0.128587
v -0.073934 1.314771 0.128760
v -0.079970 1.313579 0.126617
v -0.086030 1.311968 0.123394
v -0.092066 1.310775 0.120768
v -0.098029 1.310621 0.119980
v -0.103871 1.311586 0.121193
v -0.109545 1.313168 0.123411
v -0.115005 1.314545 0.124997
v -0.120209 1.315001 0.124528
v -0.125113 1.314299 0.121542
v -0.129678 1.312804 0.116781
v -0.133869 1.311293 0.111814
v -0.137650 1.310552 0.108226
v -0.140991 1.310965 0.106806
v -0.021811 1.311279 0.114635
v -0.025337 1.311663 0.117775
v -0.029327 1.310974 0.118617
v -0.033748 1.309569 0.117861
v -0.038565 1.308179 0.116949
v -0.043740 1.307526 0.117313
v -0.049230 1.307950 0.119618
v -0.054992 1.309230 0.123411
v -0.060979 1.310701 0.127351
v -0.067143 1.311599 0.129901
v -0.073434 1.311456 0.130122
v -0.079803 1.310347 0.128158
v -0.086197 1.308848 0.125162
v -0.092566 1.307739 0.122689
v -0.098857 1.307596 0.121896
v -0.105021 1.308493 0.122935
v -0.111008 1.309965 0.124879
v -0.116770 1.311245 0.126207
v -0.122260 1.311669 0.125598
v -0.127435 1.311016 0.122623
v -0.132252 1.309626 0.117974
v -0.136673 1.308221 0.113111
v -0.140663 1.307532 0.109512
v -0.144189 1.307916 0.107910
v -0.019066 1.307818 0.115112
v -0.022750 1.308173 0.118300
v -0.026919 1.307536 0.119346
v -0.031539 1.306237 0.118893
v -0.036572 1.304951 0.118275
v -0.041979 1.304348 0.118812
v -0.047715 1.304740 0.121118
v -0.053735 1.305924 0.124773
v -0.059991 1.307284 0.128536
v -0.066431 1.308114 0.130985
v -0.073005 1.307981 0.131251
v -0.079659 1.306956 0.129466
v -0.086341 1.305570 0.126695
v -0.092995 1.304545 0.124378
v -0.099569 1.304413 0.123583
v -0.106009 1.305242 0.124453
v -0.112265 1.306603 0.126131
v -0.118285 1.307786 0.127211
v -0.124021 1.308178 0.126473
v -0.129428 1.307575 0.123521
v -0.134461 1.306289 0.118998
v -0.139081 1.304990 0.114255
v -0.143250 1.304353 0.110659
v -0.146934 1.304708 0.108893
v -0.016795 1.304223 0.115463
v -0.020610 1.304550 0.118681
v -0.024926 1.303964 0.119913
v -0.029710 1.302771 0.119748
v -0.034922 1.301590 0.119408
v -0.040521 1.301036 0.120106
v -0.046461 1.301396 0.122402
v -0.052695 1.302483 0.125910
v -0.059173 1.303733 0.129489
v -0.065843 1.304495 0.131831
v -0.072650 1.304374 0.132137
v -0.079541 1.303432 0.130528
v -0.086459 1.302159 0.127983
v -0.093350 1.301217 0.125824
v -0.100157 1.301095 0.125032
v -0.106827 1.301858 0.125738
v -0.113305 1.303107 0.127158
v -0.119539 1.304194 0.127999
v -0.125479 1.304555 0.127143
v -0.131078 1.304000 0.124228
v -0.136290 1.302819 0.119844
v -0.141074 1.301626 0.115236
v -0.145390 1.301041 0.111662
v -0.149205 1.301367 0.109751
v -0.015013 1.300521 0.115683
v -0.018931 1.300818 0.118913
v -0.023364 1.300285 0.120313
v -0.028276 1.299197 0.120420
v -0.033628 1.298121 0.120344
v -0.039378 1.297616 0.121188
v -0.045478 1.297944 0.123463
v -0.051880 1.298935 0.126814
v -0.058532 1.300074 0.130201
v -0.065381 1.300768 0.132429
v -0.072372 1.300658 0.132771
v -0.079448 1.299799 0.131337
v -0.086552 1.298639 0.129017
v -0.093628 1.297781 0.127018
v -0.100619 1.297670 0.126233
v -0.107468 1.298365 0.126782
v -0.114120 1.299503 0.127951
v -0.120522 1.300494 0.128564
v -0.126622 1.300823 0.127601
v -0.132372 1.300317 0.124736
v -0.137724 1.299241 0.120507
v -0.142636 1.298154 0.116051
v -0.147069 1.297620 0.112516
v -0.150987 1.297918 0.110478
v -0.013735 1.296737 0.115770
v -0.017726 1.297005 0.118991
v -0.022242 1.296524 0.120542
v -0.027247 1.295542 0.120903
v -0.032700 1.294571 0.121075
v -0.038557 1.294115 0.122053
v -0.044772 1.294411 0.124295
v -0.051295 1.295305 0.127479
v -0.058072 1.296333 0.130664
v -0.065050 1.296960 0.132773
v -0.072172 1.296860 0.133147
v -0.079381 1.296085 0.131886
v -0.086619 1.295038 0.129792
v -0.093828 1.294263 0.127954
v -0.100950 1.294164 0.127180
v -0.107928 1.294790 0.127579
v -0.114705 1.295818 0.128505
v -0.121228 1.296713 0.128899
v -0.127443 1.297009 0.127842
v -0.133300 1.296553 0.125040
v -0.138753 1.295582 0.120982
v -0.143758 1.294600 0.116695
v -0.148274 1.294118 0.113217
v -0.152265 1.294387 0.111071
v -0.012969 1.292898 0.115721
v -0.017004 1.293138 0.118913
v -0.021570 1.292708 0.120596
v -0.026630 1.291832 0.121194
v -0.032144 1.290966 0.121599
v -0.038066 1.290559 0.122696
v -0.044350 1.290823 0.124892
v -0.050944 1.291621 0.127899
v -0.057796 1.292538 0.130875
v -0.064851 1.293097 0.132859
v -0.072052 1.293008 0.133261
v -0.079341 1.292317 0.132169
v -0.086659 1.291383 0.130301
v -0.093948 1.290691 0.128627
v -0.101149 1.290602 0.127868
v -0.108204 1.291162 0.128122
v -0.115056 1.292079 0.128814
v -0.121650 1.292877 0.129000
v -0.127934 1.293141 0.127861
v -0.133856 1.292734 0.125137
v -0.139370 1.291868 0.121265
v -0.144430 1.290992 0.117163
v -0.148996 1.290562 0.113762
v -0.153031 1.290802 0.111528
v -0.012721 1.289032 0.115533
v -0.016771 1.289243 0.118678
v -0.021353 1.288865 0.120473
v -0.026431 1.288095 0.121291
v -0.031964 1.287333 0.121913
v -0.037907 1.286976 0.123115
v -0.044213 1.287208 0.125253
v -0.050831 1.287910 0.128072
v -0.057707 1.288716 0.130831
v -0.064787 1.289208 0.132682
v -0.072013 1.289129 0.133108
v -0.079328 1.288522 0.132185
v -0.086672 1.287700 0.130542
v -0.093987 1.287092 0.129034
v -0.101213 1.287014 0.128295
v -0.108293 1.287506 0.128410
v -0.115169 1.288312 0.128877
v -0.121787 1.289014 0.128865
v -0.128093 1.289246 0.127656
v -0.134036 1.288888 0.125023
v -0.139569 1.288126 0.121353
v -0.144647 1.287356 0.117455
v -0.149229 1.286979 0.114148
v -0.153279 1.287189 0.111847
v -0.012993 1.285168 0.115208
v -0.017027 1.285349 0.118284
v -0.021592 1.285023 0.120173
v -0.026650 1.284359 0.121193
v -0.032162 1.283702 0.122017
v -0.038082 1.283393 0.123309
v -0.044363 1.283594 0.125377
v -0.050955 1.284199 0.127998
v -0.057805 1.284895 0.130530
v -0.064858 1.285319 0.132243
v -0.072056 1.285251 0.132688
v -0.079342 1.284727 0.131931
v -0.086658 1.284018 0.130514
v -0.093944 1.283494 0.129174
v -0.101142 1.283426 0.128459
v -0.108195 1.283851 0.128443
v -0.115045 1.284546 0.128692
v -0.121637 1.285151 0.128493
v -0.127918 1.285352 0.127227
v -0.133838 1.285043 0.124699
v -0.139350 1.284386 0.121247
v -0.144408 1.283722 0.117569
v -0.148973 1.283396 0.114377
v -0.153007 1.283578 0.112028
v -0.013784 1.281331 0.114744
v -0.017772 1.281484 0.117732
v -0.022285 1.281210 0.119696
v -0.027287 1.280651 0.120901
v -0.032736 1.280099 0.121910
v -0.038589 1.279839 0.123280
v -0.044800 1.280008 0.125265
v -0.051317 1.280517 0.127676
v -0.058090 1.281101 0.129975
v -0.065062 1.281458 0.131543
v -0.072179 1.281401 0.132003
v -0.079383 1.280960 0.131409
v -0.086617 1.280365 0.130218
v -0.093821 1.279924 0.129048
v -0.100938 1.279867 0.128361
v -0.107910 1.280224 0.128219
v -0.114683 1.280808 0.128260
v -0.121200 1.281317 0.127884
v -0.127411 1.281486 0.126573
v -0.133264 1.281226 0.124166
v -0.138713 1.280674 0.120946
v -0.143715 1.280115 0.117507
v -0.148228 1.279841 0.114447
v -0.152216 1.279994 0.112071
v -0.015087 1.277550 0.114144
v -0.019000 1.277674 0.117023
v -0.023428 1.277452 0.119044
v -0.028335 1.276999 0.120418
v -0.033682 1.276551 0.121596
v -0.039425 1.276341 0.123028
v -0.045519 1.276478 0.124918
v -0.051914 1.276890 0.127111
v -0.058559 1.277364 0.129167
v -0.065400 1.277653 0.130583
v -0.072383 1.277607 0.131054
v -0.079452 1.277250 0.130622
v -0.086548 1.276767 0.129657
v -0.093617 1.276410 0.128659
v -0.100600 1.276364 0.128004
v -0.107441 1.276653 0.127744
v -0.114086 1.277127 0.127584
v -0.120481 1.277539 0.127041
v -0.126575 1.277676 0.125698
v -0.132318 1.277465 0.123424
v -0.137665 1.277017 0.120454
v -0.142572 1.276565 0.117270
v -0.147000 1.276343 0.114361
v -0.150913 1.276467 0.111978
v -0.016892 1.273852 0.113411
v -0.020701 1.273947 0.116162
v -0.025012 1.273777 0.118221
v -0.029788 1.273430 0.119746
v -0.034993 1.273087 0.121078
v -0.040583 1.272926 0.122560
v -0.046515 1.273030 0.124343
v -0.052740 1.273346 0.126307
v -0.059208 1.273709 0.128111
v -0.065868 1.273931 0.129370
v -0.072665 1.273896 0.129848
v -0.079546 1.273622 0.129575
v -0.086454 1.273252 0.128835
v -0.093335 1.272978 0.128013
v -0.100132 1.272943 0.127394
v -0.106792 1.273164 0.127021
v -0.113260 1.273528 0.126669
v -0.119485 1.273844 0.125970
v -0.125417 1.273948 0.124605
v -0.131007 1.273787 0.122479
v -0.136212 1.273444 0.119774
v -0.140988 1.273097 0.116862
v -0.145299 1.272927 0.114122
v -0.149108 1.273022 0.111751
v -0.019186 1.270263 0.112548
v -0.022864 1.270329 0.115152
v -0.027024 1.270211 0.117232
v -0.031635 1.269970 0.118891
v -0.036659 1.269731 0.120363
v -0.042056 1.269619 0.121880
v -0.047781 1.269692 0.123544
v -0.053790 1.269912 0.125269
v -0.060034 1.270164 0.126814
v -0.066463 1.270318 0.127910
v -0.073024 1.270294 0.128390
v -0.079666 1.270103 0.128275
v -0.086334 1.269846 0.127761
v -0.092976 1.269656 0.127115
v -0.099537 1.269632 0.126537
v -0.105966 1.269785 0.126057
v -0.112210 1.270038 0.125521
v -0.118219 1.270257 0.124675
v -0.123944 1.270330 0.123301
v -0.129341 1.270218 0.121336
v -0.134365 1.269980 0.118910
v -0.138976 1.269739 0.116287
v -0.143136 1.269620 0.113734
v -0.146814 1.269686 0.111394
v -0.021953 1.266809 0.111558
v -0.025471 1.266846 0.113998
v -0.029451 1.266780 0.116081
v -0.033862 1.266645 0.117859
v -0.038668 1.266511 0.119456
v -0.043831 1.266448 0.120996
v -0.049308 1.266489 0.122530
v -0.055057 1.266612 0.124006
v -0.061030 1.266754 0.125285
v -0.067180 1.266840 0.126212
v -0.073457 1.266826 0.126690
v -0.079810 1.266720 0.126731
v -0.086190 1.266575 0.126442
v -0.092543 1.266469 0.125975
v -0.098820 1.266455 0.125441
v -0.104970 1.266541 0.124860
v -0.110943 1.266683 0.124148
v -0.116692 1.266806 0.123165
v -0.122169 1.266847 0.121793
v -0.127332 1.266784 0.120002
v -0.132138 1.266650 0.117870
v -0.136549 1.266515 0.115551
v -0.140529 1.266449 0.113203
v -0.144047 1.266486 0.110911
vn 0.182482 0.924812 -0.333802
vn 0.091172 0.995308 0.032385
vn -0.272759 -0.814121 0.512649
vn -0.305491 -0.820036 0.483959
vn -0.360340 -0.789007 0.497617
vn -0.540081 -0.312781 0.781333
vn 0.366694 0.883661 -0.290995
vn 0.461539 0.829405 -0.314752
vn 0.536253 0.796944 -0.278053
vn 0.525570 0.837792 -0.147922
vn -0.874808 0.289354 0.388568
vn -0.979855 0.076743 0.184374
vn -0.945217 0.324888 0.031837
vn -0.755257 0.653042 -0.055887
vn 0.535114 0.758846 0.371223
vn 0.788849 -0.440244 0.428838
vn 0.646535 -0.619950 0.444583
vn 0.566214 -0.655633 0.499547
vn 0.106691 0.928545 0.355559
vn -0.321465 0.885665 -0.335049
vn -0.293481 0.879884 -0.373728
vn -0.254928 0.891497 -0.374492
vn -0.194298 0.939442 -0.282305
vn 0.280453 -0.686597 0.670769
vn 0.197971 0.939680 -0.278942
vn -0.167890 0.472950 0.864946
vn -0.314764 -0.779421 0.541689
vn -0.356740 -0.781165 0.512365
vn -0.432377 -0.712091 0.553152
vn -0.168886 0.871028 0.461289
vn 0.397641 0.883519 -0.247541
vn 0.496864 0.826925 -0.263291
vn 0.562058 0.801133 -0.205613
vn 0.436869 0.899482 0.008809
vn -0.840356 0.401153 0.364525
vn -0.947966 0.272907 0.163957
vn -0.871896 0.488755 0.030274
vn -0.616789 0.787103 0.006380
vn 0.669624 0.552595 0.496229
vn 0.782876 -0.395785 0.480062
vn 0.661042 -0.567289 0.491129
vn 0.607014 -0.537276 0.585549
vn -0.168446 0.985612 0.013942
vn -0.322397 0.894210 -0.310560
vn -0.298375 0.888344 -0.349023
vn -0.261518 0.903537 -0.339455
vn -0.176971 0.978648 -0.104545
vn 0.322584 -0.458712 0.827963
vn 0.234186 0.952748 -0.193462
vn -0.031891 0.731576 0.681014
vn -0.371762 -0.698929 0.610975
vn -0.420020 -0.711127 0.563810
vn -0.507116 -0.583760 0.634080
vn -0.071488 0.902818 0.424039
vn 0.414546 0.895553 -0.161669
vn 0.521691 0.832078 -0.188376
vn 0.575021 0.810038 -0.114840
vn 0.397524 0.905467 0.148671
vn -0.709288 0.551242 0.439368
vn -0.894569 0.382775 0.230715
vn -0.823703 0.556834 0.107006
vn -0.549228 0.828245 0.111171
vn 0.487531 0.721693 0.491398
vn 0.824932 -0.182435 0.534981
vn 0.727117 -0.414473 0.547278
vn 0.657890 -0.323173 0.680250
vn -0.182345 0.972468 0.145107
vn -0.358922 0.901446 -0.242012
vn -0.338229 0.892398 -0.298708
vn -0.297740 0.911146 -0.284894
vn -0.193705 0.981010 -0.009844
vn 0.317519 -0.032559 0.947693
vn 0.272223 0.956264 -0.107022
vn 0.052202 0.790373 0.610398
vn -0.415957 -0.589586 0.692364
vn -0.474234 -0.619450 0.625606
vn -0.555516 -0.414933 0.720578
vn -0.014844 0.895349 0.445119
vn 0.429780 0.900223 -0.069912
vn 0.542894 0.833088 -0.105976
vn 0.583874 0.811667 -0.017004
vn 0.366693 0.887719 0.278373
vn -0.596889 0.615879 0.514215
vn -0.836163 0.454897 0.306432
vn -0.777100 0.599883 0.190410
vn -0.496630 0.841178 0.213956
vn 0.371301 0.770680 0.517868
vn 0.809444 0.013008 0.587053
vn 0.754387 -0.251419 0.606374
vn 0.645275 -0.101208 0.757217
vn -0.198765 0.944394 0.261940
vn -0.394478 0.903967 -0.165016
vn -0.377776 0.893935 -0.241177
vn -0.334266 0.915487 -0.223944
vn -0.216764 0.973329 0.075122
vn 0.224699 0.339080 0.913529
vn 0.311601 0.950006 -0.019841
vn 0.114106 0.795440 0.595193
vn -0.437929 -0.452263 0.776966
vn -0.512473 -0.506277 0.693581
vn -0.563063 -0.223005 0.795757
vn 0.026706 0.873559 0.485985
vn 0.443125 0.896068 0.026512
vn 0.560465 0.828008 -0.016802
vn 0.588296 0.804030 0.086270
vn 0.340928 0.852152 0.396996
vn -0.505486 0.633117 0.586214
vn -0.776583 0.497974 0.385930
vn -0.731510 0.623041 0.276970
vn -0.453430 0.834536 0.312971
vn 0.292811 0.775051 0.559962
vn 0.755143 0.166915 0.633954
vn 0.742804 -0.097689 0.662343
vn 0.583327 0.083011 0.807984
vn -0.215787 0.904506 0.367838
vn -0.428923 0.899789 -0.080031
vn -0.417204 0.891551 -0.176290
vn -0.371226 0.915227 -0.156685
vn -0.243471 0.957544 0.154373
vn 0.118098 0.542073 0.831991
vn 0.351817 0.933615 0.067730
vn 0.165733 0.778318 0.605602
vn -0.430223 -0.297699 0.852223
vn -0.527949 -0.376896 0.761065
vn -0.528732 -0.039013 0.847892
vn 0.060796 0.842878 0.534659
vn 0.454247 0.881914 0.126044
vn 0.574098 0.815061 0.078023
vn 0.587906 0.785625 0.192771
vn 0.318448 0.803024 0.503730
vn -0.430647 0.622390 0.653585
vn -0.717465 0.518116 0.465619
vn -0.686470 0.629511 0.363972
vn -0.416449 0.813009 0.406923
vn 0.235245 0.757845 0.608549
vn 0.682883 0.275046 0.676772
vn 0.701253 0.031674 0.712209
vn 0.499830 0.211225 0.839973
vn -0.232374 0.854782 0.464058
vn -0.461786 0.886908 0.012117
vn -0.456437 0.883658 -0.103991
vn -0.408543 0.908931 -0.083282
vn -0.272390 0.934322 0.229881
vn 0.028741 0.634454 0.772426
vn 0.392294 0.906655 0.155185
vn 0.211637 0.748084 0.628952
vn -0.392603 -0.145149 0.908182
vn -0.517084 -0.242161 0.820964
vn -0.465843 0.111352 0.877833
vn 0.090383 0.805164 0.586125
vn 0.462774 0.856969 0.226813
vn 0.583324 0.792746 0.176880
vn 0.582419 0.755580 0.299813
vn 0.298297 0.743777 0.598176
vn -0.368244 0.593936 0.715288
vn -0.659608 0.519762 0.542922
vn -0.641763 0.621590 0.449184
vn -0.383830 0.779647 0.494799
vn 0.190246 0.727747 0.658932
vn 0.606382 0.343783 0.717018
vn 0.641652 0.130253 0.755855
vn 0.414382 0.288856 0.863047
vn -0.247903 0.796797 0.551053
vn -0.492306 0.863432 0.110086
vn -0.495098 0.868493 -0.024437
vn -0.445912 0.895068 -0.004077
vn -0.302623 0.903791 0.302623
vn -0.044604 0.670299 0.740750
vn 0.432359 0.868670 0.241823
vn 0.253736 0.707993 0.659063
vn -0.332757 -0.013493 0.942916
vn -0.481632 -0.115407 0.868742
vn -0.390762 0.219282 0.893992
vn 0.116803 0.761293 0.637801
vn 0.468365 0.820904 0.326727
vn 0.587646 0.759986 0.277658
vn 0.571779 0.713781 0.404457
vn 0.279940 0.677261 0.680405
vn -0.315290 0.553611 0.770783
vn -0.603490 0.506324 0.615984
vn -0.597393 0.601169 0.530771
vn -0.354450 0.736722 0.575852
vn 0.153440 0.688782 0.708544
vn 0.532392 0.381803 0.755504
vn 0.573974 0.198555 0.794436
vn 0.335409 0.328261 0.883032
vn -0.261987 0.731938 0.628991
vn -0.519495 0.827778 0.211915
vn -0.532480 0.844180 0.061850
vn -0.482779 0.872052 0.080312
vn -0.333501 0.865818 0.373010
vn -0.107201 0.675423 0.729597
vn 0.471218 0.819272 0.326721
vn 0.292848 0.659384 0.692425
vn -0.261312 0.086801 0.961344
vn -0.427750 -0.007621 0.903865
vn -0.314563 0.288334 0.904386
vn 0.140716 0.711810 0.688132
vn 0.470767 0.773904 0.423617
vn 0.586662 0.716273 0.377863
vn 0.556218 0.660894 0.503825
vn 0.263052 0.605796 0.750876
vn -0.269697 0.505051 0.819870
vn -0.549440 0.480554 0.683509
vn -0.553510 0.569958 0.607268
vn -0.327608 0.686076 0.649594
vn 0.122362 0.643166 0.755887
vn 0.463504 0.396571 0.792398
vn 0.504680 0.240434 0.829150
vn 0.265055 0.340271 0.902198
vn -0.274385 0.661471 0.697975
vn -0.542255 0.778922 0.315025
vn -0.567529 0.808858 0.153819
vn -0.518330 0.838341 0.168877
vn -0.364446 0.820142 0.441074
vn -0.162790 0.661293 0.732251
vn 0.507948 0.758250 0.408711
vn 0.329239 0.602884 0.726727
vn -0.186809 0.154204 0.970218
vn -0.362947 0.075401 0.928754
vn -0.242444 0.326096 0.913719
vn 0.162464 0.657129 0.736062
vn 0.469850 0.716658 0.515405
vn 0.580179 0.661774 0.474814
vn 0.536255 0.598258 0.595414
vn 0.247414 0.531213 0.810308
vn -0.229988 0.450657 0.862563
vn -0.497692 0.444743 0.744652
vn -0.510339 0.529560 0.677584
vn -0.302843 0.629251 0.715772
vn 0.095529 0.592292 0.800040
vn 0.400310 0.393675 0.827510
vn 0.437274 0.260479 0.860780
vn 0.202993 0.332592 0.920965
vn -0.284954 0.586551 0.758129
vn -0.559529 0.716641 0.416358
vn -0.598869 0.760912 0.249739
vn -0.551494 0.792581 0.260132
vn -0.394890 0.766467 0.506548
vn -0.213599 0.633133 0.743988
vn 0.541527 0.685688 0.486396
vn 0.362868 0.538873 0.760225
vn -0.114212 0.192111 0.974704
vn -0.293503 0.132653 0.946710
vn -0.176048 0.339660 0.923926
vn 0.182219 0.597612 0.780804
vn 0.465628 0.650291 0.600261
vn 0.568279 0.597334 0.565908
vn 0.512621 0.527676 0.677332
vn 0.232860 0.454900 0.859559
vn -0.195083 0.392085 0.899006
vn -0.448400 0.400819 0.798925
vn -0.468125 0.481475 0.740973
vn -0.279832 0.567548 0.774328
vn 0.071990 0.537125 0.840425
vn 0.342566 0.377101 0.860490
vn 0.373365 0.262819 0.889677
vn 0.148193 0.310391 0.938987
vn -0.293623 0.508220 0.809628
vn -0.570480 0.641667 0.512656
vn -0.624911 0.699273 0.347135
vn -0.580994 0.733823 0.352065
vn -0.424232 0.704531 0.568914
vn -0.260864 0.593366 0.761490
vn 0.570875 0.602091 0.558201
vn 0.393493 0.467714 0.791459
vn -0.045743 0.205237 0.977643
vn -0.223568 0.165912 0.960464
vn -0.115411 0.334391 0.935341
vn 0.200060 0.533606 0.821730
vn 0.458243 0.576240 0.676729
vn 0.551332 0.524378 0.648892
vn 0.486162 0.451157 0.748401
vn 0.219250 0.377874 0.899522
vn -0.164168 0.330511 0.929415
vn -0.401641 0.350402 0.846111
vn -0.427088 0.427083 0.796992
vn -0.258335 0.502049 0.825354
vn 0.051107 0.478373 0.876668
vn 0.289745 0.349667 0.890944
vn 0.313502 0.250781 0.915874
vn 0.099579 0.277120 0.955661
vn -0.300369 0.427408 0.852702
vn -0.574643 0.555678 0.600839
vn -0.644051 0.623755 0.442864
vn -0.605451 0.661750 0.442173
vn -0.451816 0.634188 0.627430
vn -0.305168 0.543089 0.782257
vn 0.594940 0.508488 0.622484
vn 0.420749 0.389874 0.819127
vn 0.017886 0.197868 0.980066
vn -0.155448 0.177936 0.971687
vn -0.060012 0.314036 0.947512
vn 0.216009 0.465455 0.858308
vn 0.447945 0.496108 0.743789
vn 0.529950 0.444722 0.722063
vn 0.457729 0.370676 0.808136
vn 0.206458 0.300851 0.931055
vn -0.136613 0.266780 0.954026
vn -0.357420 0.294838 0.886184
vn -0.387397 0.367616 0.845448
vn -0.238158 0.433642 0.869043
vn 0.032429 0.416576 0.908522
vn 0.241266 0.313382 0.918467
vn 0.257711 0.226928 0.939196
vn 0.056233 0.235133 0.970335
vn -0.305200 0.344933 0.887623
vn -0.572000 0.461104 0.678380
vn -0.654932 0.535302 0.533400
vn -0.623544 0.576894 0.527623
vn -0.476927 0.555490 0.681154
vn -0.346640 0.482785 0.804214
vn 0.612804 0.406464 0.677686
vn 0.444199 0.306013 0.842047
vn 0.076593 0.173394 0.981870
vn -0.090252 0.171438 0.981052
vn -0.009242 0.281144 0.959621
vn 0.230055 0.393513 0.890069
vn 0.435055 0.411525 0.800859
vn 0.504903 0.360339 0.784365
vn 0.428095 0.287993 0.856618
vn 0.194366 0.224316 0.954937
vn -0.111917 0.201509 0.973072
vn -0.315687 0.235235 0.919242
vn -0.349167 0.304143 0.886329
vn -0.219137 0.363035 0.905640
vn 0.015629 0.352153 0.935812
vn 0.196593 0.269697 0.942664
vn 0.205782 0.193199 0.959337
vn 0.017423 0.186095 0.982377
vn -0.308148 0.261509 0.914690
vn -0.562969 0.360788 0.743571
vn -0.656729 0.436045 0.615282
vn -0.634209 0.480742 0.605529
vn -0.498809 0.468768 0.729004
vn -0.385050 0.412708 0.825474
vn 0.623793 0.298117 0.722502
vn 0.463389 0.217027 0.859168
vn 0.130455 0.134402 0.982302
vn -0.028450 0.148707 0.988472
vn 0.037409 0.237455 0.970678
vn 0.242163 0.318154 0.916589
vn 0.419922 0.324023 0.847747
vn 0.477016 0.273146 0.835372
vn 0.397899 0.204564 0.894332
vn 0.182866 0.148581 0.971845
vn -0.089676 0.135145 0.986759
vn -0.276344 0.172494 0.945452
vn -0.312451 0.237567 0.919748
vn -0.201125 0.290785 0.935410
vn 0.000459 0.285429 0.958400
vn 0.155261 0.219681 0.963138
vn 0.157436 0.151072 0.975905
vn -0.017410 0.131233 0.991199
vn -0.309261 0.177756 0.934217
vn -0.548303 0.257612 0.795613
vn -0.649321 0.329069 0.685635
vn -0.636819 0.375665 0.673304
vn -0.516701 0.374701 0.769817
vn -0.419884 0.333160 0.844217
vn 0.627563 0.185916 0.756043
vn 0.477898 0.124055 0.869612
vn 0.179479 0.082926 0.980260
vn 0.029734 0.111577 0.993311
vn 0.080291 0.184208 0.979602
vn 0.252284 0.239770 0.937477
vn 0.402895 0.234966 0.884571
vn 0.447086 0.184843 0.875184
vn 0.367639 0.121511 0.921996
vn 0.171858 0.073836 0.982351
vn -0.069561 0.068018 0.995256
vn -0.239266 0.107338 0.965003
vn -0.277256 0.168636 0.945881
vn -0.183988 0.217320 0.958603
vn -0.013270 0.216661 0.976157
vn 0.116885 0.164147 0.979486
vn 0.112398 0.101696 0.988446
vn -0.048678 0.071505 0.996252
vn -0.308590 0.094213 0.946518
vn -0.528951 0.154174 0.834531
vn -0.633322 0.217959 0.742561
vn -0.631289 0.264667 0.728989
vn -0.529891 0.274364 0.802459
vn -0.450398 0.244691 0.858643
vn 0.624143 0.072485 0.777940
vn 0.487391 0.028461 0.872720
vn 0.223513 0.020719 0.974481
vn 0.084088 0.061560 0.994555
vn 0.119577 0.122366 0.985255
vn 0.260355 0.158785 0.952367
vn 0.384299 0.145503 0.911670
vn 0.415818 0.096827 0.904279
vn 0.337666 0.039647 0.940431
vn 0.161248 0.000189 0.986914
vn -0.051304 0.000380 0.998683
vn -0.204312 0.040352 0.978074
vn -0.243549 0.097956 0.964929
vn -0.167604 0.142963 0.975434
vn -0.025704 0.146055 0.988942
vn 0.081164 0.103733 0.991288
vn 0.070441 0.045998 0.996455
vn -0.076675 0.007705 0.997026
vn -0.306193 0.011346 0.951902
vn -0.505912 0.052591 0.860981
vn -0.609918 0.106251 0.785309
vn -0.618081 0.151005 0.771475
vn -0.537781 0.169219 0.825928
vn -0.475697 0.148275 0.867022
vn 0.613924 -0.039639 0.788370
vn 0.491665 -0.068235 0.868107
vn 0.262230 -0.050519 0.963682
vn 0.134275 0.000044 0.990944
vn 0.155265 0.052791 0.986461
vn 0.266307 0.075661 0.960914
vn 0.364420 0.056568 0.929515
vn 0.383793 0.010171 0.923363
vn 0.308215 -0.040471 0.950456
vn 0.150952 -0.072304 0.985893
vn -0.034685 -0.067575 0.997111
vn -0.171341 -0.027993 0.984814
vn -0.211275 0.026018 0.977080
vn -0.151862 0.067955 0.986063
vn -0.036950 0.073781 0.996590
vn 0.047872 0.038972 0.998093
vn 0.031410 -0.015227 0.999391
vn -0.101598 -0.059462 0.993047
vn -0.302127 -0.070432 0.950662
vn -0.480128 -0.045572 0.876014
vn -0.580627 -0.003020 0.814164
vn -0.598094 0.037783 0.800535
vn -0.539950 0.061062 0.839479
vn -0.494840 0.045423 0.867796
vn 0.597585 -0.148222 0.787986
vn 0.490670 -0.164444 0.855687
vn 0.295164 -0.128974 0.946701
vn 0.179771 -0.071508 0.981106
vn 0.187186 -0.023612 0.982041
vn 0.270068 -0.009099 0.962798
vn 0.343498 -0.031113 0.938638
vn 0.351464 -0.074356 0.933244
vn 0.279427 -0.118488 0.952828
vn 0.140897 -0.143611 0.979553
vn -0.019532 -0.135680 0.990560
vn -0.140223 -0.097303 0.985327
vn -0.180367 -0.046778 0.982486
vn -0.136665 -0.007518 0.990589
vn -0.047089 -0.000007 0.998891
vn 0.016864 -0.029659 0.999418
vn -0.004766 -0.081242 0.996683
vn -0.123557 -0.129327 0.983874
vn -0.296451 -0.150754 0.943075
vn -0.452420 -0.139274 0.880863
vn -0.547032 -0.107577 0.830171
vn -0.572499 -0.072374 0.816705
vn -0.536209 -0.048094 0.842714
vn -0.506971 -0.061798 0.859745
vn 0.576000 -0.251483 0.777805
vn 0.484527 -0.258610 0.835676
vn 0.321775 -0.212616 0.922635
vn 0.219858 -0.151365 0.963717
vn 0.215027 -0.105778 0.970863
vn 0.271560 -0.094939 0.957727
vn 0.321734 -0.116986 0.939575
vn 0.319170 -0.156242 0.934729
vn 0.251378 -0.194193 0.948208
vn 0.131018 -0.213711 0.968071
vn -0.005711 -0.203778 0.979001
vn -0.110852 -0.167235 0.979665
vn -0.150767 -0.120096 0.981247
vn -0.121930 -0.083302 0.989037
vn -0.056170 -0.075154 0.995589
vn -0.011925 -0.101681 0.994746
vn -0.038066 -0.151304 0.987754
vn -0.142591 -0.201215 0.969113
vn -0.289219 -0.229289 0.929397
vn -0.423459 -0.227912 0.876777
vn -0.510587 -0.205952 0.834796
vn -0.542560 -0.177488 0.821052
vn -0.526620 -0.156171 0.835633
vn -0.511464 -0.170846 0.842150
vn 0.550128 -0.348157 0.759043
vn 0.473511 -0.349313 0.808559
vn 0.341538 -0.299186 0.890977
vn 0.253664 -0.237405 0.937706
vn 0.238352 -0.192396 0.951931
vn 0.270708 -0.181244 0.945446
vn 0.299297 -0.200644 0.932826
vn 0.287158 -0.235171 0.928566
vn 0.224108 -0.267476 0.937141
vn 0.121267 -0.282570 0.951551
vn 0.006873 -0.271701 0.962357
vn -0.083160 -0.237473 0.967828
vn -0.122435 -0.193639 0.973403
vn -0.107593 -0.159259 0.981356
vn -0.064214 -0.151477 0.986373
vn -0.038468 -0.176576 0.983535
vn -0.068366 -0.224613 0.972047
vn -0.158677 -0.274418 0.948428
vn -0.280488 -0.305728 0.909866
vn -0.393779 -0.311224 0.864915
vn -0.472514 -0.297390 0.829632
vn -0.509490 -0.276269 0.814920
vn -0.511492 -0.261197 0.818628
vn -0.508041 -0.278916 0.814923
vn 0.520919 -0.437482 0.732976
vn 0.458026 -0.435346 0.775040
vn 0.354037 -0.386273 0.851734
vn 0.280268 -0.327076 0.902481
vn 0.256645 -0.281852 0.924496
vn 0.267439 -0.267337 0.925747
vn 0.276330 -0.281787 0.918824
vn 0.255609 -0.310978 0.915400
vn 0.197641 -0.338286 0.920055
vn 0.111607 -0.350136 0.930026
vn 0.018271 -0.339258 0.940516
vn -0.057131 -0.307699 0.949767
vn -0.095373 -0.267125 0.958931
vn -0.093618 -0.235238 0.967419
vn -0.071209 -0.228750 0.970877
vn -0.062643 -0.253736 0.965243
vn -0.095434 -0.300262 0.949071
vn -0.171730 -0.348172 0.921567
vn -0.270311 -0.379780 0.884703
vn -0.363790 -0.389187 0.846280
vn -0.433776 -0.381691 0.816180
vn -0.474369 -0.368038 0.799701
vn -0.491339 -0.361446 0.792428
vn -0.496838 -0.383224 0.778647
vn 0.489253 -0.519130 0.700810
vn 0.438562 -0.515766 0.735968
vn 0.359055 -0.471459 0.805485
vn 0.298834 -0.417492 0.858137
vn 0.269365 -0.372239 0.888189
vn 0.261688 -0.352470 0.898490
vn 0.252970 -0.360200 0.897921
vn 0.224678 -0.383602 0.895751
vn 0.172015 -0.406608 0.897263
vn 0.102023 -0.416324 0.903474
vn 0.028494 -0.406216 0.913333
vn -0.032820 -0.377578 0.925396
vn -0.069643 -0.340262 0.937748
vn -0.080005 -0.311059 0.947017
vn -0.077110 -0.306666 0.948689
vn -0.084218 -0.332424 0.939363
vn -0.118923 -0.377205 0.918463
vn -0.181614 -0.421645 0.888387
vn -0.258743 -0.451162 0.854111
vn -0.333815 -0.461943 0.821691
vn -0.395104 -0.459042 0.795722
vn -0.438107 -0.452613 0.776662
vn -0.466817 -0.455544 0.757998
vn -0.478386 -0.481302 0.734503
vn 0.466096 -0.570132 0.676538
vn 0.417428 -0.548243 0.724696
vn 0.352363 -0.503165 0.789091
vn 0.302160 -0.450638 0.840015
vn 0.272163 -0.408681 0.871153
vn 0.254593 -0.393253 0.883479
vn 0.233805 -0.404329 0.884225
vn 0.198616 -0.427746 0.881808
vn 0.147721 -0.446932 0.882287
vn 0.087059 -0.450581 0.888481
vn 0.025967 -0.434433 0.900330
vn -0.025298 -0.401935 0.915318
vn -0.058798 -0.365380 0.929000
vn -0.074411 -0.343418 0.936230
vn -0.083196 -0.350447 0.932880
vn -0.101594 -0.384728 0.917422
vn -0.139735 -0.429716 0.892086
vn -0.196164 -0.467491 0.861958
vn -0.261942 -0.488815 0.832133
vn -0.326711 -0.494048 0.805715
vn -0.382357 -0.490376 0.783157
vn -0.425363 -0.489221 0.761399
vn -0.459167 -0.502810 0.732357
vn -0.471487 -0.515458 0.715544
vt 0.020000 0.020000
vt 0.020000 0.033333
vt 0.020000 0.046667
vt 0.020000 0.060000
vt 0.020000 0.073333
vt 0.020000 0.086667
vt 0.020000 0.100000
vt 0.020000 0.113333
vt 0.020000 0.126667
vt 0.020000 0.140000
vt 0.020000 0.153333
vt 0.020000 0.166667
vt 0.020000 0.180000
vt 0.020000 0.193333
vt 0.020000 0.206667
vt 0.020000 0.220000
vt 0.020000 0.233333
vt 0.020000 0.246667
vt 0.020000 0.260000
vt 0.020000 0.273333
vt 0.020000 0.286667
vt 0.020000 0.300000
vt 0.020000 0.313333
vt 0.020000 0.326667
vt 0.029783 0.020000
vt 0.029783 0.033333
vt 0.029783 0.046667
vt 0.029783 0.060000
vt 0.029783 0.073333
vt 0.029783 0.086667
vt 0.029783 0.100000
vt 0.029783 0.113333
vt 0.029783 0.126667
vt 0.029783 0.140000
vt 0.029783 0.153333
vt 0.029783 0.166667
vt 0.029783 0.180000
vt 0.029783 0.193333
vt 0.029783 0.206667
vt 0.029783 0.220000
vt 0.029783 0.233333
vt 0.029783 0.246667
vt 0.029783 0.260000
vt 0.029783 0.273333
vt 0.029783 0.286667
vt 0.029783 0.300000
vt 0.029783 0.313333
vt 0.029783 0.326667
vt 0.039565 0.020000
vt 0.039565 0.033333
vt 0.039565 0.046667
vt 0.039565 0.060000
vt 0.039565 0.073333
vt 0.039565 0.086667
vt 0.039565 0.100000
vt 0.039565 0.113333
vt 0.039565 0.126667
vt 0.039565 0.140000
vt 0.039565 0.153333
vt 0.039565 0.166667
vt 0.039565 0.180000
vt 0.039565 0.193333
vt 0.039565 0.206667
vt 0.039565 0.220000
vt 0.039565 0.233333
vt 0.039565 0.246667
vt 0.039565 0.260000
vt 0.039565 0.273333
vt 0.039565 0.286667
vt 0.039565 0.300000
vt 0.039565 0.313333
vt 0.039565 0.326667
vt 0.049348 0.020000
vt 0.049348 0.033333
vt 0.049348 0.046667
vt 0.049348 0.060000
vt 0.049348 0.073333
vt 0.049348 0.086667
vt 0.049348 0.100000
vt 0.049348 0.113333
vt 0.049348 0.126667
vt 0.049348 0.140000
vt 0.049348 0.153333
vt 0.049348 0.166667
vt 0.049348 0.180000
vt 0.049348 0.193333
vt 0.049348 0.206667
vt 0.049348 0.220000
vt 0.049348 0.233333
vt 0.049348 0.246667
vt 0.049348 0.260000
vt 0.049348 0.273333
vt 0.049348 0.286667
vt 0.049348 0.300000
vt 0.049348 0.313333
vt 0.049348 0.326667
vt 0.059130 0.020000
vt 0.059130 0.033333
vt 0.059130 0.046667
vt 0.059130 0.060000
vt 0.059130 0.073333
vt 0.059130 0.086667
vt 0.059130 0.100000
vt 0.059130 0.113333
vt 0.059130 0.126667
vt 0.059130 0.140000
vt 0.059130 0.153333
vt 0.059130 0.166667
vt 0.059130 0.180000
vt 0.059130 0.193333
vt 0.059130 0.206667
vt 0.059130 0.220000
vt 0.059130 0.233333
vt 0.059130 0.246667
vt 0.059130 0.260000
vt 0.059130 0.273333
vt 0.059130 0.286667
vt 0.059130 0.300000
vt 0.059130 0.313333
vt 0.059130 0.326667
vt 0.068913 0.020000
vt 0.068913 0.033333
vt 0.068913 0.046667
vt 0.068913 0.060000
vt 0.068913 0.073333
vt 0.068913 0.086667
vt 0.068913 0.100000
vt 0.068913 0.113333
vt 0.068913 0.126667
vt 0.068913 0.140000
vt 0.068913 0.153333
vt 0.068913 0.166667
vt 0.068913 0.180000
vt 0.068913 0.193333
vt 0.068913 0.206667
vt 0.068913 0.220000
vt 0.068913 0.233333
vt 0.068913 0.246667
vt 0.068913 0.260000
vt 0.068913 0.273333
vt 0.068913 0.286667
vt 0.068913 0.300000
vt 0.068913 0.313333
vt 0.068913 0.326667
vt 0.078696 0.020000
vt 0.078696 0.033333
vt 0.078696 0.046667
vt 0.078696 0.060000
vt 0.078696 0.073333
vt 0.078696 0.086667
vt 0.078696 0.100000
vt 0.078696 0.113333
vt 0.078696 0.126667
vt 0.078696 0.140000
vt 0.078696 0.153333
vt 0.078696 0.166667
vt 0.078696 0.180000
vt 0.078696 0.193333
vt 0.078696 0.206667
vt 0.078696 0.220000
vt 0.078696 0.233333
vt 0.078696 0.246667
vt 0.078696 0.260000
vt 0.078696 0.273333
vt 0.078696 0.286667
vt 0.078696 0.300000
vt 0.078696 0.313333
vt 0.078696 0.326667
vt 0.088478 0.020000
vt 0.088478 0.033333
vt 0.088478 0.046667
vt 0.088478 0.060000
vt 0.088478 0.073333
vt 0.088478 0.086667
vt 0.088478 0.100000
vt 0.088478 0.113333
vt 0.088478 0.126667
vt 0.088478 0.140000
vt 0.088478 0.153333
vt 0.088478 0.166667
vt 0.088478 0.180000
vt 0.088478 0.193333
vt 0.088478 0.206667
vt 0.088478 0.220000
vt 0.088478 0.233333
vt 0.088478 0.246667
vt 0.088478 0.260000
vt 0.088478 0.273333
vt 0.088478 0.286667
vt 0.088478 0.300000
vt 0.088478 0.313333
vt 0.088478 0.326667
vt 0.098261 0.020000
vt 0.098261 0.033333
vt 0.098261 0.046667
vt 0.098261 0.060000
vt 0.098261 0.073333
vt 0.098261 0.086667
vt 0.098261 0.100000
vt 0.098261 0.113333
vt 0.098261 0.126667
vt 0.098261 0.140000
vt 0.098261 0.153333
vt 0.098261 0.166667
vt 0.098261 0.180000
vt 0.098261 0.193333
vt 0.098261 0.206667
vt 0.098261 0.220000
vt 0.098261 0.233333
vt 0.098261 0.246667
vt 0.098261 0.260000
vt 0.098261 0.273333
vt 0.098261 0.286667
vt 0.098261 0.300000
vt 0.098261 0.313333
vt 0.098261 0.326667
vt 0.108043 0.020000
vt 0.108043 0.033333
vt 0.108043 0.046667
vt 0.108043 0.060000
vt 0.108043 0.073333
vt 0.108043 0.086667
vt 0.108043 0.100000
vt 0.108043 0.113333
vt 0.108043 0.126667
vt 0.108043 0.140000
vt 0.108043 0.153333
vt 0.108043 0.166667
vt 0.108043 0.180000
vt 0.108043 0.193333
vt 0.108043 0.206667
vt 0.108043 0.220000
vt 0.108043 0.233333
vt 0.108043 0.246667
vt 0.108043 0.260000
vt 0.108043 0.273333
vt 0.108043 0.286667
vt 0.108043 0.300000
vt 0.108043 0.313333
vt 0.108043 0.326667
vt 0.117826 0.020000
vt 0.117826 0.033333
vt 0.117826 0.046667
vt 0.117826 0.060000
vt 0.117826 0.073333
vt 0.117826 0.086667
vt 0.117826 0.100000
vt 0.117826 0.113333
vt 0.117826 0.126667
vt 0.117826 0.140000
vt 0.117826 0.153333
vt 0.117826 0.166667
vt 0.117826 0.180000
vt 0.117826 0.193333
vt 0.117826 0.206667
vt 0.117826 0.220000
vt 0.117826 0.233333
vt 0.117826 0.246667
vt 0.117826 0.260000
vt 0.117826 0.273333
vt 0.117826 0.286667
vt 0.117826 0.300000
vt 0.117826 0.313333
vt 0.117826 0.326667
vt 0.127609 0.020000
vt 0.127609 0.033333
vt 0.127609 0.046667
vt 0.127609 0.060000
vt 0.127609 0.073333
vt 0.127609 0.086667
vt 0.127609 0.100000
vt 0.127609 0.113333
vt 0.127609 0.126667
vt 0.127609 0.140000
vt 0.127609 0.153333
vt 0.127609 0.166667
vt 0.127609 0.180000
vt 0.127609 0.193333
vt 0.127609 0.206667
vt 0.127609 0.220000
vt 0.127609 0.233333
vt 0.127609 0.246667
vt 0.127609 0.260000
vt 0.127609 0.273333
vt 0.127609 0.286667
vt 0.127609 0.300000
vt 0.127609 0.313333
vt 0.127609 0.326667
vt 0.137391 0.020000
vt 0.137391 0.033333
vt 0.137391 0.046667
vt 0.137391 0.060000
vt 0.137391 0.073333
vt 0.137391 0.086667
vt 0.137391 0.100000
vt 0.137391 0.113333
vt 0.137391 0.126667
vt 0.137391 0.140000
vt 0.137391 0.153333
vt 0.137391 0.166667
vt 0.137391 0.180000
vt 0.137391 0.193333
vt 0.137391 0.206667
vt 0.137391 0.220000
vt 0.137391 0.233333
vt 0.137391 0.246667
vt 0.137391 0.260000
vt 0.137391 0.273333
vt 0.137391 0.286667
vt 0.137391 0.300000
vt 0.137391 0.313333
vt 0.137391 0.326667
vt 0.147174 0.020000
vt 0.147174 0.033333
vt 0.147174 0.046667
vt 0.147174 0.060000
vt 0.147174 0.073333
vt 0.147174 0.086667
vt 0.147174 0.100000
vt 0.147174 0.113333
vt 0.147174 0.126667
vt 0.147174 0.140000
vt 0.147174 0.153333
vt 0.147174 0.166667
vt 0.147174 0.180000
vt 0.147174 0.193333
vt 0.147174 0.206667
vt 0.147174 0.220000
vt 0.147174 0.233333
vt 0.147174 0.246667
vt 0.147174 0.260000
vt 0.147174 0.273333
vt 0.147174 0.286667
vt 0.147174 0.300000
vt 0.147174 0.313333
vt 0.147174 0.326667
vt 0.156957 0.020000
vt 0.156957 0.033333
vt 0.156957 0.046667
vt 0.156957 0.060000
vt 0.156957 0.073333
vt 0.156957 0.086667
vt 0.156957 0.100000
vt 0.156957 0.113333
vt 0.156957 0.126667
vt 0.156957 0.140000
vt 0.156957 0.153333
vt 0.156957 0.166667
vt 0.156957 0.180000
vt 0.156957 0.193333
vt 0.156957 0.206667
vt 0.156957 0.220000
vt 0.156957 0.233333
vt 0.156957 0.246667
vt 0.156957 0.260000
vt 0.156957 0.273333
vt 0.156957 0.286667
vt 0.156957 0.300000
vt 0.156957 0.313333
vt 0.156957 0.326667
vt 0.166739 0.020000
vt 0.166739 0.033333
vt 0.166739 0.046667
vt 0.166739 0.060000
vt 0.166739 0.073333
vt 0.166739 0.086667
vt 0.166739 0.100000
vt 0.166739 0.113333
vt 0.166739 0.126667
vt 0.166739 0.140000
vt 0.166739 0.153333
vt 0.166739 0.166667
vt 0.166739 0.180000
vt 0.166739 0.193333
vt 0.166739 0.206667
vt 0.166739 0.220000
vt 0.166739 0.233333
vt 0.166739 0.246667
vt 0.166739 0.260000
vt 0.166739 0.273333
vt 0.166739 0.286667
vt 0.166739 0.300000
vt 0.166739 0.313333
vt 0.166739 0.326667
vt 0.176522 0.020000
vt 0.176522 0.033333
vt 0.176522 0.046667
vt 0.176522 0.060000
vt 0.176522 0.073333
vt 0.176522 0.086667
vt 0.176522 0.100000
vt 0.176522 0.113333
vt 0.176522 0.126667
vt 0.176522 0.140000
vt 0.176522 0.153333
vt 0.176522 0.166667
vt 0.176522 0.180000
vt 0.176522 0.193333
vt 0.176522 0.206667
vt 0.176522 0.220000
vt 0.176522 0.233333
vt 0.176522 0.246667
vt 0.176522 0.260000
vt 0.176522 0.273333
vt 0.176522 0.286667
vt 0.176522 0.300000
vt 0.176522 0.313333
vt 0.176522 0.326667
vt 0.186304 0.020000
vt 0.186304 0.033333
vt 0.186304 0.046667
vt 0.186304 0.060000
vt 0.186304 0.073333
vt 0.186304 0.086667
vt 0.186304 0.100000
vt 0.186304 0.113333
vt 0.186304 0.126667
vt 0.186304 0.140000
vt 0.186304 0.153333
vt 0.186304 0.166667
vt 0.186304 0.180000
vt 0.186304 0.193333
vt 0.186304 0.206667
vt 0.186304 0.220000
vt 0.186304 0.233333
vt 0.186304 0.246667
vt 0.186304 0.260000
vt 0.186304 0.273333
vt 0.186304 0.286667
vt 0.186304 0.300000
vt 0.186304 0.313333
vt 0.186304 0.326667
vt 0.196087 0.020000
vt 0.196087 0.033333
vt 0.196087 0.046667
vt 0.196087 0.060000
vt 0.196087 0.073333
vt 0.196087 0.086667
vt 0.196087 0.100000
vt 0.196087 0.113333
vt 0.196087 0.126667
vt 0.196087 0.140000
vt 0.196087 0.153333
vt 0.196087 0.166667
vt 0.196087 0.180000
vt 0.196087 0.193333
vt 0.196087 0.206667
vt 0.196087 0.220000
vt 0.196087 0.233333
vt 0.196087 0.246667
vt 0.196087 0.260000
vt 0.196087 0.273333
vt 0.196087 0.286667
vt 0.196087 0.300000
vt 0.196087 0.313333
vt 0.196087 0.326667
vt 0.205870 0.020000
vt 0.205870 0.033333
vt 0.205870 0.046667
vt 0.205870 0.060000
vt 0.205870 0.073333
vt 0.205870 0.086667
vt 0.205870 0.100000
vt 0.205870 0.113333
vt 0.205870 0.126667
vt 0.205870 0.140000
vt 0.205870 0.153333
vt 0.205870 0.166667
vt 0.205870 0.180000
vt 0.205870 0.193333
vt 0.205870 0.206667
vt 0.205870 0.220000
vt 0.205870 0.233333
vt 0.205870 0.246667
vt 0.205870 0.260000
vt 0.205870 0.273333
vt 0.205870 0.286667
vt 0.205870 0.300000
vt 0.205870 0.313333
vt 0.205870 0.326667
vt 0.215652 0.020000
vt 0.215652 0.033333
vt 0.215652 0.046667
vt 0.215652 0.060000
vt 0.215652 0.073333
vt 0.215652 0.086667
vt 0.215652 0.100000
vt 0.215652 0.113333
vt 0.215652 0.126667
vt 0.215652 0.140000
vt 0.215652 0.153333
vt 0.215652 0.166667
vt 0.215652 0.180000
vt 0.215652 0.193333
vt 0.215652 0.206667
vt 0.215652 0.220000
vt 0.215652 0.233333
vt 0.215652 0.246667
vt 0.215652 0.260000
vt 0.215652 0.273333
vt 0.215652 0.286667
vt 0.215652 0.300000
vt 0.215652 0.313333
vt 0.215652 0.326667
vt 0.225435 0.020000
vt 0.225435 0.033333
vt 0.225435 0.046667
vt 0.225435 0.060000
vt 0.225435 0.073333
vt 0.225435 0.086667
vt 0.225435 0.100000
vt 0.225435 0.113333
vt 0.225435 0.126667
vt 0.225435 0.140000
vt 0.225435 0.153333
vt 0.225435 0.166667
vt 0.225435 0.180000
vt 0.225435 0.193333
vt 0.225435 0.206667
vt 0.225435 0.220000
vt 0.225435 0.233333
vt 0.225435 0.246667
vt 0.225435 0.260000
vt 0.225435 0.273333
vt 0.225435 0.286667
vt 0.225435 0.300000
vt 0.225435 0.313333
vt 0.225435 0.326667
vt 0.235217 0.020000
vt 0.235217 0.033333
vt 0.235217 0.046667
vt 0.235217 0.060000
vt 0.235217 0.073333
vt 0.235217 0.086667
vt 0.235217 0.100000
vt 0.235217 0.113333
vt 0.235217 0.126667
vt 0.235217 0.140000
vt 0.235217 0.153333
vt 0.235217 0.166667
vt 0.235217 0.180000
vt 0.235217 0.193333
vt 0.235217 0.206667
vt 0.235217 0.220000
vt 0.235217 0.233333
vt 0.235217 0.246667
vt 0.235217 0.260000
vt 0.235217 0.273333
vt 0.235217 0.286667
vt 0.235217 0.300000
vt 0.235217 0.313333
vt 0.235217 0.326667
vt 0.245000 0.020000
vt 0.245000 0.033333
vt 0.245000 0.046667
vt 0.245000 0.060000
vt 0.245000 0.073333
vt 0.245000 0.086667
vt 0.245000 0.100000
vt 0.245000 0.113333
vt 0.245000 0.126667
vt 0.245000 0.140000
vt 0.245000 0.153333
vt 0.245000 0.166667
vt 0.245000 0.180000
vt 0.245000 0.193333
vt 0.245000 0.206667
vt 0.245000 0.220000
vt 0.245000 0.233333
vt 0.245000 0.246667
vt 0.245000 0.260000
vt 0.245000 0.273333
vt 0.245000 0.286667
vt 0.245000 0.300000
vt 0.245000 0.313333
vt 0.245000 0.326667
f 1/1/1 2/2/2 25/25/25
f 2/2/2 26/26/26 25/25/25
f 2/2/2 3/3/3 26/26/26
f 3/3/3 27/27/27 26/26/26
f 3/3/3 4/4/4 27/27/27
f 4/4/4 28/28/28 27/27/27
f 4/4/4 5/5/5 28/28/28
f 5/5/5 29/29/29 28/28/28
f 5/5/5 6/6/6 29/29/29
f 6/6/6 30/30/30 29/29/29
f 6/6/6 7/7/7 30/30/30
f 7/7/7 31/31/31 30/30/30
f 7/7/7 8/8/8 31/31/31
f 8/8/8 32/32/32 31/31/31
f 8/8/8 9/9/9 32/32/32
f 9/9/9 33/33/33 32/32/32
f 9/9/9 10/10/10 33/33/33
f 10/10/10 34/34/34 33/33/33
f 10/10/10 11/11/11 34/34/34
f 11/11/11 35/35/35 34/34/34
f 11/11/11 12/12/12 35/35/35
f 12/12/12 36/36/36 35/35/35
f 12/12/12 13/13/13 36/36/36
f 13/13/13 37/37/37 36/36/36
f 13/13/13 14/14/14 37/37/37
f 14/14/14 38/38/38 37/37/37
f 14/14/14 15/15/15 38/38/38
f 15/15/15 39/39/39 38/38/38
f 15/15/15 16/16/16 39/39/39
f 16/16/16 40/40/40 39/39/39
f 16/16/16 17/17/17 40/40/40
f 17/17/17 41/41/41 40/40/40
f 17/17/17 18/18/18 41/41/41
f 18/18/18 42/42/42 41/41/41
f 18/18/18 19/19/19 42/42/42
f 19/19/19 43/43/43 42/42/42
f 19/19/19 20/20/20 43/43/43
f 20/20/20 44/44/44 43/43/43
f 20/20/20 21/21/21 44/44/44
f 21/21/21 45/45/45 44/44/44
f 21/21/21 22/22/22 45/45/45
f 22/22/22 46/46/46 45/45/45
f 22/22/22 23/23/23 46/46/46
f 23/23/23 47/47/47 46/46/46
f 23/23/23 24/24/24 47/47/47
f 24/24/24 48/48/48 47/47/47
f 25/25/25 26/26/26 49/49/49
f 26/26/26 50/50/50 49/49/49
f 26/26/26 27/27/27 50/50/50
f 27/27/27 51/51/51 50/50/50
f 27/27/27 28/28/28 51/51/51
f 28/28/28 52/52/52 51/51/51
f 28/28/28 29/29/29 52/52/52
f 29/29/29 53/53/53 52/52/52
f 29/29/29 30/30/30 53/53/53
f 30/30/30 54/54/54 53/53/53
f 30/30/30 31/31/31 54/54/54
f 31/31/31 55/55/55 54/54/54
f 31/31/31 32/32/32 55/55/55
f 32/32/32 56/56/56 55/55/55
f 32/32/32 33/33/33 56/56/56
f 33/33/33 57/57/57 56/56/56
f 33/33/33 34/34/34 57/57/57
f 34/34/34 58/58/58 57/57/57
f 34/34/34 35/35/35 58/58/58
f 35/35/35 59/59/59 58/58/58
f 35/35/35 36/36/36 59/59/59
f 36/36/36 60/60/60 59/59/59
f 36/36/36 37/37/37 60/60/60
f 37/37/37 61/61/61 60/60/60
f 37/37/37 38/38/38 61/61/61
f 38/38/38 62/62/62 61/61/61
f 38/38/38 39/39/39 62/62/62
f 39/39/39 63/63/63 62/62/62
f 39/39/39 40/40/40 63/63/63
f 40/40/40 64/64/64 63/63/63
f 40/40/40 41/41/41 64/64/64
f 41/41/41 65/65/65 64/64/64
f 41/41/41 42/42/42 65/65/65
f 42/42/42 66/66/66 65/65/65
f 42/42/42 43/43/43 66/66/66
f 43/43/43 67/67/67 66/66/66
f 43/43/43 44/44/44 67/67/67
f 44/44/44 68/68/68 67/67/67
f 44/44/44 45/45/45 68/68/68
f 45/45/45 69/69/69 68/68/68
f 45/45/45 46/46/46 69/69/69
f 46/46/46 70/70/70 69/69/69
f 46/46/46 47/47/47 70/70/70
f 47/47/47 71/71/71 70/70/70
f 47/47/47 48/48/48 71/71/71
f 48/48/48 72/72/72 71/71/71
f 49/49/49 50/50/50 73/73/73
f 50/50/50 74/74/74 73/73/73
f 50/50/50 51/51/51 74/74/74
f 51/51/51 75/75/75 74/74/74
f 51/51/51 52/52/52 75/75/75
f 52/52/52 76/76/76 75/75/75
f 52/52/52 53/53/53 76/76/76
f 53/53/53 77/77/77 76/76/76
f 53/53/53 54/54/54 77/77/77
f 54/54/54 78/78/78 77/77/77
f 54/54/54 55/55/55 78/78/78
f 55/55/55 79/79/79 78/78/78
f 55/55/55 56/56/56 79/79/79
f 56/56/56 80/80/80 79/79/79
f 56/56/56 57/57/57 80/80/80
f 57/57/57 81/81/81 80/80/80
f 57/57/57 58/58/58 81/81/81
f 58/58/58 82/82/82 81/81/81
f 58/58/58 59/59/59 82/82/82
f 59/59/59 83/83/83 82/82/82
f 59/59/59 60/60/60 83/83/83
f 60/60/60 84/84/84 83/83/83
f 60/60/60 61/61/61 84/84/84
f 61/61/61 85/85/85 84/84/84
f 61/61/61 62/62/62 85/85/85
f 62/62/62 86/86/86 85/85/85
f 62/62/62 63/63/63 86/86/86
f 63/63/63 87/87/87 86/86/86
f 63/63/63 64/64/64 87/87/87
f 64/64/64 88/88/88 87/87/87
f 64/64/64 65/65/65 88/88/88
f 65/65/65 89/89/89 88/88/88
f 65/65/65 66/66/66 89/89/89
f 66/66/66 90/90/90 89/89/89
f 66/66/66 67/67/67 90/90/90
f 67/67/67 91/91/91 90/90/90
f 67/67/67 68/68/68 91/91/91
f 68/68/68 92/92/92 91/91/91
f 68/68/68 69/69/69 92/92/92
f 69/69/69 93/93/93 92/92/92
f 69/69/69 70/70/70 93/93/93
f 70/70/70 94/94/94 93/93/93
f 70/70/70 71/71/71 94/94/94
f 71/71/71 95/95/95 94/94/94
f 71/71/71 72/72/72 95/95/95
f 72/72/72 96/96/96 95/95/95
f 73/73/73 74/74/74 97/97/97
f 74/74/74 98/98/98 97/97/97
f 74/74/74 75/75/75 98/98/98
f 75/75/75 99/99/99 98/98/98
f 75/75/75 76/76/76 99/99/99
f 76/76/76 100/100/100 99/99/99
f 76/76/76 77/77/77 100/100/100
f 77/77/77 101/101/101 100/100/100
f 77/77/77 78/78/78 101/101/101
f 78/78/78 102/102/102 101/101/101
f 78/78/78 79/79/79 102/102/102
f 79/79/79 103/103/103 102/102/102
f 79/79/79 80/80/80 103/103/103
f 80/80/80 104/104/104 103/103/103
f 80/80/80 81/81/81 104/104/104
f 81/81/81 105/105/105 104/104/104
f 81/81/81 82/82/82 105/105/105
f 82/82/82 106/106/106 105/105/105
f 82/82/82 83/83/83 106/106/106
f 83/83/83 107/107/107 106/106/106
f 83/83/83 84/84/84 107/107/107
f 84/84/84 108/108/108 107/107/107
f 84/84/84 85/85/85 108/108/108
f 85/85/85 109/109/109 108/108/108
f 85/85/85 86/86/86 109/109/109
f 86/86/86 110/110/110 109/109/109
f 86/86/86 87/87/87 110/110/110
f 87/87/87 111/111/111 110/110/110
f 87/87/87 88/88/88 111/111/111
f 88/88/88 112/112/112 111/111/111
f 88/88/88 89/89/89 112/112/112
f 89/89/89 113/113/113 112/112/112
f 89/89/89 90/90/90 113/113/113
f 90/90/90 114/114/114 113/113/113
f 90/90/90 91/91/91 114/114/114
f 91/91/91 115/115/115 114/114/114
f 91/91/91 92/92/92 115/115/115
f 92/92/92 116/116/116 115/115/115
f 92/92/92 93/93/93 116/116/116
f 93/93/93 117/117/117 116/116/116
f 93/93/93 94/94/94 117/117/117
f 94/94/94 118/118/118 117/117/117
f 94/94/94 95/95/95 118/118/118
f 95/95/95 119/119/119 118/118/118
f 95/95/95 96/96/96 119/119/119
f 96/96/96 120/120/120 119/119/119
f 97/97/97 98/98/98 121/121/121
f 98/98/98 122/122/122 121/121/121
f 98/98/98 99/99/99 122/122/122
f 99/99/99 123/123/123 122/122/122
f 99/99/99 100/100/100 123/123/123
f 100/100/100 124/124/124 123/123/123
f 100/100/100 101/101/101 124/124/124
f 101/101/101 125/125/125 124/124/124
f 101/101/101 102/102/102 125/125/125
f 102/102/102 126/126/126 125/125/125
f 102/102/102 103/103/103 126/126/126
f 103/103/103 127/127/127 126/126/126
f 103/103/103 104/104/104 127/127/127
f 104/104/104 128/128/128 127/127/127
f 104/104/104 105/105/105 128/128/128
f 105/105/105 129/129/129 128/128/128
f 105/105/105 106/106/106 129/129/129
f 106/106/106 130/130/130 129/129/129
f 106/106/106 107/107/107 130/130/130
f 107/107/107 131/131/131 130/130/130
f 107/107/107 108/108/108 131/131/131
f 108/108/108 132/132/132 131/131/131
f 108/108/108 109/109/109 132/132/132
f 109/109/109 133/133/133 132/132/132
f 109/109/109 110/110/110 133/133/133
f 110/110/110 134/134/134 133/133/133
f 110/110/110 111/111/111 134/134/134
f 111/111/111 135/135/135 134/134/134
f 111/111/111 112/112/112 135/135/135
f 112/112/112 136/136/136 135/135/135
f 112/112/112 113/113/113 136/136/136
f 113/113/113 137/137/137 136/136/136
f 113/113/113 114/114/114 137/137/137
f 114/114/114 138/138/138 137/137/137
f 114/114/114 115/115/115 138/138/138
f 115/115/115 139/139/139 138/138/138
f 115/115/115 116/116/116 139/139/139
f 116/116/116 140/140/140 139/139/139
f 116/116/116 117/117/117 140/140/140
f 117/117/117 141/141/141 140/140/140
f 117/117/117 118/118/118 141/141/141
f 118/118/118 142/142/142 141/141/141
f 118/118/118 119/119/119 142/142/142
f 119/119/119 143/143/143 142/142/142
f 119/119/119 120/120/120 143/143/143
f 120/120/120 144/144/144 143/143/143
f 121/121/121 122/122/122 145/145/145
f 122/122/122 146/146/146 145/145/145
f 122/122/122 123/123/123 146/146/146
f 123/123/123 147/147/147 146/146/146
f 123/123/123 124/124/124 147/147/147
f 124/124/124 148/148/148 147/147/147
f 124/124/124 125/125/125 148/148/148
f 125/125/125 149/149/149 148/148/148
f 125/125/125 126/126/126 149/149/149
f 126/126/126 150/150/150 149/149/149
f 126/126/126 127/127/127 150/150/150
f 127/127/127 151/151/151 150/150/150
f 127/127/127 128/128/128 151/151/151
f 128/128/128 152/152/152 151/151/151
f 128/128/128 129/129/129 152/152/152
f 129/129/129 153/153/153 152/152/152
f 129/129/129 130/130/130 153/153/153
f 130/130/130 154/154/154 153/153/153
f 130/130/130 131/131/131 154/154/154
f 131/131/131 155/155/155 154/154/154
f 131/131/131 132/132/132 155/155/155
f 132/132/132 156/156/156 155/155/155
f 132/132/132 133/133/133 156/156/156
f 133/133/133 157/157/157 156/156/156
f 133/133/133 134/134/134 157/157/157
f 134/134/134 158/158/158 157/157/157
f 134/134/134 135/135/135 158/158/158
f 135/135/135 159/159/159 158/158/158
f 135/135/135 136/136/136 159/159/159
f 136/136/136 160/160/160 159/159/159
f 136/136/136 137/137/137 160/160/160
f 137/137/137 161/161/161 160/160/160
f 137/137/137 138/138/138 161/161/161
f 138/138/138 162/162/162 161/161/161
f 138/138/138 139/139/139 162/162/162
f 139/139/139 163/163/163 162/162/162
f 139/139/139 140/140/140 163/163/163
f 140/140/140 164/164/164 163/163/163
f 140/140/140 141/141/141 164/164/164
f 141/141/141 165/165/165 164/164/164
f 141/141/141 142/142/142 165/165/165
f 142/142/142 166/166/166 165/165/165
f 142/142/142 143/143/143 166/166/166
f 143/143/143 167/167/167 166/166/166
f 143/143/143 144/144/144 167/167/167
f 144/144/144 168/168/168 167/167/167
f 145/145/145 146/146/146 169/169/169
f 146/146/146 170/170/170 169/169/169
f 146/146/146 147/147/147 170/170/170
f 147/147/147 171/171/171 170/170/170
f 147/147/147 148/148/148 171/171/171
f 148/148/148 172/172/172 171/171/171
f 148/148/148 149/149/149 172/172/172
f 149/149/149 173/173/173 172/172/172
f 149/149/149 150/150/150 173/173/173
f 150/150/150 174/174/174 173/173/173
f 150/150/150 151/151/151 174/174/174
f 151/151/151 175/175/175 174/174/174
f 151/151/151 152/152/152 175/175/175
f 152/152/152 176/176/176 175/175/175
f 152/152/152 153/153/153 176/176/176
f 153/153/153 177/177/177 176/176/176
f 153/153/153 154/154/154 177/177/177
f 154/154/154 178/178/178 177/177/177
f 154/154/154 155/155/155 178/178/178
f 155/155/155 179/179/179 178/178/178
f 155/155/155 156/156/156 179/179/179
f 156/156/156 180/180/180 179/179/179
f 156/156/156 157/157/157 180/180/180
f 157/157/157 181/181/181 180/180/180
f 157/157/157 158/158/158 181/181/181
f 158/158/158 182/182/182 181/181/181
f 158/158/158 159/159/159 182/182/182
f 159/159/159 183/183/183 182/182/182
f 159/159/159 160/160/160 183/183/183
f 160/160/160 184/184/184 183/183/183
f 160/160/160 161/161/161 184/184/184
f 161/161/161 185/185/185 184/184/184
f 161/161/161 162/162/162 185/185/185
f 162/162/162 186/186/186 185/185/185
f 162/162/162 163/163/163 186/186/186
f 163/163/163 187/187/187 186/186/186
f 163/163/163 164/164/164 187/187/187
f 164/164/164 188/188/188 187/187/187
f 164/164/164 165/165/165 188/188/188
f 165/165/165 189/189/189 188/188/188
f 165/165/165 166/166/166 189/189/189
f 166/166/166 190/190/190 189/189/189
f 166/166/166 167/167/167 190/190/190
f 167/167/167 191/191/191 190/190/190
f 167/167/167 168/168/168 191/191/191
f 168/168/168 192/192/192 191/191/191
f 169/169/169 170/170/170 193/193/193
f 170/170/170 194/194/194 193/193/193
f 170/170/170 171/171/171 194/194/194
f 171/171/171 195/195/195 194/194/194
f 171/171/171 172/172/172 195/195/195
f 172/172/172 196/196/196 195/195/195
f 172/172/172 173/173/173 196/196/196
f 173/173/173 197/197/197 196/196/196
f 173/173/173 174/174/174 197/197/197
f 174/174/174 198/198/198 197/197/197
f 174/174/174 175/175/175 198/198/198
f 175/175/175 199/199/199 198/198/198
f 175/175/175 176/176/176 199/199/199
f 176/176/176 200/200/200 199/199/199
f 176/176/176 177/177/177 200/200/200
f 177/177/177 201/201/201 200/200/200
f 177/177/177 178/178/178 201/201/201
f 178/178/178 202/202/202 201/201/201
f 178/178/178 179/179/179 202/202/202
f 179/179/179 203/203/203 202/202/202
f 179/179/179 180/180/180 203/203/203
f 180/180/180 204/204/204 203/203/203
f 180/180/180 181/181/181 204/204/204
f 181/181/181 205/205/205 204/204/204
f 181/181/181 182/182/182 205/205/205
f 182/182/182 206/206/206 205/205/205
f 182/182/182 183/183/183 206/206/206
f 183/183/183 207/207/207 206/206/206
f 183/183/183 184/184/184 207/207/207
f 184/184/184 208/208/208 207/207/207
f 184/184/184 185/185/185 208/208/208
f 185/185/185 209/209/209 208/208/208
f 185/185/185 186/186/186 209/209/209
f 186/186/186 210/210/210 209/209/209
f 186/186/186 187/187/187 210/210/210
f 187/187/187 211/211/211 210/210/210
f 187/187/187 188/188/188 211/211/211
f 188/188/188 212/212/212 211/211/211
f 188/188/188 189/189/189 212/212/212
f 189/189/189 213/213/213 212/212/212
f 189/189/189 190/190/190 213/213/213
f 190/190/190 214/214/214 213/213/213
f 190/190/190 191/191/191 214/214/214
f 191/191/191 215/215/215 214/214/214
f 191/191/191 192/192/192 215/215/215
f 192/192/192 216/216/216 215/215/215
f 193/193/193 194/194/194 217/217/217
f 194/194/194 218/218/218 217/217/217
f 194/194/194 195/195/195 218/218/218
f 195/195/195 219/219/219 218/218/218
f 195/195/195 196/196/196 219/219/219
f 196/196/196 220/220/220 219/219/219
f 196/196/196 197/197/197 220/220/220
f 197/197/197 221/221/221 220/220/220
f 197/197/197 198/198/198 221/221/221
f 198/198/198 222/222/222 221/221/221
f 198/198/198 199/199/199 222/222/222
f 199/199/199 223/223/223 222/222/222
f 199/199/199 200/200/200 223/223/223
f 200/200/200 224/224/224 223/223/223
f 200/200/200 201/201/201 224/224/224
f 201/201/201 225/225/225 224/224/224
f 201/201/201 202/202/202 225/225/225
f 202/202/202 226/226/226 225/225/225
f 202/202/202 203/203/203 226/226/226
f 203/203/203 227/227/227 226/226/226
f 203/203/203 204/204/204 227/227/227
f 204/204/204 228/228/228 227/227/227
f 204/204/204 205/205/205 228/228/228
f 205/205/205 229/229/229 228/228/228
f 205/205/205 206/206/206 229/229/229
f 206/206/206 230/230/230 229/229/229
f 206/206/206 207/207/207 230/230/230
f 207/207/207 231/231/231 230/230/230
f 207/207/207 208/208/208 231/231/231
f 208/208/208 232/232/232 231/231/231
f 208/208/208 209/209/209 232/232/232
f 209/209/209 233/233/233 232/232/232
f 209/209/209 210/210/210 233/233/233
f 210/210/210 234/234/234 233/233/233
f 210/210/210 211/211/211 234/234/234
f 211/211/211 235/235/235 234/234/234
f 211/211/211 212/212/212 235/235/235
f 212/212/212 236/236/236 235/235/235
f 212/212/212 213/213/213 236/236/236
f 213/213/213 237/237/237 236/236/236
f 213/213/213 214/214/214 237/237/237
f 214/214/214 238/238/238 237/237/237
f 214/214/214 215/215/215 238/238/238
f 215/215/215 239/239/239 238/238/238
f 215/215/215 216/216/216 239/239/239
f 216/216/216 240/240/240 239/239/239
f 217/217/217 218/218/218 241/241/241
f 218/218/218 242/242/242 241/241/241
f 218/218/218 219/219/219 242/242/242
f 219/219/219 243/243/243 242/242/242
f 219/219/219 220/220/220 243/243/243
f 220/220/220 244/244/244 243/243/243
f 220/220/220 221/221/221 244/244/244
f 221/221/221 245/245/245 244/244/244
f 221/221/221 222/222/222 245/245/245
f 222/222/222 246/246/246 245/245/245
f 222/222/222 223/223/223 246/246/246
f 223/223/223 247/247/247 246/246/246
f 223/223/223 224/224/224 247/247/247
f 224/224/224 248/248/248 247/247/247
f 224/224/224 225/225/225 248/248/248
f 225/225/225 249/249/249 248/248/248
f 225/225/225 226/226/226 249/249/249
f 226/226/226 250/250/250 249/249/249
f 226/226/226 227/227/227 250/250/250
f 227/227/227 251/251/251 250/250/250
f 227/227/227 228/228/228 251/251/251
f 228/228/228 252/252/252 251/251/251
f 228/228/228 229/229/229 252/252/252
f 229/229/229 253/253/253 252/252/252
f 229/229/229 230/230/230 253/253/253
f 230/230/230 254/254/254 253/253/253
f 230/230/230 231/231/231 254/254/254
f 231/231/231 255/255/255 254/254/254
f 231/231/231 232/232/232 255/255/255
f 232/232/232 256/256/256 255/255/255
f 232/232/232 233/233/233 256/256/256
f 233/233/233 257/257/257 256/256/256
f 233/233/233 234/234/234 257/257/257
f 234/234/234 258/258/258 257/257/257
f 234/234/234 235/235/235 258/258/258
f 235/235/235 259/259/259 258/258/258
f 235/235/235 236/236/236 259/259/259
f 236/236/236 260/260/260 259/259/259
f 236/236/236 237/237/237 260/260/260
f 237/237/237 261/261/261 260/260/260
f 237/237/237 238/238/238 261/261/261
f 238/238/238 262/262/262 261/261/261
f 238/238/238 239/239/239 262/262/262
f 239/239/239 263/263/263 262/262/262
f 239/239/239 240/240/240 263/263/263
f 240/240/240 264/264/264 263/263/263
f 241/241/241 242/242/242 265/265/265
f 242/242/242 266/266/266 265/265/265
f 242/242/242 243/243/243 266/266/266
f 243/243/243 267/267/267 266/266/266
f 243/243/243 244/244/244 267/267/267
f 244/244/244 268/268/268 267/267/267
f 244/244/244 245/245/245 268/268/268
f 245/245/245 269/269/269 268/268/268
f 245/245/245 246/246/246 269/269/269
f 246/246/246 270/270/270 269/269/269
f 246/246/246 247/247/247 270/270/270
f 247/247/247 271/271/271 270/270/270
f 247/247/247 248/248/248 271/271/271
f 248/248/248 272/272/272 271/271/271
f 248/248/248 249/249/249 272/272/272
f 249/249/249 273/273/273 272/272/272
f 249/249/249 250/250/250 273/273/273
f 250/250/250 274/274/274 273/273/273
f 250/250/250 251/251/251 274/274/274
f 251/251/251 275/275/275 274/274/274
f 251/251/251 252/252/252 275/275/275
f 252/252/252 276/276/276 275/275/275
f 252/252/252 253/253/253 276/276/276
f 253/253/253 277/277/277 276/276/276
f 253/253/253 254/254/254 277/277/277
f 254/254/254 278/278/278 277/277/277
f 254/254/254 255/255/255 278/278/278
f 255/255/255 279/279/279 278/278/278
f 255/255/255 256/256/256 279/279/279
f 256/256/256 280/280/280 279/279/279
f 256/256/256 257/257/257 280/280/280
f 257/257/257 281/281/281 280/280/280
f 257/257/257 258/258/258 281/281/281
f 258/258/258 282/282/282 281/281/281
f 258/258/258 259/259/259 282/282/282
f 259/259/259 283/283/283 282/282/282
f 259/259/259 260/260/260 283/283/283
f 260/260/260 284/284/284 283/283/283
f 260/260/260 261/261/261 284/284/284
f 261/261/261 285/285/285 284/284/284
f 261/261/261 262/262/262 285/285/285
f 262/262/262 286/286/286 285/285/285
f 262/262/262 263/263/263 286/286/286
f 263/263/263 287/287/287 286/286/286
f 263/263/263 264/264/264 287/287/287
f 264/264/264 288/288/288 287/287/287
f 265/265/265 266/266/266 289/289/289
f 266/266/266 290/290/290 289/289/289
f 266/266/266 267/267/267 290/290/290
f 267/267/267 291/291/291 290/290/290
f 267/267/267 268/268/268 291/291/291
f 268/268/268 292/292/292 291/291/291
f 268/268/268 269/269/269 292/292/292
f 269/269/269 293/293/293 292/292/292
f 269/269/269 270/270/270 293/293/293
f 270/270/270 294/294/294 293/293/293
f 270/270/270 271/271/271 294/294/294
f 271/271/271 295/295/295 294/294/294
f 271/271/271 272/272/272 295/295/295
f 272/272/272 296/296/296 295/295/295
f 272/272/272 273/273/273 296/296/296
f 273/273/273 297/297/297 296/296/296
f 273/273/273 274/274/274 297/297/297
f 274/274/274 298/298/298 297/297/297
f 274/274/274 275/275/275 298/298/298
f 275/275/275 299/299/299 298/298/298
f 275/275/275 276/276/276 299/299/299
f 276/276/276 300/300/300 299/299/299
f 276/276/276 277/277/277 300/300/300
f 277/277/277 301/301/301 300/300/300
f 277/277/277 278/278/278 301/301/301
f 278/278/278 302/302/302 301/301/301
f 278/278/278 279/279/279 302/302/302
f 279/279/279 303/303/303 302/302/302
f 279/279/279 280/280/280 303/303/303
f 280/280/280 304/304/304 303/303/303
f 280/280/280 281/281/281 304/304/304
f 281/281/281 305/305/305 304/304/304
f 281/281/281 282/282/282 305/305/305
f 282/282/282 306/306/306 305/305/305
f 282/282/282 283/283/283 306/306/306
f 283/283/283 307/307/307 306/306/306
f 283/283/283 284/284/284 307/307/307
f 284/284/284 308/308/308 307/307/307
f 284/284/284 285/285/285 308/308/308
f 285/285/285 309/309/309 308/308/308
f 285/285/285 286/286/286 309/309/309
f 286/286/286 310/310/310 309/309/309
f 286/286/286 287/287/287 310/310/310
f 287/287/287 311/311/311 310/310/310
f 287/287/287 288/288/288 311/311/311
f 288/288/288 312/312/312 311/311/311
f 289/289/289 290/290/290 313/313/313
f 290/290/290 314/314/314 313/313/313
f 290/290/290 291/291/291 314/314/314
f 291/291/291 315/315/315 314/314/314
f 291/291/291 292/292/292 315/315/315
f 292/292/292 316/316/316 315/315/315
f 292/292/292 293/293/293 316/316/316
f 293/293/293 317/317/317 316/316/316
f 293/293/293 294/294/294 317/317/317
f 294/294/294 318/318/318 317/317/317
f 294/294/294 295/295/295 318/318/318
f 295/295/295 319/319/319 318/318/318
f 295/295/295 296/296/296 319/319/319
f 296/296/296 320/320/320 319/319/319
f 296/296/296 297/297/297 320/320/320
f 297/297/297 321/321/321 320/320/320
f 297/297/297 298/298/298 321/321/321
f 298/298/298 322/322/322 321/321/321
f 298/298/298 299/299/299 322/322/322
f 299/299/299 323/323/323 322/322/322
f 299/299/299 300/300/300 323/323/323
f 300/300/300 324/324/324 323/323/323
f 300/300/300 301/301/301 324/324/324
f 301/301/301 325/325/325 324/324/324
f 301/301/301 302/302/302 325/325/325
f 302/302/302 326/326/326 325/325/325
f 302/302/302 303/303/303 326/326/326
f 303/303/303 327/327/327 326/326/326
f 303/303/303 304/304/304 327/327/327
f 304/304/304 328/328/328 327/327/327
f 304/304/304 305/305/305 328/328/328
f 305/305/305 329/329/329 328/328/328
f 305/305/305 306/306/306 329/329/329
f 306/306/306 330/330/330 329/329/329
f 306/306/306 307/307/307 330/330/330
f 307/307/307 331/331/331 330/330/330
f 307/307/307 308/308/308 331/331/331
f 308/308/308 332/332/332 331/331/331
f 308/308/308 309/309/309 332/332/332
f 309/309/309 333/333/333 332/332/332
f 309/309/309 310/310/310 333/333/333
f 310/310/310 334/334/334 333/333/333
f 310/310/310 311/311/311 334/334/334
f 311/311/311 335/335/335 334/334/334
f 311/311/311 312/312/312 335/335/335
f 312/312/312 336/336/336 335/335/335
f 313/313/313 314/314/314 337/337/337
f 314/314/314 338/338/338 337/337/337
f 314/314/314 315/315/315 338/338/338
f 315/315/315 339/339/339 338/338/338
f 315/315/315 316/316/316 339/339/339
f 316/316/316 340/340/340 339/339/339
f 316/316/316 317/317/317 340/340/340
f 317/317/317 341/341/341 340/340/340
f 317/317/317 318/318/318 341/341/341
f 318/318/318 342/342/342 341/341/341
f 318/318/318 319/319/319 342/342/342
f 319/319/319 343/343/343 342/342/342
f 319/319/319 320/320/320 343/343/343
f 320/320/320 344/344/344 343/343/343
f 320/320/320 321/321/321 344/344/344
f 321/321/321 345/345/345 344/344/344
f 321/321/321 322/322/322 345/345/345
f 322/322/322 346/346/346 345/345/345
f 322/322/322 323/323/323 346/346/346
f 323/323/323 347/347/347 346/346/346
f 323/323/323 324/324/324 347/347/347
f 324/324/324 348/348/348 347/347/347
f 324/324/324 325/325/325 348/348/348
f 325/325/325 349/349/349 348/348/348
f 325/325/325 326/326/326 349/349/349
f 326/326/326 350/350/350 349/349/349
f 326/326/326 327/327/327 350/350/350
f 327/327/327 351/351/351 350/350/350
f 327/327/327 328/328/328 351/351/351
f 328/328/328 352/352/352 351/351/351
f 328/328/328 329/329/329 352/352/352
f 329/329/329 353/353/353 352/352/352
f 329/329/329 330/330/330 353/353/353
f 330/330/330 354/354/354 353/353/353
f 330/330/330 331/331/331 354/354/354
f 331/331/331 355/355/355 354/354/354
f 331/331/331 332/332/332 355/355/355
f 332/332/332 356/356/356 355/355/355
f 332/332/332 333/333/333 356/356/356
f 333/333/333 357/357/357 356/356/356
f 333/333/333 334/334/334 357/357/357
f 334/334/334 358/358/358 357/357/357
f 334/334/334 335/335/335 358/358/358
f 335/335/335 359/359/359 358/358/358
f 335/335/335 336/336/336 359/359/359
f 336/336/336 360/360/360 359/359/359
f 337/337/337 338/338/338 361/361/361
f 338/338/338 362/362/362 361/361/361
f 338/338/338 339/339/339 362/362/362
f 339/339/339 363/363/363 362/362/362
f 339/339/339 340/340/340 363/363/363
f 340/340/340 364/364/364 363/363/363
f 340/340/340 341/341/341 364/364/364
f 341/341/341 365/365/365 364/364/364
f 341/341/341 342/342/342 365/365/365
f 342/342/342 366/366/366 365/365/365
f 342/342/342 343/343/343 366/366/366
f 343/343/343 367/367/367 366/366/366
f 343/343/343 344/344/344 367/367/367
f 344/344/344 368/368/368 367/367/367
f 344/344/344 345/345/345 368/368/368
f 345/345/345 369/369/369 368/368/368
f 345/345/345 346/346/346 369/369/369
f 346/346/346 370/370/370 369/369/369
f 346/346/346 347/347/347 370/370/370
f 347/347/347 371/371/371 370/370/370
f 347/347/347 348/348/348 371/371/371
f 348/348/348 372/372/372 371/371/371
f 348/348/348 349/349/349 372/372/372
f 349/349/349 373/373/373 372/372/372
f 349/349/349 350/350/350 373/373/373
f 350/350/350 374/374/374 373/373/373
f 350/350/350 351/351/351 374/374/374
f 351/351/351 375/375/375 374/374/374
f 351/351/351 352/352/352 375/375/375
f 352/352/352 376/376/376 375/375/375
f 352/352/352 353/353/353 376/376/376
f 353/353/353 377/377/377 376/376/376
f 353/353/353 354/354/354 377/377/377
f 354/354/354 378/378/378 377/377/377
f 354/354/354 355/355/355 378/378/378
f 355/355/355 379/379/379 378/378/378
f 355/355/355 356/356/356 379/379/379
f 356/356/356 380/380/380 379/379/379
f 356/356/356 357/357/357 380/380/380
f 357/357/357 381/381/381 380/380/380
f 357/357/357 358/358/358 381/381/381
f 358/358/358 382/382/382 381/381/381
f 358/358/358 359/359/359 382/382/382
f 359/359/359 383/383/383 382/382/382
f 359/359/359 360/360/360 383/383/383
f 360/360/360 384/384/384 383/383/383
f 361/361/361 362/362/362 385/385/385
f 362/362/362 386/386/386 385/385/385
f 362/362/362 363/363/363 386/386/386
f 363/363/363 387/387/387 386/386/386
f 363/363/363 364/364/364 387/387/387
f 364/364/364 388/388/388 387/387/387
f 364/364/364 365/365/365 388/388/388
f 365/365/365 389/389/389 388/388/388
f 365/365/365 366/366/366 389/389/389
f 366/366/366 390/390/390 389/389/389
f 366/366/366 367/367/367 390/390/390
f 367/367/367 391/391/391 390/390/390
f 367/367/367 368/368/368 391/391/391
f 368/368/368 392/392/392 391/391/391
f 368/368/368 369/369/369 392/392/392
f 369/369/369 393/393/393 392/392/392
f 369/369/369 370/370/370 393/393/393
f 370/370/370 394/394/394 393/393/393
f 370/370/370 371/371/371 394/394/394
f 371/371/371 395/395/395 394/394/394
f 371/371/371 372/372/372 395/395/395
f 372/372/372 396/396/396 395/395/395
f 372/372/372 373/373/373 396/396/396
f 373/373/373 397/397/397 396/396/396
f 373/373/373 374/374/374 397/397/397
f 374/374/374 398/398/398 397/397/397
f 374/374/374 375/375/375 398/398/398
f 375/375/375 399/399/399 398/398/398
f 375/375/375 376/376/376 399/399/399
f 376/376/376 400/400/400 399/399/399
f 376/376/376 377/377/377 400/400/400
f 377/377/377 401/401/401 400/400/400
f 377/377/377 378/378/378 401/401/401
f 378/378/378 402/402/402 401/401/401
f 378/378/378 379/379/379 402/402/402
f 379/379/379 403/403/403 402/402/402
f 379/379/379 380/380/380 403/403/403
f 380/380/380 404/404/404 403/403/403
f 380/380/380 381/381/381 404/404/404
f 381/381/381 405/405/405 404/404/404
f 381/381/381 382/382/382 405/405/405
f 382/382/382 406/406/406 405/405/405
f 382/382/382 383/383/383 406/406/406
f 383/383/383 407/407/407 406/406/406
f 383/383/383 384/384/384 407/407/407
f 384/384/384 408/408/408 407/407/407
f 385/385/385 386/386/386 409/409/409
f 386/386/386 410/410/410 409/409/409
f 386/386/386 387/387/387 410/410/410
f 387/387/387 411/411/411 410/410/410
f 387/387/387 388/388/388 411/411/411
f 388/388/388 412/412/412 411/411/411
f 388/388/388 389/389/389 412/412/412
f 389/389/389 413/413/413 412/412/412
f 389/389/389 390/390/390 413/413/413
f 390/390/390 414/414/414 413/413/413
f 390/390/390 391/391/391 414/414/414
f 391/391/391 415/415/415 414/414/414
f 391/391/391 392/392/392 415/415/415
f 392/392/392 416/416/416 415/415/415
f 392/392/392 393/393/393 416/416/416
f 393/393/393 417/417/417 416/416/416
f 393/393/393 394/394/394 417/417/417
f 394/394/394 418/418/418 417/417/417
f 394/394/394 395/395/395 418/418/418
f 395/395/395 419/419/419 418/418/418
f 395/395/395 396/396/396 419/419/419
f 396/396/396 420/420/420 419/419/419
f 396/396/396 397/397/397 420/420/420
f 397/397/397 421/421/421 420/420/420
f 397/397/397 398/398/398 421/421/421
f 398/398/398 422/422/422 421/421/421
f 398/398/398 399/399/399 422/422/422
f 399/399/399 423/423/423 422/422/422
f 399/399/399 400/400/400 423/423/423
f 400/400/400 424/424/424 423/423/423
f 400/400/400 401/401/401 424/424/424
f 401/401/401 425/425/425 424/424/424
f 401/401/401 402/402/402 425/425/425
f 402/402/402 426/426/426 425/425/425
f 402/402/402 403/403/403 426/426/426
f 403/403/403 427/427/427 426/426/426
f 403/403/403 404/404/404 427/427/427
f 404/404/404 428/428/428 427/427/427
f 404/404/404 405/405/405 428/428/428
f 405/405/405 429/429/429 428/428/428
f 405/405/405 406/406/406 429/429/429
f 406/406/406 430/430/430 429/429/429
f 406/406/406 407/407/407 430/430/430
f 407/407/407 431/431/431 430/430/430
f 407/407/407 408/408/408 431/431/431
f 408/408/408 432/432/432 431/431/431
f 409/409/409 410/410/410 433/433/433
f 410/410/410 434/434/434 433/433/433
f 410/410/410 411/411/411 434/434/434
f 411/411/411 435/435/435 434/434/434
f 411/411/411 412/412/412 435/435/435
f 412/412/412 436/436/436 435/435/435
f 412/412/412 413/413/413 436/436/436
f 413/413/413 437/437/437 436/436/436
f 413/413/413 414/414/414 437/437/437
f 414/414/414 438/438/438 437/437/437
f 414/414/414 415/415/415 438/438/438
f 415/415/415 439/439/439 438/438/438
f 415/415/415 416/416/416 439/439/439
f 416/416/416 440/440/440 439/439/439
f 416/416/416 417/417/417 440/440/440
f 417/417/417 441/441/441 440/440/440
f 417/417/417 418/418/418 441/441/441
f 418/418/418 442/442/442 441/441/441
f 418/418/418 419/419/419 442/442/442
f 419/419/419 443/443/443 442/442/442
f 419/419/419 420/420/420 443/443/443
f 420/420/420 444/444/444 443/443/443
f 420/420/420 421/421/421 444/444/444
f 421/421/421 445/445/445 444/444/444
f 421/421/421 422/422/422 445/445/445
f 422/422/422 446/446/446 445/445/445
f 422/422/422 423/423/423 446/446/446
f 423/423/423 447/447/447 446/446/446
f 423/423/423 424/424/424 447/447/447
f 424/424/424 448/448/448 447/447/447
f 424/424/424 425/425/425 448/448/448
f 425/425/425 449/449/449 448/448/448
f 425/425/425 426/426/426 449/449/449
f 426/426/426 450/450/450 449/449/449
f 426/426/426 427/427/427 450/450/450
f 427/427/427 451/451/451 450/450/450
f 427/427/427 428/428/428 451/451/451
f 428/428/428 452/452/452 451/451/451
f 428/428/428 429/429/429 452/452/452
f 429/429/429 453/453/453 452/452/452
f 429/429/429 430/430/430 453/453/453
f 430/430/430 454/454/454 453/453/453
f 430/430/430 431/431/431 454/454/454
f 431/431/431 455/455/455 454/454/454
f 431/431/431 432/432/432 455/455/455
f 432/432/432 456/456/456 455/455/455
f 433/433/433 434/434/434 457/457/457
f 434/434/434 458/458/458 457/457/457
f 434/434/434 435/435/435 458/458/458
f 435/435/435 459/459/459 458/458/458
f 435/435/435 436/436/436 459/459/459
f 436/436/436 460/460/460 459/459/459
f 436/436/436 437/437/437 460/460/460
f 437/437/437 461/461/461 460/460/460
f 437/437/437 438/438/438 461/461/461
f 438/438/438 462/462/462 461/461/461
f 438/438/438 439/439/439 462/462/462
f 439/439/439 463/463/463 462/462/462
f 439/439/439 440/440/440 463/463/463
f 440/440/440 464/464/464 463/463/463
f 440/440/440 441/441/441 464/464/464
f 441/441/441 465/465/465 464/464/464
f 441/441/441 442/442/442 465/465/465
f 442/442/442 466/466/466 465/465/465
f 442/442/442 443/443/443 466/466/466
f 443/443/443 467/467/467 466/466/466
f 443/443/443 444/444/444 467/467/467
f 444/444/444 468/468/468 467/467/467
f 444/444/444 445/445/445 468/468/468
f 445/445/445 469/469/469 468/468/468
f 445/445/445 446/446/446 469/469/469
f 446/446/446 470/470/470 469/469/469
f 446/446/446 447/447/447 470/470/470
f 447/447/447 471/471/471 470/470/470
f 447/447/447 448/448/448 471/471/471
f 448/448/448 472/472/472 471/471/471
f 448/448/448 449/449/449 472/472/472
f 449/449/449 473/473/473 472/472/472
f 449/449/449 450/450/450 473/473/473
f 450/450/450 474/474/474 473/473/473
f 450/450/450 451/451/451 474/474/474
f 451/451/451 475/475/475 474/474/474
f 451/451/451 452/452/452 475/475/475
f 452/452/452 476/476/476 475/475/475
f 452/452/452 453/453/453 476/476/476
f 453/453/453 477/477/477 476/476/476
f 453/453/453 454/454/454 477/477/477
f 454/454/454 478/478/478 477/477/477
f 454/454/454 455/455/455 478/478/478
f 455/455/455 479/479/479 478/478/478
f 455/455/455 456/456/456 479/479/479
f 456/456/456 480/480/480 479/479/479
f 457/457/457 458/458/458 481/481/481
f 458/458/458 482/482/482 481/481/481
f 458/458/458 459/459/459 482/482/482
f 459/459/459 483/483/483 482/482/482
f 459/459/459 460/460/460 483/483/483
f 460/460/460 484/484/484 483/483/483
f 460/460/460 461/461/461 484/484/484
f 461/461/461 485/485/485 484/484/484
f 461/461/461 462/462/462 485/485/485
f 462/462/462 486/486/486 485/485/485
f 462/462/462 463/463/463 486/486/486
f 463/463/463 487/487/487 486/486/486
f 463/463/463 464/464/464 487/487/487
f 464/464/464 488/488/488 487/487/487
f 464/464/464 465/465/465 488/488/488
f 465/465/465 489/489/489 488/488/488
f 465/465/465 466/466/466 489/489/489
f 466/466/466 490/490/490 489/489/489
f 466/466/466 467/467/467 490/490/490
f 467/467/467 491/491/491 490/490/490
f 467/467/467 468/468/468 491/491/491
f 468/468/468 492/492/492 491/491/491
f 468/468/468 469/469/469 492/492/492
f 469/469/469 493/493/493 492/492/492
f 469/469/469 470/470/470 493/493/493
f 470/470/470 494/494/494 493/493/493
f 470/470/470 471/471/471 494/494/494
f 471/471/471 495/495/495 494/494/494
f 471/471/471 472/472/472 495/495/495
f 472/472/472 496/496/496 495/495/495
f 472/472/472 473/473/473 496/496/496
f 473/473/473 497/497/497 496/496/496
f 473/473/473 474/474/474 497/497/497
f 474/474/474 498/498/498 497/497/497
f 474/474/474 475/475/475 498/498/498
f 475/475/475 499/499/499 498/498/498
f 475/475/475 476/476/476 499/499/499
f 476/476/476 500/500/500 499/499/499
f 476/476/476 477/477/477 500/500/500
f 477/477/477 501/501/501 500/500/500
f 477/477/477 478/478/478 501/501/501
f 478/478/478 502/502/502 501/501/501
f 478/478/478 479/479/479 502/502/502
f 479/479/479 503/503/503 502/502/502
f 479/479/479 480/480/480 503/503/503
f 480/480/480 504/504/504 503/503/503
f 481/481/481 482/482/482 505/505/505
f 482/482/482 506/506/506 505/505/505
f 482/482/482 483/483/483 506/506/506
f 483/483/483 507/507/507 506/506/506
f 483/483/483 484/484/484 507/507/507
f 484/484/484 508/508/508 507/507/507
f 484/484/484 485/485/485 508/508/508
f 485/485/485 509/509/509 508/508/508
f 485/485/485 486/486/486 509/509/509
f 486/486/486 510/510/510 509/509/509
f 486/486/486 487/487/487 510/510/510
f 487/487/487 511/511/511 510/510/510
f 487/487/487 488/488/488 511/511/511
f 488/488/488 512/512/512 511/511/511
f 488/488/488 489/489/489 512/512/512
f 489/489/489 513/513/513 512/512/512
f 489/489/489 490/490/490 513/513/513
f 490/490/490 514/514/514 513/513/513
f 490/490/490 491/491/491 514/514/514
f 491/491/491 515/515/515 514/514/514
f 491/491/491 492/492/492 515/515/515
f 492/492/492 516/516/516 515/515/515
f 492/492/492 493/493/493 516/516/516
f 493/493/493 517/517/517 516/516/516
f 493/493/493 494/494/494 517/517/517
f 494/494/494 518/518/518 517/517/517
f 494/494/494 495/495/495 518/518/518
f 495/495/495 519/519/519 518/518/518
f 495/495/495 496/496/496 519/519/519
f 496/496/496 520/520/520 519/519/519
f 496/496/496 497/497/497 520/520/520
f 497/497/497 521/521/521 520/520/520
f 497/497/497 498/498/498 521/521/521
f 498/498/498 522/522/522 521/521/521
f 498/498/498 499/499/499 522/522/522
f 499/499/499 523/523/523 522/522/522
f 499/499/499 500/500/500 523/523/523
f 500/500/500 524/524/524 523/523/523
f 500/500/500 501/501/501 524/524/524
f 501/501/501 525/525/525 524/524/524
f 501/501/501 502/502/502 525/525/525
f 502/502/502 526/526/526 525/525/525
f 502/502/502 503/503/503 526/526/526
f 503/503/503 527/527/527 526/526/526
f 503/503/503 504/504/504 527/527/527
f 504/504/504 528/528/528 527/527/527
f 505/505/505 506/506/506 529/529/529
f 506/506/506 530/530/530 529/529/529
f 506/506/506 507/507/507 530/530/530
f 507/507/507 531/531/531 530/530/530
f 507/507/507 508/508/508 531/531/531
f 508/508/508 532/532/532 531/531/531
f 508/508/508 509/509/509 532/532/532
f 509/509/509 533/533/533 532/532/532
f 509/509/509 510/510/510 533/533/533
f 510/510/510 534/534/534 533/533/533
f 510/510/510 511/511/511 534/534/534
f 511/511/511 535/535/535 534/534/534
f 511/511/511 512/512/512 535/535/535
f 512/512/512 536/536/536 535/535/535
f 512/512/512 513/513/513 536/536/536
f 513/513/513 537/537/537 536/536/536
f 513/513/513 514/514/514 537/537/537
f 514/514/514 538/538/538 537/537/537
f 514/514/514 515/515/515 538/538/538
f 515/515/515 539/539/539 538/538/538
f 515/515/515 516/516/516 539/539/539
f 516/516/516 540/540/540 539/539/539
f 516/516/516 517/517/517 540/540/540
f 517/517/517 541/541/541 540/540/540
f 517/517/517 518/518/518 541/541/541
f 518/518/518 542/542/542 541/541/541
f 518/518/518 519/519/519 542/542/542
f 519/519/519 543/543/543 542/542/542
f 519/519/519 520/520/520 543/543/543
f 520/520/520 544/544/544 543/543/543
f 520/520/520 521/521/521 544/544/544
f 521/521/521 545/545/545 544/544/544
f 521/521/521 522/522/522 545/545/545
f 522/522/522 546/546/546 545/545/545
f 522/522/522 523/523/523 546/546/546
f 523/523/523 547/547/547 546/546/546
f 523/523/523 524/524/524 547/547/547
f 524/524/524 548/548/548 547/547/547
f 524/524/524 525/525/525 548/548/548
f 525/525/525 549/549/549 548/548/548
f 525/525/525 526/526/526 549/549/549
f 526/526/526 550/550/550 549/549/549
f 526/526/526 527/527/527 550/550/550
f 527/527/527 551/551/551 550/550/550
f 527/527/527 528/528/528 551/551/551
f 528/528/528 552/552/552 551/551/551
f 529/529/529 530/530/530 553/553/553
f 530/530/530 554/554/554 553/553/553
f 530/530/530 531/531/531 554/554/554
f 531/531/531 555/555/555 554/554/554
f 531/531/531 532/532/532 555/555/555
f 532/532/532 556/556/556 555/555/555
f 532/532/532 533/533/533 556/556/556
f 533/533/533 557/557/557 556/556/556
f 533/533/533 534/534/534 557/557/557
f 534/534/534 558/558/558 557/557/557
f 534/534/534 535/535/535 558/558/558
f 535/535/535 559/559/559 558/558/558
f 535/535/535 536/536/536 559/559/559
f 536/536/536 560/560/560 559/559/559
f 536/536/536 537/537/537 560/560/560
f 537/537/537 561/561/561 560/560/560
f 537/537/537 538/538/538 561/561/561
f 538/538/538 562/562/562 561/561/561
f 538/538/538 539/539/539 562/562/562
f 539/539/539 563/563/563 562/562/562
f 539/539/539 540/540/540 563/563/563
f 540/540/540 564/564/564 563/563/563
f 540/540/540 541/541/541 564/564/564
f 541/541/541 565/565/565 564/564/564
f 541/541/541 542/542/542 565/565/565
f 542/542/542 566/566/566 565/565/565
f 542/542/542 543/543/543 566/566/566
f 543/543/543 567/567/567 566/566/566
f 543/543/543 544/544/544 567/567/567
f 544/544/544 568/568/568 567/567/567
f 544/544/544 545/545/545 568/568/568
f 545/545/545 569/569/569 568/568/568
f 545/545/545 546/546/546 569/569/569
f 546/546/546 570/570/570 569/569/569
f 546/546/546 547/547/547 570/570/570
f 547/547/547 571/571/571 570/570/570
f 547/547/547 548/548/548 571/571/571
f 548/548/548 572/572/572 571/571/571
f 548/548/548 549/549/549 572/572/572
f 549/549/549 573/573/573 572/572/572
f 549/549/549 550/550/550 573/573/573
f 550/550/550 574/574/574 573/573/573
f 550/550/550 551/551/551 574/574/574
f 551/551/551 575/575/575 574/574/574
f 551/551/551 552/552/552 575/575/575
f 552/552/552 576/576/576 575/575/575

# Patch: cup_right_scallop
o cup_right_scallop
usemtl bikini_714ceded_material
v 0.075406 1.333657 0.103863
v 0.075860 1.334360 0.105472
v 0.076346 1.333100 0.103138
v 0.076860 1.330531 0.098173
v 0.077401 1.327989 0.093244
v 0.077965 1.326796 0.090995
v 0.078550 1.327571 0.092664
v 0.079153 1.329912 0.097446
v 0.079770 1.332601 0.102907
v 0.080399 1.334242 0.106249
v 0.081036 1.333980 0.105766
v 0.081678 1.331953 0.101732
v 0.082322 1.329213 0.096252
v 0.082964 1.327185 0.092176
v 0.083601 1.326924 0.091612
v 0.084230 1.328564 0.094832
v 0.084847 1.331254 0.100131
v 0.085450 1.333595 0.104713
v 0.086035 1.334370 0.106144
v 0.086599 1.333176 0.103619
v 0.087140 1.330635 0.098380
v 0.087654 1.328066 0.093071
v 0.088140 1.326805 0.090362
v 0.088594 1.327509 0.091566
v 0.070298 1.332950 0.105712
v 0.071103 1.333624 0.107420
v 0.071965 1.332416 0.105337
v 0.072878 1.329953 0.100716
v 0.073838 1.327516 0.096117
v 0.074839 1.326371 0.094072
v 0.075878 1.327115 0.095770
v 0.076947 1.329359 0.100437
v 0.078043 1.331938 0.105738
v 0.079159 1.333511 0.108992
v 0.080290 1.333260 0.108563
v 0.081429 1.331316 0.104711
v 0.082571 1.328689 0.099458
v 0.083710 1.326745 0.095533
v 0.084841 1.326494 0.094959
v 0.085957 1.328067 0.097997
v 0.087053 1.330646 0.103011
v 0.088122 1.332891 0.107322
v 0.089161 1.333634 0.108597
v 0.090162 1.332490 0.106064
v 0.091122 1.330052 0.100915
v 0.092035 1.327589 0.095684
v 0.092897 1.326381 0.092933
v 0.093702 1.327055 0.093922
v 0.065275 1.331922 0.107526
v 0.066427 1.332568 0.109331
v 0.067658 1.331411 0.107494
v 0.068963 1.329054 0.103216
v 0.070335 1.326721 0.098944
v 0.071766 1.325626 0.097103
v 0.073250 1.326337 0.098827
v 0.074779 1.328485 0.103378
v 0.076345 1.330954 0.108519
v 0.077940 1.332459 0.111685
v 0.079556 1.332219 0.111308
v 0.081184 1.330358 0.107639
v 0.082816 1.327844 0.102611
v 0.084444 1.325984 0.098838
v 0.086060 1.325744 0.098254
v 0.087655 1.327249 0.101110
v 0.089221 1.329717 0.105842
v 0.090750 1.331865 0.109883
v 0.092234 1.332577 0.111004
v 0.093665 1.331481 0.108464
v 0.095037 1.329149 0.103406
v 0.096342 1.326792 0.098256
v 0.097573 1.325635 0.095466
v 0.098725 1.326280 0.096242
v 0.060377 1.330580 0.109289
v 0.061866 1.331196 0.111187
v 0.063458 1.330091 0.109593
v 0.065145 1.327840 0.105654
v 0.066918 1.325612 0.101707
v 0.068769 1.324566 0.100066
v 0.070688 1.325246 0.101816
v 0.072664 1.327297 0.106248
v 0.074689 1.329655 0.111228
v 0.076751 1.331093 0.114303
v 0.078840 1.330863 0.113979
v 0.080945 1.329086 0.110492
v 0.083055 1.326685 0.105689
v 0.085160 1.324908 0.102068
v 0.087249 1.324679 0.101475
v 0.089311 1.326116 0.104151
v 0.091336 1.328474 0.108601
v 0.093312 1.330526 0.112375
v 0.095231 1.331205 0.113343
v 0.097082 1.330159 0.110800
v 0.098855 1.327931 0.105836
v 0.100542 1.325680 0.100770
v 0.102134 1.324575 0.097944
v 0.103623 1.325191 0.098512
v 0.055639 1.328932 0.110987
v 0.057454 1.329519 0.112972
v 0.059394 1.328466 0.111617
v 0.061451 1.326321 0.108013
v 0.063613 1.324198 0.104387
v 0.065869 1.323201 0.102943
v 0.068209 1.323848 0.104714
v 0.070618 1.325804 0.109025
v 0.073086 1.328050 0.113842
v 0.075600 1.329420 0.116826
v 0.078147 1.329202 0.116553
v 0.080713 1.327508 0.113247
v 0.083287 1.325220 0.108671
v 0.085853 1.323527 0.105202
v 0.088400 1.323308 0.104601
v 0.090914 1.324678 0.107098
v 0.093382 1.326925 0.111268
v 0.095791 1.328880 0.114778
v 0.098131 1.329528 0.115596
v 0.100387 1.328531 0.113053
v 0.102549 1.326408 0.108186
v 0.104606 1.324262 0.103208
v 0.106546 1.323209 0.100352
v 0.108361 1.323797 0.100716
v 0.051096 1.326990 0.112603
v 0.053223 1.327548 0.114670
v 0.055498 1.326547 0.113549
v 0.057910 1.324507 0.110275
v 0.060444 1.322489 0.106965
v 0.063089 1.321541 0.105714
v 0.065832 1.322157 0.107504
v 0.068657 1.324016 0.111691
v 0.071550 1.326152 0.116342
v 0.074497 1.327454 0.119233
v 0.077483 1.327246 0.119009
v 0.080492 1.325636 0.115885
v 0.083508 1.323461 0.111534
v 0.086517 1.321851 0.108218
v 0.089503 1.321643 0.107611
v 0.092450 1.322946 0.109930
v 0.095343 1.325082 0.113823
v 0.098168 1.326940 0.117071
v 0.100911 1.327556 0.117743
v 0.103556 1.326608 0.115203
v 0.106090 1.324590 0.110440
v 0.108502 1.322550 0.105555
v 0.110777 1.321549 0.102673
v 0.112904 1.322108 0.102839
v 0.046781 1.324767 0.114126
v 0.049206 1.325296 0.116268
v 0.051799 1.324347 0.115373
v 0.054546 1.322413 0.112423
v 0.057435 1.320500 0.109424
v 0.060449 1.319601 0.108362
v 0.063574 1.320185 0.110165
v 0.066794 1.321947 0.114226
v 0.070091 1.323972 0.118708
v 0.073450 1.325207 0.121503
v 0.076852 1.325010 0.121328
v 0.080281 1.323484 0.118384
v 0.083719 1.321421 0.114259
v 0.087148 1.319894 0.111096
v 0.090550 1.319697 0.110484
v 0.093909 1.320933 0.112629
v 0.097206 1.322958 0.116247
v 0.100426 1.324720 0.119236
v 0.103551 1.325303 0.119767
v 0.106565 1.324405 0.117235
v 0.109454 1.322491 0.112580
v 0.112201 1.320557 0.107794
v 0.114794 1.319608 0.104893
v 0.117219 1.320138 0.104868
v 0.042727 1.322278 0.115542
v 0.045431 1.322779 0.117750
v 0.048322 1.321882 0.117075
v 0.051386 1.320054 0.114442
v 0.054607 1.318245 0.111748
v 0.057969 1.317395 0.110868
v 0.061454 1.317947 0.112681
v 0.065044 1.319613 0.116610
v 0.068721 1.321527 0.120920
v 0.072466 1.322695 0.123619
v 0.076260 1.322508 0.123489
v 0.080083 1.321065 0.120725
v 0.083917 1.319116 0.116826
v 0.087740 1.317673 0.113818
v 0.091534 1.317486 0.113202
v 0.095279 1.318654 0.115174
v 0.098956 1.320568 0.118521
v 0.102546 1.322234 0.121256
v 0.106031 1.322786 0.121649
v 0.109393 1.321936 0.119131
v 0.112614 1.320127 0.114590
v 0.115678 1.318299 0.109910
v 0.118569 1.317402 0.106997
v 0.121273 1.317903 0.106790
v 0.038964 1.319542 0.116838
v 0.041927 1.320013 0.119104
v 0.045095 1.319168 0.118639
v 0.048453 1.317446 0.116317
v 0.051982 1.315742 0.113920
v 0.055666 1.314942 0.113217
v 0.059485 1.315461 0.115034
v 0.063419 1.317031 0.118828
v 0.067448 1.318834 0.122962
v 0.071552 1.319934 0.125560
v 0.075710 1.319759 0.125476
v 0.079900 1.318399 0.122891
v 0.084100 1.316562 0.119217
v 0.088290 1.315203 0.116364
v 0.092448 1.315027 0.115747
v 0.096552 1.316127 0.117549
v 0.100581 1.317931 0.120628
v 0.104515 1.319500 0.123113
v 0.108334 1.320020 0.123374
v 0.112018 1.319220 0.120876
v 0.115547 1.317516 0.116456
v 0.118905 1.315793 0.111889
v 0.122073 1.314948 0.108973
v 0.125036 1.315420 0.108593
v 0.035519 1.316577 0.118002
v 0.038719 1.317020 0.120316
v 0.042141 1.316227 0.120054
v 0.045767 1.314610 0.118033
v 0.049580 1.313010 0.115927
v 0.053558 1.312259 0.115394
v 0.057682 1.312747 0.117209
v 0.061931 1.314220 0.120862
v 0.066283 1.315913 0.124818
v 0.070716 1.316945 0.127312
v 0.075206 1.316781 0.127271
v 0.079732 1.315505 0.124863
v 0.084268 1.313781 0.121415
v 0.088794 1.312505 0.118719
v 0.093284 1.312340 0.118102
v 0.097717 1.313372 0.119737
v 0.102069 1.315065 0.122552
v 0.106318 1.316538 0.124791
v 0.110442 1.317026 0.124927
v 0.114420 1.316275 0.122456
v 0.118233 1.314675 0.118163
v 0.121859 1.313059 0.113719
v 0.125281 1.312266 0.110808
v 0.128481 1.312708 0.110264
v 0.032418 1.313405 0.119025
v 0.035832 1.313818 0.121377
v 0.039482 1.313077 0.121307
v 0.043350 1.311566 0.119578
v 0.047417 1.310072 0.117754
v 0.051661 1.309370 0.117384
v 0.056060 1.309826 0.119192
v 0.060593 1.311202 0.122699
v 0.065235 1.312784 0.126471
v 0.069963 1.313749 0.128859
v 0.074753 1.313595 0.128859
v 0.079580 1.312403 0.126628
v 0.084420 1.310791 0.123405
v 0.089247 1.309599 0.120866
v 0.094037 1.309445 0.120252
v 0.098765 1.310410 0.121723
v 0.103407 1.311992 0.124278
v 0.107940 1.313368 0.126278
v 0.112339 1.313824 0.126293
v 0.116583 1.313122 0.123856
v 0.120650 1.311628 0.119700
v 0.124518 1.310117 0.115386
v 0.128168 1.309376 0.112491
v 0.131582 1.309789 0.111793
v 0.029684 1.310048 0.119897
v 0.033286 1.310432 0.122275
v 0.037138 1.309743 0.122387
v 0.041219 1.308338 0.120941
v 0.045510 1.306948 0.119391
v 0.049988 1.306295 0.119176
v 0.054630 1.306719 0.120970
v 0.059412 1.307999 0.124326
v 0.064311 1.309470 0.127909
v 0.069299 1.310368 0.130187
v 0.074354 1.310225 0.130225
v 0.079447 1.309116 0.128170
v 0.084553 1.307617 0.125173
v 0.089646 1.306508 0.122793
v 0.094701 1.306365 0.122183
v 0.099689 1.307262 0.123493
v 0.104588 1.308733 0.125794
v 0.109370 1.310014 0.127559
v 0.114012 1.310438 0.127461
v 0.118490 1.309785 0.125065
v 0.122781 1.308395 0.121054
v 0.126862 1.306990 0.116881
v 0.130714 1.306300 0.114012
v 0.134316 1.306685 0.113172
v 0.027338 1.306529 0.120610
v 0.031101 1.306885 0.123002
v 0.035125 1.306247 0.123284
v 0.039390 1.304948 0.122111
v 0.043873 1.303663 0.120826
v 0.048552 1.303059 0.120758
v 0.053402 1.303451 0.122530
v 0.058399 1.304635 0.125729
v 0.063517 1.305995 0.129120
v 0.068730 1.306825 0.131285
v 0.074011 1.306693 0.131359
v 0.079332 1.305667 0.129478
v 0.084668 1.304282 0.126707
v 0.089989 1.303256 0.124486
v 0.095270 1.303124 0.123883
v 0.100483 1.303954 0.125037
v 0.105601 1.305314 0.127087
v 0.110598 1.306498 0.128624
v 0.115448 1.306890 0.128420
v 0.120127 1.306286 0.126073
v 0.124610 1.305001 0.122216
v 0.128875 1.303702 0.118193
v 0.132899 1.303064 0.115361
v 0.136662 1.303420 0.114391
v 0.025396 1.302875 0.121156
v 0.029293 1.303202 0.123550
v 0.033460 1.302616 0.123991
v 0.037876 1.301423 0.123080
v 0.042519 1.300242 0.122050
v 0.047363 1.299688 0.122122
v 0.052386 1.300048 0.123865
v 0.057561 1.301135 0.126901
v 0.062860 1.302385 0.130093
v 0.068258 1.303147 0.132141
v 0.073727 1.303025 0.132249
v 0.079237 1.302083 0.130541
v 0.084763 1.300811 0.127995
v 0.090273 1.299869 0.125936
v 0.095742 1.299747 0.125342
v 0.101140 1.300509 0.126343
v 0.106439 1.301759 0.128148
v 0.111614 1.302846 0.129462
v 0.116637 1.303206 0.129159
v 0.121481 1.302652 0.126870
v 0.126124 1.301471 0.123177
v 0.130540 1.300278 0.119315
v 0.134707 1.299692 0.116531
v 0.138604 1.300019 0.115444
v 0.023872 1.299111 0.121530
v 0.027874 1.299408 0.123913
v 0.032154 1.298875 0.124501
v 0.036689 1.297787 0.123842
v 0.041456 1.296711 0.123057
v 0.046431 1.296206 0.123258
v 0.051589 1.296534 0.124965
v 0.056903 1.297525 0.127831
v 0.062345 1.298664 0.130821
v 0.067888 1.299358 0.132748
v 0.073504 1.299248 0.132886
v 0.079163 1.298389 0.131350
v 0.084837 1.297229 0.129030
v 0.090496 1.296371 0.127133
v 0.096112 1.296260 0.126552
v 0.101655 1.296955 0.127403
v 0.107097 1.298093 0.128968
v 0.112411 1.299084 0.130066
v 0.117569 1.299413 0.129671
v 0.122544 1.298907 0.127449
v 0.127311 1.297831 0.123930
v 0.131846 1.296744 0.120239
v 0.136126 1.296210 0.117517
v 0.140128 1.296508 0.116324
v 0.022779 1.295264 0.121727
v 0.026856 1.295532 0.124085
v 0.031216 1.295051 0.124809
v 0.035836 1.294069 0.124389
v 0.040694 1.293098 0.123839
v 0.045762 1.292641 0.124162
v 0.051017 1.292938 0.125825
v 0.056431 1.293832 0.128514
v 0.061976 1.294860 0.131296
v 0.067623 1.295487 0.133098
v 0.073344 1.295387 0.133265
v 0.079110 1.294612 0.131899
v 0.084890 1.293565 0.129805
v 0.090656 1.292790 0.128071
v 0.096377 1.292690 0.127505
v 0.102024 1.293317 0.128211
v 0.107569 1.294345 0.129540
v 0.112983 1.295240 0.130429
v 0.118238 1.295536 0.129951
v 0.123306 1.295080 0.127804
v 0.128164 1.294109 0.124469
v 0.132784 1.293127 0.120961
v 0.137144 1.292645 0.118311
v 0.141221 1.292914 0.117028
v 0.022124 1.291361 0.121743
v 0.026246 1.291601 0.124064
v 0.030655 1.291171 0.124910
v 0.035326 1.290295 0.124719
v 0.040237 1.289428 0.124394
v 0.045362 1.289021 0.124828
v 0.050675 1.289286 0.126439
v 0.056148 1.290084 0.128946
v 0.061754 1.291001 0.131514
v 0.067464 1.291560 0.133187
v 0.073249 1.291471 0.133379
v 0.079078 1.290780 0.132183
v 0.084922 1.289846 0.130314
v 0.090751 1.289154 0.128746
v 0.096536 1.289065 0.128196
v 0.102246 1.289625 0.128761
v 0.107852 1.290542 0.129861
v 0.113325 1.291340 0.130547
v 0.118638 1.291604 0.129994
v 0.123763 1.291197 0.127931
v 0.128674 1.290330 0.124790
v 0.133345 1.289455 0.121477
v 0.137754 1.289025 0.118912
v 0.141876 1.289265 0.117550
v 0.021912 1.287431 0.121577
v 0.026049 1.287642 0.123846
v 0.030473 1.287264 0.124802
v 0.035161 1.286494 0.124828
v 0.040089 1.285732 0.124718
v 0.045232 1.285374 0.125255
v 0.050564 1.285606 0.126806
v 0.056057 1.286308 0.129123
v 0.061683 1.287114 0.131472
v 0.067413 1.287606 0.133012
v 0.073218 1.287528 0.133227
v 0.079068 1.286920 0.132198
v 0.084932 1.286099 0.130555
v 0.090782 1.285491 0.129153
v 0.096587 1.285412 0.128624
v 0.102317 1.285904 0.129052
v 0.107943 1.286711 0.129928
v 0.113436 1.287412 0.130418
v 0.118768 1.287645 0.129796
v 0.123911 1.287287 0.127828
v 0.128839 1.286525 0.124891
v 0.133527 1.285755 0.121784
v 0.137951 1.285377 0.119317
v 0.142088 1.285588 0.117891
v 0.022145 1.283502 0.121228
v 0.026266 1.283683 0.123432
v 0.030673 1.283357 0.124485
v 0.035343 1.282693 0.124717
v 0.040252 1.282036 0.124810
v 0.045375 1.281727 0.125441
v 0.050686 1.281928 0.126924
v 0.056157 1.282533 0.129044
v 0.061761 1.283229 0.131169
v 0.067469 1.283653 0.132571
v 0.073252 1.283585 0.132807
v 0.079079 1.283061 0.131944
v 0.084921 1.282352 0.130527
v 0.090748 1.281828 0.129293
v 0.096531 1.281760 0.128787
v 0.102239 1.282185 0.129081
v 0.107843 1.282880 0.129739
v 0.113314 1.283485 0.130039
v 0.118625 1.283686 0.129358
v 0.123748 1.283377 0.127493
v 0.128657 1.282720 0.124771
v 0.133327 1.282056 0.121882
v 0.137734 1.281730 0.119525
v 0.141855 1.281912 0.118048
v 0.022821 1.279601 0.120696
v 0.026895 1.279754 0.122822
v 0.031252 1.279480 0.123960
v 0.035869 1.278921 0.124385
v 0.040723 1.278369 0.124672
v 0.045788 1.278109 0.125387
v 0.051039 1.278278 0.126794
v 0.056449 1.278787 0.128711
v 0.061990 1.279371 0.130606
v 0.067633 1.279728 0.131867
v 0.073350 1.279671 0.132120
v 0.079112 1.279230 0.131422
v 0.084888 1.278635 0.130231
v 0.090650 1.278194 0.129165
v 0.096367 1.278137 0.128685
v 0.102010 1.278494 0.128851
v 0.107551 1.279079 0.129295
v 0.112961 1.279587 0.129413
v 0.118212 1.279756 0.128680
v 0.123277 1.279496 0.126927
v 0.128131 1.278944 0.124431
v 0.132748 1.278385 0.121771
v 0.137105 1.278111 0.119537
v 0.141179 1.278264 0.118023
v 0.023935 1.275757 0.119985
v 0.027933 1.275881 0.122018
v 0.032207 1.275659 0.123228
v 0.036738 1.275206 0.123836
v 0.041500 1.274758 0.124306
v 0.046470 1.274548 0.125096
v 0.051622 1.274685 0.126419
v 0.056930 1.275097 0.128127
v 0.062366 1.275571 0.129786
v 0.067904 1.275860 0.130902
v 0.073513 1.275814 0.131169
v 0.079166 1.275457 0.130635
v 0.084834 1.274974 0.129669
v 0.090487 1.274617 0.128775
v 0.096096 1.274571 0.128323
v 0.101634 1.274860 0.128364
v 0.107070 1.275334 0.128600
v 0.112378 1.275746 0.128542
v 0.117530 1.275883 0.127765
v 0.122500 1.275672 0.126134
v 0.127262 1.275225 0.123873
v 0.131793 1.274772 0.121454
v 0.136067 1.274550 0.119356
v 0.140065 1.274674 0.117818
v 0.025479 1.271997 0.119096
v 0.029370 1.272092 0.121024
v 0.033531 1.271922 0.122294
v 0.037941 1.271575 0.123073
v 0.042576 1.271232 0.123716
v 0.047414 1.271071 0.124573
v 0.052430 1.271176 0.125804
v 0.057596 1.271492 0.127295
v 0.062888 1.271855 0.128714
v 0.068278 1.272076 0.129680
v 0.073739 1.272041 0.129960
v 0.079242 1.271767 0.129588
v 0.084758 1.271397 0.128848
v 0.090261 1.271124 0.128125
v 0.095722 1.271088 0.127704
v 0.101112 1.271310 0.127624
v 0.106404 1.271673 0.127658
v 0.111570 1.271989 0.127430
v 0.116586 1.272094 0.126618
v 0.121424 1.271933 0.125117
v 0.126059 1.271589 0.123101
v 0.130469 1.271243 0.120934
v 0.134630 1.271072 0.118984
v 0.138521 1.271167 0.117436
v 0.027440 1.268349 0.118035
v 0.031197 1.268415 0.119845
v 0.035213 1.268297 0.121163
v 0.039470 1.268056 0.122103
v 0.043945 1.267817 0.122909
v 0.048615 1.267705 0.123823
v 0.053456 1.267778 0.124954
v 0.058443 1.267998 0.126223
v 0.063552 1.268250 0.127397
v 0.068755 1.268404 0.128209
v 0.074026 1.268379 0.128498
v 0.079337 1.268189 0.128287
v 0.084663 1.267932 0.127773
v 0.089974 1.267742 0.127223
v 0.095245 1.267717 0.126836
v 0.100448 1.267871 0.126639
v 0.105557 1.268124 0.126475
v 0.110544 1.268343 0.126085
v 0.115385 1.268416 0.125244
v 0.120055 1.268304 0.123882
v 0.124530 1.268065 0.122122
v 0.128787 1.267824 0.120218
v 0.132803 1.267706 0.118427
v 0.136560 1.267772 0.116882
v 0.029806 1.264838 0.116808
v 0.033399 1.264875 0.118487
v 0.037242 1.264808 0.119841
v 0.041314 1.264673 0.120932
v 0.045595 1.264539 0.121892
v 0.050062 1.264477 0.122854
v 0.054694 1.264517 0.123879
v 0.059465 1.264641 0.124919
v 0.064352 1.264782 0.125842
v 0.069329 1.264869 0.126498
v 0.074371 1.264855 0.126794
v 0.079453 1.264748 0.126742
v 0.084547 1.264604 0.126454
v 0.089629 1.264497 0.126078
v 0.094671 1.264483 0.125727
v 0.099648 1.264570 0.125417
v 0.104535 1.264711 0.125061
v 0.109306 1.264834 0.124513
v 0.113938 1.264875 0.123652
v 0.118405 1.264812 0.122438
v 0.122686 1.264679 0.120942
v 0.126758 1.264543 0.119311
v 0.130601 1.264477 0.117692
v 0.134194 1.264514 0.116161
vn -0.245337 0.911820 -0.329232
vn -0.096470 0.993865 0.054083
vn 0.359679 -0.790449 0.495803
vn 0.393339 -0.792144 0.466682
vn 0.453007 -0.754486 0.474905
vn 0.643152 -0.298347 0.705226
vn -0.450333 0.848264 -0.278655
vn -0.552547 0.779375 -0.295408
vn -0.627222 0.735520 -0.256132
vn -0.614237 0.777334 -0.135883
vn 0.915648 0.238354 0.323692
vn 0.987035 0.061326 0.148326
vn 0.964286 0.263529 0.026562
vn 0.823041 0.566012 -0.047268
vn -0.628570 0.696657 0.345787
vn -0.851544 -0.375477 0.365909
vn -0.733180 -0.552587 0.396352
vn -0.660564 -0.597396 0.454724
vn -0.165808 0.913362 0.371857
vn 0.402315 0.856423 -0.323546
vn 0.373408 0.853866 -0.362600
vn 0.330344 0.870200 -0.365546
vn 0.253848 0.926731 -0.277003
vn -0.378552 -0.670022 0.638568
vn -0.257202 0.927322 -0.271886
vn 0.303521 0.363931 0.880585
vn 0.407734 -0.750495 0.520107
vn 0.450782 -0.746627 0.489227
vn 0.531364 -0.669571 0.518968
vn 0.252043 0.841864 0.477221
vn -0.482188 0.844065 -0.234627
vn -0.587494 0.771416 -0.244475
vn -0.651224 0.735396 -0.187350
vn -0.518835 0.854792 0.011841
vn 0.890511 0.334831 0.308023
vn 0.966112 0.220625 0.133987
vn 0.913185 0.406683 0.026492
vn 0.701563 0.712562 0.008033
vn -0.754946 0.484134 0.442347
vn -0.847220 -0.338037 0.409817
vn -0.746826 -0.502801 0.435250
vn -0.700263 -0.483749 0.524994
vn 0.199272 0.979660 0.023580
vn 0.402003 0.865341 -0.299297
vn 0.377486 0.862131 -0.337987
vn 0.335324 0.882263 -0.330409
vn 0.214917 0.972397 -0.090852
vn -0.435287 -0.460319 0.773713
vn -0.288603 0.940743 -0.178077
vn 0.147619 0.647548 0.747589
vn 0.473239 -0.664090 0.578818
vn 0.520436 -0.668992 0.530657
vn 0.609386 -0.538012 0.582402
vn 0.134327 0.884538 0.446708
vn -0.496666 0.854904 -0.149872
vn -0.610671 0.772922 -0.172257
vn -0.662125 0.742389 -0.102220
vn -0.471890 0.869009 0.148804
vn 0.787300 0.479308 0.387845
vn 0.929470 0.314807 0.192309
vn 0.877352 0.470786 0.092813
vn 0.635607 0.764630 0.106511
vn -0.584754 0.666233 0.462813
vn -0.879672 -0.154519 0.449778
vn -0.803603 -0.359502 0.474321
vn -0.747354 -0.288814 0.598371
vn 0.203127 0.965570 0.162526
vn 0.438265 0.869151 -0.229130
vn 0.418394 0.862216 -0.285535
vn 0.371470 0.887377 -0.273078
vn 0.220395 0.975277 0.016164
vn -0.449166 -0.090182 0.888886
vn -0.320508 0.943897 -0.079581
vn 0.048564 0.720186 0.692079
vn 0.523614 -0.554302 0.646976
vn 0.578126 -0.573674 0.580232
vn 0.658273 -0.378734 0.650566
vn 0.069313 0.879071 0.471625
vn -0.508312 0.859156 -0.058907
vn -0.629328 0.771519 -0.093299
vn -0.668402 0.743727 -0.010460
vn -0.432849 0.857596 0.277798
vn 0.688469 0.552848 0.469434
vn 0.886998 0.381196 0.260623
vn 0.840782 0.514973 0.166999
vn 0.580841 0.787541 0.205920
vn -0.463716 0.730239 0.501715
vn -0.868511 0.007808 0.495608
vn -0.826212 -0.217047 0.519870
vn -0.739191 -0.097955 0.666334
vn 0.210407 0.934699 0.286474
vn 0.471932 0.868770 -0.150063
vn 0.457486 0.860161 -0.225453
vn 0.406476 0.889605 -0.208279
vn 0.232938 0.965739 0.114402
vn -0.370620 0.241201 0.896919
vn -0.352289 0.935627 0.022236
vn -0.019960 0.728820 0.684415
vn 0.550802 -0.425584 0.717981
vn 0.618032 -0.463587 0.634920
vn 0.668573 -0.208878 0.713709
vn 0.024318 0.856631 0.515356
vn -0.516985 0.855192 0.037050
vn -0.643597 0.765322 -0.008111
vn -0.669786 0.737476 0.086696
vn -0.398744 0.826800 0.396743
vn 0.601085 0.581529 0.548198
vn 0.840967 0.425152 0.334693
vn 0.803089 0.542672 0.246080
vn 0.533500 0.789496 0.303435
vn -0.377653 0.744412 0.550662
vn -0.827469 0.137626 0.544384
vn -0.817861 -0.087472 0.568729
vn -0.688429 0.060321 0.722791
vn 0.218824 0.890910 0.397990
vn 0.502869 0.862093 -0.062606
vn 0.494959 0.854500 -0.157623
vn 0.440452 0.887397 -0.136123
vn 0.249293 0.946123 0.206650
vn -0.264969 0.440970 0.857518
vn -0.383214 0.915064 0.125720
vn -0.073098 0.710847 0.699538
vn 0.549702 -0.288753 0.783868
vn 0.635566 -0.345103 0.690623
vn 0.641685 -0.050503 0.765303
vn -0.010795 0.824317 0.566025
vn -0.522410 0.841717 0.136383
vn -0.653263 0.752632 0.082416
vn -0.665908 0.722099 0.187455
vn -0.368090 0.781246 0.504147
vn 0.525055 0.581143 0.621763
vn 0.792506 0.450314 0.411280
vn 0.763953 0.555920 0.327611
vn 0.491285 0.775224 0.397072
vn -0.312955 0.733399 0.603477
vn -0.769778 0.233327 0.594139
vn -0.785580 0.021397 0.618390
vn -0.615404 0.174848 0.768574
vn 0.227207 0.836891 0.497987
vn 0.530558 0.847034 0.032279
vn 0.530667 0.843599 -0.082055
vn 0.473219 0.879106 -0.056891
vn 0.267663 0.917539 0.294073
vn -0.170693 0.540785 0.823660
vn -0.412489 0.881719 0.228963
vn -0.117300 0.678065 0.725582
vn 0.521184 -0.158125 0.838668
vn 0.629195 -0.227095 0.743331
vn 0.588286 0.080099 0.804676
vn -0.040044 0.784687 0.618598
vn -0.524302 0.817854 0.237114
vn -0.657930 0.731999 0.176932
vn -0.656477 0.696570 0.289531
vn -0.340135 0.724726 0.599233
vn 0.458795 0.561179 0.688901
vn 0.742348 0.459336 0.487781
vn 0.723251 0.556126 0.409429
vn 0.452828 0.747918 0.485350
vn -0.261775 0.707338 0.656618
vn -0.704814 0.298458 0.643552
vn -0.737247 0.106423 0.667189
vn -0.535885 0.248382 0.806928
vn 0.234924 0.774842 0.586882
vn 0.554199 0.821688 0.133014
vn 0.564123 0.825690 0.000957
vn 0.504319 0.863036 0.028830
vn 0.286912 0.880627 0.377065
vn -0.092787 0.583472 0.806816
vn -0.439310 0.835571 0.329891
vn -0.155528 0.635187 0.756537
vn 0.471617 -0.046012 0.880602
vn 0.601085 -0.118589 0.790338
vn 0.521070 0.177084 0.834941
vn -0.065302 0.739025 0.670505
vn -0.522449 0.783239 0.337023
vn -0.657168 0.702324 0.273625
vn -0.641414 0.660488 0.390311
vn -0.314478 0.660395 0.681895
vn 0.400703 0.527609 0.749043
vn 0.691115 0.454351 0.562072
vn 0.681068 0.544463 0.489597
vn 0.417316 0.710029 0.567191
vn -0.219675 0.671138 0.708037
vn -0.638180 0.338091 0.691680
vn -0.679592 0.167905 0.714117
vn -0.458414 0.288848 0.840490
vn 0.241632 0.706650 0.665026
vn 0.572831 0.784565 0.237325
vn 0.594502 0.798966 0.090674
vn 0.533034 0.837537 0.120029
vn 0.306244 0.835844 0.455608
vn -0.027797 0.593371 0.804449
vn -0.462923 0.777111 0.426381
vn -0.189256 0.584508 0.789007
vn 0.409420 0.040930 0.911427
vn 0.556075 -0.026409 0.830713
vn 0.449562 0.242256 0.859771
vn -0.087542 0.688163 0.720255
vn -0.516777 0.738068 0.433816
vn -0.650640 0.662989 0.370288
vn -0.620940 0.614134 0.487107
vn -0.290875 0.590813 0.752550
vn 0.349447 0.484392 0.802029
vn 0.639399 0.437223 0.632460
vn 0.637660 0.522068 0.566422
vn 0.384258 0.663578 0.641880
vn -0.184036 0.627550 0.756513
vn -0.572856 0.357049 0.737802
vn -0.617515 0.207968 0.758567
vn -0.386516 0.304138 0.870692
vn 0.247162 0.633930 0.732833
vn 0.585513 0.734850 0.342301
vn 0.620682 0.761743 0.185748
vn 0.558432 0.801160 0.215165
vn 0.325051 0.783595 0.529454
vn 0.027885 0.582665 0.812234
vn -0.482684 0.707343 0.516412
vn -0.219252 0.527362 0.820864
vn 0.341842 0.101522 0.934258
vn 0.499824 0.045841 0.864913
vn 0.379200 0.280512 0.881771
vn -0.107317 0.632729 0.766901
vn -0.507382 0.683075 0.525330
vn -0.638218 0.613944 0.464489
vn -0.595581 0.558423 0.577450
vn -0.269140 0.517977 0.811950
vn 0.303961 0.434257 0.847955
vn 0.587763 0.409654 0.697652
vn 0.593397 0.490108 0.638493
vn 0.353341 0.610280 0.709019
vn -0.153227 0.578300 0.801306
vn -0.510266 0.359339 0.781347
vn -0.554228 0.229372 0.800137
vn -0.321134 0.300500 0.898094
vn 0.251445 0.558032 0.790807
vn 0.591512 0.672627 0.444619
vn 0.641347 0.712708 0.284114
vn 0.579455 0.752863 0.312138
vn 0.342837 0.724291 0.598218
vn 0.076790 0.557543 0.826589
vn -0.498108 0.627725 0.598205
vn -0.245918 0.464670 0.850651
vn 0.273723 0.137832 0.951881
vn 0.437317 0.097374 0.894020
vn 0.312473 0.296981 0.902310
vn -0.124959 0.573242 0.809802
vn -0.494521 0.619436 0.609711
vn -0.620052 0.555741 0.553793
vn -0.566117 0.494766 0.659331
vn -0.249104 0.443382 0.861022
vn 0.263386 0.379142 0.887062
vn 0.536721 0.373221 0.756728
vn 0.548707 0.449788 0.704706
vn 0.324350 0.551589 0.768470
vn -0.126178 0.524565 0.841968
vn -0.450973 0.348113 0.821852
vn -0.491672 0.234844 0.838515
vn -0.262093 0.282496 0.922769
vn 0.254476 0.480059 0.839515
vn 0.590475 0.598954 0.540919
vn 0.655161 0.651205 0.383010
vn 0.595040 0.692226 0.408351
vn 0.359180 0.658394 0.661444
vn 0.120542 0.521292 0.844822
vn -0.508902 0.540054 0.670344
vn -0.269457 0.397170 0.877296
vn 0.207754 0.153090 0.966127
vn 0.372223 0.129158 0.919113
vn 0.250202 0.295926 0.921861
vn -0.140678 0.510151 0.848502
vn -0.478586 0.548626 0.685540
vn -0.596585 0.489468 0.636009
vn -0.533479 0.424863 0.731363
vn -0.230600 0.368102 0.900735
vn 0.227022 0.320440 0.919663
vn 0.486708 0.329374 0.809091
vn 0.504019 0.402315 0.764269
vn 0.297114 0.488720 0.820290
vn -0.102150 0.467194 0.878234
vn -0.395093 0.325793 0.858930
vn -0.430929 0.226798 0.873420
vn -0.208826 0.253386 0.944557
vn 0.256282 0.400890 0.879549
vn 0.582518 0.515756 0.628226
vn 0.660999 0.577490 0.479151
vn 0.604284 0.619630 0.500898
vn 0.373716 0.586427 0.718638
vn 0.160145 0.475757 0.864875
vn -0.514967 0.446324 0.731849
vn -0.289959 0.325530 0.899974
vn 0.145192 0.150506 0.977889
vn 0.306918 0.142932 0.940942
vn 0.192411 0.280576 0.940349
vn -0.154614 0.443854 0.882660
vn -0.460045 0.472249 0.751891
vn -0.568509 0.416607 0.709391
vn -0.498632 0.350479 0.792800
vn -0.213463 0.292872 0.932019
vn 0.194285 0.259158 0.946092
vn 0.438067 0.279418 0.854413
vn 0.459724 0.348855 0.816673
vn 0.271481 0.422666 0.864668
vn -0.080616 0.406811 0.909948
vn -0.342519 0.294235 0.892248
vn -0.372545 0.207253 0.904575
vn -0.160680 0.215498 0.963194
vn 0.256906 0.321210 0.911495
vn 0.568211 0.425535 0.704312
vn 0.658190 0.492856 0.569104
vn 0.606600 0.536313 0.586860
vn 0.386127 0.508992 0.769307
vn 0.196181 0.422042 0.885095
vn -0.516391 0.348573 0.782200
vn -0.307449 0.250400 0.918028
vn 0.086504 0.132812 0.987359
vn 0.242795 0.140568 0.959839
vn 0.138804 0.253278 0.957384
vn -0.166858 0.374704 0.912006
vn -0.439396 0.391884 0.808306
vn -0.536680 0.338844 0.772761
vn -0.462472 0.273267 0.843472
vn -0.197529 0.218172 0.955711
vn 0.164686 0.196028 0.966670
vn 0.391044 0.224501 0.892572
vn 0.416148 0.290486 0.861649
vn 0.247308 0.354218 0.901869
vn -0.061180 0.343886 0.937016
vn -0.293044 0.254864 0.921504
vn -0.316745 0.177856 0.931687
vn -0.117049 0.170525 0.978377
vn 0.256396 0.241542 0.935905
vn 0.548468 0.330997 0.767870
vn 0.646681 0.399540 0.649747
vn 0.601821 0.444273 0.663651
vn 0.396142 0.426770 0.812981
vn 0.228945 0.360880 0.904074
vn -0.513408 0.248749 0.821301
vn -0.321916 0.172439 0.930932
vn 0.031788 0.102204 0.994255
vn 0.180610 0.123765 0.975737
vn 0.089007 0.215721 0.972390
vn -0.177472 0.303019 0.936313
vn -0.417115 0.308975 0.854722
vn -0.502012 0.257881 0.825519
vn -0.425764 0.194652 0.883649
vn -0.182641 0.144295 0.972533
vn 0.137812 0.131577 0.981680
vn 0.345792 0.165610 0.923581
vn 0.373542 0.228174 0.899112
vn 0.224454 0.283989 0.932186
vn -0.043539 0.278767 0.959371
vn -0.246427 0.208777 0.946407
vn -0.263575 0.139939 0.954435
vn -0.077412 0.119728 0.989784
vn 0.254798 0.162280 0.953280
vn 0.524381 0.234695 0.818501
vn 0.627070 0.300414 0.718704
vn 0.590227 0.346031 0.729311
vn 0.403533 0.340518 0.849240
vn 0.258525 0.292841 0.920548
vn -0.506364 0.148604 0.849419
vn -0.333338 0.092329 0.938276
vn -0.018976 0.060434 0.997992
vn 0.120770 0.093955 0.988224
vn 0.042681 0.169129 0.984669
vn -0.186493 0.229094 0.955372
vn -0.393625 0.224759 0.891371
vn -0.465385 0.175274 0.867581
vn -0.389107 0.115777 0.913888
vn -0.168651 0.071403 0.983086
vn 0.113310 0.066187 0.991353
vn 0.302388 0.103576 0.947541
vn 0.332079 0.162757 0.929104
vn 0.202779 0.212444 0.955902
vn -0.027457 0.211717 0.976945
vn -0.202429 0.156834 0.966657
vn -0.212994 0.094586 0.972464
vn -0.041342 0.064075 0.997088
vn 0.252155 0.083725 0.964058
vn 0.497058 0.138793 0.856545
vn 0.600480 0.198545 0.774599
vn 0.572489 0.244295 0.782673
vn 0.408120 0.251059 0.877729
vn 0.284851 0.218472 0.933343
vn -0.495672 0.049630 0.867091
vn -0.341693 0.010779 0.939750
vn -0.065793 0.008956 0.997793
vn 0.063538 0.052339 0.996606
vn -0.000421 0.114429 0.993431
vn -0.193936 0.153203 0.968978
vn -0.369279 0.140240 0.918676
vn -0.427578 0.092346 0.899249
vn -0.352938 0.037501 0.934895
vn -0.155424 -0.000429 0.987848
vn 0.090886 0.000139 0.995861
vn 0.260853 0.039094 0.964587
vn 0.291869 0.094943 0.951734
vn 0.182149 0.139924 0.973264
vn -0.012746 0.142925 0.989651
vn -0.160835 0.099723 0.981930
vn -0.164937 0.042698 0.985380
vn -0.008504 0.004342 0.999954
vn 0.248497 0.006103 0.968613
vn 0.467510 0.044947 0.882844
vn 0.568348 0.096774 0.817078
vn 0.549536 0.141643 0.823375
vn 0.409772 0.159268 0.898176
vn 0.307740 0.138386 0.941353
vn -0.481772 -0.046960 0.875038
vn -0.346968 -0.071485 0.935149
vn -0.108581 -0.050928 0.992782
vn 0.009177 -0.000015 0.999958
vn -0.040429 0.052384 0.997808
vn -0.199801 0.075615 0.976914
vn -0.344354 0.056198 0.937157
vn -0.389232 0.010144 0.921084
vn -0.317549 -0.039561 0.947416
vn -0.142838 -0.071180 0.987183
vn 0.070291 -0.066359 0.995317
vn 0.221166 -0.027258 0.974855
vn 0.252966 0.025324 0.967144
vn 0.162436 0.066680 0.984463
vn 0.000741 0.072539 0.997365
vn -0.121472 0.038009 0.991867
vn -0.119349 -0.014948 0.992740
vn 0.021349 -0.058816 0.998041
vn 0.243851 -0.070406 0.967254
vn 0.436580 -0.045695 0.898504
vn 0.532179 -0.002575 0.846628
vn 0.522415 0.040282 0.851739
vn 0.408411 0.066056 0.910405
vn 0.326924 0.053335 0.943545
vn -0.465106 -0.140235 0.874077
vn -0.349169 -0.153721 0.924365
vn -0.147144 -0.117941 0.982058
vn -0.041946 -0.062044 0.997192
vn -0.077343 -0.016295 0.996871
vn -0.204069 -0.003393 0.978951
vn -0.319059 -0.026786 0.947356
vn -0.350844 -0.070553 0.933772
vn -0.283120 -0.114997 0.952165
vn -0.130786 -0.140852 0.981354
vn 0.051322 -0.133137 0.989768
vn 0.183289 -0.094994 0.978459
vn 0.215395 -0.045607 0.975462
vn 0.143525 -0.007109 0.989621
vn 0.013117 0.000675 0.999914
vn -0.084219 -0.027809 0.996059
vn -0.076225 -0.077634 0.994064
vn 0.048383 -0.124808 0.991000
vn 0.238234 -0.145650 0.960224
vn 0.404925 -0.132421 0.904710
vn 0.493367 -0.097827 0.864303
vn 0.492161 -0.058078 0.868565
vn 0.404008 -0.027653 0.914337
vn 0.342084 -0.035741 0.938990
vn -0.446096 -0.229516 0.865056
vn -0.348325 -0.235189 0.907390
vn -0.181167 -0.190723 0.964782
vn -0.089306 -0.132543 0.987146
vn -0.111019 -0.090843 0.989658
vn -0.206702 -0.083524 0.974832
vn -0.293548 -0.108292 0.949791
vn -0.312779 -0.149202 0.938034
vn -0.249747 -0.188547 0.949777
vn -0.119176 -0.209456 0.970528
vn 0.033823 -0.200044 0.979203
vn 0.147187 -0.163694 0.975469
vn 0.179165 -0.117431 0.976785
vn 0.125315 -0.081303 0.988780
vn 0.024459 -0.072558 0.997064
vn -0.049023 -0.097254 0.994051
vn -0.035631 -0.144656 0.988840
vn 0.072687 -0.193064 0.978490
vn 0.231656 -0.219489 0.947713
vn 0.373032 -0.214863 0.902597
vn 0.453080 -0.187931 0.871436
vn 0.459706 -0.152246 0.874924
vn 0.396587 -0.120938 0.909996
vn 0.352884 -0.127690 0.926913
vn -0.425130 -0.314342 0.848795
vn -0.344487 -0.315158 0.884310
vn -0.210234 -0.267758 0.940270
vn -0.132181 -0.210040 0.968716
vn -0.141167 -0.170347 0.975220
vn -0.207648 -0.164440 0.964283
vn -0.267930 -0.188024 0.944913
vn -0.275300 -0.225446 0.934550
vn -0.217481 -0.260055 0.940783
vn -0.107938 -0.276992 0.954791
vn 0.017677 -0.266926 0.963555
vn 0.112851 -0.232973 0.965913
vn 0.144296 -0.189784 0.971165
vn 0.107730 -0.155785 0.981899
vn 0.034816 -0.147036 0.988518
vn -0.015919 -0.169828 0.985345
vn 0.002272 -0.215264 0.976553
vn 0.094272 -0.262997 0.960180
vn 0.224124 -0.291781 0.929856
vn 0.341249 -0.292897 0.893174
vn 0.412231 -0.272364 0.869415
vn 0.425843 -0.241493 0.871974
vn 0.386221 -0.212910 0.897498
vn 0.359010 -0.221148 0.906755
vn -0.402562 -0.394432 0.826055
vn -0.337733 -0.392926 0.855304
vn -0.233862 -0.347342 0.908109
vn -0.169674 -0.292686 0.941034
vn -0.167354 -0.253667 0.952705
vn -0.206836 -0.245745 0.947010
vn -0.242295 -0.265778 0.933089
vn -0.238601 -0.299074 0.923918
vn -0.186352 -0.329436 0.925605
vn -0.097019 -0.343438 0.934151
vn 0.002818 -0.333608 0.942708
vn 0.080317 -0.302465 0.949770
vn 0.110844 -0.262324 0.958592
vn 0.090725 -0.230430 0.968850
vn 0.044198 -0.222595 0.973909
vn 0.014957 -0.244961 0.969418
vn 0.037202 -0.288616 0.956722
vn 0.113068 -0.333971 0.935777
vn 0.215638 -0.362373 0.906745
vn 0.309820 -0.366568 0.877291
vn 0.371495 -0.350995 0.859531
vn 0.391217 -0.325467 0.860825
vn 0.373027 -0.302722 0.877046
vn 0.360203 -0.314568 0.878237
vn -0.378711 -0.469646 0.797503
vn -0.328162 -0.467824 0.820640
vn -0.251547 -0.427605 0.868262
vn -0.200757 -0.378233 0.903679
vn -0.189016 -0.339372 0.921466
vn -0.204178 -0.326963 0.922717
vn -0.216728 -0.341411 0.914586
vn -0.202840 -0.369979 0.906626
vn -0.156406 -0.396646 0.904549
vn -0.086398 -0.408736 0.908554
vn -0.010769 -0.399875 0.916506
vn 0.049697 -0.371792 0.926985
vn 0.078928 -0.334715 0.939008
vn 0.074299 -0.305089 0.949421
vn 0.052573 -0.299000 0.952804
vn 0.043338 -0.321967 0.945758
vn 0.068744 -0.363744 0.928959
vn 0.128926 -0.405280 0.905056
vn 0.206201 -0.431088 0.878433
vn 0.278927 -0.436024 0.855619
vn 0.331358 -0.423967 0.842884
vn 0.356345 -0.404107 0.842446
vn 0.357168 -0.389590 0.848912
vn 0.356292 -0.406286 0.841420
vn -0.360866 -0.518042 0.775505
vn -0.313321 -0.499475 0.807685
vn -0.253678 -0.458187 0.851888
vn -0.213788 -0.410209 0.886580
vn -0.200028 -0.374909 0.905225
vn -0.201793 -0.367326 0.907938
vn -0.198397 -0.385551 0.901104
vn -0.175105 -0.414332 0.893122
vn -0.130092 -0.437106 0.889952
vn -0.071097 -0.442946 0.893725
vn -0.010632 -0.427980 0.903725
vn 0.037461 -0.396049 0.917465
vn 0.062643 -0.359562 0.931016
vn 0.064746 -0.336768 0.939359
vn 0.058004 -0.341736 0.938004
vn 0.063451 -0.373173 0.925589
vn 0.093800 -0.415241 0.904863
vn 0.146654 -0.449912 0.880950
vn 0.209867 -0.466889 0.859052
vn 0.269564 -0.465193 0.843167
vn 0.314842 -0.450856 0.835226
vn 0.340457 -0.434951 0.833610
vn 0.350273 -0.431552 0.831307
vn 0.355723 -0.440558 0.824239
vt 0.265000 0.020000
vt 0.265000 0.033333
vt 0.265000 0.046667
vt 0.265000 0.060000
vt 0.265000 0.073333
vt 0.265000 0.086667
vt 0.265000 0.100000
vt 0.265000 0.113333
vt 0.265000 0.126667
vt 0.265000 0.140000
vt 0.265000 0.153333
vt 0.265000 0.166667
vt 0.265000 0.180000
vt 0.265000 0.193333
vt 0.265000 0.206667
vt 0.265000 0.220000
vt 0.265000 0.233333
vt 0.265000 0.246667
vt 0.265000 0.260000
vt 0.265000 0.273333
vt 0.265000 0.286667
vt 0.265000 0.300000
vt 0.265000 0.313333
vt 0.265000 0.326667
vt 0.274783 0.020000
vt 0.274783 0.033333
vt 0.274783 0.046667
vt 0.274783 0.060000
vt 0.274783 0.073333
vt 0.274783 0.086667
vt 0.274783 0.100000
vt 0.274783 0.113333
vt 0.274783 0.126667
vt 0.274783 0.140000
vt 0.274783 0.153333
vt 0.274783 0.166667
vt 0.274783 0.180000
vt 0.274783 0.193333
vt 0.274783 0.206667
vt 0.274783 0.220000
vt 0.274783 0.233333
vt 0.274783 0.246667
vt 0.274783 0.260000
vt 0.274783 0.273333
vt 0.274783 0.286667
vt 0.274783 0.300000
vt 0.274783 0.313333
vt 0.274783 0.326667
vt 0.284565 0.020000
vt 0.284565 0.033333
vt 0.284565 0.046667
vt 0.284565 0.060000
vt 0.284565 0.073333
vt 0.284565 0.086667
vt 0.284565 0.100000
vt 0.284565 0.113333
vt 0.284565 0.126667
vt 0.284565 0.140000
vt 0.284565 0.153333
vt 0.284565 0.166667
vt 0.284565 0.180000
vt 0.284565 0.193333
vt 0.284565 0.206667
vt 0.284565 0.220000
vt 0.284565 0.233333
vt 0.284565 0.246667
vt 0.284565 0.260000
vt 0.284565 0.273333
vt 0.284565 0.286667
vt 0.284565 0.300000
vt 0.284565 0.313333
vt 0.284565 0.326667
vt 0.294348 0.020000
vt 0.294348 0.033333
vt 0.294348 0.046667
vt 0.294348 0.060000
vt 0.294348 0.073333
vt 0.294348 0.086667
vt 0.294348 0.100000
vt 0.294348 0.113333
vt 0.294348 0.126667
vt 0.294348 0.140000
vt 0.294348 0.153333
vt 0.294348 0.166667
vt 0.294348 0.180000
vt 0.294348 0.193333
vt 0.294348 0.206667
vt 0.294348 0.220000
vt 0.294348 0.233333
vt 0.294348 0.246667
vt 0.294348 0.260000
vt 0.294348 0.273333
vt 0.294348 0.286667
vt 0.294348 0.300000
vt 0.294348 0.313333
vt 0.294348 0.326667
vt 0.304130 0.020000
vt 0.304130 0.033333
vt 0.304130 0.046667
vt 0.304130 0.060000
vt 0.304130 0.073333
vt 0.304130 0.086667
vt 0.304130 0.100000
vt 0.304130 0.113333
vt 0.304130 0.126667
vt 0.304130 0.140000
vt 0.304130 0.153333
vt 0.304130 0.166667
vt 0.304130 0.180000
vt 0.304130 0.193333
vt 0.304130 0.206667
vt 0.304130 0.220000
vt 0.304130 0.233333
vt 0.304130 0.246667
vt 0.304130 0.260000
vt 0.304130 0.273333
vt 0.304130 0.286667
vt 0.304130 0.300000
vt 0.304130 0.313333
vt 0.304130 0.326667
vt 0.313913 0.020000
vt 0.313913 0.033333
vt 0.313913 0.046667
vt 0.313913 0.060000
vt 0.313913 0.073333
vt 0.313913 0.086667
vt 0.313913 0.100000
vt 0.313913 0.113333
vt 0.313913 0.126667
vt 0.313913 0.140000
vt 0.313913 0.153333
vt 0.313913 0.166667
vt 0.313913 0.180000
vt 0.313913 0.193333
vt 0.313913 0.206667
vt 0.313913 0.220000
vt 0.313913 0.233333
vt 0.313913 0.246667
vt 0.313913 0.260000
vt 0.313913 0.273333
vt 0.313913 0.286667
vt 0.313913 0.300000
vt 0.313913 0.313333
vt 0.313913 0.326667
vt 0.323696 0.020000
vt 0.323696 0.033333
vt 0.323696 0.046667
vt 0.323696 0.060000
vt 0.323696 0.073333
vt 0.323696 0.086667
vt 0.323696 0.100000
vt 0.323696 0.113333
vt 0.323696 0.126667
vt 0.323696 0.140000
vt 0.323696 0.153333
vt 0.323696 0.166667
vt 0.323696 0.180000
vt 0.323696 0.193333
vt 0.323696 0.206667
vt 0.323696 0.220000
vt 0.323696 0.233333
vt 0.323696 0.246667
vt 0.323696 0.260000
vt 0.323696 0.273333
vt 0.323696 0.286667
vt 0.323696 0.300000
vt 0.323696 0.313333
vt 0.323696 0.326667
vt 0.333478 0.020000
vt 0.333478 0.033333
vt 0.333478 0.046667
vt 0.333478 0.060000
vt 0.333478 0.073333
vt 0.333478 0.086667
vt 0.333478 0.100000
vt 0.333478 0.113333
vt 0.333478 0.126667
vt 0.333478 0.140000
vt 0.333478 0.153333
vt 0.333478 0.166667
vt 0.333478 0.180000
vt 0.333478 0.193333
vt 0.333478 0.206667
vt 0.333478 0.220000
vt 0.333478 0.233333
vt 0.333478 0.246667
vt 0.333478 0.260000
vt 0.333478 0.273333
vt 0.333478 0.286667
vt 0.333478 0.300000
vt 0.333478 0.313333
vt 0.333478 0.326667
vt 0.343261 0.020000
vt 0.343261 0.033333
vt 0.343261 0.046667
vt 0.343261 0.060000
vt 0.343261 0.073333
vt 0.343261 0.086667
vt 0.343261 0.100000
vt 0.343261 0.113333
vt 0.343261 0.126667
vt 0.343261 0.140000
vt 0.343261 0.153333
vt 0.343261 0.166667
vt 0.343261 0.180000
vt 0.343261 0.193333
vt 0.343261 0.206667
vt 0.343261 0.220000
vt 0.343261 0.233333
vt 0.343261 0.246667
vt 0.343261 0.260000
vt 0.343261 0.273333
vt 0.343261 0.286667
vt 0.343261 0.300000
vt 0.343261 0.313333
vt 0.343261 0.326667
vt 0.353043 0.020000
vt 0.353043 0.033333
vt 0.353043 0.046667
vt 0.353043 0.060000
vt 0.353043 0.073333
vt 0.353043 0.086667
vt 0.353043 0.100000
vt 0.353043 0.113333
vt 0.353043 0.126667
vt 0.353043 0.140000
vt 0.353043 0.153333
vt 0.353043 0.166667
vt 0.353043 0.180000
vt 0.353043 0.193333
vt 0.353043 0.206667
vt 0.353043 0.220000
vt 0.353043 0.233333
vt 0.353043 0.246667
vt 0.353043 0.260000
vt 0.353043 0.273333
vt 0.353043 0.286667
vt 0.353043 0.300000
vt 0.353043 0.313333
vt 0.353043 0.326667
vt 0.362826 0.020000
vt 0.362826 0.033333
vt 0.362826 0.046667
vt 0.362826 0.060000
vt 0.362826 0.073333
vt 0.362826 0.086667
vt 0.362826 0.100000
vt 0.362826 0.113333
vt 0.362826 0.126667
vt 0.362826 0.140000
vt 0.362826 0.153333
vt 0.362826 0.166667
vt 0.362826 0.180000
vt 0.362826 0.193333
vt 0.362826 0.206667
vt 0.362826 0.220000
vt 0.362826 0.233333
vt 0.362826 0.246667
vt 0.362826 0.260000
vt 0.362826 0.273333
vt 0.362826 0.286667
vt 0.362826 0.300000
vt 0.362826 0.313333
vt 0.362826 0.326667
vt 0.372609 0.020000
vt 0.372609 0.033333
vt 0.372609 0.046667
vt 0.372609 0.060000
vt 0.372609 0.073333
vt 0.372609 0.086667
vt 0.372609 0.100000
vt 0.372609 0.113333
vt 0.372609 0.126667
vt 0.372609 0.140000
vt 0.372609 0.153333
vt 0.372609 0.166667
vt 0.372609 0.180000
vt 0.372609 0.193333
vt 0.372609 0.206667
vt 0.372609 0.220000
vt 0.372609 0.233333
vt 0.372609 0.246667
vt 0.372609 0.260000
vt 0.372609 0.273333
vt 0.372609 0.286667
vt 0.372609 0.300000
vt 0.372609 0.313333
vt 0.372609 0.326667
vt 0.382391 0.020000
vt 0.382391 0.033333
vt 0.382391 0.046667
vt 0.382391 0.060000
vt 0.382391 0.073333
vt 0.382391 0.086667
vt 0.382391 0.100000
vt 0.382391 0.113333
vt 0.382391 0.126667
vt 0.382391 0.140000
vt 0.382391 0.153333
vt 0.382391 0.166667
vt 0.382391 0.180000
vt 0.382391 0.193333
vt 0.382391 0.206667
vt 0.382391 0.220000
vt 0.382391 0.233333
vt 0.382391 0.246667
vt 0.382391 0.260000
vt 0.382391 0.273333
vt 0.382391 0.286667
vt 0.382391 0.300000
vt 0.382391 0.313333
vt 0.382391 0.326667
vt 0.392174 0.020000
vt 0.392174 0.033333
vt 0.392174 0.046667
vt 0.392174 0.060000
vt 0.392174 0.073333
vt 0.392174 0.086667
vt 0.392174 0.100000
vt 0.392174 0.113333
vt 0.392174 0.126667
vt 0.392174 0.140000
vt 0.392174 0.153333
vt 0.392174 0.166667
vt 0.392174 0.180000
vt 0.392174 0.193333
vt 0.392174 0.206667
vt 0.392174 0.220000
vt 0.392174 0.233333
vt 0.392174 0.246667
vt 0.392174 0.260000
vt 0.392174 0.273333
vt 0.392174 0.286667
vt 0.392174 0.300000
vt 0.392174 0.313333
vt 0.392174 0.326667
vt 0.401957 0.020000
vt 0.401957 0.033333
vt 0.401957 0.046667
vt 0.401957 0.060000
vt 0.401957 0.073333
vt 0.401957 0.086667
vt 0.401957 0.100000
vt 0.401957 0.113333
vt 0.401957 0.126667
vt 0.401957 0.140000
vt 0.401957 0.153333
vt 0.401957 0.166667
vt 0.401957 0.180000
vt 0.401957 0.193333
vt 0.401957 0.206667
vt 0.401957 0.220000
vt 0.401957 0.233333
vt 0.401957 0.246667
vt 0.401957 0.260000
vt 0.401957 0.273333
vt 0.401957 0.286667
vt 0.401957 0.300000
vt 0.401957 0.313333
vt 0.401957 0.326667
vt 0.411739 0.020000
vt 0.411739 0.033333
vt 0.411739 0.046667
vt 0.411739 0.060000
vt 0.411739 0.073333
vt 0.411739 0.086667
vt 0.411739 0.100000
vt 0.411739 0.113333
vt 0.411739 0.126667
vt 0.411739 0.140000
vt 0.411739 0.153333
vt 0.411739 0.166667
vt 0.411739 0.180000
vt 0.411739 0.193333
vt 0.411739 0.206667
vt 0.411739 0.220000
vt 0.411739 0.233333
vt 0.411739 0.246667
vt 0.411739 0.260000
vt 0.411739 0.273333
vt 0.411739 0.286667
vt 0.411739 0.300000
vt 0.411739 0.313333
vt 0.411739 0.326667
vt 0.421522 0.020000
vt 0.421522 0.033333
vt 0.421522 0.046667
vt 0.421522 0.060000
vt 0.421522 0.073333
vt 0.421522 0.086667
vt 0.421522 0.100000
vt 0.421522 0.113333
vt 0.421522 0.126667
vt 0.421522 0.140000
vt 0.421522 0.153333
vt 0.421522 0.166667
vt 0.421522 0.180000
vt 0.421522 0.193333
vt 0.421522 0.206667
vt 0.421522 0.220000
vt 0.421522 0.233333
vt 0.421522 0.246667
vt 0.421522 0.260000
vt 0.421522 0.273333
vt 0.421522 0.286667
vt 0.421522 0.300000
vt 0.421522 0.313333
vt 0.421522 0.326667
vt 0.431304 0.020000
vt 0.431304 0.033333
vt 0.431304 0.046667
vt 0.431304 0.060000
vt 0.431304 0.073333
vt 0.431304 0.086667
vt 0.431304 0.100000
vt 0.431304 0.113333
vt 0.431304 0.126667
vt 0.431304 0.140000
vt 0.431304 0.153333
vt 0.431304 0.166667
vt 0.431304 0.180000
vt 0.431304 0.193333
vt 0.431304 0.206667
vt 0.431304 0.220000
vt 0.431304 0.233333
vt 0.431304 0.246667
vt 0.431304 0.260000
vt 0.431304 0.273333
vt 0.431304 0.286667
vt 0.431304 0.300000
vt 0.431304 0.313333
vt 0.431304 0.326667
vt 0.441087 0.020000
vt 0.441087 0.033333
vt 0.441087 0.046667
vt 0.441087 0.060000
vt 0.441087 0.073333
vt 0.441087 0.086667
vt 0.441087 0.100000
vt 0.441087 0.113333
vt 0.441087 0.126667
vt 0.441087 0.140000
vt 0.441087 0.153333
vt 0.441087 0.166667
vt 0.441087 0.180000
vt 0.441087 0.193333
vt 0.441087 0.206667
vt 0.441087 0.220000
vt 0.441087 0.233333
vt 0.441087 0.246667
vt 0.441087 0.260000
vt 0.441087 0.273333
vt 0.441087 0.286667
vt 0.441087 0.300000
vt 0.441087 0.313333
vt 0.441087 0.326667
vt 0.450870 0.020000
vt 0.450870 0.033333
vt 0.450870 0.046667
vt 0.450870 0.060000
vt 0.450870 0.073333
vt 0.450870 0.086667
vt 0.450870 0.100000
vt 0.450870 0.113333
vt 0.450870 0.126667
vt 0.450870 0.140000
vt 0.450870 0.153333
vt 0.450870 0.166667
vt 0.450870 0.180000
vt 0.450870 0.193333
vt 0.450870 0.206667
vt 0.450870 0.220000
vt 0.450870 0.233333
vt 0.450870 0.246667
vt 0.450870 0.260000
vt 0.450870 0.273333
vt 0.450870 0.286667
vt 0.450870 0.300000
vt 0.450870 0.313333
vt 0.450870 0.326667
vt 0.460652 0.020000
vt 0.460652 0.033333
vt 0.460652 0.046667
vt 0.460652 0.060000
vt 0.460652 0.073333
vt 0.460652 0.086667
vt 0.460652 0.100000
vt 0.460652 0.113333
vt 0.460652 0.126667
vt 0.460652 0.140000
vt 0.460652 0.153333
vt 0.460652 0.166667
vt 0.460652 0.180000
vt 0.460652 0.193333
vt 0.460652 0.206667
vt 0.460652 0.220000
vt 0.460652 0.233333
vt 0.460652 0.246667
vt 0.460652 0.260000
vt 0.460652 0.273333
vt 0.460652 0.286667
vt 0.460652 0.300000
vt 0.460652 0.313333
vt 0.460652 0.326667
vt 0.470435 0.020000
vt 0.470435 0.033333
vt 0.470435 0.046667
vt 0.470435 0.060000
vt 0.470435 0.073333
vt 0.470435 0.086667
vt 0.470435 0.100000
vt 0.470435 0.113333
vt 0.470435 0.126667
vt 0.470435 0.140000
vt 0.470435 0.153333
vt 0.470435 0.166667
vt 0.470435 0.180000
vt 0.470435 0.193333
vt 0.470435 0.206667
vt 0.470435 0.220000
vt 0.470435 0.233333
vt 0.470435 0.246667
vt 0.470435 0.260000
vt 0.470435 0.273333
vt 0.470435 0.286667
vt 0.470435 0.300000
vt 0.470435 0.313333
vt 0.470435 0.326667
vt 0.480217 0.020000
vt 0.480217 0.033333
vt 0.480217 0.046667
vt 0.480217 0.060000
vt 0.480217 0.073333
vt 0.480217 0.086667
vt 0.480217 0.100000
vt 0.480217 0.113333
vt 0.480217 0.126667
vt 0.480217 0.140000
vt 0.480217 0.153333
vt 0.480217 0.166667
vt 0.480217 0.180000
vt 0.480217 0.193333
vt 0.480217 0.206667
vt 0.480217 0.220000
vt 0.480217 0.233333
vt 0.480217 0.246667
vt 0.480217 0.260000
vt 0.480217 0.273333
vt 0.480217 0.286667
vt 0.480217 0.300000
vt 0.480217 0.313333
vt 0.480217 0.326667
vt 0.490000 0.020000
vt 0.490000 0.033333
vt 0.490000 0.046667
vt 0.490000 0.060000
vt 0.490000 0.073333
vt 0.490000 0.086667
vt 0.490000 0.100000
vt 0.490000 0.113333
vt 0.490000 0.126667
vt 0.490000 0.140000
vt 0.490000 0.153333
vt 0.490000 0.166667
vt 0.490000 0.180000
vt 0.490000 0.193333
vt 0.490000 0.206667
vt 0.490000 0.220000
vt 0.490000 0.233333
vt 0.490000 0.246667
vt 0.490000 0.260000
vt 0.490000 0.273333
vt 0.490000 0.286667
vt 0.490000 0.300000
vt 0.490000 0.313333
vt 0.490000 0.326667
f 577/577/577 601/601/601 578/578/578
f 578/578/578 601/601/601 602/602/602
f 578/578/578 602/602/602 579/579/579
f 579/579/579 602/602/602 603/603/603
f 579/579/579 603/603/603 580/580/580
f 580/580/580 603/603/603 604/604/604
f 580/580/580 604/604/604 581/581/581
f 581/581/581 604/604/604 605/605/605
f 581/581/581 605/605/605 582/582/582
f 582/582/582 605/605/605 606/606/606
f 582/582/582 606/606/606 583/583/583
f 583/583/583 606/606/606 607/607/607
f 583/583/583 607/607/607 584/584/584
f 584/584/584 607/607/607 608/608/608
f 584/584/584 608/608/608 585/585/585
f 585/585/585 608/608/608 609/609/609
f 585/585/585 609/609/609 586/586/586
f 586/586/586 609/609/609 610/610/610
f 586/586/586 610/610/610 587/587/587
f 587/587/587 610/610/610 611/611/611
f 587/587/587 611/611/611 588/588/588
f 588/588/588 611/611/611 612/612/612
f 588/588/588 612/612/612 589/589/589
f 589/589/589 612/612/612 613/613/613
f 589/589/589 613/613/613 590/590/590
f 590/590/590 613/613/613 614/614/614
f 590/590/590 614/614/614 591/591/591
f 591/591/591 614/614/614 615/615/615
f 591/591/591 615/615/615 592/592/592
f 592/592/592 615/615/615 616/616/616
f 592/592/592 616/616/616 593/593/593
f 593/593/593 616/616/616 617/617/617
f 593/593/593 617/617/617 594/594/594
f 594/594/594 617/617/617 618/618/618
f 594/594/594 618/618/618 595/595/595
f 595/595/595 618/618/618 619/619/619
f 595/595/595 619/619/619 596/596/596
f 596/596/596 619/619/619 620/620/620
f 596/596/596 620/620/620 597/597/597
f 597/597/597 620/620/620 621/621/621
f 597/597/597 621/621/621 598/598/598
f 598/598/598 621/621/621 622/622/622
f 598/598/598 622/622/622 599/599/599
f 599/599/599 622/622/622 623/623/623
f 599/599/599 623/623/623 600/600/600
f 600/600/600 623/623/623 624/624/624
f 601/601/601 625/625/625 602/602/602
f 602/602/602 625/625/625 626/626/626
f 602/602/602 626/626/626 603/603/603
f 603/603/603 626/626/626 627/627/627
f 603/603/603 627/627/627 604/604/604
f 604/604/604 627/627/627 628/628/628
f 604/604/604 628/628/628 605/605/605
f 605/605/605 628/628/628 629/629/629
f 605/605/605 629/629/629 606/606/606
f 606/606/606 629/629/629 630/630/630
f 606/606/606 630/630/630 607/607/607
f 607/607/607 630/630/630 631/631/631
f 607/607/607 631/631/631 608/608/608
f 608/608/608 631/631/631 632/632/632
f 608/608/608 632/632/632 609/609/609
f 609/609/609 632/632/632 633/633/633
f 609/609/609 633/633/633 610/610/610
f 610/610/610 633/633/633 634/634/634
f 610/610/610 634/634/634 611/611/611
f 611/611/611 634/634/634 635/635/635
f 611/611/611 635/635/635 612/612/612
f 612/612/612 635/635/635 636/636/636
f 612/612/612 636/636/636 613/613/613
f 613/613/613 636/636/636 637/637/637
f 613/613/613 637/637/637 614/614/614
f 614/614/614 637/637/637 638/638/638
f 614/614/614 638/638/638 615/615/615
f 615/615/615 638/638/638 639/639/639
f 615/615/615 639/639/639 616/616/616
f 616/616/616 639/639/639 640/640/640
f 616/616/616 640/640/640 617/617/617
f 617/617/617 640/640/640 641/641/641
f 617/617/617 641/641/641 618/618/618
f 618/618/618 641/641/641 642/642/642
f 618/618/618 642/642/642 619/619/619
f 619/619/619 642/642/642 643/643/643
f 619/619/619 643/643/643 620/620/620
f 620/620/620 643/643/643 644/644/644
f 620/620/620 644/644/644 621/621/621
f 621/621/621 644/644/644 645/645/645
f 621/621/621 645/645/645 622/622/622
f 622/622/622 645/645/645 646/646/646
f 622/622/622 646/646/646 623/623/623
f 623/623/623 646/646/646 647/647/647
f 623/623/623 647/647/647 624/624/624
f 624/624/624 647/647/647 648/648/648
f 625/625/625 649/649/649 626/626/626
f 626/626/626 649/649/649 650/650/650
f 626/626/626 650/650/650 627/627/627
f 627/627/627 650/650/650 651/651/651
f 627/627/627 651/651/651 628/628/628
f 628/628/628 651/651/651 652/652/652
f 628/628/628 652/652/652 629/629/629
f 629/629/629 652/652/652 653/653/653
f 629/629/629 653/653/653 630/630/630
f 630/630/630 653/653/653 654/654/654
f 630/630/630 654/654/654 631/631/631
f 631/631/631 654/654/654 655/655/655
f 631/631/631 655/655/655 632/632/632
f 632/632/632 655/655/655 656/656/656
f 632/632/632 656/656/656 633/633/633
f 633/633/633 656/656/656 657/657/657
f 633/633/633 657/657/657 634/634/634
f 634/634/634 657/657/657 658/658/658
f 634/634/634 658/658/658 635/635/635
f 635/635/635 658/658/658 659/659/659
f 635/635/635 659/659/659 636/636/636
f 636/636/636 659/659/659 660/660/660
f 636/636/636 660/660/660 637/637/637
f 637/637/637 660/660/660 661/661/661
f 637/637/637 661/661/661 638/638/638
f 638/638/638 661/661/661 662/662/662
f 638/638/638 662/662/662 639/639/639
f 639/639/639 662/662/662 663/663/663
f 639/639/639 663/663/663 640/640/640
f 640/640/640 663/663/663 664/664/664
f 640/640/640 664/664/664 641/641/641
f 641/641/641 664/664/664 665/665/665
f 641/641/641 665/665/665 642/642/642
f 642/642/642 665/665/665 666/666/666
f 642/642/642 666/666/666 643/643/643
f 643/643/643 666/666/666 667/667/667
f 643/643/643 667/667/667 644/644/644
f 644/644/644 667/667/667 668/668/668
f 644/644/644 668/668/668 645/645/645
f 645/645/645 668/668/668 669/669/669
f 645/645/645 669/669/669 646/646/646
f 646/646/646 669/669/669 670/670/670
f 646/646/646 670/670/670 647/647/647
f 647/647/647 670/670/670 671/671/671
f 647/647/647 671/671/671 648/648/648
f 648/648/648 671/671/671 672/672/672
f 649/649/649 673/673/673 650/650/650
f 650/650/650 673/673/673 674/674/674
f 650/650/650 674/674/674 651/651/651
f 651/651/651 674/674/674 675/675/675
f 651/651/651 675/675/675 652/652/652
f 652/652/652 675/675/675 676/676/676
f 652/652/652 676/676/676 653/653/653
f 653/653/653 676/676/676 677/677/677
f 653/653/653 677/677/677 654/654/654
f 654/654/654 677/677/677 678/678/678
f 654/654/654 678/678/678 655/655/655
f 655/655/655 678/678/678 679/679/679
f 655/655/655 679/679/679 656/656/656
f 656/656/656 679/679/679 680/680/680
f 656/656/656 680/680/680 657/657/657
f 657/657/657 680/680/680 681/681/681
f 657/657/657 681/681/681 658/658/658
f 658/658/658 681/681/681 682/682/682
f 658/658/658 682/682/682 659/659/659
f 659/659/659 682/682/682 683/683/683
f 659/659/659 683/683/683 660/660/660
f 660/660/660 683/683/683 684/684/684
f 660/660/660 684/684/684 661/661/661
f 661/661/661 684/684/684 685/685/685
f 661/661/661 685/685/685 662/662/662
f 662/662/662 685/685/685 686/686/686
f 662/662/662 686/686/686 663/663/663
f 663/663/663 686/686/686 687/687/687
f 663/663/663 687/687/687 664/664/664
f 664/664/664 687/687/687 688/688/688
f 664/664/664 688/688/688 665/665/665
f 665/665/665 688/688/688 689/689/689
f 665/665/665 689/689/689 666/666/666
f 666/666/666 689/689/689 690/690/690
f 666/666/666 690/690/690 667/667/667
f 667/667/667 690/690/690 691/691/691
f 667/667/667 691/691/691 668/668/668
f 668/668/668 691/691/691 692/692/692
f 668/668/668 692/692/692 669/669/669
f 669/669/669 692/692/692 693/693/693
f 669/669/669 693/693/693 670/670/670
f 670/670/670 693/693/693 694/694/694
f 670/670/670 694/694/694 671/671/671
f 671/671/671 694/694/694 695/695/695
f 671/671/671 695/695/695 672/672/672
f 672/672/672 695/695/695 696/696/696
f 673/673/673 697/697/697 674/674/674
f 674/674/674 697/697/697 698/698/698
f 674/674/674 698/698/698 675/675/675
f 675/675/675 698/698/698 699/699/699
f 675/675/675 699/699/699 676/676/676
f 676/676/676 699/699/699 700/700/700
f 676/676/676 700/700/700 677/677/677
f 677/677/677 700/700/700 701/701/701
f 677/677/677 701/701/701 678/678/678
f 678/678/678 701/701/701 702/702/702
f 678/678/678 702/702/702 679/679/679
f 679/679/679 702/702/702 703/703/703
f 679/679/679 703/703/703 680/680/680
f 680/680/680 703/703/703 704/704/704
f 680/680/680 704/704/704 681/681/681
f 681/681/681 704/704/704 705/705/705
f 681/681/681 705/705/705 682/682/682
f 682/682/682 705/705/705 706/706/706
f 682/682/682 706/706/706 683/683/683
f 683/683/683 706/706/706 707/707/707
f 683/683/683 707/707/707 684/684/684
f 684/684/684 707/707/707 708/708/708
f 684/684/684 708/708/708 685/685/685
f 685/685/685 708/708/708 709/709/709
f 685/685/685 709/709/709 686/686/686
f 686/686/686 709/709/709 710/710/710
f 686/686/686 710/710/710 687/687/687
f 687/687/687 710/710/710 711/711/711
f 687/687/687 711/711/711 688/688/688
f 688/688/688 711/711/711 712/712/712
f 688/688/688 712/712/712 689/689/689
f 689/689/689 712/712/712 713/713/713
f 689/689/689 713/713/713 690/690/690
f 690/690/690 713/713/713 714/714/714
f 690/690/690 714/714/714 691/691/691
f 691/691/691 714/714/714 715/715/715
f 691/691/691 715/715/715 692/692/692
f 692/692/692 715/715/715 716/716/716
f 692/692/692 716/716/716 693/693/693
f 693/693/693 716/716/716 717/717/717
f 693/693/693 717/717/717 694/694/694
f 694/694/694 717/717/717 718/718/718
f 694/694/694 718/718/718 695/695/695
f 695/695/695 718/718/718 719/719/719
f 695/695/695 719/719/719 696/696/696
f 696/696/696 719/719/719 720/720/720
f 697/697/697 721/721/721 698/698/698
f 698/698/698 721/721/721 722/722/722
f 698/698/698 722/722/722 699/699/699
f 699/699/699 722/722/722 723/723/723
f 699/699/699 723/723/723 700/700/700
f 700/700/700 723/723/723 724/724/724
f 700/700/700 724/724/724 701/701/701
f 701/701/701 724/724/724 725/725/725
f 701/701/701 725/725/725 702/702/702
f 702/702/702 725/725/725 726/726/726
f 702/702/702 726/726/726 703/703/703
f 703/703/703 726/726/726 727/727/727
f 703/703/703 727/727/727 704/704/704
f 704/704/704 727/727/727 728/728/728
f 704/704/704 728/728/728 705/705/705
f 705/705/705 728/728/728 729/729/729
f 705/705/705 729/729/729 706/706/706
f 706/706/706 729/729/729 730/730/730
f 706/706/706 730/730/730 707/707/707
f 707/707/707 730/730/730 731/731/731
f 707/707/707 731/731/731 708/708/708
f 708/708/708 731/731/731 732/732/732
f 708/708/708 732/732/732 709/709/709
f 709/709/709 732/732/732 733/733/733
f 709/709/709 733/733/733 710/710/710
f 710/710/710 733/733/733 734/734/734
f 710/710/710 734/734/734 711/711/711
f 711/711/711 734/734/734 735/735/735
f 711/711/711 735/735/735 712/712/712
f 712/712/712 735/735/735 736/736/736
f 712/712/712 736/736/736 713/713/713
f 713/713/713 736/736/736 737/737/737
f 713/713/713 737/737/737 714/714/714
f 714/714/714 737/737/737 738/738/738
f 714/714/714 738/738/738 715/715/715
f 715/715/715 738/738/738 739/739/739
f 715/715/715 739/739/739 716/716/716
f 716/716/716 739/739/739 740/740/740
f 716/716/716 740/740/740 717/717/717
f 717/717/717 740/740/740 741/741/741
f 717/717/717 741/741/741 718/718/718
f 718/718/718 741/741/741 742/742/742
f 718/718/718 742/742/742 719/719/719
f 719/719/719 742/742/742 743/743/743
f 719/719/719 743/743/743 720/720/720
f 720/720/720 743/743/743 744/744/744
f 721/721/721 745/745/745 722/722/722
f 722/722/722 745/745/745 746/746/746
f 722/722/722 746/746/746 723/723/723
f 723/723/723 746/746/746 747/747/747
f 723/723/723 747/747/747 724/724/724
f 724/724/724 747/747/747 748/748/748
f 724/724/724 748/748/748 725/725/725
f 725/725/725 748/748/748 749/749/749
f 725/725/725 749/749/749 726/726/726
f 726/726/726 749/749/749 750/750/750
f 726/726/726 750/750/750 727/727/727
f 727/727/727 750/750/750 751/751/751
f 727/727/727 751/751/751 728/728/728
f 728/728/728 751/751/751 752/752/752
f 728/728/728 752/752/752 729/729/729
f 729/729/729 752/752/752 753/753/753
f 729/729/729 753/753/753 730/730/730
f 730/730/730 753/753/753 754/754/754
f 730/730/730 754/754/754 731/731/731
f 731/731/731 754/754/754 755/755/755
f 731/731/731 755/755/755 732/732/732
f 732/732/732 755/755/755 756/756/756
f 732/732/732 756/756/756 733/733/733
f 733/733/733 756/756/756 757/757/757
f 733/733/733 757/757/757 734/734/734
f 734/734/734 757/757/757 758/758/758
f 734/734/734 758/758/758 735/735/735
f 735/735/735 758/758/758 759/759/759
f 735/735/735 759/759/759 736/736/736
f 736/736/736 759/759/759 760/760/760
f 736/736/736 760/760/760 737/737/737
f 737/737/737 760/760/760 761/761/761
f 737/737/737 761/761/761 738/738/738
f 738/738/738 761/761/761 762/762/762
f 738/738/738 762/762/762 739/739/739
f 739/739/739 762/762/762 763/763/763
f 739/739/739 763/763/763 740/740/740
f 740/740/740 763/763/763 764/764/764
f 740/740/740 764/764/764 741/741/741
f 741/741/741 764/764/764 765/765/765
f 741/741/741 765/765/765 742/742/742
f 742/742/742 765/765/765 766/766/766
f 742/742/742 766/766/766 743/743/743
f 743/743/743 766/766/766 767/767/767
f 743/743/743 767/767/767 744/744/744
f 744/744/744 767/767/767 768/768/768
f 745/745/745 769/769/769 746/746/746
f 746/746/746 769/769/769 770/770/770
f 746/746/746 770/770/770 747/747/747
f 747/747/747 770/770/770 771/771/771
f 747/747/747 771/771/771 748/748/748
f 748/748/748 771/771/771 772/772/772
f 748/748/748 772/772/772 749/749/749
f 749/749/749 772/772/772 773/773/773
f 749/749/749 773/773/773 750/750/750
f 750/750/750 773/773/773 774/774/774
f 750/750/750 774/774/774 751/751/751
f 751/751/751 774/774/774 775/775/775
f 751/751/751 775/775/775 752/752/752
f 752/752/752 775/775/775 776/776/776
f 752/752/752 776/776/776 753/753/753
f 753/753/753 776/776/776 777/777/777
f 753/753/753 777/777/777 754/754/754
f 754/754/754 777/777/777 778/778/778
f 754/754/754 778/778/778 755/755/755
f 755/755/755 778/778/778 779/779/779
f 755/755/755 779/779/779 756/756/756
f 756/756/756 779/779/779 780/780/780
f 756/756/756 780/780/780 757/757/757
f 757/757/757 780/780/780 781/781/781
f 757/757/757 781/781/781 758/758/758
f 758/758/758 781/781/781 782/782/782
f 758/758/758 782/782/782 759/759/759
f 759/759/759 782/782/782 783/783/783
f 759/759/759 783/783/783 760/760/760
f 760/760/760 783/783/783 784/784/784
f 760/760/760 784/784/784 761/761/761
f 761/761/761 784/784/784 785/785/785
f 761/761/761 785/785/785 762/762/762
f 762/762/762 785/785/785 786/786/786
f 762/762/762 786/786/786 763/763/763
f 763/763/763 786/786/786 787/787/787
f 763/763/763 787/787/787 764/764/764
f 764/764/764 787/787/787 788/788/788
f 764/764/764 788/788/788 765/765/765
f 765/765/765 788/788/788 789/789/789
f 765/765/765 789/789/789 766/766/766
f 766/766/766 789/789/789 790/790/790
f 766/766/766 790/790/790 767/767/767
f 767/767/767 790/790/790 791/791/791
f 767/767/767 791/791/791 768/768/768
f 768/768/768 791/791/791 792/792/792
f 769/769/769 793/793/793 770/770/770
f 770/770/770 793/793/793 794/794/794
f 770/770/770 794/794/794 771/771/771
f 771/771/771 794/794/794 795/795/795
f 771/771/771 795/795/795 772/772/772
f 772/772/772 795/795/795 796/796/796
f 772/772/772 796/796/796 773/773/773
f 773/773/773 796/796/796 797/797/797
f 773/773/773 797/797/797 774/774/774
f 774/774/774 797/797/797 798/798/798
f 774/774/774 798/798/798 775/775/775
f 775/775/775 798/798/798 799/799/799
f 775/775/775 799/799/799 776/776/776
f 776/776/776 799/799/799 800/800/800
f 776/776/776 800/800/800 777/777/777
f 777/777/777 800/800/800 801/801/801
f 777/777/777 801/801/801 778/778/778
f 778/778/778 801/801/801 802/802/802
f 778/778/778 802/802/802 779/779/779
f 779/779/779 802/802/802 803/803/803
f 779/779/779 803/803/803 780/780/780
f 780/780/780 803/803/803 804/804/804
f 780/780/780 804/804/804 781/781/781
f 781/781/781 804/804/804 805/805/805
f 781/781/781 805/805/805 782/782/782
f 782/782/782 805/805/805 806/806/806
f 782/782/782 806/806/806 783/783/783
f 783/783/783 806/806/806 807/807/807
f 783/783/783 807/807/807 784/784/784
f 784/784/784 807/807/807 808/808/808
f 784/784/784 808/808/808 785/785/785
f 785/785/785 808/808/808 809/809/809
f 785/785/785 809/809/809 786/786/786
f 786/786/786 809/809/809 810/810/810
f 786/786/786 810/810/810 787/787/787
f 787/787/787 810/810/810 811/811/811
f 787/787/787 811/811/811 788/788/788
f 788/788/788 811/811/811 812/812/812
f 788/788/788 812/812/812 789/789/789
f 789/789/789 812/812/812 813/813/813
f 789/789/789 813/813/813 790/790/790
f 790/790/790 813/813/813 814/814/814
f 790/790/790 814/814/814 791/791/791
f 791/791/791 814/814/814 815/815/815
f 791/791/791 815/815/815 792/792/792
f 792/792/792 815/815/815 816/816/816
f 793/793/793 817/817/817 794/794/794
f 794/794/794 817/817/817 818/818/818
f 794/794/794 818/818/818 795/795/795
f 795/795/795 818/818/818 819/819/819
f 795/795/795 819/819/819 796/796/796
f 796/796/796 819/819/819 820/820/820
f 796/796/796 820/820/820 797/797/797
f 797/797/797 820/820/820 821/821/821
f 797/797/797 821/821/821 798/798/798
f 798/798/798 821/821/821 822/822/822
f 798/798/798 822/822/822 799/799/799
f 799/799/799 822/822/822 823/823/823
f 799/799/799 823/823/823 800/800/800
f 800/800/800 823/823/823 824/824/824
f 800/800/800 824/824/824 801/801/801
f 801/801/801 824/824/824 825/825/825
f 801/801/801 825/825/825 802/802/802
f 802/802/802 825/825/825 826/826/826
f 802/802/802 826/826/826 803/803/803
f 803/803/803 826/826/826 827/827/827
f 803/803/803 827/827/827 804/804/804
f 804/804/804 827/827/827 828/828/828
f 804/804/804 828/828/828 805/805/805
f 805/805/805 828/828/828 829/829/829
f 805/805/805 829/829/829 806/806/806
f 806/806/806 829/829/829 830/830/830
f 806/806/806 830/830/830 807/807/807
f 807/807/807 830/830/830 831/831/831
f 807/807/807 831/831/831 808/808/808
f 808/808/808 831/831/831 832/832/832
f 808/808/808 832/832/832 809/809/809
f 809/809/809 832/832/832 833/833/833
f 809/809/809 833/833/833 810/810/810
f 810/810/810 833/833/833 834/834/834
f 810/810/810 834/834/834 811/811/811
f 811/811/811 834/834/834 835/835/835
f 811/811/811 835/835/835 812/812/812
f 812/812/812 835/835/835 836/836/836
f 812/812/812 836/836/836 813/813/813
f 813/813/813 836/836/836 837/837/837
f 813/813/813 837/837/837 814/814/814
f 814/814/814 837/837/837 838/838/838
f 814/814/814 838/838/838 815/815/815
f 815/815/815 838/838/838 839/839/839
f 815/815/815 839/839/839 816/816/816
f 816/816/816 839/839/839 840/840/840
f 817/817/817 841/841/841 818/818/818
f 818/818/818 841/841/841 842/842/842
f 818/818/818 842/842/842 819/819/819
f 819/819/819 842/842/842 843/843/843
f 819/819/819 843/843/843 820/820/820
f 820/820/820 843/843/843 844/844/844
f 820/820/820 844/844/844 821/821/821
f 821/821/821 844/844/844 845/845/845
f 821/821/821 845/845/845 822/822/822
f 822/822/822 845/845/845 846/846/846
f 822/822/822 846/846/846 823/823/823
f 823/823/823 846/846/846 847/847/847
f 823/823/823 847/847/847 824/824/824
f 824/824/824 847/847/847 848/848/848
f 824/824/824 848/848/848 825/825/825
f 825/825/825 848/848/848 849/849/849
f 825/825/825 849/849/849 826/826/826
f 826/826/826 849/849/849 850/850/850
f 826/826/826 850/850/850 827/827/827
f 827/827/827 850/850/850 851/851/851
f 827/827/827 851/851/851 828/828/828
f 828/828/828 851/851/851 852/852/852
f 828/828/828 852/852/852 829/829/829
f 829/829/829 852/852/852 853/853/853
f 829/829/829 853/853/853 830/830/830
f 830/830/830 853/853/853 854/854/854
f 830/830/830 854/854/854 831/831/831
f 831/831/831 854/854/854 855/855/855
f 831/831/831 855/855/855 832/832/832
f 832/832/832 855/855/855 856/856/856
f 832/832/832 856/856/856 833/833/833
f 833/833/833 856/856/856 857/857/857
f 833/833/833 857/857/857 834/834/834
f 834/834/834 857/857/857 858/858/858
f 834/834/834 858/858/858 835/835/835
f 835/835/835 858/858/858 859/859/859
f 835/835/835 859/859/859 836/836/836
f 836/836/836 859/859/859 860/860/860
f 836/836/836 860/860/860 837/837/837
f 837/837/837 860/860/860 861/861/861
f 837/837/837 861/861/861 838/838/838
f 838/838/838 861/861/861 862/862/862
f 838/838/838 862/862/862 839/839/839
f 839/839/839 862/862/862 863/863/863
f 839/839/839 863/863/863 840/840/840
f 840/840/840 863/863/863 864/864/864
f 841/841/841 865/865/865 842/842/842
f 842/842/842 865/865/865 866/866/866
f 842/842/842 866/866/866 843/843/843
f 843/843/843 866/866/866 867/867/867
f 843/843/843 867/867/867 844/844/844
f 844/844/844 867/867/867 868/868/868
f 844/844/844 868/868/868 845/845/845
f 845/845/845 868/868/868 869/869/869
f 845/845/845 869/869/869 846/846/846
f 846/846/846 869/869/869 870/870/870
f 846/846/846 870/870/870 847/847/847
f 847/847/847 870/870/870 871/871/871
f 847/847/847 871/871/871 848/848/848
f 848/848/848 871/871/871 872/872/872
f 848/848/848 872/872/872 849/849/849
f 849/849/849 872/872/872 873/873/873
f 849/849/849 873/873/873 850/850/850
f 850/850/850 873/873/873 874/874/874
f 850/850/850 874/874/874 851/851/851
f 851/851/851 874/874/874 875/875/875
f 851/851/851 875/875/875 852/852/852
f 852/852/852 875/875/875 876/876/876
f 852/852/852 876/876/876 853/853/853
f 853/853/853 876/876/876 877/877/877
f 853/853/853 877/877/877 854/854/854
f 854/854/854 877/877/877 878/878/878
f 854/854/854 878/878/878 855/855/855
f 855/855/855 878/878/878 879/879/879
f 855/855/855 879/879/879 856/856/856
f 856/856/856 879/879/879 880/880/880
f 856/856/856 880/880/880 857/857/857
f 857/857/857 880/880/880 881/881/881
f 857/857/857 881/881/881 858/858/858
f 858/858/858 881/881/881 882/882/882
f 858/858/858 882/882/882 859/859/859
f 859/859/859 882/882/882 883/883/883
f 859/859/859 883/883/883 860/860/860
f 860/860/860 883/883/883 884/884/884
f 860/860/860 884/884/884 861/861/861
f 861/861/861 884/884/884 885/885/885
f 861/861/861 885/885/885 862/862/862
f 862/862/862 885/885/885 886/886/886
f 862/862/862 886/886/886 863/863/863
f 863/863/863 886/886/886 887/887/887
f 863/863/863 887/887/887 864/864/864
f 864/864/864 887/887/887 888/888/888
f 865/865/865 889/889/889 866/866/866
f 866/866/866 889/889/889 890/890/890
f 866/866/866 890/890/890 867/867/867
f 867/867/867 890/890/890 891/891/891
f 867/867/867 891/891/891 868/868/868
f 868/868/868 891/891/891 892/892/892
f 868/868/868 892/892/892 869/869/869
f 869/869/869 892/892/892 893/893/893
f 869/869/869 893/893/893 870/870/870
f 870/870/870 893/893/893 894/894/894
f 870/870/870 894/894/894 871/871/871
f 871/871/871 894/894/894 895/895/895
f 871/871/871 895/895/895 872/872/872
f 872/872/872 895/895/895 896/896/896
f 872/872/872 896/896/896 873/873/873
f 873/873/873 896/896/896 897/897/897
f 873/873/873 897/897/897 874/874/874
f 874/874/874 897/897/897 898/898/898
f 874/874/874 898/898/898 875/875/875
f 875/875/875 898/898/898 899/899/899
f 875/875/875 899/899/899 876/876/876
f 876/876/876 899/899/899 900/900/900
f 876/876/876 900/900/900 877/877/877
f 877/877/877 900/900/900 901/901/901
f 877/877/877 901/901/901 878/878/878
f 878/878/878 901/901/901 902/902/902
f 878/878/878 902/902/902 879/879/879
f 879/879/879 902/902/902 903/903/903
f 879/879/879 903/903/903 880/880/880
f 880/880/880 903/903/903 904/904/904
f 880/880/880 904/904/904 881/881/881
f 881/881/881 904/904/904 905/905/905
f 881/881/881 905/905/905 882/882/882
f 882/882/882 905/905/905 906/906/906
f 882/882/882 906/906/906 883/883/883
f 883/883/883 906/906/906 907/907/907
f 883/883/883 907/907/907 884/884/884
f 884/884/884 907/907/907 908/908/908
f 884/884/884 908/908/908 885/885/885
f 885/885/885 908/908/908 909/909/909
f 885/885/885 909/909/909 886/886/886
f 886/886/886 909/909/909 910/910/910
f 886/886/886 910/910/910 887/887/887
f 887/887/887 910/910/910 911/911/911
f 887/887/887 911/911/911 888/888/888
f 888/888/888 911/911/911 912/912/912
f 889/889/889 913/913/913 890/890/890
f 890/890/890 913/913/913 914/914/914
f 890/890/890 914/914/914 891/891/891
f 891/891/891 914/914/914 915/915/915
f 891/891/891 915/915/915 892/892/892
f 892/892/892 915/915/915 916/916/916
f 892/892/892 916/916/916 893/893/893
f 893/893/893 916/916/916 917/917/917
f 893/893/893 917/917/917 894/894/894
f 894/894/894 917/917/917 918/918/918
f 894/894/894 918/918/918 895/895/895
f 895/895/895 918/918/918 919/919/919
f 895/895/895 919/919/919 896/896/896
f 896/896/896 919/919/919 920/920/920
f 896/896/896 920/920/920 897/897/897
f 897/897/897 920/920/920 921/921/921
f 897/897/897 921/921/921 898/898/898
f 898/898/898 921/921/921 922/922/922
f 898/898/898 922/922/922 899/899/899
f 899/899/899 922/922/922 923/923/923
f 899/899/899 923/923/923 900/900/900
f 900/900/900 923/923/923 924/924/924
f 900/900/900 924/924/924 901/901/901
f 901/901/901 924/924/924 925/925/925
f 901/901/901 925/925/925 902/902/902
f 902/902/902 925/925/925 926/926/926
f 902/902/902 926/926/926 903/903/903
f 903/903/903 926/926/926 927/927/927
f 903/903/903 927/927/927 904/904/904
f 904/904/904 927/927/927 928/928/928
f 904/904/904 928/928/928 905/905/905
f 905/905/905 928/928/928 929/929/929
f 905/905/905 929/929/929 906/906/906
f 906/906/906 929/929/929 930/930/930
f 906/906/906 930/930/930 907/907/907
f 907/907/907 930/930/930 931/931/931
f 907/907/907 931/931/931 908/908/908
f 908/908/908 931/931/931 932/932/932
f 908/908/908 932/932/932 909/909/909
f 909/909/909 932/932/932 933/933/933
f 909/909/909 933/933/933 910/910/910
f 910/910/910 933/933/933 934/934/934
f 910/910/910 934/934/934 911/911/911
f 911/911/911 934/934/934 935/935/935
f 911/911/911 935/935/935 912/912/912
f 912/912/912 935/935/935 936/936/936
f 913/913/913 937/937/937 914/914/914
f 914/914/914 937/937/937 938/938/938
f 914/914/914 938/938/938 915/915/915
f 915/915/915 938/938/938 939/939/939
f 915/915/915 939/939/939 916/916/916
f 916/916/916 939/939/939 940/940/940
f 916/916/916 940/940/940 917/917/917
f 917/917/917 940/940/940 941/941/941
f 917/917/917 941/941/941 918/918/918
f 918/918/918 941/941/941 942/942/942
f 918/918/918 942/942/942 919/919/919
f 919/919/919 942/942/942 943/943/943
f 919/919/919 943/943/943 920/920/920
f 920/920/920 943/943/943 944/944/944
f 920/920/920 944/944/944 921/921/921
f 921/921/921 944/944/944 945/945/945
f 921/921/921 945/945/945 922/922/922
f 922/922/922 945/945/945 946/946/946
f 922/922/922 946/946/946 923/923/923
f 923/923/923 946/946/946 947/947/947
f 923/923/923 947/947/947 924/924/924
f 924/924/924 947/947/947 948/948/948
f 924/924/924 948/948/948 925/925/925
f 925/925/925 948/948/948 949/949/949
f 925/925/925 949/949/949 926/926/926
f 926/926/926 949/949/949 950/950/950
f 926/926/926 950/950/950 927/927/927
f 927/927/927 950/950/950 951/951/951
f 927/927/927 951/951/951 928/928/928
f 928/928/928 951/951/951 952/952/952
f 928/928/928 952/952/952 929/929/929
f 929/929/929 952/952/952 953/953/953
f 929/929/929 953/953/953 930/930/930
f 930/930/930 953/953/953 954/954/954
f 930/930/930 954/954/954 931/931/931
f 931/931/931 954/954/954 955/955/955
f 931/931/931 955/955/955 932/932/932
f 932/932/932 955/955/955 956/956/956
f 932/932/932 956/956/956 933/933/933
f 933/933/933 956/956/956 957/957/957
f 933/933/933 957/957/957 934/934/934
f 934/934/934 957/957/957 958/958/958
f 934/934/934 958/958/958 935/935/935
f 935/935/935 958/958/958 959/959/959
f 935/935/935 959/959/959 936/936/936
f 936/936/936 959/959/959 960/960/960
f 937/937/937 961/961/961 938/938/938
f 938/938/938 961/961/961 962/962/962
f 938/938/938 962/962/962 939/939/939
f 939/939/939 962/962/962 963/963/963
f 939/939/939 963/963/963 940/940/940
f 940/940/940 963/963/963 964/964/964
f 940/940/940 964/964/964 941/941/941
f 941/941/941 964/964/964 965/965/965
f 941/941/941 965/965/965 942/942/942
f 942/942/942 965/965/965 966/966/966
f 942/942/942 966/966/966 943/943/943
f 943/943/943 966/966/966 967/967/967
f 943/943/943 967/967/967 944/944/944
f 944/944/944 967/967/967 968/968/968
f 944/944/944 968/968/968 945/945/945
f 945/945/945 968/968/968 969/969/969
f 945/945/945 969/969/969 946/946/946
f 946/946/946 969/969/969 970/970/970
f 946/946/946 970/970/970 947/947/947
f 947/947/947 970/970/970 971/971/971
f 947/947/947 971/971/971 948/948/948
f 948/948/948 971/971/971 972/972/972
f 948/948/948 972/972/972 949/949/949
f 949/949/949 972/972/972 973/973/973
f 949/949/949 973/973/973 950/950/950
f 950/950/950 973/973/973 974/974/974
f 950/950/950 974/974/974 951/951/951
f 951/951/951 974/974/974 975/975/975
f 951/951/951 975/975/975 952/952/952
f 952/952/952 975/975/975 976/976/976
f 952/952/952 976/976/976 953/953/953
f 953/953/953 976/976/976 977/977/977
f 953/953/953 977/977/977 954/954/954
f 954/954/954 977/977/977 978/978/978
f 954/954/954 978/978/978 955/955/955
f 955/955/955 978/978/978 979/979/979
f 955/955/955 979/979/979 956/956/956
f 956/956/956 979/979/979 980/980/980
f 956/956/956 980/980/980 957/957/957
f 957/957/957 980/980/980 981/981/981
f 957/957/957 981/981/981 958/958/958
f 958/958/958 981/981/981 982/982/982
f 958/958/958 982/982/982 959/959/959
f 959/959/959 982/982/982 983/983/983
f 959/959/959 983/983/983 960/960/960
f 960/960/960 983/983/983 984/984/984
f 961/961/961 985/985/985 962/962/962
f 962/962/962 985/985/985 986/986/986
f 962/962/962 986/986/986 963/963/963
f 963/963/963 986/986/986 987/987/987
f 963/963/963 987/987/987 964/964/964
f 964/964/964 987/987/987 988/988/988
f 964/964/964 988/988/988 965/965/965
f 965/965/965 988/988/988 989/989/989
f 965/965/965 989/989/989 966/966/966
f 966/966/966 989/989/989 990/990/990
f 966/966/966 990/990/990 967/967/967
f 967/967/967 990/990/990 991/991/991
f 967/967/967 991/991/991 968/968/968
f 968/968/968 991/991/991 992/992/992
f 968/968/968 992/992/992 969/969/969
f 969/969/969 992/992/992 993/993/993
f 969/969/969 993/993/993 970/970/970
f 970/970/970 993/993/993 994/994/994
f 970/970/970 994/994/994 971/971/971
f 971/971/971 994/994/994 995/995/995
f 971/971/971 995/995/995 972/972/972
f 972/972/972 995/995/995 996/996/996
f 972/972/972 996/996/996 973/973/973
f 973/973/973 996/996/996 997/997/997
f 973/973/973 997/997/997 974/974/974
f 974/974/974 997/997/997 998/998/998
f 974/974/974 998/998/998 975/975/975
f 975/975/975 998/998/998 999/999/999
f 975/975/975 999/999/999 976/976/976
f 976/976/976 999/999/999 1000/1000/1000
f 976/976/976 1000/1000/1000 977/977/977
f 977/977/977 1000/1000/1000 1001/1001/1001
f 977/977/977 1001/1001/1001 978/978/978
f 978/978/978 1001/1001/1001 1002/1002/1002
f 978/978/978 1002/1002/1002 979/979/979
f 979/979/979 1002/1002/1002 1003/1003/1003
f 979/979/979 1003/1003/1003 980/980/980
f 980/980/980 1003/1003/1003 1004/1004/1004
f 980/980/980 1004/1004/1004 981/981/981
f 981/981/981 1004/1004/1004 1005/1005/1005
f 981/981/981 1005/1005/1005 982/982/982
f 982/982/982 1005/1005/1005 1006/1006/1006
f 982/982/982 1006/1006/1006 983/983/983
f 983/983/983 1006/1006/1006 1007/1007/1007
f 983/983/983 1007/1007/1007 984/984/984
f 984/984/984 1007/1007/1007 1008/1008/1008
f 985/985/985 1009/1009/1009 986/986/986
f 986/986/986 1009/1009/1009 1010/1010/1010
f 986/986/986 1010/1010/1010 987/987/987
f 987/987/987 1010/1010/1010 1011/1011/1011
f 987/987/987 1011/1011/1011 988/988/988
f 988/988/988 1011/1011/1011 1012/1012/1012
f 988/988/988 1012/1012/1012 989/989/989
f 989/989/989 1012/1012/1012 1013/1013/1013
f 989/989/989 1013/1013/1013 990/990/990
f 990/990/990 1013/1013/1013 1014/1014/1014
f 990/990/990 1014/1014/1014 991/991/991
f 991/991/991 1014/1014/1014 1015/1015/1015
f 991/991/991 1015/1015/1015 992/992/992
f 992/992/992 1015/1015/1015 1016/1016/1016
f 992/992/992 1016/1016/1016 993/993/993
f 993/993/993 1016/1016/1016 1017/1017/1017
f 993/993/993 1017/1017/1017 994/994/994
f 994/994/994 1017/1017/1017 1018/1018/1018
f 994/994/994 1018/1018/1018 995/995/995
f 995/995/995 1018/1018/1018 1019/1019/1019
f 995/995/995 1019/1019/1019 996/996/996
f 996/996/996 1019/1019/1019 1020/1020/1020
f 996/996/996 1020/1020/1020 997/997/997
f 997/997/997 1020/1020/1020 1021/1021/1021
f 997/997/997 1021/1021/1021 998/998/998
f 998/998/998 1021/1021/1021 1022/1022/1022
f 998/998/998 1022/1022/1022 999/999/999
f 999/999/999 1022/1022/1022 1023/1023/1023
f 999/999/999 1023/1023/1023 1000/1000/1000
f 1000/1000/1000 1023/1023/1023 1024/1024/1024
f 1000/1000/1000 1024/1024/1024 1001/1001/1001
f 1001/1001/1001 1024/1024/1024 1025/1025/1025
f 1001/1001/1001 1025/1025/1025 1002/1002/1002
f 1002/1002/1002 1025/1025/1025 1026/1026/1026
f 1002/1002/1002 1026/1026/1026 1003/1003/1003
f 1003/1003/1003 1026/1026/1026 1027/1027/1027
f 1003/1003/1003 1027/1027/1027 1004/1004/1004
f 1004/1004/1004 1027/1027/1027 1028/1028/1028
f 1004/1004/1004 1028/1028/1028 1005/1005/1005
f 1005/1005/1005 1028/1028/1028 1029/1029/1029
f 1005/1005/1005 1029/1029/1029 1006/1006/1006
f 1006/1006/1006 1029/1029/1029 1030/1030/1030
f 1006/1006/1006 1030/1030/1030 1007/1007/1007
f 1007/1007/1007 1030/1030/1030 1031/1031/1031
f 1007/1007/1007 1031/1031/1031 1008/1008/1008
f 1008/1008/1008 1031/1031/1031 1032/1032/1032
f 1009/1009/1009 1033/1033/1033 1010/1010/1010
f 1010/1010/1010 1033/1033/1033 1034/1034/1034
f 1010/1010/1010 1034/1034/1034 1011/1011/1011
f 1011/1011/1011 1034/1034/1034 1035/1035/1035
f 1011/1011/1011 1035/1035/1035 1012/1012/1012
f 1012/1012/1012 1035/1035/1035 1036/1036/1036
f 1012/1012/1012 1036/1036/1036 1013/1013/1013
f 1013/1013/1013 1036/1036/1036 1037/1037/1037
f 1013/1013/1013 1037/1037/1037 1014/1014/1014
f 1014/1014/1014 1037/1037/1037 1038/1038/1038
f 1014/1014/1014 1038/1038/1038 1015/1015/1015
f 1015/1015/1015 1038/1038/1038 1039/1039/1039
f 1015/1015/1015 1039/1039/1039 1016/1016/1016
f 1016/1016/1016 1039/1039/1039 1040/1040/1040
f 1016/1016/1016 1040/1040/1040 1017/1017/1017
f 1017/1017/1017 1040/1040/1040 1041/1041/1041
f 1017/1017/1017 1041/1041/1041 1018/1018/1018
f 1018/1018/1018 1041/1041/1041 1042/1042/1042
f 1018/1018/1018 1042/1042/1042 1019/1019/1019
f 1019/1019/1019 1042/1042/1042 1043/1043/1043
f 1019/1019/1019 1043/1043/1043 1020/1020/1020
f 1020/1020/1020 1043/1043/1043 1044/1044/1044
f 1020/1020/1020 1044/1044/1044 1021/1021/1021
f 1021/1021/1021 1044/1044/1044 1045/1045/1045
f 1021/1021/1021 1045/1045/1045 1022/1022/1022
f 1022/1022/1022 1045/1045/1045 1046/1046/1046
f 1022/1022/1022 1046/1046/1046 1023/1023/1023
f 1023/1023/1023 1046/1046/1046 1047/1047/1047
f 1023/1023/1023 1047/1047/1047 1024/1024/1024
f 1024/1024/1024 1047/1047/1047 1048/1048/1048
f 1024/1024/1024 1048/1048/1048 1025/1025/1025
f 1025/1025/1025 1048/1048/1048 1049/1049/1049
f 1025/1025/1025 1049/1049/1049 1026/1026/1026
f 1026/1026/1026 1049/1049/1049 1050/1050/1050
f 1026/1026/1026 1050/1050/1050 1027/1027/1027
f 1027/1027/1027 1050/1050/1050 1051/1051/1051
f 1027/1027/1027 1051/1051/1051 1028/1028/1028
f 1028/1028/1028 1051/1051/1051 1052/1052/1052
f 1028/1028/1028 1052/1052/1052 1029/1029/1029
f 1029/1029/1029 1052/1052/1052 1053/1053/1053
f 1029/1029/1029 1053/1053/1053 1030/1030/1030
f 1030/1030/1030 1053/1053/1053 1054/1054/1054
f 1030/1030/1030 1054/1054/1054 1031/1031/1031
f 1031/1031/1031 1054/1054/1054 1055/1055/1055
f 1031/1031/1031 1055/1055/1055 1032/1032/1032
f 1032/1032/1032 1055/1055/1055 1056/1056/1056
f 1033/1033/1033 1057/1057/1057 1034/1034/1034
f 1034/1034/1034 1057/1057/1057 1058/1058/1058
f 1034/1034/1034 1058/1058/1058 1035/1035/1035
f 1035/1035/1035 1058/1058/1058 1059/1059/1059
f 1035/1035/1035 1059/1059/1059 1036/1036/1036
f 1036/1036/1036 1059/1059/1059 1060/1060/1060
f 1036/1036/1036 1060/1060/1060 1037/1037/1037
f 1037/1037/1037 1060/1060/1060 1061/1061/1061
f 1037/1037/1037 1061/1061/1061 1038/1038/1038
f 1038/1038/1038 1061/1061/1061 1062/1062/1062
f 1038/1038/1038 1062/1062/1062 1039/1039/1039
f 1039/1039/1039 1062/1062/1062 1063/1063/1063
f 1039/1039/1039 1063/1063/1063 1040/1040/1040
f 1040/1040/1040 1063/1063/1063 1064/1064/1064
f 1040/1040/1040 1064/1064/1064 1041/1041/1041
f 1041/1041/1041 1064/1064/1064 1065/1065/1065
f 1041/1041/1041 1065/1065/1065 1042/1042/1042
f 1042/1042/1042 1065/1065/1065 1066/1066/1066
f 1042/1042/1042 1066/1066/1066 1043/1043/1043
f 1043/1043/1043 1066/1066/1066 1067/1067/1067
f 1043/1043/1043 1067/1067/1067 1044/1044/1044
f 1044/1044/1044 1067/1067/1067 1068/1068/1068
f 1044/1044/1044 1068/1068/1068 1045/1045/1045
f 1045/1045/1045 1068/1068/1068 1069/1069/1069
f 1045/1045/1045 1069/1069/1069 1046/1046/1046
f 1046/1046/1046 1069/1069/1069 1070/1070/1070
f 1046/1046/1046 1070/1070/1070 1047/1047/1047
f 1047/1047/1047 1070/1070/1070 1071/1071/1071
f 1047/1047/1047 1071/1071/1071 1048/1048/1048
f 1048/1048/1048 1071/1071/1071 1072/1072/1072
f 1048/1048/1048 1072/1072/1072 1049/1049/1049
f 1049/1049/1049 1072/1072/1072 1073/1073/1073
f 1049/1049/1049 1073/1073/1073 1050/1050/1050
f 1050/1050/1050 1073/1073/1073 1074/1074/1074
f 1050/1050/1050 1074/1074/1074 1051/1051/1051
f 1051/1051/1051 1074/1074/1074 1075/1075/1075
f 1051/1051/1051 1075/1075/1075 1052/1052/1052
f 1052/1052/1052 1075/1075/1075 1076/1076/1076
f 1052/1052/1052 1076/1076/1076 1053/1053/1053
f 1053/1053/1053 1076/1076/1076 1077/1077/1077
f 1053/1053/1053 1077/1077/1077 1054/1054/1054
f 1054/1054/1054 1077/1077/1077 1078/1078/1078
f 1054/1054/1054 1078/1078/1078 1055/1055/1055
f 1055/1055/1055 1078/1078/1078 1079/1079/1079
f 1055/1055/1055 1079/1079/1079 1056/1056/1056
f 1056/1056/1056 1079/1079/1079 1080/1080/1080
f 1057/1057/1057 1081/1081/1081 1058/1058/1058
f 1058/1058/1058 1081/1081/1081 1082/1082/1082
f 1058/1058/1058 1082/1082/1082 1059/1059/1059
f 1059/1059/1059 1082/1082/1082 1083/1083/1083
f 1059/1059/1059 1083/1083/1083 1060/1060/1060
f 1060/1060/1060 1083/1083/1083 1084/1084/1084
f 1060/1060/1060 1084/1084/1084 1061/1061/1061
f 1061/1061/1061 1084/1084/1084 1085/1085/1085
f 1061/1061/1061 1085/1085/1085 1062/1062/1062
f 1062/1062/1062 1085/1085/1085 1086/1086/1086
f 1062/1062/1062 1086/1086/1086 1063/1063/1063
f 1063/1063/1063 1086/1086/1086 1087/1087/1087
f 1063/1063/1063 1087/1087/1087 1064/1064/1064
f 1064/1064/1064 1087/1087/1087 1088/1088/1088
f 1064/1064/1064 1088/1088/1088 1065/1065/1065
f 1065/1065/1065 1088/1088/1088 1089/1089/1089
f 1065/1065/1065 1089/1089/1089 1066/1066/1066
f 1066/1066/1066 1089/1089/1089 1090/1090/1090
f 1066/1066/1066 1090/1090/1090 1067/1067/1067
f 1067/1067/1067 1090/1090/1090 1091/1091/1091
f 1067/1067/1067 1091/1091/1091 1068/1068/1068
f 1068/1068/1068 1091/1091/1091 1092/1092/1092
f 1068/1068/1068 1092/1092/1092 1069/1069/1069
f 1069/1069/1069 1092/1092/1092 1093/1093/1093
f 1069/1069/1069 1093/1093/1093 1070/1070/1070
f 1070/1070/1070 1093/1093/1093 1094/1094/1094
f 1070/1070/1070 1094/1094/1094 1071/1071/1071
f 1071/1071/1071 1094/1094/1094 1095/1095/1095
f 1071/1071/1071 1095/1095/1095 1072/1072/1072
f 1072/1072/1072 1095/1095/1095 1096/1096/1096
f 1072/1072/1072 1096/1096/1096 1073/1073/1073
f 1073/1073/1073 1096/1096/1096 1097/1097/1097
f 1073/1073/1073 1097/1097/1097 1074/1074/1074
f 1074/1074/1074 1097/1097/1097 1098/1098/1098
f 1074/1074/1074 1098/1098/1098 1075/1075/1075
f 1075/1075/1075 1098/1098/1098 1099/1099/1099
f 1075/1075/1075 1099/1099/1099 1076/1076/1076
f 1076/1076/1076 1099/1099/1099 1100/1100/1100
f 1076/1076/1076 1100/1100/1100 1077/1077/1077
f 1077/1077/1077 1100/1100/1100 1101/1101/1101
f 1077/1077/1077 1101/1101/1101 1078/1078/1078
f 1078/1078/1078 1101/1101/1101 1102/1102/1102
f 1078/1078/1078 1102/1102/1102 1079/1079/1079
f 1079/1079/1079 1102/1102/1102 1103/1103/1103
f 1079/1079/1079 1103/1103/1103 1080/1080/1080
f 1080/1080/1080 1103/1103/1103 1104/1104/1104
f 1081/1081/1081 1105/1105/1105 1082/1082/1082
f 1082/1082/1082 1105/1105/1105 1106/1106/1106
f 1082/1082/1082 1106/1106/1106 1083/1083/1083
f 1083/1083/1083 1106/1106/1106 1107/1107/1107
f 1083/1083/1083 1107/1107/1107 1084/1084/1084
f 1084/1084/1084 1107/1107/1107 1108/1108/1108
f 1084/1084/1084 1108/1108/1108 1085/1085/1085
f 1085/1085/1085 1108/1108/1108 1109/1109/1109
f 1085/1085/1085 1109/1109/1109 1086/1086/1086
f 1086/1086/1086 1109/1109/1109 1110/1110/1110
f 1086/1086/1086 1110/1110/1110 1087/1087/1087
f 1087/1087/1087 1110/1110/1110 1111/1111/1111
f 1087/1087/1087 1111/1111/1111 1088/1088/1088
f 1088/1088/1088 1111/1111/1111 1112/1112/1112
f 1088/1088/1088 1112/1112/1112 1089/1089/1089
f 1089/1089/1089 1112/1112/1112 1113/1113/1113
f 1089/1089/1089 1113/1113/1113 1090/1090/1090
f 1090/1090/1090 1113/1113/1113 1114/1114/1114
f 1090/1090/1090 1114/1114/1114 1091/1091/1091
f 1091/1091/1091 1114/1114/1114 1115/1115/1115
f 1091/1091/1091 1115/1115/1115 1092/1092/1092
f 1092/1092/1092 1115/1115/1115 1116/1116/1116
f 1092/1092/1092 1116/1116/1116 1093/1093/1093
f 1093/1093/1093 1116/1116/1116 1117/1117/1117
f 1093/1093/1093 1117/1117/1117 1094/1094/1094
f 1094/1094/1094 1117/1117/1117 1118/1118/1118
f 1094/1094/1094 1118/1118/1118 1095/1095/1095
f 1095/1095/1095 1118/1118/1118 1119/1119/1119
f 1095/1095/1095 1119/1119/1119 1096/1096/1096
f 1096/1096/1096 1119/1119/1119 1120/1120/1120
f 1096/1096/1096 1120/1120/1120 1097/1097/1097
f 1097/1097/1097 1120/1120/1120 1121/1121/1121
f 1097/1097/1097 1121/1121/1121 1098/1098/1098
f 1098/1098/1098 1121/1121/1121 1122/1122/1122
f 1098/1098/1098 1122/1122/1122 1099/1099/1099
f 1099/1099/1099 1122/1122/1122 1123/1123/1123
f 1099/1099/1099 1123/1123/1123 1100/1100/1100
f 1100/1100/1100 1123/1123/1123 1124/1124/1124
f 1100/1100/1100 1124/1124/1124 1101/1101/1101
f 1101/1101/1101 1124/1124/1124 1125/1125/1125
f 1101/1101/1101 1125/1125/1125 1102/1102/1102
f 1102/1102/1102 1125/1125/1125 1126/1126/1126
f 1102/1102/1102 1126/1126/1126 1103/1103/1103
f 1103/1103/1103 1126/1126/1126 1127/1127/1127
f 1103/1103/1103 1127/1127/1127 1104/1104/1104
f 1104/1104/1104 1127/1127/1127 1128/1128/1128
f 1105/1105/1105 1129/1129/1129 1106/1106/1106
f 1106/1106/1106 1129/1129/1129 1130/1130/1130
f 1106/1106/1106 1130/1130/1130 1107/1107/1107
f 1107/1107/1107 1130/1130/1130 1131/1131/1131
f 1107/1107/1107 1131/1131/1131 1108/1108/1108
f 1108/1108/1108 1131/1131/1131 1132/1132/1132
f 1108/1108/1108 1132/1132/1132 1109/1109/1109
f 1109/1109/1109 1132/1132/1132 1133/1133/1133
f 1109/1109/1109 1133/1133/1133 1110/1110/1110
f 1110/1110/1110 1133/1133/1133 1134/1134/1134
f 1110/1110/1110 1134/1134/1134 1111/1111/1111
f 1111/1111/1111 1134/1134/1134 1135/1135/1135
f 1111/1111/1111 1135/1135/1135 1112/1112/1112
f 1112/1112/1112 1135/1135/1135 1136/1136/1136
f 1112/1112/1112 1136/1136/1136 1113/1113/1113
f 1113/1113/1113 1136/1136/1136 1137/1137/1137
f 1113/1113/1113 1137/1137/1137 1114/1114/1114
f 1114/1114/1114 1137/1137/1137 1138/1138/1138
f 1114/1114/1114 1138/1138/1138 1115/1115/1115
f 1115/1115/1115 1138/1138/1138 1139/1139/1139
f 1115/1115/1115 1139/1139/1139 1116/1116/1116
f 1116/1116/1116 1139/1139/1139 1140/1140/1140
f 1116/1116/1116 1140/1140/1140 1117/1117/1117
f 1117/1117/1117 1140/1140/1140 1141/1141/1141
f 1117/1117/1117 1141/1141/1141 1118/1118/1118
f 1118/1118/1118 1141/1141/1141 1142/1142/1142
f 1118/1118/1118 1142/1142/1142 1119/1119/1119
f 1119/1119/1119 1142/1142/1142 1143/1143/1143
f 1119/1119/1119 1143/1143/1143 1120/1120/1120
f 1120/1120/1120 1143/1143/1143 1144/1144/1144
f 1120/1120/1120 1144/1144/1144 1121/1121/1121
f 1121/1121/1121 1144/1144/1144 1145/1145/1145
f 1121/1121/1121 1145/1145/1145 1122/1122/1122
f 1122/1122/1122 1145/1145/1145 1146/1146/1146
f 1122/1122/1122 1146/1146/1146 1123/1123/1123
f 1123/1123/1123 1146/1146/1146 1147/1147/1147
f 1123/1123/1123 1147/1147/1147 1124/1124/1124
f 1124/1124/1124 1147/1147/1147 1148/1148/1148
f 1124/1124/1124 1148/1148/1148 1125/1125/1125
f 1125/1125/1125 1148/1148/1148 1149/1149/1149
f 1125/1125/1125 1149/1149/1149 1126/1126/1126
f 1126/1126/1126 1149/1149/1149 1150/1150/1150
f 1126/1126/1126 1150/1150/1150 1127/1127/1127
f 1127/1127/1127 1150/1150/1150 1151/1151/1151
f 1127/1127/1127 1151/1151/1151 1128/1128/1128
f 1128/1128/1128 1151/1151/1151 1152/1152/1152

# Patch: connector_band
o connector_band
usemtl bikini_714ceded_material
v 0.030000 1.290000 0.123000
v 0.030000 1.290000 0.117000
v 0.030000 1.290000 0.111000
v 0.030000 1.290000 0.105000
v 0.030000 1.290000 0.099000
v 0.030000 1.290000 0.093000
v 0.023333 1.290000 0.123000
v 0.023333 1.290000 0.117000
v 0.023333 1.290000 0.111000
v 0.023333 1.290000 0.105000
v 0.023333 1.290000 0.099000
v 0.023333 1.290000 0.093000
v 0.016667 1.290000 0.123000
v 0.016667 1.290000 0.117000
v 0.016667 1.290000 0.111000
v 0.016667 1.290000 0.105000
v 0.016667 1.290000 0.099000
v 0.016667 1.290000 0.093000
v 0.010000 1.290000 0.123000
v 0.010000 1.290000 0.117000
v 0.010000 1.290000 0.111000
v 0.010000 1.290000 0.105000
v 0.010000 1.290000 0.099000
v 0.010000 1.290000 0.093000
v 0.003333 1.290000 0.123000
v 0.003333 1.290000 0.117000
v 0.003333 1.290000 0.111000
v 0.003333 1.290000 0.105000
v 0.003333 1.290000 0.099000
v 0.003333 1.290000 0.093000
v -0.003333 1.290000 0.123000
v -0.003333 1.290000 0.117000
v -0.003333 1.290000 0.111000
v -0.003333 1.290000 0.105000
v -0.003333 1.290000 0.099000
v -0.003333 1.290000 0.093000
v -0.010000 1.290000 0.123000
v -0.010000 1.290000 0.117000
v -0.010000 1.290000 0.111000
v -0.010000 1.290000 0.105000
v -0.010000 1.290000 0.099000
v -0.010000 1.290000 0.093000
v -0.016667 1.290000 0.123000
v -0.016667 1.290000 0.117000
v -0.016667 1.290000 0.111000
v -0.016667 1.290000 0.105000
v -0.016667 1.290000 0.099000
v -0.016667 1.290000 0.093000
v -0.023333 1.290000 0.123000
v -0.023333 1.290000 0.117000
v -0.023333 1.290000 0.111000
v -0.023333 1.290000 0.105000
v -0.023333 1.290000 0.099000
v -0.023333 1.290000 0.093000
v -0.030000 1.290000 0.123000
v -0.030000 1.290000 0.117000
v -0.030000 1.290000 0.111000
v -0.030000 1.290000 0.105000
v -0.030000 1.290000 0.099000
v -0.030000 1.290000 0.093000
vn 0.000000 -1.000000 0.000000
vn 0.000000 -1.000000 0.000000
vn 0.000000 -1.000000 0.000000
vn 0.000000 -1.000000 0.000000
vn 0.000000 -1.000000 0.000000
vn 0.000000 -1.000000 0.000000
vn 0.000000 -1.000000 0.000000
vn 0.000000 -1.000000 0.000000
vn 0.000000 -1.000000 0.000000
vn 0.000000 -1.000000 0.000000
vn 0.000000 -1.000000 0.000000
vn 0.000000 -1.000000 0.000000
vn 0.000000 -1.000000 0.000000
vn 0.000000 -1.000000 0.000000
vn 0.000000 -1.000000 0.000000
vn 0.000000 -1.000000 0.000000
vn 0.000000 -1.000000 0.000000
vn 0.000000 -1.000000 0.000000
vn 0.000000 -1.000000 0.000000
vn 0.000000 -1.000000 0.000000
vn 0.000000 -1.000000 0.000000
vn 0.000000 -1.000000 0.000000
vn 0.000000 -1.000000 0.000000
vn 0.000000 -1.000000 0.000000
vn 0.000000 -1.000000 0.000000
vn 0.000000 -1.000000 0.000000
vn 0.000000 -1.000000 0.000000
vn 0.000000 -1.000000 0.000000
vn 0.000000 -1.000000 0.000000
vn 0.000000 -1.000000 0.000000
vn 0.000000 -1.000000 0.000000
vn 0.000000 -1.000000 0.000000
vn 0.000000 -1.000000 0.000000
vn 0.000000 -1.000000 0.000000
vn 0.000000 -1.000000 0.000000
vn 0.000000 -1.000000 0.000000
vn 0.000000 -1.000000 0.000000
vn 0.000000 -1.000000 0.000000
vn 0.000000 -1.000000 0.000000
vn 0.000000 -1.000000 0.000000
vn 0.000000 -1.000000 0.000000
vn 0.000000 -1.000000 0.000000
vn 0.000000 -1.000000 0.000000
vn 0.000000 -1.000000 0.000000
vn 0.000000 -1.000000 0.000000
vn 0.000000 -1.000000 0.000000
vn 0.000000 -1.000000 0.000000
vn 0.000000 -1.000000 0.000000
vn 0.000000 -1.000000 0.000000
vn 0.000000 -1.000000 0.000000
vn 0.000000 -1.000000 0.000000
vn 0.000000 -1.000000 0.000000
vn 0.000000 -1.000000 0.000000
vn 0.000000 -1.000000 0.000000
vn 0.000000 -1.000000 0.000000
vn 0.000000 -1.000000 0.000000
vn 0.000000 -1.000000 0.000000
vn 0.000000 -1.000000 0.000000
vn 0.000000 -1.000000 0.000000
vn 0.000000 -1.000000 0.000000
vt 0.510000 0.020000
vt 0.510000 0.081333
vt 0.510000 0.142667
vt 0.510000 0.204000
vt 0.510000 0.265333
vt 0.510000 0.326667
vt 0.535000 0.020000
vt 0.535000 0.081333
vt 0.535000 0.142667
vt 0.535000 0.204000
vt 0.535000 0.265333
vt 0.535000 0.326667
vt 0.560000 0.020000
vt 0.560000 0.081333
vt 0.560000 0.142667
vt 0.560000 0.204000
vt 0.560000 0.265333
vt 0.560000 0.326667
vt 0.585000 0.020000
vt 0.585000 0.081333
vt 0.585000 0.142667
vt 0.585000 0.204000
vt 0.585000 0.265333
vt 0.585000 0.326667
vt 0.610000 0.020000
vt 0.610000 0.081333
vt 0.610000 0.142667
vt 0.610000 0.204000
vt 0.610000 0.265333
vt 0.610000 0.326667
vt 0.635000 0.020000
vt 0.635000 0.081333
vt 0.635000 0.142667
vt 0.635000 0.204000
vt 0.635000 0.265333
vt 0.635000 0.326667
vt 0.660000 0.020000
vt 0.660000 0.081333
vt 0.660000 0.142667
vt 0.660000 0.204000
vt 0.660000 0.265333
vt 0.660000 0.326667
vt 0.685000 0.020000
vt 0.685000 0.081333
vt 0.685000 0.142667
vt 0.685000 0.204000
vt 0.685000 0.265333
vt 0.685000 0.326667
vt 0.710000 0.020000
vt 0.710000 0.081333
vt 0.710000 0.142667
vt 0.710000 0.204000
vt 0.710000 0.265333
vt 0.710000 0.326667
vt 0.735000 0.020000
vt 0.735000 0.081333
vt 0.735000 0.142667
vt 0.735000 0.204000
vt 0.735000 0.265333
vt 0.735000 0.326667
f 1153/1153/1153 1159/1159/1159 1154/1154/1154
f 1154/1154/1154 1159/1159/1159 1160/1160/1160
f 1154/1154/1154 1160/1160/1160 1155/1155/1155
f 1155/1155/1155 1160/1160/1160 1161/1161/1161
f 1155/1155/1155 1161/1161/1161 1156/1156/1156
f 1156/1156/1156 1161/1161/1161 1162/1162/1162
f 1156/1156/1156 1162/1162/1162 1157/1157/1157
f 1157/1157/1157 1162/1162/1162 1163/1163/1163
f 1157/1157/1157 1163/1163/1163 1158/1158/1158
f 1158/1158/1158 1163/1163/1163 1164/1164/1164
f 1159/1159/1159 1165/1165/1165 1160/1160/1160
f 1160/1160/1160 1165/1165/1165 1166/1166/1166
f 1160/1160/1160 1166/1166/1166 1161/1161/1161
f 1161/1161/1161 1166/1166/1166 1167/1167/1167
f 1161/1161/1161 1167/1167/1167 1162/1162/1162
f 1162/1162/1162 1167/1167/1167 1168/1168/1168
f 1162/1162/1162 1168/1168/1168 1163/1163/1163
f 1163/1163/1163 1168/1168/1168 1169/1169/1169
f 1163/1163/1163 1169/1169/1169 1164/1164/1164
f 1164/1164/1164 1169/1169/1169 1170/1170/1170
f 1165/1165/1165 1171/1171/1171 1166/1166/1166
f 1166/1166/1166 1171/1171/1171 1172/1172/1172
f 1166/1166/1166 1172/1172/1172 1167/1167/1167
f 1167/1167/1167 1172/1172/1172 1173/1173/1173
f 1167/1167/1167 1173/1173/1173 1168/1168/1168
f 1168/1168/1168 1173/1173/1173 1174/1174/1174
f 1168/1168/1168 1174/1174/1174 1169/1169/1169
f 1169/1169/1169 1174/1174/1174 1175/1175/1175
f 1169/1169/1169 1175/1175/1175 1170/1170/1170
f 1170/1170/1170 1175/1175/1175 1176/1176/1176
f 1171/1171/1171 1177/1177/1177 1172/1172/1172
f 1172/1172/1172 1177/1177/1177 1178/1178/1178
f 1172/1172/1172 1178/1178/1178 1173/1173/1173
f 1173/1173/1173 1178/1178/1178 1179/1179/1179
f 1173/1173/1173 1179/1179/1179 1174/1174/1174
f 1174/1174/1174 1179/1179/1179 1180/1180/1180
f 1174/1174/1174 1180/1180/1180 1175/1175/1175
f 1175/1175/1175 1180/1180/1180 1181/1181/1181
f 1175/1175/1175 1181/1181/1181 1176/1176/1176
f 1176/1176/1176 1181/1181/1181 1182/1182/1182
f 1177/1177/1177 1183/1183/1183 1178/1178/1178
f 1178/1178/1178 1183/1183/1183 1184/1184/1184
f 1178/1178/1178 1184/1184/1184 1179/1179/1179
f 1179/1179/1179 1184/1184/1184 1185/1185/1185
f 1179/1179/1179 1185/1185/1185 1180/1180/1180
f 1180/1180/1180 1185/1185/1185 1186/1186/1186
f 1180/1180/1180 1186/1186/1186 1181/1181/1181
f 1181/1181/1181 1186/1186/1186 1187/1187/1187
f 1181/1181/1181 1187/1187/1187 1182/1182/1182
f 1182/1182/1182 1187/1187/1187 1188/1188/1188
f 1183/1183/1183 1189/1189/1189 1184/1184/1184
f 1184/1184/1184 1189/1189/1189 1190/1190/1190
f 1184/1184/1184 1190/1190/1190 1185/1185/1185
f 1185/1185/1185 1190/1190/1190 1191/1191/1191
f 1185/1185/1185 1191/1191/1191 1186/1186/1186
f 1186/1186/1186 1191/1191/1191 1192/1192/1192
f 1186/1186/1186 1192/1192/1192 1187/1187/1187
f 1187/1187/1187 1192/1192/1192 1193/1193/1193
f 1187/1187/1187 1193/1193/1193 1188/1188/1188
f 1188/1188/1188 1193/1193/1193 1194/1194/1194
f 1189/1189/1189 1195/1195/1195 1190/1190/1190
f 1190/1190/1190 1195/1195/1195 1196/1196/1196
f 1190/1190/1190 1196/1196/1196 1191/1191/1191
f 1191/1191/1191 1196/1196/1196 1197/1197/1197
f 1191/1191/1191 1197/1197/1197 1192/1192/1192
f 1192/1192/1192 1197/1197/1197 1198/1198/1198
f 1192/1192/1192 1198/1198/1198 1193/1193/1193
f 1193/1193/1193 1198/1198/1198 1199/1199/1199
f 1193/1193/1193 1199/1199/1199 1194/1194/1194
f 1194/1194/1194 1199/1199/1199 1200/1200/1200
f 1195/1195/1195 1201/1201/1201 1196/1196/1196
f 1196/1196/1196 1201/1201/1201 1202/1202/1202
f 1196/1196/1196 1202/1202/1202 1197/1197/1197
f 1197/1197/1197 1202/1202/1202 1203/1203/1203
f 1197/1197/1197 1203/1203/1203 1198/1198/1198
f 1198/1198/1198 1203/1203/1203 1204/1204/1204
f 1198/1198/1198 1204/1204/1204 1199/1199/1199
f 1199/1199/1199 1204/1204/1204 1205/1205/1205
f 1199/1199/1199 1205/1205/1205 1200/1200/1200
f 1200/1200/1200 1205/1205/1205 1206/1206/1206
f 1201/1201/1201 1207/1207/1207 1202/1202/1202
f 1202/1202/1202 1207/1207/1207 1208/1208/1208
f 1202/1202/1202 1208/1208/1208 1203/1203/1203
f 1203/1203/1203 1208/1208/1208 1209/1209/1209
f 1203/1203/1203 1209/1209/1209 1204/1204/1204
f 1204/1204/1204 1209/1209/1209 1210/1210/1210
f 1204/1204/1204 1210/1210/1210 1205/1205/1205
f 1205/1205/1205 1210/1210/1210 1211/1211/1211
f 1205/1205/1205 1211/1211/1211 1206/1206/1206
f 1206/1206/1206 1211/1211/1211 1212/1212/1212

# Patch: strap_left_shoulder
o strap_left_shoulder
usemtl bikini_714ceded_material
v -0.078128 1.328000 0.121115
v -0.074709 1.328000 0.119038
v -0.071291 1.328000 0.116962
v -0.067872 1.328000 0.114885
v -0.086328 1.341600 0.107615
v -0.082909 1.341600 0.105538
v -0.079491 1.341600 0.103462
v -0.076072 1.341600 0.101385
v -0.094528 1.355200 0.094115
v -0.091109 1.355200 0.092038
v -0.087691 1.355200 0.089962
v -0.084272 1.355200 0.087885
v -0.102728 1.368800 0.080615
v -0.099309 1.368800 0.078538
v -0.095891 1.368800 0.076462
v -0.092472 1.368800 0.074385
v -0.110928 1.382400 0.067115
v -0.107509 1.382400 0.065038
v -0.104091 1.382400 0.062962
v -0.100672 1.382400 0.060885
v -0.119304 1.396000 0.053306
v -0.115768 1.396000 0.051435
v -0.112232 1.396000 0.049565
v -0.108696 1.396000 0.047694
v -0.127633 1.401600 0.035546
v -0.124011 1.401600 0.033849
v -0.120389 1.401600 0.032151
v -0.116767 1.401600 0.030454
v -0.135833 1.407200 0.018046
v -0.132211 1.407200 0.016349
v -0.128589 1.407200 0.014651
v -0.124967 1.407200 0.012954
v -0.144033 1.412800 0.000546
v -0.140411 1.412800 -0.001151
v -0.136789 1.412800 -0.002849
v -0.133167 1.412800 -0.004546
v -0.152233 1.418400 -0.016954
v -0.148611 1.418400 -0.018651
v -0.144989 1.418400 -0.020349
v -0.141367 1.418400 -0.022046
v -0.160750 1.424000 -0.038712
v -0.156917 1.424000 -0.037571
v -0.153083 1.424000 -0.036429
v -0.149250 1.424000 -0.035288
v -0.140740 1.406750 -0.057731
v -0.138080 1.406750 -0.054744
v -0.135420 1.406750 -0.051756
v -0.132760 1.406750 -0.048769
v -0.122490 1.389500 -0.073981
v -0.119830 1.389500 -0.070994
v -0.117170 1.389500 -0.068006
v -0.114510 1.389500 -0.065019
v -0.104240 1.372250 -0.090231
v -0.101580 1.372250 -0.087244
v -0.098920 1.372250 -0.084256
v -0.096260 1.372250 -0.081269
v -0.085990 1.355000 -0.106481
v -0.083330 1.355000 -0.103494
v -0.080670 1.355000 -0.100506
v -0.078010 1.355000 -0.097519
vn -0.338732 -0.757804 -0.557669
vn -0.338732 -0.757804 -0.557669
vn -0.338732 -0.757804 -0.557669
vn -0.338732 -0.757804 -0.557669
vn -0.338732 -0.757804 -0.557669
vn -0.338732 -0.757804 -0.557669
vn -0.338732 -0.757804 -0.557669
vn -0.338732 -0.757804 -0.557669
vn -0.338732 -0.757804 -0.557669
vn -0.338732 -0.757804 -0.557669
vn -0.338732 -0.757804 -0.557669
vn -0.338732 -0.757804 -0.557669
vn -0.338732 -0.757804 -0.557669
vn -0.338732 -0.757804 -0.557669
vn -0.338732 -0.757804 -0.557669
vn -0.338732 -0.757804 -0.557669
vn -0.337278 -0.760207 -0.555274
vn -0.332027 -0.759793 -0.558992
vn -0.333459 -0.757384 -0.561404
vn -0.329580 -0.754485 -0.567564
vn -0.262241 -0.844176 -0.467544
vn -0.227317 -0.878497 -0.420203
vn -0.229474 -0.876016 -0.424190
vn -0.192103 -0.907757 -0.372926
vn -0.121408 -0.960972 -0.248582
vn -0.120031 -0.960549 -0.250876
vn -0.120588 -0.960174 -0.252040
vn -0.118639 -0.960114 -0.253192
vn -0.118091 -0.960489 -0.252023
vn -0.118091 -0.960489 -0.252023
vn -0.118091 -0.960489 -0.252023
vn -0.118091 -0.960489 -0.252023
vn -0.118091 -0.960489 -0.252023
vn -0.118091 -0.960489 -0.252023
vn -0.118091 -0.960489 -0.252023
vn -0.118091 -0.960489 -0.252023
vn -0.111023 -0.965160 -0.236940
vn -0.084219 -0.964151 -0.251634
vn -0.089869 -0.959074 -0.268514
vn -0.062682 -0.949246 -0.308226
vn -0.089683 -0.991345 0.095876
vn -0.173783 -0.958051 0.227900
vn -0.194830 -0.946975 0.255500
vn -0.277050 -0.879500 0.386941
vn -0.344067 -0.828101 0.442568
vn -0.393766 -0.817850 0.419607
vn -0.405567 -0.805440 0.432182
vn -0.443354 -0.804734 0.394767
vn -0.430709 -0.816953 0.383508
vn -0.430709 -0.816953 0.383508
vn -0.430709 -0.816953 0.383508
vn -0.430709 -0.816953 0.383508
vn -0.430709 -0.816953 0.383508
vn -0.430709 -0.816953 0.383508
vn -0.430709 -0.816953 0.383508
vn -0.430709 -0.816953 0.383508
vn -0.430709 -0.816953 0.383508
vn -0.430709 -0.816953 0.383508
vn -0.430709 -0.816953 0.383508
vn -0.430709 -0.816953 0.383508
vt 0.755000 0.020000
vt 0.755000 0.122222
vt 0.755000 0.224444
vt 0.755000 0.326667
vt 0.771071 0.020000
vt 0.771071 0.122222
vt 0.771071 0.224444
vt 0.771071 0.326667
vt 0.787143 0.020000
vt 0.787143 0.122222
vt 0.787143 0.224444
vt 0.787143 0.326667
vt 0.803214 0.020000
vt 0.803214 0.122222
vt 0.803214 0.224444
vt 0.803214 0.326667
vt 0.819286 0.020000
vt 0.819286 0.122222
vt 0.819286 0.224444
vt 0.819286 0.326667
vt 0.835357 0.020000
vt 0.835357 0.122222
vt 0.835357 0.224444
vt 0.835357 0.326667
vt 0.851429 0.020000
vt 0.851429 0.122222
vt 0.851429 0.224444
vt 0.851429 0.326667
vt 0.867500 0.020000
vt 0.867500 0.122222
vt 0.867500 0.224444
vt 0.867500 0.326667
vt 0.883571 0.020000
vt 0.883571 0.122222
vt 0.883571 0.224444
vt 0.883571 0.326667
vt 0.899643 0.020000
vt 0.899643 0.122222
vt 0.899643 0.224444
vt 0.899643 0.326667
vt 0.915714 0.020000
vt 0.915714 0.122222
vt 0.915714 0.224444
vt 0.915714 0.326667
vt 0.931786 0.020000
vt 0.931786 0.122222
vt 0.931786 0.224444
vt 0.931786 0.326667
vt 0.947857 0.020000
vt 0.947857 0.122222
vt 0.947857 0.224444
vt 0.947857 0.326667
vt 0.963929 0.020000
vt 0.963929 0.122222
vt 0.963929 0.224444
vt 0.963929 0.326667
vt 0.980000 0.020000
vt 0.980000 0.122222
vt 0.980000 0.224444
vt 0.980000 0.326667
f 1213/1213/1213 1217/1217/1217 1214/1214/1214
f 1214/1214/1214 1217/1217/1217 1218/1218/1218
f 1214/1214/1214 1218/1218/1218 1215/1215/1215
f 1215/1215/1215 1218/1218/1218 1219/1219/1219
f 1215/1215/1215 1219/1219/1219 1216/1216/1216
f 1216/1216/1216 1219/1219/1219 1220/1220/1220
f 1217/1217/1217 1221/1221/1221 1218/1218/1218
f 1218/1218/1218 1221/1221/1221 1222/1222/1222
f 1218/1218/1218 1222/1222/1222 1219/1219/1219
f 1219/1219/1219 1222/1222/1222 1223/1223/1223
f 1219/1219/1219 1223/1223/1223 1220/1220/1220
f 1220/1220/1220 1223/1223/1223 1224/1224/1224
f 1221/1221/1221 1225/1225/1225 1222/1222/1222
f 1222/1222/1222 1225/1225/1225 1226/1226/1226
f 1222/1222/1222 1226/1226/1226 1223/1223/1223
f 1223/1223/1223 1226/1226/1226 1227/1227/1227
f 1223/1223/1223 1227/1227/1227 1224/1224/1224
f 1224/1224/1224 1227/1227/1227 1228/1228/1228
f 1225/1225/1225 1229/1229/1229 1226/1226/1226
f 1226/1226/1226 1229/1229/1229 1230/1230/1230
f 1226/1226/1226 1230/1230/1230 1227/1227/1227
f 1227/1227/1227 1230/1230/1230 1231/1231/1231
f 1227/1227/1227 1231/1231/1231 1228/1228/1228
f 1228/1228/1228 1231/1231/1231 1232/1232/1232
f 1229/1229/1229 1233/1233/1233 1230/1230/1230
f 1230/1230/1230 1233/1233/1233 1234/1234/1234
f 1230/1230/1230 1234/1234/1234 1231/1231/1231
f 1231/1231/1231 1234/1234/1234 1235/1235/1235
f 1231/1231/1231 1235/1235/1235 1232/1232/1232
f 1232/1232/1232 1235/1235/1235 1236/1236/1236
f 1233/1233/1233 1237/1237/1237 1234/1234/1234
f 1234/1234/1234 1237/1237/1237 1238/1238/1238
f 1234/1234/1234 1238/1238/1238 1235/1235/1235
f 1235/1235/1235 1238/1238/1238 1239/1239/1239
f 1235/1235/1235 1239/1239/1239 1236/1236/1236
f 1236/1236/1236 1239/1239/1239 1240/1240/1240
f 1237/1237/1237 1241/1241/1241 1238/1238/1238
f 1238/1238/1238 1241/1241/1241 1242/1242/1242
f 1238/1238/1238 1242/1242/1242 1239/1239/1239
f 1239/1239/1239 1242/1242/1242 1243/1243/1243
f 1239/1239/1239 1243/1243/1243 1240/1240/1240
f 1240/1240/1240 1243/1243/1243 1244/1244/1244
f 1241/1241/1241 1245/1245/1245 1242/1242/1242
f 1242/1242/1242 1245/1245/1245 1246/1246/1246
f 1242/1242/1242 1246/1246/1246 1243/1243/1243
f 1243/1243/1243 1246/1246/1246 1247/1247/1247
f 1243/1243/1243 1247/1247/1247 1244/1244/1244
f 1244/1244/1244 1247/1247/1247 1248/1248/1248
f 1245/1245/1245 1249/1249/1249 1246/1246/1246
f 1246/1246/1246 1249/1249/1249 1250/1250/1250
f 1246/1246/1246 1250/1250/1250 1247/1247/1247
f 1247/1247/1247 1250/1250/1250 1251/1251/1251
f 1247/1247/1247 1251/1251/1251 1248/1248/1248
f 1248/1248/1248 1251/1251/1251 1252/1252/1252
f 1249/1249/1249 1253/1253/1253 1250/1250/1250
f 1250/1250/1250 1253/1253/1253 1254/1254/1254
f 1250/1250/1250 1254/1254/1254 1251/1251/1251
f 1251/1251/1251 1254/1254/1254 1255/1255/1255
f 1251/1251/1251 1255/1255/1255 1252/1252/1252
f 1252/1252/1252 1255/1255/1255 1256/1256/1256
f 1253/1253/1253 1257/1257/1257 1254/1254/1254
f 1254/1254/1254 1257/1257/1257 1258/1258/1258
f 1254/1254/1254 1258/1258/1258 1255/1255/1255
f 1255/1255/1255 1258/1258/1258 1259/1259/1259
f 1255/1255/1255 1259/1259/1259 1256/1256/1256
f 1256/1256/1256 1259/1259/1259 1260/1260/1260
f 1257/1257/1257 1261/1261/1261 1258/1258/1258
f 1258/1258/1258 1261/1261/1261 1262/1262/1262
f 1258/1258/1258 1262/1262/1262 1259/1259/1259
f 1259/1259/1259 1262/1262/1262 1263/1263/1263
f 1259/1259/1259 1263/1263/1263 1260/1260/1260
f 1260/1260/1260 1263/1263/1263 1264/1264/1264
f 1261/1261/1261 1265/1265/1265 1262/1262/1262
f 1262/1262/1262 1265/1265/1265 1266/1266/1266
f 1262/1262/1262 1266/1266/1266 1263/1263/1263
f 1263/1263/1263 1266/1266/1266 1267/1267/1267
f 1263/1263/1263 1267/1267/1267 1264/1264/1264
f 1264/1264/1264 1267/1267/1267 1268/1268/1268
f 1265/1265/1265 1269/1269/1269 1266/1266/1266
f 1266/1266/1266 1269/1269/1269 1270/1270/1270
f 1266/1266/1266 1270/1270/1270 1267/1267/1267
f 1267/1267/1267 1270/1270/1270 1271/1271/1271
f 1267/1267/1267 1271/1271/1271 1268/1268/1268
f 1268/1268/1268 1271/1271/1271 1272/1272/1272

# Patch: strap_right_shoulder
o strap_right_shoulder
usemtl bikini_714ceded_material
v 0.066922 1.327000 0.114804
v 0.070307 1.327000 0.116935
v 0.073693 1.327000 0.119065
v 0.077078 1.327000 0.121196
v 0.075922 1.340400 0.100504
v 0.079307 1.340400 0.102635
v 0.082693 1.340400 0.104765
v 0.086078 1.340400 0.106896
v 0.084922 1.353800 0.086204
v 0.088307 1.353800 0.088335
v 0.091693 1.353800 0.090465
v 0.095078 1.353800 0.092596
v 0.093922 1.367200 0.071904
v 0.097307 1.367200 0.074035
v 0.100693 1.367200 0.076165
v 0.104078 1.367200 0.078296
v 0.102922 1.380600 0.057604
v 0.106307 1.380600 0.059735
v 0.109693 1.380600 0.061865
v 0.113078 1.380600 0.063996
v 0.111747 1.394000 0.043600
v 0.115249 1.394000 0.045533
v 0.118751 1.394000 0.047467
v 0.122253 1.394000 0.049400
v 0.120616 1.399400 0.025552
v 0.124205 1.399400 0.027317
v 0.127795 1.399400 0.029083
v 0.131384 1.399400 0.030848
v 0.129616 1.404800 0.007252
v 0.133205 1.404800 0.009017
v 0.136795 1.404800 0.010783
v 0.140384 1.404800 0.012548
v 0.138616 1.410200 -0.011048
v 0.142205 1.410200 -0.009283
v 0.145795 1.410200 -0.007517
v 0.149384 1.410200 -0.005752
v 0.147616 1.415600 -0.029348
v 0.151205 1.415600 -0.027583
v 0.154795 1.415600 -0.025817
v 0.158384 1.415600 -0.024052
v 0.157382 1.421000 -0.041169
v 0.160461 1.421000 -0.043723
v 0.163539 1.421000 -0.046277
v 0.166618 1.421000 -0.048831
v 0.123792 1.404500 -0.053671
v 0.125264 1.404500 -0.057390
v 0.126736 1.404500 -0.061110
v 0.128208 1.404500 -0.064829
v 0.087792 1.388000 -0.067921
v 0.089264 1.388000 -0.071640
v 0.090736 1.388000 -0.075360
v 0.092208 1.388000 -0.079079
v 0.051792 1.371500 -0.082171
v 0.053264 1.371500 -0.085890
v 0.054736 1.371500 -0.089610
v 0.056208 1.371500 -0.093329
v 0.015792 1.355000 -0.096421
v 0.017264 1.355000 -0.100140
v 0.018736 1.355000 -0.103860
v 0.020208 1.355000 -0.107579
vn 0.330980 -0.783512 -0.525891
vn 0.330980 -0.783512 -0.525891
vn 0.330980 -0.783512 -0.525891
vn 0.330980 -0.783512 -0.525891
vn 0.330980 -0.783512 -0.525891
vn 0.330980 -0.783512 -0.525891
vn 0.330980 -0.783512 -0.525891
vn 0.330980 -0.783512 -0.525891
vn 0.330980 -0.783512 -0.525891
vn 0.330980 -0.783512 -0.525891
vn 0.330980 -0.783512 -0.525891
vn 0.330980 -0.783512 -0.525891
vn 0.330980 -0.783512 -0.525891
vn 0.330980 -0.783512 -0.525891
vn 0.330980 -0.783512 -0.525891
vn 0.330980 -0.783512 -0.525891
vn 0.332360 -0.781450 -0.528083
vn 0.327091 -0.781781 -0.530876
vn 0.325733 -0.783839 -0.528672
vn 0.319150 -0.786168 -0.529229
vn 0.260242 -0.856422 -0.445887
vn 0.222173 -0.891896 -0.393904
vn 0.220193 -0.893928 -0.390394
vn 0.181572 -0.923746 -0.337230
vn 0.117274 -0.966280 -0.229235
vn 0.114863 -0.966634 -0.228968
vn 0.114365 -0.966927 -0.227976
vn 0.112476 -0.966977 -0.228701
vn 0.112965 -0.966685 -0.229695
vn 0.112965 -0.966685 -0.229695
vn 0.112965 -0.966685 -0.229695
vn 0.112965 -0.966685 -0.229695
vn 0.112965 -0.966685 -0.229695
vn 0.112965 -0.966685 -0.229695
vn 0.112965 -0.966685 -0.229695
vn 0.112965 -0.966685 -0.229695
vn 0.123239 -0.960218 -0.250585
vn 0.080322 -0.959719 -0.269236
vn 0.073015 -0.966835 -0.244743
vn 0.022691 -0.970932 -0.238277
vn 0.177089 -0.981763 0.069148
vn 0.224778 -0.965826 0.129052
vn 0.201738 -0.972567 0.115825
vn 0.238062 -0.958779 0.155140
vn 0.349839 -0.912767 0.210875
vn 0.353807 -0.918870 0.174640
vn 0.346348 -0.922397 0.170959
vn 0.357010 -0.923349 0.141317
vn 0.364526 -0.919946 0.144292
vn 0.364526 -0.919946 0.144292
vn 0.364526 -0.919946 0.144292
vn 0.364526 -0.919946 0.144292
vn 0.364526 -0.919946 0.144292
vn 0.364526 -0.919946 0.144292
vn 0.364526 -0.919946 0.144292
vn 0.364526 -0.919946 0.144292
vn 0.364526 -0.919946 0.144292
vn 0.364526 -0.919946 0.144292
vn 0.364526 -0.919946 0.144292
vn 0.364526 -0.919946 0.144292
vt 0.020000 0.346667
vt 0.020000 0.448889
vt 0.020000 0.551111
vt 0.020000 0.653333
vt 0.036071 0.346667
vt 0.036071 0.448889
vt 0.036071 0.551111
vt 0.036071 0.653333
vt 0.052143 0.346667
vt 0.052143 0.448889
vt 0.052143 0.551111
vt 0.052143 0.653333
vt 0.068214 0.346667
vt 0.068214 0.448889
vt 0.068214 0.551111
vt 0.068214 0.653333
vt 0.084286 0.346667
vt 0.084286 0.448889
vt 0.084286 0.551111
vt 0.084286 0.653333
vt 0.100357 0.346667
vt 0.100357 0.448889
vt 0.100357 0.551111
vt 0.100357 0.653333
vt 0.116429 0.346667
vt 0.116429 0.448889
vt 0.116429 0.551111
vt 0.116429 0.653333
vt 0.132500 0.346667
vt 0.132500 0.448889
vt 0.132500 0.551111
vt 0.132500 0.653333
vt 0.148571 0.346667
vt 0.148571 0.448889
vt 0.148571 0.551111
vt 0.148571 0.653333
vt 0.164643 0.346667
vt 0.164643 0.448889
vt 0.164643 0.551111
vt 0.164643 0.653333
vt 0.180714 0.346667
vt 0.180714 0.448889
vt 0.180714 0.551111
vt 0.180714 0.653333
vt 0.196786 0.346667
vt 0.196786 0.448889
vt 0.196786 0.551111
vt 0.196786 0.653333
vt 0.212857 0.346667
vt 0.212857 0.448889
vt 0.212857 0.551111
vt 0.212857 0.653333
vt 0.228929 0.346667
vt 0.228929 0.448889
vt 0.228929 0.551111
vt 0.228929 0.653333
vt 0.245000 0.346667
vt 0.245000 0.448889
vt 0.245000 0.551111
vt 0.245000 0.653333
f 1273/1273/1273 1277/1277/1277 1274/1274/1274
f 1274/1274/1274 1277/1277/1277 1278/1278/1278
f 1274/1274/1274 1278/1278/1278 1275/1275/1275
f 1275/1275/1275 1278/1278/1278 1279/1279/1279
f 1275/1275/1275 1279/1279/1279 1276/1276/1276
f 1276/1276/1276 1279/1279/1279 1280/1280/1280
f 1277/1277/1277 1281/1281/1281 1278/1278/1278
f 1278/1278/1278 1281/1281/1281 1282/1282/1282
f 1278/1278/1278 1282/1282/1282 1279/1279/1279
f 1279/1279/1279 1282/1282/1282 1283/1283/1283
f 1279/1279/1279 1283/1283/1283 1280/1280/1280
f 1280/1280/1280 1283/1283/1283 1284/1284/1284
f 1281/1281/1281 1285/1285/1285 1282/1282/1282
f 1282/1282/1282 1285/1285/1285 1286/1286/1286
f 1282/1282/1282 1286/1286/1286 1283/1283/1283
f 1283/1283/1283 1286/1286/1286 1287/1287/1287
f 1283/1283/1283 1287/1287/1287 1284/1284/1284
f 1284/1284/1284 1287/1287/1287 1288/1288/1288
f 1285/1285/1285 1289/1289/1289 1286/1286/1286
f 1286/1286/1286 1289/1289/1289 1290/1290/1290
f 1286/1286/1286 1290/1290/1290 1287/1287/1287
f 1287/1287/1287 1290/1290/1290 1291/1291/1291
f 1287/1287/1287 1291/1291/1291 1288/1288/1288
f 1288/1288/1288 1291/1291/1291 1292/1292/1292
f 1289/1289/1289 1293/1293/1293 1290/1290/1290
f 1290/1290/1290 1293/1293/1293 1294/1294/1294
f 1290/1290/1290 1294/1294/1294 1291/1291/1291
f 1291/1291/1291 1294/1294/1294 1295/1295/1295
f 1291/1291/1291 1295/1295/1295 1292/1292/1292
f 1292/1292/1292 1295/1295/1295 1296/1296/1296
f 1293/1293/1293 1297/1297/1297 1294/1294/1294
f 1294/1294/1294 1297/1297/1297 1298/1298/1298
f 1294/1294/1294 1298/1298/1298 1295/1295/1295
f 1295/1295/1295 1298/1298/1298 1299/1299/1299
f 1295/1295/1295 1299/1299/1299 1296/1296/1296
f 1296/1296/1296 1299/1299/1299 1300/1300/1300
f 1297/1297/1297 1301/1301/1301 1298/1298/1298
f 1298/1298/1298 1301/1301/1301 1302/1302/1302
f 1298/1298/1298 1302/1302/1302 1299/1299/1299
f 1299/1299/1299 1302/1302/1302 1303/1303/1303
f 1299/1299/1299 1303/1303/1303 1300/1300/1300
f 1300/1300/1300 1303/1303/1303 1304/1304/1304
f 1301/1301/1301 1305/1305/1305 1302/1302/1302
f 1302/1302/1302 1305/1305/1305 1306/1306/1306
f 1302/1302/1302 1306/1306/1306 1303/1303/1303
f 1303/1303/1303 1306/1306/1306 1307/1307/1307
f 1303/1303/1303 1307/1307/1307 1304/1304/1304
f 1304/1304/1304 1307/1307/1307 1308/1308/1308
f 1305/1305/1305 1309/1309/1309 1306/1306/1306
f 1306/1306/1306 1309/1309/1309 1310/1310/1310
f 1306/1306/1306 1310/1310/1310 1307/1307/1307
f 1307/1307/1307 1310/1310/1310 1311/1311/1311
f 1307/1307/1307 1311/1311/1311 1308/1308/1308
f 1308/1308/1308 1311/1311/1311 1312/1312/1312
f 1309/1309/1309 1313/1313/1313 1310/1310/1310
f 1310/1310/1310 1313/1313/1313 1314/1314/1314
f 1310/1310/1310 1314/1314/1314 1311/1311/1311
f 1311/1311/1311 1314/1314/1314 1315/1315/1315
f 1311/1311/1311 1315/1315/1315 1312/1312/1312
f 1312/1312/1312 1315/1315/1315 1316/1316/1316
f 1313/1313/1313 1317/1317/1317 1314/1314/1314
f 1314/1314/1314 1317/1317/1317 1318/1318/1318
f 1314/1314/1314 1318/1318/1318 1315/1315/1315
f 1315/1315/1315 1318/1318/1318 1319/1319/1319
f 1315/1315/1315 1319/1319/1319 1316/1316/1316
f 1316/1316/1316 1319/1319/1319 1320/1320/1320
f 1317/1317/1317 1321/1321/1321 1318/1318/1318
f 1318/1318/1318 1321/1321/1321 1322/1322/1322
f 1318/1318/1318 1322/1322/1322 1319/1319/1319
f 1319/1319/1319 1322/1322/1322 1323/1323/1323
f 1319/1319/1319 1323/1323/1323 1320/1320/1320
f 1320/1320/1320 1323/1323/1323 1324/1324/1324
f 1321/1321/1321 1325/1325/1325 1322/1322/1322
f 1322/1322/1322 1325/1325/1325 1326/1326/1326
f 1322/1322/1322 1326/1326/1326 1323/1323/1323
f 1323/1323/1323 1326/1326/1326 1327/1327/1327
f 1323/1323/1323 1327/1327/1327 1324/1324/1324
f 1324/1324/1324 1327/1327/1327 1328/1328/1328
f 1325/1325/1325 1329/1329/1329 1326/1326/1326
f 1326/1326/1326 1329/1329/1329 1330/1330/1330
f 1326/1326/1326 1330/1330/1330 1327/1327/1327
f 1327/1327/1327 1330/1330/1330 1331/1331/1331
f 1327/1327/1327 1331/1331/1331 1328/1328/1328
f 1328/1328/1328 1331/1331/1331 1332/1332/1332

# Patch: bottom_front_classic
o bottom_front_classic
usemtl bikini_714ceded_material
v -0.111422 0.996000 0.086000
v -0.099694 0.996000 0.086000
v -0.087965 0.996000 0.086000
v -0.076236 0.996000 0.086000
v -0.064508 0.996000 0.086000
v -0.052779 0.996000 0.086000
v -0.041050 0.996000 0.086000
v -0.029322 0.996000 0.086000
v -0.017593 0.996000 0.086000
v -0.005864 0.996000 0.086000
v 0.005864 0.996000 0.086000
v 0.017593 0.996000 0.086000
v 0.029322 0.996000 0.086000
v 0.041050 0.996000 0.086000
v 0.052779 0.996000 0.086000
v 0.064508 0.996000 0.086000
v 0.076236 0.996000 0.086000
v 0.087965 0.996000 0.086000
v 0.099694 0.996000 0.086000
v 0.111422 0.996000 0.086000
v -0.103128 0.984684 0.081841
v -0.092272 0.984684 0.081912
v -0.081417 0.984684 0.081983
v -0.070561 0.984684 0.082054
v -0.059706 0.984684 0.082125
v -0.048850 0.984684 0.082195
v -0.037994 0.984684 0.082266
v -0.027139 0.984684 0.082337
v -0.016283 0.984684 0.082408
v -0.005428 0.984684 0.082478
v 0.005428 0.984684 0.082478
v 0.016283 0.984684 0.082408
v 0.027139 0.984684 0.082337
v 0.037994 0.984684 0.082266
v 0.048850 0.984684 0.082195
v 0.059706 0.984684 0.082125
v 0.070561 0.984684 0.082054
v 0.081417 0.984684 0.081983
v 0.092272 0.984684 0.081912
v 0.103128 0.984684 0.081841
v -0.095149 0.973368 0.077720
v -0.085133 0.973368 0.077855
v -0.075117 0.973368 0.077990
v -0.065102 0.973368 0.078124
v -0.055086 0.973368 0.078259
v -0.045070 0.973368 0.078394
v -0.035055 0.973368 0.078529
v -0.025039 0.973368 0.078664
v -0.015023 0.973368 0.078799
v -0.005008 0.973368 0.078933
v 0.005008 0.973368 0.078933
v 0.015023 0.973368 0.078799
v 0.025039 0.973368 0.078664
v 0.035055 0.973368 0.078529
v 0.045070 0.973368 0.078394
v 0.055086 0.973368 0.078259
v 0.065102 0.973368 0.078124
v 0.075117 0.973368 0.077990
v 0.085133 0.973368 0.077855
v 0.095149 0.973368 0.077720
v -0.087485 0.962053 0.073624
v -0.078276 0.962053 0.073814
v -0.069067 0.962053 0.074005
v -0.059858 0.962053 0.074196
v -0.050649 0.962053 0.074386
v -0.041440 0.962053 0.074577
v -0.032231 0.962053 0.074767
v -0.023022 0.962053 0.074958
v -0.013813 0.962053 0.075149
v -0.004604 0.962053 0.075339
v 0.004604 0.962053 0.075339
v 0.013813 0.962053 0.075149
v 0.023022 0.962053 0.074958
v 0.032231 0.962053 0.074767
v 0.041440 0.962053 0.074577
v 0.050649 0.962053 0.074386
v 0.059858 0.962053 0.074196
v 0.069067 0.962053 0.074005
v 0.078276 0.962053 0.073814
v 0.087485 0.962053 0.073624
v -0.080138 0.950737 0.069540
v -0.071702 0.950737 0.069777
v -0.063267 0.950737 0.070014
v -0.054831 0.950737 0.070251
v -0.046395 0.950737 0.070487
v -0.037960 0.950737 0.070724
v -0.029524 0.950737 0.070961
v -0.021089 0.950737 0.071198
v -0.012653 0.950737 0.071435
v -0.004218 0.950737 0.071672
v 0.004218 0.950737 0.071672
v 0.012653 0.950737 0.071435
v 0.021089 0.950737 0.071198
v 0.029524 0.950737 0.070961
v 0.037960 0.950737 0.070724
v 0.046395 0.950737 0.070487
v 0.054831 0.950737 0.070251
v 0.063267 0.950737 0.070014
v 0.071702 0.950737 0.069777
v 0.080138 0.950737 0.069540
v -0.073106 0.939421 0.065453
v -0.065410 0.939421 0.065726
v -0.057715 0.939421 0.065999
v -0.050020 0.939421 0.066272
v -0.042324 0.939421 0.066545
v -0.034629 0.939421 0.066818
v -0.026934 0.939421 0.067091
v -0.019238 0.939421 0.067364
v -0.011543 0.939421 0.067637
v -0.003848 0.939421 0.067909
v 0.003848 0.939421 0.067909
v 0.011543 0.939421 0.067637
v 0.019238 0.939421 0.067364
v 0.026934 0.939421 0.067091
v 0.034629 0.939421 0.066818
v 0.042324 0.939421 0.066545
v 0.050020 0.939421 0.066272
v 0.057715 0.939421 0.065999
v 0.065410 0.939421 0.065726
v 0.073106 0.939421 0.065453
v -0.066389 0.928105 0.061348
v -0.059401 0.928105 0.061646
v -0.052412 0.928105 0.061944
v -0.045424 0.928105 0.062243
v -0.038436 0.928105 0.062541
v -0.031447 0.928105 0.062839
v -0.024459 0.928105 0.063137
v -0.017471 0.928105 0.063435
v -0.010482 0.928105 0.063734
v -0.003494 0.928105 0.064032
v 0.003494 0.928105 0.064032
v 0.010482 0.928105 0.063734
v 0.017471 0.928105 0.063435
v 0.024459 0.928105 0.063137
v 0.031447 0.928105 0.062839
v 0.038436 0.928105 0.062541
v 0.045424 0.928105 0.062243
v 0.052412 0.928105 0.061944
v 0.059401 0.928105 0.061646
v 0.066389 0.928105 0.061348
v -0.059988 0.916789 0.057209
v -0.053674 0.916789 0.057521
v -0.047359 0.916789 0.057834
v -0.041045 0.916789 0.058147
v -0.034730 0.916789 0.058459
v -0.028415 0.916789 0.058772
v -0.022101 0.916789 0.059085
v -0.015786 0.916789 0.059397
v -0.009472 0.916789 0.059710
v -0.003157 0.916789 0.060023
v 0.003157 0.916789 0.060023
v 0.009472 0.916789 0.059710
v 0.015786 0.916789 0.059397
v 0.022101 0.916789 0.059085
v 0.028415 0.916789 0.058772
v 0.034730 0.916789 0.058459
v 0.041045 0.916789 0.058147
v 0.047359 0.916789 0.057834
v 0.053674 0.916789 0.057521
v 0.059988 0.916789 0.057209
v -0.053903 0.905474 0.053019
v -0.048229 0.905474 0.053335
v -0.042555 0.905474 0.053652
v -0.036881 0.905474 0.053969
v -0.031207 0.905474 0.054285
v -0.025533 0.905474 0.054602
v -0.019859 0.905474 0.054919
v -0.014185 0.905474 0.055235
v -0.008511 0.905474 0.055552
v -0.002837 0.905474 0.055869
v 0.002837 0.905474 0.055869
v 0.008511 0.905474 0.055552
v 0.014185 0.905474 0.055235
v 0.019859 0.905474 0.054919
v 0.025533 0.905474 0.054602
v 0.031207 0.905474 0.054285
v 0.036881 0.905474 0.053969
v 0.042555 0.905474 0.053652
v 0.048229 0.905474 0.053335
v 0.053903 0.905474 0.053019
v -0.048133 0.894158 0.048764
v -0.043067 0.894158 0.049074
v -0.038000 0.894158 0.049385
v -0.032933 0.894158 0.049696
v -0.027867 0.894158 0.050007
v -0.022800 0.894158 0.050318
v -0.017733 0.894158 0.050628
v -0.012667 0.894158 0.050939
v -0.007600 0.894158 0.051250
v -0.002533 0.894158 0.051561
v 0.002533 0.894158 0.051561
v 0.007600 0.894158 0.051250
v 0.012667 0.894158 0.050939
v 0.017733 0.894158 0.050628
v 0.022800 0.894158 0.050318
v 0.027867 0.894158 0.050007
v 0.032933 0.894158 0.049696
v 0.038000 0.894158 0.049385
v 0.043067 0.894158 0.049074
v 0.048133 0.894158 0.048764
v -0.042679 0.882842 0.044430
v -0.038187 0.882842 0.044726
v -0.033694 0.882842 0.045022
v -0.029202 0.882842 0.045318
v -0.024709 0.882842 0.045614
v -0.020217 0.882842 0.045910
v -0.015724 0.882842 0.046206
v -0.011231 0.882842 0.046502
v -0.006739 0.882842 0.046799
v -0.002246 0.882842 0.047095
v 0.002246 0.882842 0.047095
v 0.006739 0.882842 0.046799
v 0.011231 0.882842 0.046502
v 0.015724 0.882842 0.046206
v 0.020217 0.882842 0.045910
v 0.024709 0.882842 0.045614
v 0.029202 0.882842 0.045318
v 0.033694 0.882842 0.045022
v 0.038187 0.882842 0.044726
v 0.042679 0.882842 0.044430
v -0.037541 0.871526 0.040006
v -0.033589 0.871526 0.040279
v -0.029638 0.871526 0.040553
v -0.025686 0.871526 0.040827
v -0.021734 0.871526 0.041101
v -0.017783 0.871526 0.041374
v -0.013831 0.871526 0.041648
v -0.009879 0.871526 0.041922
v -0.005928 0.871526 0.042195
v -0.001976 0.871526 0.042469
v 0.001976 0.871526 0.042469
v 0.005928 0.871526 0.042195
v 0.009879 0.871526 0.041922
v 0.013831 0.871526 0.041648
v 0.017783 0.871526 0.041374
v 0.021734 0.871526 0.041101
v 0.025686 0.871526 0.040827
v 0.029638 0.871526 0.040553
v 0.033589 0.871526 0.040279
v 0.037541 0.871526 0.040006
v -0.032719 0.860211 0.035483
v -0.029274 0.860211 0.035728
v -0.025830 0.860211 0.035973
v -0.022386 0.860211 0.036218
v -0.018942 0.860211 0.036463
v -0.015498 0.860211 0.036708
v -0.012054 0.860211 0.036953
v -0.008610 0.860211 0.037198
v -0.005166 0.860211 0.037443
v -0.001722 0.860211 0.037688
v 0.001722 0.860211 0.037688
v 0.005166 0.860211 0.037443
v 0.008610 0.860211 0.037198
v 0.012054 0.860211 0.036953
v 0.015498 0.860211 0.036708
v 0.018942 0.860211 0.036463
v 0.022386 0.860211 0.036218
v 0.025830 0.860211 0.035973
v 0.029274 0.860211 0.035728
v 0.032719 0.860211 0.035483
v -0.028211 0.848895 0.030855
v -0.025242 0.848895 0.031066
v -0.022272 0.848895 0.031278
v -0.019303 0.848895 0.031490
v -0.016333 0.848895 0.031701
v -0.013363 0.848895 0.031913
v -0.010394 0.848895 0.032124
v -0.007424 0.848895 0.032336
v -0.004454 0.848895 0.032548
v -0.001485 0.848895 0.032759
v 0.001485 0.848895 0.032759
v 0.004454 0.848895 0.032548
v 0.007424 0.848895 0.032336
v 0.010394 0.848895 0.032124
v 0.013363 0.848895 0.031913
v 0.016333 0.848895 0.031701
v 0.019303 0.848895 0.031490
v 0.022272 0.848895 0.031278
v 0.025242 0.848895 0.031066
v 0.028211 0.848895 0.030855
v -0.024020 0.837579 0.026119
v -0.021492 0.837579 0.026294
v -0.018963 0.837579 0.026469
v -0.016435 0.837579 0.026645
v -0.013906 0.837579 0.026820
v -0.011378 0.837579 0.026995
v -0.008849 0.837579 0.027170
v -0.006321 0.837579 0.027345
v -0.003793 0.837579 0.027520
v -0.001264 0.837579 0.027695
v 0.001264 0.837579 0.027695
v 0.003793 0.837579 0.027520
v 0.006321 0.837579 0.027345
v 0.008849 0.837579 0.027170
v 0.011378 0.837579 0.026995
v 0.013906 0.837579 0.026820
v 0.016435 0.837579 0.026645
v 0.018963 0.837579 0.026469
v 0.021492 0.837579 0.026294
v 0.024020 0.837579 0.026119
v -0.020144 0.826263 0.021277
v -0.018024 0.826263 0.021414
v -0.015903 0.826263 0.021552
v -0.013783 0.826263 0.021689
v -0.011662 0.826263 0.021826
v -0.009542 0.826263 0.021963
v -0.007422 0.826263 0.022100
v -0.005301 0.826263 0.022237
v -0.003181 0.826263 0.022374
v -0.001060 0.826263 0.022511
v 0.001060 0.826263 0.022511
v 0.003181 0.826263 0.022374
v 0.005301 0.826263 0.022237
v 0.007422 0.826263 0.022100
v 0.009542 0.826263 0.021963
v 0.011662 0.826263 0.021826
v 0.013783 0.826263 0.021689
v 0.015903 0.826263 0.021552
v 0.018024 0.826263 0.021414
v 0.020144 0.826263 0.021277
v -0.016584 0.814947 0.016334
v -0.014838 0.814947 0.016433
v -0.013093 0.814947 0.016533
v -0.011347 0.814947 0.016632
v -0.009601 0.814947 0.016731
v -0.007856 0.814947 0.016830
v -0.006110 0.814947 0.016929
v -0.004364 0.814947 0.017029
v -0.002619 0.814947 0.017128
v -0.000873 0.814947 0.017227
v 0.000873 0.814947 0.017227
v 0.002619 0.814947 0.017128
v 0.004364 0.814947 0.017029
v 0.006110 0.814947 0.016929
v 0.007856 0.814947 0.016830
v 0.009601 0.814947 0.016731
v 0.011347 0.814947 0.016632
v 0.013093 0.814947 0.016533
v 0.014838 0.814947 0.016433
v 0.016584 0.814947 0.016334
v -0.013340 0.803632 0.011298
v -0.011935 0.803632 0.011361
v -0.010531 0.803632 0.011424
v -0.009127 0.803632 0.011487
v -0.007723 0.803632 0.011550
v -0.006319 0.803632 0.011613
v -0.004915 0.803632 0.011675
v -0.003510 0.803632 0.011738
v -0.002106 0.803632 0.011801
v -0.000702 0.803632 0.011864
v 0.000702 0.803632 0.011864
v 0.002106 0.803632 0.011801
v 0.003510 0.803632 0.011738
v 0.004915 0.803632 0.011675
v 0.006319 0.803632 0.011613
v 0.007723 0.803632 0.011550
v 0.009127 0.803632 0.011487
v 0.010531 0.803632 0.011424
v 0.011935 0.803632 0.011361
v 0.013340 0.803632 0.011298
v -0.010411 0.792316 0.006181
v -0.009315 0.792316 0.006211
v -0.008219 0.792316 0.006240
v -0.007123 0.792316 0.006270
v -0.006027 0.792316 0.006299
v -0.004931 0.792316 0.006329
v -0.003836 0.792316 0.006358
v -0.002740 0.792316 0.006388
v -0.001644 0.792316 0.006417
v -0.000548 0.792316 0.006447
v 0.000548 0.792316 0.006447
v 0.001644 0.792316 0.006417
v 0.002740 0.792316 0.006388
v 0.003836 0.792316 0.006358
v 0.004931 0.792316 0.006329
v 0.006027 0.792316 0.006299
v 0.007123 0.792316 0.006270
v 0.008219 0.792316 0.006240
v 0.009315 0.792316 0.006211
v 0.010411 0.792316 0.006181
v -0.007797 0.781000 0.001000
v -0.006977 0.781000 0.001000
v -0.006156 0.781000 0.001000
v -0.005335 0.781000 0.001000
v -0.004514 0.781000 0.001000
v -0.003694 0.781000 0.001000
v -0.002873 0.781000 0.001000
v -0.002052 0.781000 0.001000
v -0.001231 0.781000 0.001000
v -0.000410 0.781000 0.001000
v 0.000410 0.781000 0.001000
v 0.001231 0.781000 0.001000
v 0.002052 0.781000 0.001000
v 0.002873 0.781000 0.001000
v 0.003694 0.781000 0.001000
v 0.004514 0.781000 0.001000
v 0.005335 0.781000 0.001000
v 0.006156 0.781000 0.001000
v 0.006977 0.781000 0.001000
v 0.007797 0.781000 0.001000
vn 0.000000 -0.344946 0.938623
vn -0.001938 -0.342656 0.939459
vn -0.001942 -0.337321 0.941388
vn -0.001946 -0.331953 0.943294
vn -0.001950 -0.326553 0.945177
vn -0.001954 -0.321120 0.947036
vn -0.001957 -0.315656 0.948872
vn -0.001961 -0.310160 0.950682
vn -0.001965 -0.304633 0.952468
vn -0.001969 -0.299075 0.954228
vn 0.000000 -0.297147 0.954832
vn 0.001967 -0.300931 0.953644
vn 0.001964 -0.306479 0.951875
vn 0.001960 -0.311996 0.950081
vn 0.001956 -0.317481 0.948263
vn 0.001952 -0.322935 0.946419
vn 0.001949 -0.328357 0.944552
vn 0.001945 -0.333746 0.942661
vn 0.001941 -0.339103 0.940747
vn 0.002943 -0.344157 0.938907
vn -0.003974 -0.344769 0.938679
vn -0.006027 -0.341992 0.939683
vn -0.006040 -0.336625 0.941620
vn -0.006052 -0.331224 0.943533
vn -0.006064 -0.325791 0.945422
vn -0.006076 -0.320326 0.947288
vn -0.006088 -0.314828 0.949129
vn -0.006099 -0.309298 0.950946
vn -0.006111 -0.303737 0.952736
vn -0.004047 -0.299055 0.954227
vn 0.002073 -0.299079 0.954226
vn 0.006111 -0.303914 0.952680
vn 0.006099 -0.309474 0.950888
vn 0.006087 -0.315003 0.949071
vn 0.006076 -0.320499 0.947229
vn 0.006064 -0.325964 0.945363
vn 0.006052 -0.331396 0.943472
vn 0.006039 -0.336795 0.941558
vn 0.006027 -0.342162 0.939622
vn 0.008172 -0.346548 0.937997
vn -0.010341 -0.346161 0.938118
vn -0.012506 -0.343607 0.939030
vn -0.012531 -0.338398 0.940920
vn -0.012556 -0.333157 0.942788
vn -0.012581 -0.327885 0.944634
vn -0.012605 -0.322583 0.946457
vn -0.012629 -0.317250 0.948258
vn -0.012653 -0.311887 0.950035
vn -0.012676 -0.306493 0.951788
vn -0.007298 -0.301869 0.953322
vn 0.005398 -0.301924 0.953317
vn 0.012675 -0.306715 0.951717
vn 0.012652 -0.312107 0.949963
vn 0.012628 -0.317469 0.948185
vn 0.012604 -0.322801 0.946383
vn 0.012580 -0.328102 0.944559
vn 0.012555 -0.333372 0.942712
vn 0.012530 -0.338612 0.940843
vn 0.012505 -0.343820 0.938952
vn 0.014755 -0.348229 0.937293
vn -0.017011 -0.348331 0.937217
vn -0.019244 -0.346071 0.938011
vn -0.019281 -0.341142 0.939814
vn -0.019318 -0.336185 0.941598
vn -0.019354 -0.331199 0.943362
vn -0.019390 -0.326186 0.945107
vn -0.019425 -0.321145 0.946831
vn -0.019460 -0.316077 0.948534
vn -0.019494 -0.310982 0.950216
vn -0.010642 -0.306538 0.951799
vn 0.008885 -0.306621 0.951790
vn 0.019493 -0.311238 0.950132
vn 0.019458 -0.316333 0.948449
vn 0.019423 -0.321399 0.946744
vn 0.019388 -0.326439 0.945019
vn 0.019352 -0.331451 0.943274
vn 0.019316 -0.336435 0.941509
vn 0.019279 -0.341390 0.939724
vn 0.019242 -0.346318 0.937920
vn 0.021553 -0.350660 0.936255
vn -0.023847 -0.351296 0.935961
vn -0.026099 -0.349385 0.936616
vn -0.026146 -0.344841 0.938297
vn -0.026192 -0.340272 0.939962
vn -0.026238 -0.335679 0.941611
vn -0.026283 -0.331062 0.943243
vn -0.026328 -0.326421 0.944858
vn -0.026373 -0.321756 0.946455
vn -0.026417 -0.317068 0.948035
vn -0.014003 -0.312915 0.949678
vn 0.012460 -0.313022 0.949664
vn 0.026414 -0.317350 0.947941
vn 0.026370 -0.322037 0.946360
vn 0.026326 -0.326700 0.944761
vn 0.026281 -0.331340 0.943145
vn 0.026235 -0.335955 0.941513
vn 0.026189 -0.340547 0.939863
vn 0.026143 -0.345114 0.938197
vn 0.026096 -0.349657 0.936514
vn 0.028419 -0.353850 0.934870
vn -0.030697 -0.355043 0.934346
vn -0.032915 -0.353519 0.934848
vn -0.032969 -0.349443 0.936378
vn -0.033022 -0.345346 0.937894
vn -0.033075 -0.341229 0.939398
vn -0.033128 -0.337093 0.940888
vn -0.033180 -0.332937 0.942365
vn -0.033231 -0.328761 0.943828
vn -0.033282 -0.324566 0.945277
vn -0.017299 -0.320797 0.946990
vn 0.016043 -0.320924 0.946969
vn 0.033279 -0.324863 0.945175
vn 0.033228 -0.329056 0.943726
vn 0.033176 -0.333231 0.942262
vn 0.033124 -0.337385 0.940784
vn 0.033072 -0.341520 0.939292
vn 0.033019 -0.345635 0.937788
vn 0.032965 -0.349731 0.936270
vn 0.032911 -0.353806 0.934739
vn 0.035195 -0.357776 0.933144
vn -0.037401 -0.359527 0.932385
vn -0.039529 -0.358409 0.932727
vn -0.039586 -0.354861 0.934081
vn -0.039643 -0.351297 0.935424
vn -0.039699 -0.347718 0.936758
vn -0.039756 -0.344123 0.938083
vn -0.039811 -0.340513 0.939396
vn -0.039866 -0.336888 0.940700
vn -0.039921 -0.333249 0.941993
vn -0.020445 -0.329939 0.943781
vn 0.019551 -0.330080 0.943750
vn 0.039917 -0.333549 0.941887
vn 0.039862 -0.337188 0.940593
vn 0.039807 -0.340812 0.939288
vn 0.039751 -0.344420 0.937974
vn 0.039695 -0.348014 0.936649
vn 0.039638 -0.351592 0.935314
vn 0.039581 -0.355154 0.933969
vn 0.039524 -0.358701 0.932615
vn 0.041714 -0.362387 0.931094
vn -0.043787 -0.364670 0.930107
vn -0.045766 -0.363959 0.930290
vn -0.045823 -0.360977 0.931448
vn -0.045880 -0.357984 0.932600
vn -0.045936 -0.354980 0.933745
vn -0.045992 -0.351964 0.934883
vn -0.046048 -0.348938 0.936014
vn -0.046103 -0.345901 0.937138
vn -0.046158 -0.342853 0.938254
vn -0.023354 -0.340057 0.940115
vn 0.022895 -0.340207 0.940072
vn 0.046153 -0.343148 0.938147
vn 0.046098 -0.346195 0.937029
vn 0.046042 -0.349232 0.935905
vn 0.045987 -0.352257 0.934773
vn 0.045931 -0.355271 0.933634
vn 0.045874 -0.358274 0.932489
vn 0.045818 -0.361266 0.931336
vn 0.045761 -0.364247 0.930177
vn 0.047800 -0.367596 0.928756
vn -0.049679 -0.370364 0.927557
vn -0.051449 -0.370044 0.927588
vn -0.051502 -0.367645 0.928539
vn -0.051554 -0.365238 0.929486
vn -0.051607 -0.362824 0.930428
vn -0.051659 -0.360403 0.931365
vn -0.051710 -0.357974 0.932299
vn -0.051762 -0.355538 0.933227
vn -0.051813 -0.353095 0.934152
vn -0.025934 -0.350845 0.936074
vn 0.025984 -0.350998 0.936016
vn 0.051807 -0.353376 0.934046
vn 0.051756 -0.355818 0.933121
vn 0.051704 -0.358253 0.932192
vn 0.051653 -0.360681 0.931258
vn 0.051601 -0.363102 0.930320
vn 0.051548 -0.365515 0.929377
vn 0.051496 -0.367921 0.928430
vn 0.051443 -0.370319 0.927479
vn 0.053271 -0.373293 0.926183
vn -0.054894 -0.376474 0.924799
vn -0.056393 -0.376514 0.924693
vn -0.056438 -0.374693 0.925430
vn -0.056483 -0.372868 0.926164
vn -0.056528 -0.371039 0.926895
vn -0.056572 -0.369206 0.927624
vn -0.056616 -0.367368 0.928351
vn -0.056661 -0.365526 0.929075
vn -0.056705 -0.363679 0.929797
vn -0.028097 -0.361986 0.931760
vn 0.028725 -0.362136 0.931683
vn 0.056699 -0.363938 0.929696
vn 0.056654 -0.365784 0.928974
vn 0.056610 -0.367626 0.928249
vn 0.056566 -0.369463 0.927522
vn 0.056521 -0.371296 0.926793
vn 0.056477 -0.373124 0.926061
vn 0.056432 -0.374949 0.925326
vn 0.056387 -0.376768 0.924590
vn 0.057942 -0.379337 0.923442
vn -0.059244 -0.382842 0.921912
vn -0.060409 -0.383197 0.921689
vn -0.060443 -0.381933 0.922211
vn -0.060477 -0.380668 0.922732
vn -0.060511 -0.379401 0.923252
vn -0.060545 -0.378131 0.923770
vn -0.060579 -0.376860 0.924287
vn -0.060613 -0.375586 0.924803
vn -0.060647 -0.374310 0.925318
vn -0.029750 -0.373162 0.927289
vn 0.031022 -0.373303 0.927191
vn 0.060641 -0.374541 0.925225
vn 0.060607 -0.375816 0.924710
vn 0.060573 -0.377090 0.924194
vn 0.060539 -0.378361 0.923676
vn 0.060505 -0.379630 0.923158
vn 0.060471 -0.380897 0.922638
vn 0.060437 -0.382162 0.922117
vn 0.060403 -0.383425 0.921595
vn 0.061618 -0.385570 0.920619
vn -0.062533 -0.389292 0.918989
vn -0.063296 -0.389907 0.918676
vn -0.063318 -0.389165 0.918989
vn -0.063339 -0.388423 0.919302
vn -0.063361 -0.387680 0.919614
vn -0.063382 -0.386937 0.919925
vn -0.063404 -0.386192 0.920237
vn -0.063425 -0.385447 0.920547
vn -0.063446 -0.384701 0.920858
vn -0.030797 -0.384068 0.922791
vn 0.032778 -0.384195 0.922670
vn 0.063441 -0.384899 0.920776
vn 0.063419 -0.385645 0.920465
vn 0.063398 -0.386390 0.920154
vn 0.063376 -0.387134 0.919843
vn 0.063355 -0.387877 0.919531
vn 0.063333 -0.388620 0.919219
vn 0.063312 -0.389362 0.918906
vn 0.063290 -0.390103 0.918593
vn 0.064093 -0.391814 0.917809
vn -0.064549 -0.395634 0.916137
vn -0.064838 -0.396447 0.915765
vn -0.064846 -0.396181 0.915880
vn -0.064854 -0.395915 0.915994
vn -0.064863 -0.395649 0.916108
vn -0.064871 -0.395383 0.916223
vn -0.064879 -0.395117 0.916337
vn -0.064887 -0.394851 0.916451
vn -0.064895 -0.394585 0.916565
vn -0.031135 -0.394417 0.918404
vn 0.033884 -0.394526 0.918260
vn 0.064890 -0.394746 0.916496
vn 0.064882 -0.395012 0.916382
vn 0.064874 -0.395279 0.916268
vn 0.064866 -0.395545 0.916153
vn 0.064858 -0.395811 0.916039
vn 0.064850 -0.396076 0.915925
vn 0.064841 -0.396342 0.915810
vn 0.064833 -0.396608 0.915696
vn 0.065139 -0.397879 0.915122
vn -0.065058 -0.401671 0.913470
vn -0.064789 -0.402615 0.913074
vn -0.064784 -0.402772 0.913005
vn -0.064779 -0.402930 0.912936
vn -0.064774 -0.403087 0.912867
vn -0.064770 -0.403244 0.912798
vn -0.064765 -0.403401 0.912728
vn -0.064760 -0.403558 0.912659
vn -0.064755 -0.403715 0.912590
vn -0.030647 -0.403949 0.914268
vn 0.034221 -0.404037 0.914102
vn 0.064751 -0.403838 0.912536
vn 0.064756 -0.403681 0.912605
vn 0.064761 -0.403524 0.912674
vn 0.064766 -0.403367 0.912743
vn 0.064771 -0.403210 0.912812
vn 0.064775 -0.403053 0.912881
vn 0.064780 -0.402896 0.912951
vn 0.064785 -0.402738 0.913020
vn 0.064494 -0.403569 0.912673
vn -0.063778 -0.407201 0.911109
vn -0.062849 -0.408207 0.910723
vn -0.062833 -0.408732 0.910489
vn -0.062817 -0.409257 0.910254
vn -0.062800 -0.409781 0.910020
vn -0.062784 -0.410305 0.909785
vn -0.062768 -0.410828 0.909550
vn -0.062752 -0.411351 0.909314
vn -0.062736 -0.411873 0.909079
vn -0.029186 -0.412436 0.910519
vn 0.033642 -0.412502 0.910335
vn 0.062733 -0.411957 0.909041
vn 0.062749 -0.411435 0.909277
vn 0.062765 -0.410912 0.909512
vn 0.062782 -0.410389 0.909747
vn 0.062798 -0.409865 0.909982
vn 0.062814 -0.409341 0.910217
vn 0.062830 -0.408817 0.910451
vn 0.062846 -0.408292 0.910686
vn 0.061830 -0.408679 0.910582
vn -0.060352 -0.412020 0.909174
vn -0.058624 -0.413018 0.908834
vn -0.058600 -0.413857 0.908454
vn -0.058575 -0.414695 0.908073
vn -0.058551 -0.415532 0.907692
vn -0.058526 -0.416368 0.907310
vn -0.058501 -0.417203 0.906928
vn -0.058477 -0.418037 0.906546
vn -0.058452 -0.418870 0.906163
vn -0.026563 -0.419682 0.907282
vn 0.031954 -0.419727 0.907088
vn 0.058451 -0.418915 0.906142
vn 0.058475 -0.418082 0.906525
vn 0.058500 -0.417249 0.906908
vn 0.058525 -0.416414 0.907290
vn 0.058549 -0.415578 0.907671
vn 0.058574 -0.414741 0.908052
vn 0.058599 -0.413903 0.908433
vn 0.058623 -0.413063 0.908813
vn 0.056704 -0.413000 0.908964
vn -0.054282 -0.415920 0.907780
vn -0.051554 -0.416838 0.907518
vn -0.051526 -0.417944 0.907010
vn -0.051497 -0.419048 0.906502
vn -0.051468 -0.420150 0.905994
vn -0.051439 -0.421251 0.905484
vn -0.051410 -0.422349 0.904974
vn -0.051381 -0.423446 0.904463
vn -0.051352 -0.424541 0.903951
vn -0.022501 -0.425526 0.904667
vn 0.028885 -0.425552 0.904473
vn 0.051352 -0.424548 0.903948
vn 0.051381 -0.423453 0.904460
vn 0.051410 -0.422356 0.904971
vn 0.051439 -0.421258 0.905481
vn 0.051468 -0.420157 0.905991
vn 0.051497 -0.419055 0.906499
vn 0.051525 -0.417951 0.907007
vn 0.051554 -0.416845 0.907514
vn 0.048468 -0.416310 0.907930
vn -0.044816 -0.418680 0.907027
vn -0.040770 -0.419444 0.906865
vn -0.040742 -0.420780 0.906247
vn -0.040714 -0.422113 0.905628
vn -0.040686 -0.423444 0.905008
vn -0.040658 -0.424772 0.904387
vn -0.040630 -0.426097 0.903764
vn -0.040602 -0.427420 0.903141
vn -0.040574 -0.428740 0.902517
vn -0.016569 -0.429837 0.902754
vn 0.024011 -0.429853 0.902580
vn 0.040575 -0.428709 0.902531
vn 0.040603 -0.427390 0.903155
vn 0.040631 -0.426067 0.903779
vn 0.040659 -0.424742 0.904401
vn 0.040687 -0.423414 0.905022
vn 0.040715 -0.422083 0.905642
vn 0.040742 -0.420749 0.906262
vn 0.040770 -0.419413 0.906879
vn 0.036087 -0.418360 0.907564
vn -0.030720 -0.420048 0.906982
vn -0.024799 -0.420565 0.906923
vn -0.024779 -0.422113 0.906204
vn -0.024759 -0.423657 0.905484
vn -0.024740 -0.425198 0.904762
vn -0.024720 -0.426734 0.904039
vn -0.024700 -0.428268 0.903314
vn -0.024680 -0.429797 0.902588
vn -0.024660 -0.431323 0.901861
vn -0.008036 -0.432513 0.901592
vn 0.016615 -0.432529 0.901467
vn 0.024661 -0.431256 0.901893
vn 0.024681 -0.429730 0.902620
vn 0.024701 -0.428201 0.903346
vn 0.024721 -0.426667 0.904071
vn 0.024740 -0.425130 0.904794
vn 0.024760 -0.423590 0.905516
vn 0.024780 -0.422046 0.906236
vn 0.024799 -0.420498 0.906955
vn 0.017751 -0.418820 0.907896
vn -0.013945 -0.419782 0.907518
vn -0.009761 -0.420507 0.907237
vn -0.009752 -0.422253 0.906425
vn -0.009743 -0.423995 0.905612
vn -0.009734 -0.425731 0.904797
vn -0.009726 -0.427463 0.903980
vn -0.009717 -0.429190 0.903162
vn -0.009708 -0.430913 0.902341
vn -0.009699 -0.432631 0.901519
vn 0.000000 -0.433698 0.901058
vn 0.009696 -0.433202 0.901245
vn 0.009705 -0.431486 0.902067
vn 0.009714 -0.429765 0.902888
vn 0.009723 -0.428039 0.903708
vn 0.009731 -0.426309 0.904525
vn 0.009740 -0.424574 0.905341
vn 0.009749 -0.422834 0.906155
vn 0.009758 -0.421090 0.906967
vn 0.009766 -0.419341 0.907776
vn 0.000000 -0.416327 0.909215
vt 0.265000 0.346667
vt 0.265000 0.362807
vt 0.265000 0.378947
vt 0.265000 0.395088
vt 0.265000 0.411228
vt 0.265000 0.427368
vt 0.265000 0.443509
vt 0.265000 0.459649
vt 0.265000 0.475789
vt 0.265000 0.491930
vt 0.265000 0.508070
vt 0.265000 0.524211
vt 0.265000 0.540351
vt 0.265000 0.556491
vt 0.265000 0.572632
vt 0.265000 0.588772
vt 0.265000 0.604912
vt 0.265000 0.621053
vt 0.265000 0.637193
vt 0.265000 0.653333
vt 0.276842 0.346667
vt 0.276842 0.362807
vt 0.276842 0.378947
vt 0.276842 0.395088
vt 0.276842 0.411228
vt 0.276842 0.427368
vt 0.276842 0.443509
vt 0.276842 0.459649
vt 0.276842 0.475789
vt 0.276842 0.491930
vt 0.276842 0.508070
vt 0.276842 0.524211
vt 0.276842 0.540351
vt 0.276842 0.556491
vt 0.276842 0.572632
vt 0.276842 0.588772
vt 0.276842 0.604912
vt 0.276842 0.621053
vt 0.276842 0.637193
vt 0.276842 0.653333
vt 0.288684 0.346667
vt 0.288684 0.362807
vt 0.288684 0.378947
vt 0.288684 0.395088
vt 0.288684 0.411228
vt 0.288684 0.427368
vt 0.288684 0.443509
vt 0.288684 0.459649
vt 0.288684 0.475789
vt 0.288684 0.491930
vt 0.288684 0.508070
vt 0.288684 0.524211
vt 0.288684 0.540351
vt 0.288684 0.556491
vt 0.288684 0.572632
vt 0.288684 0.588772
vt 0.288684 0.604912
vt 0.288684 0.621053
vt 0.288684 0.637193
vt 0.288684 0.653333
vt 0.300526 0.346667
vt 0.300526 0.362807
vt 0.300526 0.378947
vt 0.300526 0.395088
vt 0.300526 0.411228
vt 0.300526 0.427368
vt 0.300526 0.443509
vt 0.300526 0.459649
vt 0.300526 0.475789
vt 0.300526 0.491930
vt 0.300526 0.508070
vt 0.300526 0.524211
vt 0.300526 0.540351
vt 0.300526 0.556491
vt 0.300526 0.572632
vt 0.300526 0.588772
vt 0.300526 0.604912
vt 0.300526 0.621053
vt 0.300526 0.637193
vt 0.300526 0.653333
vt 0.312368 0.346667
vt 0.312368 0.362807
vt 0.312368 0.378947
vt 0.312368 0.395088
vt 0.312368 0.411228
vt 0.312368 0.427368
vt 0.312368 0.443509
vt 0.312368 0.459649
vt 0.312368 0.475789
vt 0.312368 0.491930
vt 0.312368 0.508070
vt 0.312368 0.524211
vt 0.312368 0.540351
vt 0.312368 0.556491
vt 0.312368 0.572632
vt 0.312368 0.588772
vt 0.312368 0.604912
vt 0.312368 0.621053
vt 0.312368 0.637193
vt 0.312368 0.653333
vt 0.324211 0.346667
vt 0.324211 0.362807
vt 0.324211 0.378947
vt 0.324211 0.395088
vt 0.324211 0.411228
vt 0.324211 0.427368
vt 0.324211 0.443509
vt 0.324211 0.459649
vt 0.324211 0.475789
vt 0.324211 0.491930
vt 0.324211 0.508070
vt 0.324211 0.524211
vt 0.324211 0.540351
vt 0.324211 0.556491
vt 0.324211 0.572632
vt 0.324211 0.588772
vt 0.324211 0.604912
vt 0.324211 0.621053
vt 0.324211 0.637193
vt 0.324211 0.653333
vt 0.336053 0.346667
vt 0.336053 0.362807
vt 0.336053 0.378947
vt 0.336053 0.395088
vt 0.336053 0.411228
vt 0.336053 0.427368
vt 0.336053 0.443509
vt 0.336053 0.459649
vt 0.336053 0.475789
vt 0.336053 0.491930
vt 0.336053 0.508070
vt 0.336053 0.524211
vt 0.336053 0.540351
vt 0.336053 0.556491
vt 0.336053 0.572632
vt 0.336053 0.588772
vt 0.336053 0.604912
vt 0.336053 0.621053
vt 0.336053 0.637193
vt 0.336053 0.653333
vt 0.347895 0.346667
vt 0.347895 0.362807
vt 0.347895 0.378947
vt 0.347895 0.395088
vt 0.347895 0.411228
vt 0.347895 0.427368
vt 0.347895 0.443509
vt 0.347895 0.459649
vt 0.347895 0.475789
vt 0.347895 0.491930
vt 0.347895 0.508070
vt 0.347895 0.524211
vt 0.347895 0.540351
vt 0.347895 0.556491
vt 0.347895 0.572632
vt 0.347895 0.588772
vt 0.347895 0.604912
vt 0.347895 0.621053
vt 0.347895 0.637193
vt 0.347895 0.653333
vt 0.359737 0.346667
vt 0.359737 0.362807
vt 0.359737 0.378947
vt 0.359737 0.395088
vt 0.359737 0.411228
vt 0.359737 0.427368
vt 0.359737 0.443509
vt 0.359737 0.459649
vt 0.359737 0.475789
vt 0.359737 0.491930
vt 0.359737 0.508070
vt 0.359737 0.524211
vt 0.359737 0.540351
vt 0.359737 0.556491
vt 0.359737 0.572632
vt 0.359737 0.588772
vt 0.359737 0.604912
vt 0.359737 0.621053
vt 0.359737 0.637193
vt 0.359737 0.653333
vt 0.371579 0.346667
vt 0.371579 0.362807
vt 0.371579 0.378947
vt 0.371579 0.395088
vt 0.371579 0.411228
vt 0.371579 0.427368
vt 0.371579 0.443509
vt 0.371579 0.459649
vt 0.371579 0.475789
vt 0.371579 0.491930
vt 0.371579 0.508070
vt 0.371579 0.524211
vt 0.371579 0.540351
vt 0.371579 0.556491
vt 0.371579 0.572632
vt 0.371579 0.588772
vt 0.371579 0.604912
vt 0.371579 0.621053
vt 0.371579 0.637193
vt 0.371579 0.653333
vt 0.383421 0.346667
vt 0.383421 0.362807
vt 0.383421 0.378947
vt 0.383421 0.395088
vt 0.383421 0.411228
vt 0.383421 0.427368
vt 0.383421 0.443509
vt 0.383421 0.459649
vt 0.383421 0.475789
vt 0.383421 0.491930
vt 0.383421 0.508070
vt 0.383421 0.524211
vt 0.383421 0.540351
vt 0.383421 0.556491
vt 0.383421 0.572632
vt 0.383421 0.588772
vt 0.383421 0.604912
vt 0.383421 0.621053
vt 0.383421 0.637193
vt 0.383421 0.653333
vt 0.395263 0.346667
vt 0.395263 0.362807
vt 0.395263 0.378947
vt 0.395263 0.395088
vt 0.395263 0.411228
vt 0.395263 0.427368
vt 0.395263 0.443509
vt 0.395263 0.459649
vt 0.395263 0.475789
vt 0.395263 0.491930
vt 0.395263 0.508070
vt 0.395263 0.524211
vt 0.395263 0.540351
vt 0.395263 0.556491
vt 0.395263 0.572632
vt 0.395263 0.588772
vt 0.395263 0.604912
vt 0.395263 0.621053
vt 0.395263 0.637193
vt 0.395263 0.653333
vt 0.407105 0.346667
vt 0.407105 0.362807
vt 0.407105 0.378947
vt 0.407105 0.395088
vt 0.407105 0.411228
vt 0.407105 0.427368
vt 0.407105 0.443509
vt 0.407105 0.459649
vt 0.407105 0.475789
vt 0.407105 0.491930
vt 0.407105 0.508070
vt 0.407105 0.524211
vt 0.407105 0.540351
vt 0.407105 0.556491
vt 0.407105 0.572632
vt 0.407105 0.588772
vt 0.407105 0.604912
vt 0.407105 0.621053
vt 0.407105 0.637193
vt 0.407105 0.653333
vt 0.418947 0.346667
vt 0.418947 0.362807
vt 0.418947 0.378947
vt 0.418947 0.395088
vt 0.418947 0.411228
vt 0.418947 0.427368
vt 0.418947 0.443509
vt 0.418947 0.459649
vt 0.418947 0.475789
vt 0.418947 0.491930
vt 0.418947 0.508070
vt 0.418947 0.524211
vt 0.418947 0.540351
vt 0.418947 0.556491
vt 0.418947 0.572632
vt 0.418947 0.588772
vt 0.418947 0.604912
vt 0.418947 0.621053
vt 0.418947 0.637193
vt 0.418947 0.653333
vt 0.430789 0.346667
vt 0.430789 0.362807
vt 0.430789 0.378947
vt 0.430789 0.395088
vt 0.430789 0.411228
vt 0.430789 0.427368
vt 0.430789 0.443509
vt 0.430789 0.459649
vt 0.430789 0.475789
vt 0.430789 0.491930
vt 0.430789 0.508070
vt 0.430789 0.524211
vt 0.430789 0.540351
vt 0.430789 0.556491
vt 0.430789 0.572632
vt 0.430789 0.588772
vt 0.430789 0.604912
vt 0.430789 0.621053
vt 0.430789 0.637193
vt 0.430789 0.653333
vt 0.442632 0.346667
vt 0.442632 0.362807
vt 0.442632 0.378947
vt 0.442632 0.395088
vt 0.442632 0.411228
vt 0.442632 0.427368
vt 0.442632 0.443509
vt 0.442632 0.459649
vt 0.442632 0.475789
vt 0.442632 0.491930
vt 0.442632 0.508070
vt 0.442632 0.524211
vt 0.442632 0.540351
vt 0.442632 0.556491
vt 0.442632 0.572632
vt 0.442632 0.588772
vt 0.442632 0.604912
vt 0.442632 0.621053
vt 0.442632 0.637193
vt 0.442632 0.653333
vt 0.454474 0.346667
vt 0.454474 0.362807
vt 0.454474 0.378947
vt 0.454474 0.395088
vt 0.454474 0.411228
vt 0.454474 0.427368
vt 0.454474 0.443509
vt 0.454474 0.459649
vt 0.454474 0.475789
vt 0.454474 0.491930
vt 0.454474 0.508070
vt 0.454474 0.524211
vt 0.454474 0.540351
vt 0.454474 0.556491
vt 0.454474 0.572632
vt 0.454474 0.588772
vt 0.454474 0.604912
vt 0.454474 0.621053
vt 0.454474 0.637193
vt 0.454474 0.653333
vt 0.466316 0.346667
vt 0.466316 0.362807
vt 0.466316 0.378947
vt 0.466316 0.395088
vt 0.466316 0.411228
vt 0.466316 0.427368
vt 0.466316 0.443509
vt 0.466316 0.459649
vt 0.466316 0.475789
vt 0.466316 0.491930
vt 0.466316 0.508070
vt 0.466316 0.524211
vt 0.466316 0.540351
vt 0.466316 0.556491
vt 0.466316 0.572632
vt 0.466316 0.588772
vt 0.466316 0.604912
vt 0.466316 0.621053
vt 0.466316 0.637193
vt 0.466316 0.653333
vt 0.478158 0.346667
vt 0.478158 0.362807
vt 0.478158 0.378947
vt 0.478158 0.395088
vt 0.478158 0.411228
vt 0.478158 0.427368
vt 0.478158 0.443509
vt 0.478158 0.459649
vt 0.478158 0.475789
vt 0.478158 0.491930
vt 0.478158 0.508070
vt 0.478158 0.524211
vt 0.478158 0.540351
vt 0.478158 0.556491
vt 0.478158 0.572632
vt 0.478158 0.588772
vt 0.478158 0.604912
vt 0.478158 0.621053
vt 0.478158 0.637193
vt 0.478158 0.653333
vt 0.490000 0.346667
vt 0.490000 0.362807
vt 0.490000 0.378947
vt 0.490000 0.395088
vt 0.490000 0.411228
vt 0.490000 0.427368
vt 0.490000 0.443509
vt 0.490000 0.459649
vt 0.490000 0.475789
vt 0.490000 0.491930
vt 0.490000 0.508070
vt 0.490000 0.524211
vt 0.490000 0.540351
vt 0.490000 0.556491
vt 0.490000 0.572632
vt 0.490000 0.588772
vt 0.490000 0.604912
vt 0.490000 0.621053
vt 0.490000 0.637193
vt 0.490000 0.653333
f 1333/1333/1333 1353/1353/1353 1334/1334/1334
f 1334/1334/1334 1353/1353/1353 1354/1354/1354
f 1334/1334/1334 1354/1354/1354 1335/1335/1335
f 1335/1335/1335 1354/1354/1354 1355/1355/1355
f 1335/1335/1335 1355/1355/1355 1336/1336/1336
f 1336/1336/1336 1355/1355/1355 1356/1356/1356
f 1336/1336/1336 1356/1356/1356 1337/1337/1337
f 1337/1337/1337 1356/1356/1356 1357/1357/1357
f 1337/1337/1337 1357/1357/1357 1338/1338/1338
f 1338/1338/1338 1357/1357/1357 1358/1358/1358
f 1338/1338/1338 1358/1358/1358 1339/1339/1339
f 1339/1339/1339 1358/1358/1358 1359/1359/1359
f 1339/1339/1339 1359/1359/1359 1340/1340/1340
f 1340/1340/1340 1359/1359/1359 1360/1360/1360
f 1340/1340/1340 1360/1360/1360 1341/1341/1341
f 1341/1341/1341 1360/1360/1360 1361/1361/1361
f 1341/1341/1341 1361/1361/1361 1342/1342/1342
f 1342/1342/1342 1361/1361/1361 1362/1362/1362
f 1342/1342/1342 1362/1362/1362 1343/1343/1343
f 1343/1343/1343 1362/1362/1362 1363/1363/1363
f 1343/1343/1343 1363/1363/1363 1344/1344/1344
f 1344/1344/1344 1363/1363/1363 1364/1364/1364
f 1344/1344/1344 1364/1364/1364 1345/1345/1345
f 1345/1345/1345 1364/1364/1364 1365/1365/1365
f 1345/1345/1345 1365/1365/1365 1346/1346/1346
f 1346/1346/1346 1365/1365/1365 1366/1366/1366
f 1346/1346/1346 1366/1366/1366 1347/1347/1347
f 1347/1347/1347 1366/1366/1366 1367/1367/1367
f 1347/1347/1347 1367/1367/1367 1348/1348/1348
f 1348/1348/1348 1367/1367/1367 1368/1368/1368
f 1348/1348/1348 1368/1368/1368 1349/1349/1349
f 1349/1349/1349 1368/1368/1368 1369/1369/1369
f 1349/1349/1349 1369/1369/1369 1350/1350/1350
f 1350/1350/1350 1369/1369/1369 1370/1370/1370
f 1350/1350/1350 1370/1370/1370 1351/1351/1351
f 1351/1351/1351 1370/1370/1370 1371/1371/1371
f 1351/1351/1351 1371/1371/1371 1352/1352/1352
f 1352/1352/1352 1371/1371/1371 1372/1372/1372
f 1353/1353/1353 1373/1373/1373 1354/1354/1354
f 1354/1354/1354 1373/1373/1373 1374/1374/1374
f 1354/1354/1354 1374/1374/1374 1355/1355/1355
f 1355/1355/1355 1374/1374/1374 1375/1375/1375
f 1355/1355/1355 1375/1375/1375 1356/1356/1356
f 1356/1356/1356 1375/1375/1375 1376/1376/1376
f 1356/1356/1356 1376/1376/1376 1357/1357/1357
f 1357/1357/1357 1376/1376/1376 1377/1377/1377
f 1357/1357/1357 1377/1377/1377 1358/1358/1358
f 1358/1358/1358 1377/1377/1377 1378/1378/1378
f 1358/1358/1358 1378/1378/1378 1359/1359/1359
f 1359/1359/1359 1378/1378/1378 1379/1379/1379
f 1359/1359/1359 1379/1379/1379 1360/1360/1360
f 1360/1360/1360 1379/1379/1379 1380/1380/1380
f 1360/1360/1360 1380/1380/1380 1361/1361/1361
f 1361/1361/1361 1380/1380/1380 1381/1381/1381
f 1361/1361/1361 1381/1381/1381 1362/1362/1362
f 1362/1362/1362 1381/1381/1381 1382/1382/1382
f 1362/1362/1362 1382/1382/1382 1363/1363/1363
f 1363/1363/1363 1382/1382/1382 1383/1383/1383
f 1363/1363/1363 1383/1383/1383 1364/1364/1364
f 1364/1364/1364 1383/1383/1383 1384/1384/1384
f 1364/1364/1364 1384/1384/1384 1365/1365/1365
f 1365/1365/1365 1384/1384/1384 1385/1385/1385
f 1365/1365/1365 1385/1385/1385 1366/1366/1366
f 1366/1366/1366 1385/1385/1385 1386/1386/1386
f 1366/1366/1366 1386/1386/1386 1367/1367/1367
f 1367/1367/1367 1386/1386/1386 1387/1387/1387
f 1367/1367/1367 1387/1387/1387 1368/1368/1368
f 1368/1368/1368 1387/1387/1387 1388/1388/1388
f 1368/1368/1368 1388/1388/1388 1369/1369/1369
f 1369/1369/1369 1388/1388/1388 1389/1389/1389
f 1369/1369/1369 1389/1389/1389 1370/1370/1370
f 1370/1370/1370 1389/1389/1389 1390/1390/1390
f 1370/1370/1370 1390/1390/1390 1371/1371/1371
f 1371/1371/1371 1390/1390/1390 1391/1391/1391
f 1371/1371/1371 1391/1391/1391 1372/1372/1372
f 1372/1372/1372 1391/1391/1391 1392/1392/1392
f 1373/1373/1373 1393/1393/1393 1374/1374/1374
f 1374/1374/1374 1393/1393/1393 1394/1394/1394
f 1374/1374/1374 1394/1394/1394 1375/1375/1375
f 1375/1375/1375 1394/1394/1394 1395/1395/1395
f 1375/1375/1375 1395/1395/1395 1376/1376/1376
f 1376/1376/1376 1395/1395/1395 1396/1396/1396
f 1376/1376/1376 1396/1396/1396 1377/1377/1377
f 1377/1377/1377 1396/1396/1396 1397/1397/1397
f 1377/1377/1377 1397/1397/1397 1378/1378/1378
f 1378/1378/1378 1397/1397/1397 1398/1398/1398
f 1378/1378/1378 1398/1398/1398 1379/1379/1379
f 1379/1379/1379 1398/1398/1398 1399/1399/1399
f 1379/1379/1379 1399/1399/1399 1380/1380/1380
f 1380/1380/1380 1399/1399/1399 1400/1400/1400
f 1380/1380/1380 1400/1400/1400 1381/1381/1381
f 1381/1381/1381 1400/1400/1400 1401/1401/1401
f 1381/1381/1381 1401/1401/1401 1382/1382/1382
f 1382/1382/1382 1401/1401/1401 1402/1402/1402
f 1382/1382/1382 1402/1402/1402 1383/1383/1383
f 1383/1383/1383 1402/1402/1402 1403/1403/1403
f 1383/1383/1383 1403/1403/1403 1384/1384/1384
f 1384/1384/1384 1403/1403/1403 1404/1404/1404
f 1384/1384/1384 1404/1404/1404 1385/1385/1385
f 1385/1385/1385 1404/1404/1404 1405/1405/1405
f 1385/1385/1385 1405/1405/1405 1386/1386/1386
f 1386/1386/1386 1405/1405/1405 1406/1406/1406
f 1386/1386/1386 1406/1406/1406 1387/1387/1387
f 1387/1387/1387 1406/1406/1406 1407/1407/1407
f 1387/1387/1387 1407/1407/1407 1388/1388/1388
f 1388/1388/1388 1407/1407/1407 1408/1408/1408
f 1388/1388/1388 1408/1408/1408 1389/1389/1389
f 1389/1389/1389 1408/1408/1408 1409/1409/1409
f 1389/1389/1389 1409/1409/1409 1390/1390/1390
f 1390/1390/1390 1409/1409/1409 1410/1410/1410
f 1390/1390/1390 1410/1410/1410 1391/1391/1391
f 1391/1391/1391 1410/1410/1410 1411/1411/1411
f 1391/1391/1391 1411/1411/1411 1392/1392/1392
f 1392/1392/1392 1411/1411/1411 1412/1412/1412
f 1393/1393/1393 1413/1413/1413 1394/1394/1394
f 1394/1394/1394 1413/1413/1413 1414/1414/1414
f 1394/1394/1394 1414/1414/1414 1395/1395/1395
f 1395/1395/1395 1414/1414/1414 1415/1415/1415
f 1395/1395/1395 1415/1415/1415 1396/1396/1396
f 1396/1396/1396 1415/1415/1415 1416/1416/1416
f 1396/1396/1396 1416/1416/1416 1397/1397/1397
f 1397/1397/1397 1416/1416/1416 1417/1417/1417
f 1397/1397/1397 1417/1417/1417 1398/1398/1398
f 1398/1398/1398 1417/1417/1417 1418/1418/1418
f 1398/1398/1398 1418/1418/1418 1399/1399/1399
f 1399/1399/1399 1418/1418/1418 1419/1419/1419
f 1399/1399/1399 1419/1419/1419 1400/1400/1400
f 1400/1400/1400 1419/1419/1419 1420/1420/1420
f 1400/1400/1400 1420/1420/1420 1401/1401/1401
f 1401/1401/1401 1420/1420/1420 1421/1421/1421
f 1401/1401/1401 1421/1421/1421 1402/1402/1402
f 1402/1402/1402 1421/1421/1421 1422/1422/1422
f 1402/1402/1402 1422/1422/1422 1403/1403/1403
f 1403/1403/1403 1422/1422/1422 1423/1423/1423
f 1403/1403/1403 1423/1423/1423 1404/1404/1404
f 1404/1404/1404 1423/1423/1423 1424/1424/1424
f 1404/1404/1404 1424/1424/1424 1405/1405/1405
f 1405/1405/1405 1424/1424/1424 1425/1425/1425
f 1405/1405/1405 1425/1425/1425 1406/1406/1406
f 1406/1406/1406 1425/1425/1425 1426/1426/1426
f 1406/1406/1406 1426/1426/1426 1407/1407/1407
f 1407/1407/1407 1426/1426/1426 1427/1427/1427
f 1407/1407/1407 1427/1427/1427 1408/1408/1408
f 1408/1408/1408 1427/1427/1427 1428/1428/1428
f 1408/1408/1408 1428/1428/1428 1409/1409/1409
f 1409/1409/1409 1428/1428/1428 1429/1429/1429
f 1409/1409/1409 1429/1429/1429 1410/1410/1410
f 1410/1410/1410 1429/1429/1429 1430/1430/1430
f 1410/1410/1410 1430/1430/1430 1411/1411/1411
f 1411/1411/1411 1430/1430/1430 1431/1431/1431
f 1411/1411/1411 1431/1431/1431 1412/1412/1412
f 1412/1412/1412 1431/1431/1431 1432/1432/1432
f 1413/1413/1413 1433/1433/1433 1414/1414/1414
f 1414/1414/1414 1433/1433/1433 1434/1434/1434
f 1414/1414/1414 1434/1434/1434 1415/1415/1415
f 1415/1415/1415 1434/1434/1434 1435/1435/1435
f 1415/1415/1415 1435/1435/1435 1416/1416/1416
f 1416/1416/1416 1435/1435/1435 1436/1436/1436
f 1416/1416/1416 1436/1436/1436 1417/1417/1417
f 1417/1417/1417 1436/1436/1436 1437/1437/1437
f 1417/1417/1417 1437/1437/1437 1418/1418/1418
f 1418/1418/1418 1437/1437/1437 1438/1438/1438
f 1418/1418/1418 1438/1438/1438 1419/1419/1419
f 1419/1419/1419 1438/1438/1438 1439/1439/1439
f 1419/1419/1419 1439/1439/1439 1420/1420/1420
f 1420/1420/1420 1439/1439/1439 1440/1440/1440
f 1420/1420/1420 1440/1440/1440 1421/1421/1421
f 1421/1421/1421 1440/1440/1440 1441/1441/1441
f 1421/1421/1421 1441/1441/1441 1422/1422/1422
f 1422/1422/1422 1441/1441/1441 1442/1442/1442
f 1422/1422/1422 1442/1442/1442 1423/1423/1423
f 1423/1423/1423 1442/1442/1442 1443/1443/1443
f 1423/1423/1423 1443/1443/1443 1424/1424/1424
f 1424/1424/1424 1443/1443/1443 1444/1444/1444
f 1424/1424/1424 1444/1444/1444 1425/1425/1425
f 1425/1425/1425 1444/1444/1444 1445/1445/1445
f 1425/1425/1425 1445/1445/1445 1426/1426/1426
f 1426/1426/1426 1445/1445/1445 1446/1446/1446
f 1426/1426/1426 1446/1446/1446 1427/1427/1427
f 1427/1427/1427 1446/1446/1446 1447/1447/1447
f 1427/1427/1427 1447/1447/1447 1428/1428/1428
f 1428/1428/1428 1447/1447/1447 1448/1448/1448
f 1428/1428/1428 1448/1448/1448 1429/1429/1429
f 1429/1429/1429 1448/1448/1448 1449/1449/1449
f 1429/1429/1429 1449/1449/1449 1430/1430/1430
f 1430/1430/1430 1449/1449/1449 1450/1450/1450
f 1430/1430/1430 1450/1450/1450 1431/1431/1431
f 1431/1431/1431 1450/1450/1450 1451/1451/1451
f 1431/1431/1431 1451/1451/1451 1432/1432/1432
f 1432/1432/1432 1451/1451/1451 1452/1452/1452
f 1433/1433/1433 1453/1453/1453 1434/1434/1434
f 1434/1434/1434 1453/1453/1453 1454/1454/1454
f 1434/1434/1434 1454/1454/1454 1435/1435/1435
f 1435/1435/1435 1454/1454/1454 1455/1455/1455
f 1435/1435/1435 1455/1455/1455 1436/1436/1436
f 1436/1436/1436 1455/1455/1455 1456/1456/1456
f 1436/1436/1436 1456/1456/1456 1437/1437/1437
f 1437/1437/1437 1456/1456/1456 1457/1457/1457
f 1437/1437/1437 1457/1457/1457 1438/1438/1438
f 1438/1438/1438 1457/1457/1457 1458/1458/1458
f 1438/1438/1438 1458/1458/1458 1439/1439/1439
f 1439/1439/1439 1458/1458/1458 1459/1459/1459
f 1439/1439/1439 1459/1459/1459 1440/1440/1440
f 1440/1440/1440 1459/1459/1459 1460/1460/1460
f 1440/1440/1440 1460/1460/1460 1441/1441/1441
f 1441/1441/1441 1460/1460/1460 1461/1461/1461
f 1441/1441/1441 1461/1461/1461 1442/1442/1442
f 1442/1442/1442 1461/1461/1461 1462/1462/1462
f 1442/1442/1442 1462/1462/1462 1443/1443/1443
f 1443/1443/1443 1462/1462/1462 1463/1463/1463
f 1443/1443/1443 1463/1463/1463 1444/1444/1444
f 1444/1444/1444 1463/1463/1463 1464/1464/1464
f 1444/1444/1444 1464/1464/1464 1445/1445/1445
f 1445/1445/1445 1464/1464/1464 1465/1465/1465
f 1445/1445/1445 1465/1465/1465 1446/1446/1446
f 1446/1446/1446 1465/1465/1465 1466/1466/1466
f 1446/1446/1446 1466/1466/1466 1447/1447/1447
f 1447/1447/1447 1466/1466/1466 1467/1467/1467
f 1447/1447/1447 1467/1467/1467 1448/1448/1448
f 1448/1448/1448 1467/1467/1467 1468/1468/1468
f 1448/1448/1448 1468/1468/1468 1449/1449/1449
f 1449/1449/1449 1468/1468/1468 1469/1469/1469
f 1449/1449/1449 1469/1469/1469 1450/1450/1450
f 1450/1450/1450 1469/1469/1469 1470/1470/1470
f 1450/1450/1450 1470/1470/1470 1451/1451/1451
f 1451/1451/1451 1470/1470/1470 1471/1471/1471
f 1451/1451/1451 1471/1471/1471 1452/1452/1452
f 1452/1452/1452 1471/1471/1471 1472/1472/1472
f 1453/1453/1453 1473/1473/1473 1454/1454/1454
f 1454/1454/1454 1473/1473/1473 1474/1474/1474
f 1454/1454/1454 1474/1474/1474 1455/1455/1455
f 1455/1455/1455 1474/1474/1474 1475/1475/1475
f 1455/1455/1455 1475/1475/1475 1456/1456/1456
f 1456/1456/1456 1475/1475/1475 1476/1476/1476
f 1456/1456/1456 1476/1476/1476 1457/1457/1457
f 1457/1457/1457 1476/1476/1476 1477/1477/1477
f 1457/1457/1457 1477/1477/1477 1458/1458/1458
f 1458/1458/1458 1477/1477/1477 1478/1478/1478
f 1458/1458/1458 1478/1478/1478 1459/1459/1459
f 1459/1459/1459 1478/1478/1478 1479/1479/1479
f 1459/1459/1459 1479/1479/1479 1460/1460/1460
f 1460/1460/1460 1479/1479/1479 1480/1480/1480
f 1460/1460/1460 1480/1480/1480 1461/1461/1461
f 1461/1461/1461 1480/1480/1480 1481/1481/1481
f 1461/1461/1461 1481/1481/1481 1462/1462/1462
f 1462/1462/1462 1481/1481/1481 1482/1482/1482
f 1462/1462/1462 1482/1482/1482 1463/1463/1463
f 1463/1463/1463 1482/1482/1482 1483/1483/1483
f 1463/1463/1463 1483/1483/1483 1464/1464/1464
f 1464/1464/1464 1483/1483/1483 1484/1484/1484
f 1464/1464/1464 1484/1484/1484 1465/1465/1465
f 1465/1465/1465 1484/1484/1484 1485/1485/1485
f 1465/1465/1465 1485/1485/1485 1466/1466/1466
f 1466/1466/1466 1485/1485/1485 1486/1486/1486
f 1466/1466/1466 1486/1486/1486 1467/1467/1467
f 1467/1467/1467 1486/1486/1486 1487/1487/1487
f 1467/1467/1467 1487/1487/1487 1468/1468/1468
f 1468/1468/1468 1487/1487/1487 1488/1488/1488
f 1468/1468/1468 1488/1488/1488 1469/1469/1469
f 1469/1469/1469 1488/1488/1488 1489/1489/1489
f 1469/1469/1469 1489/1489/1489 1470/1470/1470
f 1470/1470/1470 1489/1489/1489 1490/1490/1490
f 1470/1470/1470 1490/1490/1490 1471/1471/1471
f 1471/1471/1471 1490/1490/1490 1491/1491/1491
f 1471/1471/1471 1491/1491/1491 1472/1472/1472
f 1472/1472/1472 1491/1491/1491 1492/1492/1492
f 1473/1473/1473 1493/1493/1493 1474/1474/1474
f 1474/1474/1474 1493/1493/1493 1494/1494/1494
f 1474/1474/1474 1494/1494/1494 1475/1475/1475
f 1475/1475/1475 1494/1494/1494 1495/1495/1495
f 1475/1475/1475 1495/1495/1495 1476/1476/1476
f 1476/1476/1476 1495/1495/1495 1496/1496/1496
f 1476/1476/1476 1496/1496/1496 1477/1477/1477
f 1477/1477/1477 1496/1496/1496 1497/1497/1497
f 1477/1477/1477 1497/1497/1497 1478/1478/1478
f 1478/1478/1478 1497/1497/1497 1498/1498/1498
f 1478/1478/1478 1498/1498/1498 1479/1479/1479
f 1479/1479/1479 1498/1498/1498 1499/1499/1499
f 1479/1479/1479 1499/1499/1499 1480/1480/1480
f 1480/1480/1480 1499/1499/1499 1500/1500/1500
f 1480/1480/1480 1500/1500/1500 1481/1481/1481
f 1481/1481/1481 1500/1500/1500 1501/1501/1501
f 1481/1481/1481 1501/1501/1501 1482/1482/1482
f 1482/1482/1482 1501/1501/1501 1502/1502/1502
f 1482/1482/1482 1502/1502/1502 1483/1483/1483
f 1483/1483/1483 1502/1502/1502 1503/1503/1503
f 1483/1483/1483 1503/1503/1503 1484/1484/1484
f 1484/1484/1484 1503/1503/1503 1504/1504/1504
f 1484/1484/1484 1504/1504/1504 1485/1485/1485
f 1485/1485/1485 1504/1504/1504 1505/1505/1505
f 1485/1485/1485 1505/1505/1505 1486/1486/1486
f 1486/1486/1486 1505/1505/1505 1506/1506/1506
f 1486/1486/1486 1506/1506/1506 1487/1487/1487
f 1487/1487/1487 1506/1506/1506 1507/1507/1507
f 1487/1487/1487 1507/1507/1507 1488/1488/1488
f 1488/1488/1488 1507/1507/1507 1508/1508/1508
f 1488/1488/1488 1508/1508/1508 1489/1489/1489
f 1489/1489/1489 1508/1508/1508 1509/1509/1509
f 1489/1489/1489 1509/1509/1509 1490/1490/1490
f 1490/1490/1490 1509/1509/1509 1510/1510/1510
f 1490/1490/1490 1510/1510/1510 1491/1491/1491
f 1491/1491/1491 1510/1510/1510 1511/1511/1511
f 1491/1491/1491 1511/1511/1511 1492/1492/1492
f 1492/1492/1492 1511/1511/1511 1512/1512/1512
f 1493/1493/1493 1513/1513/1513 1494/1494/1494
f 1494/1494/1494 1513/1513/1513 1514/1514/1514
f 1494/1494/1494 1514/1514/1514 1495/1495/1495
f 1495/1495/1495 1514/1514/1514 1515/1515/1515
f 1495/1495/1495 1515/1515/1515 1496/1496/1496
f 1496/1496/1496 1515/1515/1515 1516/1516/1516
f 1496/1496/1496 1516/1516/1516 1497/1497/1497
f 1497/1497/1497 1516/1516/1516 1517/1517/1517
f 1497/1497/1497 1517/1517/1517 1498/1498/1498
f 1498/1498/1498 1517/1517/1517 1518/1518/1518
f 1498/1498/1498 1518/1518/1518 1499/1499/1499
f 1499/1499/1499 1518/1518/1518 1519/1519/1519
f 1499/1499/1499 1519/1519/1519 1500/1500/1500
f 1500/1500/1500 1519/1519/1519 1520/1520/1520
f 1500/1500/1500 1520/1520/1520 1501/1501/1501
f 1501/1501/1501 1520/1520/1520 1521/1521/1521
f 1501/1501/1501 1521/1521/1521 1502/1502/1502
f 1502/1502/1502 1521/1521/1521 1522/1522/1522
f 1502/1502/1502 1522/1522/1522 1503/1503/1503
f 1503/1503/1503 1522/1522/1522 1523/1523/1523
f 1503/1503/1503 1523/1523/1523 1504/1504/1504
f 1504/1504/1504 1523/1523/1523 1524/1524/1524
f 1504/1504/1504 1524/1524/1524 1505/1505/1505
f 1505/1505/1505 1524/1524/1524 1525/1525/1525
f 1505/1505/1505 1525/1525/1525 1506/1506/1506
f 1506/1506/1506 1525/1525/1525 1526/1526/1526
f 1506/1506/1506 1526/1526/1526 1507/1507/1507
f 1507/1507/1507 1526/1526/1526 1527/1527/1527
f 1507/1507/1507 1527/1527/1527 1508/1508/1508
f 1508/1508/1508 1527/1527/1527 1528/1528/1528
f 1508/1508/1508 1528/1528/1528 1509/1509/1509
f 1509/1509/1509 1528/1528/1528 1529/1529/1529
f 1509/1509/1509 1529/1529/1529 1510/1510/1510
f 1510/1510/1510 1529/1529/1529 1530/1530/1530
f 1510/1510/1510 1530/1530/1530 1511/1511/1511
f 1511/1511/1511 1530/1530/1530 1531/1531/1531
f 1511/1511/1511 1531/1531/1531 1512/1512/1512
f 1512/1512/1512 1531/1531/1531 1532/1532/1532
f 1513/1513/1513 1533/1533/1533 1514/1514/1514
f 1514/1514/1514 1533/1533/1533 1534/1534/1534
f 1514/1514/1514 1534/1534/1534 1515/1515/1515
f 1515/1515/1515 1534/1534/1534 1535/1535/1535
f 1515/1515/1515 1535/1535/1535 1516/1516/1516
f 1516/1516/1516 1535/1535/1535 1536/1536/1536
f 1516/1516/1516 1536/1536/1536 1517/1517/1517
f 1517/1517/1517 1536/1536/1536 1537/1537/1537
f 1517/1517/1517 1537/1537/1537 1518/1518/1518
f 1518/1518/1518 1537/1537/1537 1538/1538/1538
f 1518/1518/1518 1538/1538/1538 1519/1519/1519
f 1519/1519/1519 1538/1538/1538 1539/1539/1539
f 1519/1519/1519 1539/1539/1539 1520/1520/1520
f 1520/1520/1520 1539/1539/1539 1540/1540/1540
f 1520/1520/1520 1540/1540/1540 1521/1521/1521
f 1521/1521/1521 1540/1540/1540 1541/1541/1541
f 1521/1521/1521 1541/1541/1541 1522/1522/1522
f 1522/1522/1522 1541/1541/1541 1542/1542/1542
f 1522/1522/1522 1542/1542/1542 1523/1523/1523
f 1523/1523/1523 1542/1542/1542 1543/1543/1543
f 1523/1523/1523 1543/1543/1543 1524/1524/1524
f 1524/1524/1524 1543/1543/1543 1544/1544/1544
f 1524/1524/1524 1544/1544/1544 1525/1525/1525
f 1525/1525/1525 1544/1544/1544 1545/1545/1545
f 1525/1525/1525 1545/1545/1545 1526/1526/1526
f 1526/1526/1526 1545/1545/1545 1546/1546/1546
f 1526/1526/1526 1546/1546/1546 1527/1527/1527
f 1527/1527/1527 1546/1546/1546 1547/1547/1547
f 1527/1527/1527 1547/1547/1547 1528/1528/1528
f 1528/1528/1528 1547/1547/1547 1548/1548/1548
f 1528/1528/1528 1548/1548/1548 1529/1529/1529
f 1529/1529/1529 1548/1548/1548 1549/1549/1549
f 1529/1529/1529 1549/1549/1549 1530/1530/1530
f 1530/1530/1530 1549/1549/1549 1550/1550/1550
f 1530/1530/1530 1550/1550/1550 1531/1531/1531
f 1531/1531/1531 1550/1550/1550 1551/1551/1551
f 1531/1531/1531 1551/1551/1551 1532/1532/1532
f 1532/1532/1532 1551/1551/1551 1552/1552/1552
f 1533/1533/1533 1553/1553/1553 1534/1534/1534
f 1534/1534/1534 1553/1553/1553 1554/1554/1554
f 1534/1534/1534 1554/1554/1554 1535/1535/1535
f 1535/1535/1535 1554/1554/1554 1555/1555/1555
f 1535/1535/1535 1555/1555/1555 1536/1536/1536
f 1536/1536/1536 1555/1555/1555 1556/1556/1556
f 1536/1536/1536 1556/1556/1556 1537/1537/1537
f 1537/1537/1537 1556/1556/1556 1557/1557/1557
f 1537/1537/1537 1557/1557/1557 1538/1538/1538
f 1538/1538/1538 1557/1557/1557 1558/1558/1558
f 1538/1538/1538 1558/1558/1558 1539/1539/1539
f 1539/1539/1539 1558/1558/1558 1559/1559/1559
f 1539/1539/1539 1559/1559/1559 1540/1540/1540
f 1540/1540/1540 1559/1559/1559 1560/1560/1560
f 1540/1540/1540 1560/1560/1560 1541/1541/1541
f 1541/1541/1541 1560/1560/1560 1561/1561/1561
f 1541/1541/1541 1561/1561/1561 1542/1542/1542
f 1542/1542/1542 1561/1561/1561 1562/1562/1562
f 1542/1542/1542 1562/1562/1562 1543/1543/1543
f 1543/1543/1543 1562/1562/1562 1563/1563/1563
f 1543/1543/1543 1563/1563/1563 1544/1544/1544
f 1544/1544/1544 1563/1563/1563 1564/1564/1564
f 1544/1544/1544 1564/1564/1564 1545/1545/1545
f 1545/1545/1545 1564/1564/1564 1565/1565/1565
f 1545/1545/1545 1565/1565/1565 1546/1546/1546
f 1546/1546/1546 1565/1565/1565 1566/1566/1566
f 1546/1546/1546 1566/1566/1566 1547/1547/1547
f 1547/1547/1547 1566/1566/1566 1567/1567/1567
f 1547/1547/1547 1567/1567/1567 1548/1548/1548
f 1548/1548/1548 1567/1567/1567 1568/1568/1568
f 1548/1548/1548 1568/1568/1568 1549/1549/1549
f 1549/1549/1549 1568/1568/1568 1569/1569/1569
f 1549/1549/1549 1569/1569/1569 1550/1550/1550
f 1550/1550/1550 1569/1569/1569 1570/1570/1570
f 1550/1550/1550 1570/1570/1570 1551/1551/1551
f 1551/1551/1551 1570/1570/1570 1571/1571/1571
f 1551/1551/1551 1571/1571/1571 1552/1552/1552
f 1552/1552/1552 1571/1571/1571 1572/1572/1572
f 1553/1553/1553 1573/1573/1573 1554/1554/1554
f 1554/1554/1554 1573/1573/1573 1574/1574/1574
f 1554/1554/1554 1574/1574/1574 1555/1555/1555
f 1555/1555/1555 1574/1574/1574 1575/1575/1575
f 1555/1555/1555 1575/1575/1575 1556/1556/1556
f 1556/1556/1556 1575/1575/1575 1576/1576/1576
f 1556/1556/1556 1576/1576/1576 1557/1557/1557
f 1557/1557/1557 1576/1576/1576 1577/1577/1577
f 1557/1557/1557 1577/1577/1577 1558/1558/1558
f 1558/1558/1558 1577/1577/1577 1578/1578/1578
f 1558/1558/1558 1578/1578/1578 1559/1559/1559
f 1559/1559/1559 1578/1578/1578 1579/1579/1579
f 1559/1559/1559 1579/1579/1579 1560/1560/1560
f 1560/1560/1560 1579/1579/1579 1580/1580/1580
f 1560/1560/1560 1580/1580/1580 1561/1561/1561
f 1561/1561/1561 1580/1580/1580 1581/1581/1581
f 1561/1561/1561 1581/1581/1581 1562/1562/1562
f 1562/1562/1562 1581/1581/1581 1582/1582/1582
f 1562/1562/1562 1582/1582/1582 1563/1563/1563
f 1563/1563/1563 1582/1582/1582 1583/1583/1583
f 1563/1563/1563 1583/1583/1583 1564/1564/1564
f 1564/1564/1564 1583/1583/1583 1584/1584/1584
f 1564/1564/1564 1584/1584/1584 1565/1565/1565
f 1565/1565/1565 1584/1584/1584 1585/1585/1585
f 1565/1565/1565 1585/1585/1585 1566/1566/1566
f 1566/1566/1566 1585/1585/1585 1586/1586/1586
f 1566/1566/1566 1586/1586/1586 1567/1567/1567
f 1567/1567/1567 1586/1586/1586 1587/1587/1587
f 1567/1567/1567 1587/1587/1587 1568/1568/1568
f 1568/1568/1568 1587/1587/1587 1588/1588/1588
f 1568/1568/1568 1588/1588/1588 1569/1569/1569
f 1569/1569/1569 1588/1588/1588 1589/1589/1589
f 1569/1569/1569 1589/1589/1589 1570/1570/1570
f 1570/1570/1570 1589/1589/1589 1590/1590/1590
f 1570/1570/1570 1590/1590/1590 1571/1571/1571
f 1571/1571/1571 1590/1590/1590 1591/1591/1591
f 1571/1571/1571 1591/1591/1591 1572/1572/1572
f 1572/1572/1572 1591/1591/1591 1592/1592/1592
f 1573/1573/1573 1593/1593/1593 1574/1574/1574
f 1574/1574/1574 1593/1593/1593 1594/1594/1594
f 1574/1574/1574 1594/1594/1594 1575/1575/1575
f 1575/1575/1575 1594/1594/1594 1595/1595/1595
f 1575/1575/1575 1595/1595/1595 1576/1576/1576
f 1576/1576/1576 1595/1595/1595 1596/1596/1596
f 1576/1576/1576 1596/1596/1596 1577/1577/1577
f 1577/1577/1577 1596/1596/1596 1597/1597/1597
f 1577/1577/1577 1597/1597/1597 1578/1578/1578
f 1578/1578/1578 1597/1597/1597 1598/1598/1598
f 1578/1578/1578 1598/1598/1598 1579/1579/1579
f 1579/1579/1579 1598/1598/1598 1599/1599/1599
f 1579/1579/1579 1599/1599/1599 1580/1580/1580
f 1580/1580/1580 1599/1599/1599 1600/1600/1600
f 1580/1580/1580 1600/1600/1600 1581/1581/1581
f 1581/1581/1581 1600/1600/1600 1601/1601/1601
f 1581/1581/1581 1601/1601/1601 1582/1582/1582
f 1582/1582/1582 1601/1601/1601 1602/1602/1602
f 1582/1582/1582 1602/1602/1602 1583/1583/1583
f 1583/1583/1583 1602/1602/1602 1603/1603/1603
f 1583/1583/1583 1603/1603/1603 1584/1584/1584
f 1584/1584/1584 1603/1603/1603 1604/1604/1604
f 1584/1584/1584 1604/1604/1604 1585/1585/1585
f 1585/1585/1585 1604/1604/1604 1605/1605/1605
f 1585/1585/1585 1605/1605/1605 1586/1586/1586
f 1586/1586/1586 1605/1605/1605 1606/1606/1606
f 1586/1586/1586 1606/1606/1606 1587/1587/1587
f 1587/1587/1587 1606/1606/1606 1607/1607/1607
f 1587/1587/1587 1607/1607/1607 1588/1588/1588
f 1588/1588/1588 1607/1607/1607 1608/1608/1608
f 1588/1588/1588 1608/1608/1608 1589/1589/1589
f 1589/1589/1589 1608/1608/1608 1609/1609/1609
f 1589/1589/1589 1609/1609/1609 1590/1590/1590
f 1590/1590/1590 1609/1609/1609 1610/1610/1610
f 1590/1590/1590 1610/1610/1610 1591/1591/1591
f 1591/1591/1591 1610/1610/1610 1611/1611/1611
f 1591/1591/1591 1611/1611/1611 1592/1592/1592
f 1592/1592/1592 1611/1611/1611 1612/1612/1612
f 1593/1593/1593 1613/1613/1613 1594/1594/1594
f 1594/1594/1594 1613/1613/1613 1614/1614/1614
f 1594/1594/1594 1614/1614/1614 1595/1595/1595
f 1595/1595/1595 1614/1614/1614 1615/1615/1615
f 1595/1595/1595 1615/1615/1615 1596/1596/1596
f 1596/1596/1596 1615/1615/1615 1616/1616/1616
f 1596/1596/1596 1616/1616/1616 1597/1597/1597
f 1597/1597/1597 1616/1616/1616 1617/1617/1617
f 1597/1597/1597 1617/1617/1617 1598/1598/1598
f 1598/1598/1598 1617/1617/1617 1618/1618/1618
f 1598/1598/1598 1618/1618/1618 1599/1599/1599
f 1599/1599/1599 1618/1618/1618 1619/1619/1619
f 1599/1599/1599 1619/1619/1619 1600/1600/1600
f 1600/1600/1600 1619/1619/1619 1620/1620/1620
f 1600/1600/1600 1620/1620/1620 1601/1601/1601
f 1601/1601/1601 1620/1620/1620 1621/1621/1621
f 1601/1601/1601 1621/1621/1621 1602/1602/1602
f 1602/1602/1602 1621/1621/1621 1622/1622/1622
f 1602/1602/1602 1622/1622/1622 1603/1603/1603
f 1603/1603/1603 1622/1622/1622 1623/1623/1623
f 1603/1603/1603 1623/1623/1623 1604/1604/1604
f 1604/1604/1604 1623/1623/1623 1624/1624/1624
f 1604/1604/1604 1624/1624/1624 1605/1605/1605
f 1605/1605/1605 1624/1624/1624 1625/1625/1625
f 1605/1605/1605 1625/1625/1625 1606/1606/1606
f 1606/1606/1606 1625/1625/1625 1626/1626/1626
f 1606/1606/1606 1626/1626/1626 1607/1607/1607
f 1607/1607/1607 1626/1626/1626 1627/1627/1627
f 1607/1607/1607 1627/1627/1627 1608/1608/1608
f 1608/1608/1608 1627/1627/1627 1628/1628/1628
f 1608/1608/1608 1628/1628/1628 1609/1609/1609
f 1609/1609/1609 1628/1628/1628 1629/1629/1629
f 1609/1609/1609 1629/1629/1629 1610/1610/1610
f 1610/1610/1610 1629/1629/1629 1630/1630/1630
f 1610/1610/1610 1630/1630/1630 1611/1611/1611
f 1611/1611/1611 1630/1630/1630 1631/1631/1631
f 1611/1611/1611 1631/1631/1631 1612/1612/1612
f 1612/1612/1612 1631/1631/1631 1632/1632/1632
f 1613/1613/1613 1633/1633/1633 1614/1614/1614
f 1614/1614/1614 1633/1633/1633 1634/1634/1634
f 1614/1614/1614 1634/1634/1634 1615/1615/1615
f 1615/1615/1615 1634/1634/1634 1635/1635/1635
f 1615/1615/1615 1635/1635/1635 1616/1616/1616
f 1616/1616/1616 1635/1635/1635 1636/1636/1636
f 1616/1616/1616 1636/1636/1636 1617/1617/1617
f 1617/1617/1617 1636/1636/1636 1637/1637/1637
f 1617/1617/1617 1637/1637/1637 1618/1618/1618
f 1618/1618/1618 1637/1637/1637 1638/1638/1638
f 1618/1618/1618 1638/1638/1638 1619/1619/1619
f 1619/1619/1619 1638/1638/1638 1639/1639/1639
f 1619/1619/1619 1639/1639/1639 1620/1620/1620
f 1620/1620/1620 1639/1639/1639 1640/1640/1640
f 1620/1620/1620 1640/1640/1640 1621/1621/1621
f 1621/1621/1621 1640/1640/1640 1641/1641/1641
f 1621/1621/1621 1641/1641/1641 1622/1622/1622
f 1622/1622/1622 1641/1641/1641 1642/1642/1642
f 1622/1622/1622 1642/1642/1642 1623/1623/1623
f 1623/1623/1623 1642/1642/1642 1643/1643/1643
f 1623/1623/1623 1643/1643/1643 1624/1624/1624
f 1624/1624/1624 1643/1643/1643 1644/1644/1644
f 1624/1624/1624 1644/1644/1644 1625/1625/1625
f 1625/1625/1625 1644/1644/1644 1645/1645/1645
f 1625/1625/1625 1645/1645/1645 1626/1626/1626
f 1626/1626/1626 1645/1645/1645 1646/1646/1646
f 1626/1626/1626 1646/1646/1646 1627/1627/1627
f 1627/1627/1627 1646/1646/1646 1647/1647/1647
f 1627/1627/1627 1647/1647/1647 1628/1628/1628
f 1628/1628/1628 1647/1647/1647 1648/1648/1648
f 1628/1628/1628 1648/1648/1648 1629/1629/1629
f 1629/1629/1629 1648/1648/1648 1649/1649/1649
f 1629/1629/1629 1649/1649/1649 1630/1630/1630
f 1630/1630/1630 1649/1649/1649 1650/1650/1650
f 1630/1630/1630 1650/1650/1650 1631/1631/1631
f 1631/1631/1631 1650/1650/1650 1651/1651/1651
f 1631/1631/1631 1651/1651/1651 1632/1632/1632
f 1632/1632/1632 1651/1651/1651 1652/1652/1652
f 1633/1633/1633 1653/1653/1653 1634/1634/1634
f 1634/1634/1634 1653/1653/1653 1654/1654/1654
f 1634/1634/1634 1654/1654/1654 1635/1635/1635
f 1635/1635/1635 1654/1654/1654 1655/1655/1655
f 1635/1635/1635 1655/1655/1655 1636/1636/1636
f 1636/1636/1636 1655/1655/1655 1656/1656/1656
f 1636/1636/1636 1656/1656/1656 1637/1637/1637
f 1637/1637/1637 1656/1656/1656 1657/1657/1657
f 1637/1637/1637 1657/1657/1657 1638/1638/1638
f 1638/1638/1638 1657/1657/1657 1658/1658/1658
f 1638/1638/1638 1658/1658/1658 1639/1639/1639
f 1639/1639/1639 1658/1658/1658 1659/1659/1659
f 1639/1639/1639 1659/1659/1659 1640/1640/1640
f 1640/1640/1640 1659/1659/1659 1660/1660/1660
f 1640/1640/1640 1660/1660/1660 1641/1641/1641
f 1641/1641/1641 1660/1660/1660 1661/1661/1661
f 1641/1641/1641 1661/1661/1661 1642/1642/1642
f 1642/1642/1642 1661/1661/1661 1662/1662/1662
f 1642/1642/1642 1662/1662/1662 1643/1643/1643
f 1643/1643/1643 1662/1662/1662 1663/1663/1663
f 1643/1643/1643 1663/1663/1663 1644/1644/1644
f 1644/1644/1644 1663/1663/1663 1664/1664/1664
f 1644/1644/1644 1664/1664/1664 1645/1645/1645
f 1645/1645/1645 1664/1664/1664 1665/1665/1665
f 1645/1645/1645 1665/1665/1665 1646/1646/1646
f 1646/1646/1646 1665/1665/1665 1666/1666/1666
f 1646/1646/1646 1666/1666/1666 1647/1647/1647
f 1647/1647/1647 1666/1666/1666 1667/1667/1667
f 1647/1647/1647 1667/1667/1667 1648/1648/1648
f 1648/1648/1648 1667/1667/1667 1668/1668/1668
f 1648/1648/1648 1668/1668/1668 1649/1649/1649
f 1649/1649/1649 1668/1668/1668 1669/1669/1669
f 1649/1649/1649 1669/1669/1669 1650/1650/1650
f 1650/1650/1650 1669/1669/1669 1670/1670/1670
f 1650/1650/1650 1670/1670/1670 1651/1651/1651
f 1651/1651/1651 1670/1670/1670 1671/1671/1671
f 1651/1651/1651 1671/1671/1671 1652/1652/1652
f 1652/1652/1652 1671/1671/1671 1672/1672/1672
f 1653/1653/1653 1673/1673/1673 1654/1654/1654
f 1654/1654/1654 1673/1673/1673 1674/1674/1674
f 1654/1654/1654 1674/1674/1674 1655/1655/1655
f 1655/1655/1655 1674/1674/1674 1675/1675/1675
f 1655/1655/1655 1675/1675/1675 1656/1656/1656
f 1656/1656/1656 1675/1675/1675 1676/1676/1676
f 1656/1656/1656 1676/1676/1676 1657/1657/1657
f 1657/1657/1657 1676/1676/1676 1677/1677/1677
f 1657/1657/1657 1677/1677/1677 1658/1658/1658
f 1658/1658/1658 1677/1677/1677 1678/1678/1678
f 1658/1658/1658 1678/1678/1678 1659/1659/1659
f 1659/1659/1659 1678/1678/1678 1679/1679/1679
f 1659/1659/1659 1679/1679/1679 1660/1660/1660
f 1660/1660/1660 1679/1679/1679 1680/1680/1680
f 1660/1660/1660 1680/1680/1680 1661/1661/1661
f 1661/1661/1661 1680/1680/1680 1681/1681/1681
f 1661/1661/1661 1681/1681/1681 1662/1662/1662
f 1662/1662/1662 1681/1681/1681 1682/1682/1682
f 1662/1662/1662 1682/1682/1682 1663/1663/1663
f 1663/1663/1663 1682/1682/1682 1683/1683/1683
f 1663/1663/1663 1683/1683/1683 1664/1664/1664
f 1664/1664/1664 1683/1683/1683 1684/1684/1684
f 1664/1664/1664 1684/1684/1684 1665/1665/1665
f 1665/1665/1665 1684/1684/1684 1685/1685/1685
f 1665/1665/1665 1685/1685/1685 1666/1666/1666
f 1666/1666/1666 1685/1685/1685 1686/1686/1686
f 1666/1666/1666 1686/1686/1686 1667/1667/1667
f 1667/1667/1667 1686/1686/1686 1687/1687/1687
f 1667/1667/1667 1687/1687/1687 1668/1668/1668
f 1668/1668/1668 1687/1687/1687 1688/1688/1688
f 1668/1668/1668 1688/1688/1688 1669/1669/1669
f 1669/1669/1669 1688/1688/1688 1689/1689/1689
f 1669/1669/1669 1689/1689/1689 1670/1670/1670
f 1670/1670/1670 1689/1689/1689 1690/1690/1690
f 1670/1670/1670 1690/1690/1690 1671/1671/1671
f 1671/1671/1671 1690/1690/1690 1691/1691/1691
f 1671/1671/1671 1691/1691/1691 1672/1672/1672
f 1672/1672/1672 1691/1691/1691 1692/1692/1692
f 1673/1673/1673 1693/1693/1693 1674/1674/1674
f 1674/1674/1674 1693/1693/1693 1694/1694/1694
f 1674/1674/1674 1694/1694/1694 1675/1675/1675
f 1675/1675/1675 1694/1694/1694 1695/1695/1695
f 1675/1675/1675 1695/1695/1695 1676/1676/1676
f 1676/1676/1676 1695/1695/1695 1696/1696/1696
f 1676/1676/1676 1696/1696/1696 1677/1677/1677
f 1677/1677/1677 1696/1696/1696 1697/1697/1697
f 1677/1677/1677 1697/1697/1697 1678/1678/1678
f 1678/1678/1678 1697/1697/1697 1698/1698/1698
f 1678/1678/1678 1698/1698/1698 1679/1679/1679
f 1679/1679/1679 1698/1698/1698 1699/1699/1699
f 1679/1679/1679 1699/1699/1699 1680/1680/1680
f 1680/1680/1680 1699/1699/1699 1700/1700/1700
f 1680/1680/1680 1700/1700/1700 1681/1681/1681
f 1681/1681/1681 1700/1700/1700 1701/1701/1701
f 1681/1681/1681 1701/1701/1701 1682/1682/1682
f 1682/1682/1682 1701/1701/1701 1702/1702/1702
f 1682/1682/1682 1702/1702/1702 1683/1683/1683
f 1683/1683/1683 1702/1702/1702 1703/1703/1703
f 1683/1683/1683 1703/1703/1703 1684/1684/1684
f 1684/1684/1684 1703/1703/1703 1704/1704/1704
f 1684/1684/1684 1704/1704/1704 1685/1685/1685
f 1685/1685/1685 1704/1704/1704 1705/1705/1705
f 1685/1685/1685 1705/1705/1705 1686/1686/1686
f 1686/1686/1686 1705/1705/1705 1706/1706/1706
f 1686/1686/1686 1706/1706/1706 1687/1687/1687
f 1687/1687/1687 1706/1706/1706 1707/1707/1707
f 1687/1687/1687 1707/1707/1707 1688/1688/1688
f 1688/1688/1688 1707/1707/1707 1708/1708/1708
f 1688/1688/1688 1708/1708/1708 1689/1689/1689
f 1689/1689/1689 1708/1708/1708 1709/1709/1709
f 1689/1689/1689 1709/1709/1709 1690/1690/1690
f 1690/1690/1690 1709/1709/1709 1710/1710/1710
f 1690/1690/1690 1710/1710/1710 1691/1691/1691
f 1691/1691/1691 1710/1710/1710 1711/1711/1711
f 1691/1691/1691 1711/1711/1711 1692/1692/1692
f 1692/1692/1692 1711/1711/1711 1712/1712/1712
f 1693/1693/1693 1713/1713/1713 1694/1694/1694
f 1694/1694/1694 1713/1713/1713 1714/1714/1714
f 1694/1694/1694 1714/1714/1714 1695/1695/1695
f 1695/1695/1695 1714/1714/1714 1715/1715/1715
f 1695/1695/1695 1715/1715/1715 1696/1696/1696
f 1696/1696/1696 1715/1715/1715 1716/1716/1716
f 1696/1696/1696 1716/1716/1716 1697/1697/1697
f 1697/1697/1697 1716/1716/1716 1717/1717/1717
f 1697/1697/1697 1717/1717/1717 1698/1698/1698
f 1698/1698/1698 1717/1717/1717 1718/1718/1718
f 1698/1698/1698 1718/1718/1718 1699/1699/1699
f 1699/1699/1699 1718/1718/1718 1719/1719/1719
f 1699/1699/1699 1719/1719/1719 1700/1700/1700
f 1700/1700/1700 1719/1719/1719 1720/1720/1720
f 1700/1700/1700 1720/1720/1720 1701/1701/1701
f 1701/1701/1701 1720/1720/1720 1721/1721/1721
f 1701/1701/1701 1721/1721/1721 1702/1702/1702
f 1702/1702/1702 1721/1721/1721 1722/1722/1722
f 1702/1702/1702 1722/1722/1722 1703/1703/1703
f 1703/1703/1703 1722/1722/1722 1723/1723/1723
f 1703/1703/1703 1723/1723/1723 1704/1704/1704
f 1704/1704/1704 1723/1723/1723 1724/1724/1724
f 1704/1704/1704 1724/1724/1724 1705/1705/1705
f 1705/1705/1705 1724/1724/1724 1725/1725/1725
f 1705/1705/1705 1725/1725/1725 1706/1706/1706
f 1706/1706/1706 1725/1725/1725 1726/1726/1726
f 1706/1706/1706 1726/1726/1726 1707/1707/1707
f 1707/1707/1707 1726/1726/1726 1727/1727/1727
f 1707/1707/1707 1727/1727/1727 1708/1708/1708
f 1708/1708/1708 1727/1727/1727 1728/1728/1728
f 1708/1708/1708 1728/1728/1728 1709/1709/1709
f 1709/1709/1709 1728/1728/1728 1729/1729/1729
f 1709/1709/1709 1729/1729/1729 1710/1710/1710
f 1710/1710/1710 1729/1729/1729 1730/1730/1730
f 1710/1710/1710 1730/1730/1730 1711/1711/1711
f 1711/1711/1711 1730/1730/1730 1731/1731/1731
f 1711/1711/1711 1731/1731/1731 1712/1712/1712
f 1712/1712/1712 1731/1731/1731 1732/1732/1732

# Patch: bottom_back_brazilian
o bottom_back_brazilian
usemtl bikini_714ceded_material
v -0.054014 0.926000 -0.136000
v -0.048329 0.926000 -0.136000
v -0.042643 0.926000 -0.136000
v -0.036957 0.926000 -0.136000
v -0.031271 0.926000 -0.136000
v -0.025586 0.926000 -0.136000
v -0.019900 0.926000 -0.136000
v -0.014214 0.926000 -0.136000
v -0.008529 0.926000 -0.136000
v -0.002843 0.926000 -0.136000
v 0.002843 0.926000 -0.136000
v 0.008529 0.926000 -0.136000
v 0.014214 0.926000 -0.136000
v 0.019900 0.926000 -0.136000
v 0.025586 0.926000 -0.136000
v 0.031271 0.926000 -0.136000
v 0.036957 0.926000 -0.136000
v 0.042643 0.926000 -0.136000
v 0.048329 0.926000 -0.136000
v 0.054014 0.926000 -0.136000
v -0.050350 0.918368 -0.130820
v -0.045050 0.918368 -0.130861
v -0.039750 0.918368 -0.130903
v -0.034450 0.918368 -0.130944
v -0.029150 0.918368 -0.130986
v -0.023850 0.918368 -0.131027
v -0.018550 0.918368 -0.132912
v -0.013250 0.918368 -0.132953
v -0.007950 0.918368 -0.132995
v -0.002650 0.918368 -0.133036
v 0.002650 0.918368 -0.133036
v 0.007950 0.918368 -0.132995
v 0.013250 0.918368 -0.132953
v 0.018550 0.918368 -0.132912
v 0.023850 0.918368 -0.131027
v 0.029150 0.918368 -0.130986
v 0.034450 0.918368 -0.130944
v 0.039750 0.918368 -0.130903
v 0.045050 0.918368 -0.130861
v 0.050350 0.918368 -0.130820
v -0.046806 0.910737 -0.125640
v -0.041879 0.910737 -0.125720
v -0.036952 0.910737 -0.125800
v -0.032025 0.910737 -0.125880
v -0.027098 0.910737 -0.125960
v -0.022171 0.910737 -0.126040
v -0.017244 0.910737 -0.129029
v -0.012317 0.910737 -0.129109
v -0.007390 0.910737 -0.129189
v -0.002463 0.910737 -0.129269
v 0.002463 0.910737 -0.129269
v 0.007390 0.910737 -0.129189
v 0.012317 0.910737 -0.129109
v 0.017244 0.910737 -0.129029
v 0.022171 0.910737 -0.126040
v 0.027098 0.910737 -0.125960
v 0.032025 0.910737 -0.125880
v 0.036952 0.910737 -0.125800
v 0.041879 0.910737 -0.125720
v 0.046806 0.910737 -0.125640
v -0.043384 0.903105 -0.120439
v -0.038818 0.903105 -0.120554
v -0.034251 0.903105 -0.120669
v -0.029684 0.903105 -0.120784
v -0.025117 0.903105 -0.120899
v -0.020551 0.903105 -0.121015
v -0.015984 0.903105 -0.123877
v -0.011417 0.903105 -0.123992
v -0.006850 0.903105 -0.124107
v -0.002283 0.903105 -0.124222
v 0.002283 0.903105 -0.124222
v 0.006850 0.903105 -0.124107
v 0.011417 0.903105 -0.123992
v 0.015984 0.903105 -0.123877
v 0.020551 0.903105 -0.121015
v 0.025117 0.903105 -0.120899
v 0.029684 0.903105 -0.120784
v 0.034251 0.903105 -0.120669
v 0.038818 0.903105 -0.120554
v 0.043384 0.903105 -0.120439
v -0.040084 0.895474 -0.115196
v -0.035864 0.895474 -0.115342
v -0.031645 0.895474 -0.115488
v -0.027426 0.895474 -0.115634
v -0.023206 0.895474 -0.115780
v -0.018987 0.895474 -0.115926
v -0.014768 0.895474 -0.117500
v -0.010548 0.895474 -0.117646
v -0.006329 0.895474 -0.117792
v -0.002110 0.895474 -0.117938
v 0.002110 0.895474 -0.117938
v 0.006329 0.895474 -0.117792
v 0.010548 0.895474 -0.117646
v 0.014768 0.895474 -0.117500
v 0.018987 0.895474 -0.115926
v 0.023206 0.895474 -0.115780
v 0.027426 0.895474 -0.115634
v 0.031645 0.895474 -0.115488
v 0.035864 0.895474 -0.115342
v 0.040084 0.895474 -0.115196
v -0.036904 0.887842 -0.109889
v -0.033019 0.887842 -0.110062
v -0.029135 0.887842 -0.110234
v -0.025250 0.887842 -0.110407
v -0.021365 0.887842 -0.110580
v -0.017481 0.887842 -0.110752
v -0.013596 0.887842 -0.110431
v -0.009712 0.887842 -0.110603
v -0.005827 0.887842 -0.110776
v -0.001942 0.887842 -0.110948
v 0.001942 0.887842 -0.110948
v 0.005827 0.887842 -0.110776
v 0.009712 0.887842 -0.110603
v 0.013596 0.887842 -0.110431
v 0.017481 0.887842 -0.110752
v 0.021365 0.887842 -0.110580
v 0.025250 0.887842 -0.110407
v 0.029135 0.887842 -0.110234
v 0.033019 0.887842 -0.110062
v 0.036904 0.887842 -0.109889
v -0.033846 0.880211 -0.104500
v -0.030283 0.880211 -0.104694
v -0.026720 0.880211 -0.104888
v -0.023158 0.880211 -0.105082
v -0.019595 0.880211 -0.105277
v -0.016032 0.880211 -0.105471
v -0.012469 0.880211 -0.103458
v -0.008907 0.880211 -0.103652
v -0.005344 0.880211 -0.103846
v -0.001781 0.880211 -0.104040
v 0.001781 0.880211 -0.104040
v 0.005344 0.880211 -0.103846
v 0.008907 0.880211 -0.103652
v 0.012469 0.880211 -0.103458
v 0.016032 0.880211 -0.105471
v 0.019595 0.880211 -0.105277
v 0.023158 0.880211 -0.105082
v 0.026720 0.880211 -0.104888
v 0.030283 0.880211 -0.104694
v 0.033846 0.880211 -0.104500
v -0.030909 0.872579 -0.099008
v -0.027655 0.872579 -0.099219
v -0.024402 0.872579 -0.099430
v -0.021148 0.872579 -0.099641
v -0.017894 0.872579 -0.099851
v -0.014641 0.872579 -0.100062
v -0.011387 0.872579 -0.097283
v -0.008134 0.872579 -0.097494
v -0.004880 0.872579 -0.097705
v -0.001627 0.872579 -0.097916
v 0.001627 0.872579 -0.097916
v 0.004880 0.872579 -0.097705
v 0.008134 0.872579 -0.097494
v 0.011387 0.872579 -0.097283
v 0.014641 0.872579 -0.100062
v 0.017894 0.872579 -0.099851
v 0.021148 0.872579 -0.099641
v 0.024402 0.872579 -0.099430
v 0.027655 0.872579 -0.099219
v 0.030909 0.872579 -0.099008
v -0.028093 0.864947 -0.093396
v -0.025136 0.864947 -0.093619
v -0.022179 0.864947 -0.093841
v -0.019221 0.864947 -0.094064
v -0.016264 0.864947 -0.094286
v -0.013307 0.864947 -0.094509
v -0.010350 0.864947 -0.092220
v -0.007393 0.864947 -0.092443
v -0.004436 0.864947 -0.092665
v -0.001479 0.864947 -0.092888
v 0.001479 0.864947 -0.092888
v 0.004436 0.864947 -0.092665
v 0.007393 0.864947 -0.092443
v 0.010350 0.864947 -0.092220
v 0.013307 0.864947 -0.094509
v 0.016264 0.864947 -0.094286
v 0.019221 0.864947 -0.094064
v 0.022179 0.864947 -0.093841
v 0.025136 0.864947 -0.093619
v 0.028093 0.864947 -0.093396
v -0.025398 0.857316 -0.087649
v -0.022725 0.857316 -0.087879
v -0.020051 0.857316 -0.088108
v -0.017378 0.857316 -0.088337
v -0.014704 0.857316 -0.088566
v -0.012031 0.857316 -0.088795
v -0.009357 0.857316 -0.088051
v -0.006684 0.857316 -0.088280
v -0.004010 0.857316 -0.088509
v -0.001337 0.857316 -0.088738
v 0.001337 0.857316 -0.088738
v 0.004010 0.857316 -0.088509
v 0.006684 0.857316 -0.088280
v 0.009357 0.857316 -0.088051
v 0.012031 0.857316 -0.088795
v 0.014704 0.857316 -0.088566
v 0.017378 0.857316 -0.088337
v 0.020051 0.857316 -0.088108
v 0.022725 0.857316 -0.087879
v 0.025398 0.857316 -0.087649
v -0.022825 0.849684 -0.081754
v -0.020422 0.849684 -0.081985
v -0.018020 0.849684 -0.082216
v -0.015617 0.849684 -0.082447
v -0.013214 0.849684 -0.082678
v -0.010812 0.849684 -0.082909
v -0.008409 0.849684 -0.084114
v -0.006007 0.849684 -0.084345
v -0.003604 0.849684 -0.084576
v -0.001201 0.849684 -0.084807
v 0.001201 0.849684 -0.084807
v 0.003604 0.849684 -0.084576
v 0.006007 0.849684 -0.084345
v 0.008409 0.849684 -0.084114
v 0.010812 0.849684 -0.082909
v 0.013214 0.849684 -0.082678
v 0.015617 0.849684 -0.082447
v 0.018020 0.849684 -0.082216
v 0.020422 0.849684 -0.081985
v 0.022825 0.849684 -0.081754
v -0.020373 0.842053 -0.075698
v -0.018228 0.842053 -0.075927
v -0.016084 0.842053 -0.076155
v -0.013939 0.842053 -0.076383
v -0.011795 0.842053 -0.076611
v -0.009650 0.842053 -0.076840
v -0.007506 0.842053 -0.079580
v -0.005361 0.842053 -0.079808
v -0.003217 0.842053 -0.080036
v -0.001072 0.842053 -0.080264
v 0.001072 0.842053 -0.080264
v 0.003217 0.842053 -0.080036
v 0.005361 0.842053 -0.079808
v 0.007506 0.842053 -0.079580
v 0.009650 0.842053 -0.076840
v 0.011795 0.842053 -0.076611
v 0.013939 0.842053 -0.076383
v 0.016084 0.842053 -0.076155
v 0.018228 0.842053 -0.075927
v 0.020373 0.842053 -0.075698
v -0.018042 0.834421 -0.069475
v -0.016143 0.834421 -0.069696
v -0.014244 0.834421 -0.069918
v -0.012345 0.834421 -0.070139
v -0.010445 0.834421 -0.070360
v -0.008546 0.834421 -0.070582
v -0.006647 0.834421 -0.073793
v -0.004748 0.834421 -0.074014
v -0.002849 0.834421 -0.074235
v -0.000950 0.834421 -0.074456
v 0.000950 0.834421 -0.074456
v 0.002849 0.834421 -0.074235
v 0.004748 0.834421 -0.074014
v 0.006647 0.834421 -0.073793
v 0.008546 0.834421 -0.070582
v 0.010445 0.834421 -0.070360
v 0.012345 0.834421 -0.070139
v 0.014244 0.834421 -0.069918
v 0.016143 0.834421 -0.069696
v 0.018042 0.834421 -0.069475
v -0.015833 0.826789 -0.063079
v -0.014166 0.826789 -0.063289
v -0.012499 0.826789 -0.063500
v -0.010833 0.826789 -0.063710
v -0.009166 0.826789 -0.063920
v -0.007500 0.826789 -0.064131
v -0.005833 0.826789 -0.066548
v -0.004166 0.826789 -0.066759
v -0.002500 0.826789 -0.066969
v -0.000833 0.826789 -0.067180
v 0.000833 0.826789 -0.067180
v 0.002500 0.826789 -0.066969
v 0.004166 0.826789 -0.066759
v 0.005833 0.826789 -0.066548
v 0.007500 0.826789 -0.064131
v 0.009166 0.826789 -0.063920
v 0.010833 0.826789 -0.063710
v 0.012499 0.826789 -0.063500
v 0.014166 0.826789 -0.063289
v 0.015833 0.826789 -0.063079
v -0.013744 0.819158 -0.056507
v -0.012297 0.819158 -0.056703
v -0.010851 0.819158 -0.056899
v -0.009404 0.819158 -0.057095
v -0.007957 0.819158 -0.057292
v -0.006510 0.819158 -0.057488
v -0.005064 0.819158 -0.058178
v -0.003617 0.819158 -0.058374
v -0.002170 0.819158 -0.058571
v -0.000723 0.819158 -0.058767
v 0.000723 0.819158 -0.058767
v 0.002170 0.819158 -0.058571
v 0.003617 0.819158 -0.058374
v 0.005064 0.819158 -0.058178
v 0.006510 0.819158 -0.057488
v 0.007957 0.819158 -0.057292
v 0.009404 0.819158 -0.057095
v 0.010851 0.819158 -0.056899
v 0.012297 0.819158 -0.056703
v 0.013744 0.819158 -0.056507
v -0.011777 0.811526 -0.049760
v -0.010537 0.811526 -0.049939
v -0.009298 0.811526 -0.050118
v -0.008058 0.811526 -0.050298
v -0.006818 0.811526 -0.050477
v -0.005579 0.811526 -0.050656
v -0.004339 0.811526 -0.049408
v -0.003099 0.811526 -0.049587
v -0.001860 0.811526 -0.049766
v -0.000620 0.811526 -0.049945
v 0.000620 0.811526 -0.049945
v 0.001860 0.811526 -0.049766
v 0.003099 0.811526 -0.049587
v 0.004339 0.811526 -0.049408
v 0.005579 0.811526 -0.050656
v 0.006818 0.811526 -0.050477
v 0.008058 0.811526 -0.050298
v 0.009298 0.811526 -0.050118
v 0.010537 0.811526 -0.049939
v 0.011777 0.811526 -0.049760
v -0.009931 0.803895 -0.042842
v -0.008886 0.803895 -0.043002
v -0.007841 0.803895 -0.043162
v -0.006795 0.803895 -0.043322
v -0.005750 0.803895 -0.043482
v -0.004704 0.803895 -0.043642
v -0.003659 0.803895 -0.041055
v -0.002614 0.803895 -0.041215
v -0.001568 0.803895 -0.041375
v -0.000523 0.803895 -0.041535
v 0.000523 0.803895 -0.041535
v 0.001568 0.803895 -0.041375
v 0.002614 0.803895 -0.041215
v 0.003659 0.803895 -0.041055
v 0.004704 0.803895 -0.043642
v 0.005750 0.803895 -0.043482
v 0.006795 0.803895 -0.043322
v 0.007841 0.803895 -0.043162
v 0.008886 0.803895 -0.043002
v 0.009931 0.803895 -0.042842
v -0.008207 0.796263 -0.035761
v -0.007343 0.796263 -0.035900
v -0.006479 0.796263 -0.036039
v -0.005615 0.796263 -0.036178
v -0.004751 0.796263 -0.036318
v -0.003887 0.796263 -0.036457
v -0.003024 0.796263 -0.033688
v -0.002160 0.796263 -0.033827
v -0.001296 0.796263 -0.033966
v -0.000432 0.796263 -0.034106
v 0.000432 0.796263 -0.034106
v 0.001296 0.796263 -0.033966
v 0.002160 0.796263 -0.033827
v 0.003024 0.796263 -0.033688
v 0.003887 0.796263 -0.036457
v 0.004751 0.796263 -0.036318
v 0.005615 0.796263 -0.036178
v 0.006479 0.796263 -0.036039
v 0.007343 0.796263 -0.035900
v 0.008207 0.796263 -0.035761
v -0.006604 0.788632 -0.028526
v -0.005908 0.788632 -0.028643
v -0.005213 0.788632 -0.028760
v -0.004518 0.788632 -0.028878
v -0.003823 0.788632 -0.028995
v -0.003128 0.788632 -0.029113
v -0.002433 0.788632 -0.027387
v -0.001738 0.788632 -0.027505
v -0.001043 0.788632 -0.027622
v -0.000348 0.788632 -0.027739
v 0.000348 0.788632 -0.027739
v 0.001043 0.788632 -0.027622
v 0.001738 0.788632 -0.027505
v 0.002433 0.788632 -0.027387
v 0.003128 0.788632 -0.029113
v 0.003823 0.788632 -0.028995
v 0.004518 0.788632 -0.028878
v 0.005213 0.788632 -0.028760
v 0.005908 0.788632 -0.028643
v 0.006604 0.788632 -0.028526
v -0.005121 0.781000 -0.021150
v -0.004582 0.781000 -0.021245
v -0.004043 0.781000 -0.021340
v -0.003504 0.781000 -0.021436
v -0.002965 0.781000 -0.021531
v -0.002426 0.781000 -0.021626
v -0.001887 0.781000 -0.021721
v -0.001348 0.781000 -0.021816
v -0.000809 0.781000 -0.021911
v -0.000270 0.781000 -0.022006
v 0.000270 0.781000 -0.022006
v 0.000809 0.781000 -0.021911
v 0.001348 0.781000 -0.021816
v 0.001887 0.781000 -0.021721
v 0.002426 0.781000 -0.021626
v 0.002965 0.781000 -0.021531
v 0.003504 0.781000 -0.021436
v 0.004043 0.781000 -0.021340
v 0.004582 0.781000 -0.021245
v 0.005121 0.781000 -0.021150
vn 0.000000 0.561633 0.827387
vn 0.002064 0.560204 0.828352
vn 0.002069 0.557026 0.830492
vn 0.002075 0.553824 0.832631
vn 0.002080 0.550597 0.834769
vn 0.002085 0.547345 0.836905
vn 0.100219 0.451258 0.886748
vn 0.002312 0.372528 0.928018
vn 0.002317 0.368064 0.929797
vn 0.002321 0.363575 0.931562
vn 0.000000 0.362023 0.932169
vn -0.002320 0.365074 0.930975
vn -0.002315 0.369555 0.929206
vn -0.002311 0.374010 0.927422
vn -0.096751 0.507727 0.856068
vn -0.002083 0.548431 0.836193
vn -0.002078 0.551675 0.834057
vn -0.002073 0.554894 0.831919
vn -0.002068 0.558088 0.829779
vn -0.003130 0.561062 0.827768
vn 0.004220 0.561906 0.827190
vn 0.006411 0.560434 0.828174
vn 0.006428 0.557219 0.830340
vn 0.006445 0.553979 0.832505
vn 0.006462 0.550714 0.834669
vn 0.103676 0.534316 0.838903
vn 0.187474 0.452252 0.871965
vn 0.007057 0.411216 0.911511
vn 0.007072 0.406933 0.913431
vn 0.004694 0.403325 0.915045
vn -0.002390 0.403332 0.915051
vn -0.007071 0.407035 0.913385
vn -0.007056 0.411317 0.911465
vn -0.108984 0.458754 0.881855
vn -0.175501 0.550353 0.816279
vn -0.006461 0.550792 0.834618
vn -0.006445 0.554056 0.832454
vn -0.006428 0.557296 0.830289
vn -0.006411 0.560510 0.828123
vn -0.008684 0.563325 0.826189
vn 0.010991 0.564442 0.825400
vn 0.013331 0.563248 0.826180
vn 0.013365 0.560076 0.828333
vn 0.013400 0.556879 0.830485
vn 0.013435 0.553657 0.832636
vn 0.221091 0.552505 0.803652
vn 0.249133 0.523224 0.814966
vn 0.013914 0.506100 0.862362
vn 0.013948 0.502494 0.864468
vn 0.008067 0.499421 0.866322
vn -0.005911 0.499445 0.866326
vn -0.013947 0.502600 0.864406
vn -0.013913 0.506206 0.862300
vn -0.223351 0.539431 0.811867
vn -0.240718 0.567447 0.787438
vn -0.013434 0.553753 0.832573
vn -0.013399 0.556974 0.830422
vn -0.013364 0.560170 0.828270
vn -0.013330 0.563341 0.826117
vn -0.015736 0.566391 0.823986
vn 0.018158 0.568492 0.822488
vn 0.020620 0.567595 0.823050
vn 0.020673 0.564521 0.825160
vn 0.020726 0.561424 0.827269
vn 0.020779 0.558303 0.829377
vn 0.258601 0.569966 0.779913
vn 0.214421 0.597745 0.772480
vn 0.020022 0.600762 0.799177
vn 0.020075 0.597948 0.801283
vn 0.011028 0.595559 0.803236
vn -0.009096 0.595593 0.803235
vn -0.020073 0.598047 0.801210
vn -0.020020 0.600860 0.799103
vn -0.249658 0.608889 0.752944
vn -0.217316 0.582949 0.782908
vn -0.020777 0.558413 0.829303
vn -0.020724 0.561533 0.827195
vn -0.020671 0.564629 0.825086
vn -0.020618 0.567702 0.822976
vn -0.023132 0.570931 0.820672
vn 0.025634 0.573965 0.818479
vn 0.028190 0.573370 0.818812
vn 0.028260 0.570443 0.820851
vn 0.028331 0.567495 0.822889
vn 0.028401 0.564525 0.824927
vn 0.200350 0.587915 0.783719
vn 0.096345 0.649084 0.754591
vn 0.025841 0.660283 0.750573
vn 0.025909 0.658028 0.752548
vn 0.013843 0.656162 0.754493
vn -0.012133 0.656203 0.754487
vn -0.025906 0.658120 0.752467
vn -0.025838 0.660374 0.750492
vn -0.187221 0.654668 0.732365
vn -0.102215 0.590456 0.800571
vn -0.028398 0.564646 0.824845
vn -0.028328 0.567615 0.822807
vn -0.028258 0.570562 0.820768
vn -0.028187 0.573488 0.818729
vn -0.030781 0.576838 0.816279
vn 0.033324 0.580725 0.813418
vn 0.035945 0.580427 0.813518
vn 0.036031 0.577688 0.815462
vn 0.036117 0.574929 0.817406
vn 0.036203 0.572150 0.819349
vn 0.050628 0.594078 0.802813
vn -0.069913 0.653935 0.753314
vn 0.032473 0.677360 0.734935
vn 0.032555 0.675339 0.736788
vn 0.017083 0.673745 0.738767
vn -0.015559 0.673793 0.738756
vn -0.032551 0.675433 0.736703
vn -0.032469 0.677452 0.734850
vn -0.047124 0.662880 0.747242
vn 0.075614 0.574878 0.814738
vn -0.036199 0.572279 0.819260
vn -0.036113 0.575057 0.817316
vn -0.036027 0.577815 0.815372
vn -0.035941 0.580553 0.813429
vn -0.038587 0.583965 0.810861
vn 0.041133 0.588604 0.807374
vn 0.043787 0.588589 0.807245
vn 0.043886 0.586068 0.809073
vn 0.043985 0.583529 0.810901
vn 0.044084 0.580972 0.812729
vn -0.141503 0.572584 0.807542
vn -0.222282 0.608925 0.761446
vn 0.040972 0.654041 0.755349
vn 0.041068 0.651974 0.757128
vn 0.021273 0.650434 0.759265
vn -0.019911 0.650493 0.759251
vn -0.041063 0.652082 0.757036
vn -0.040967 0.654148 0.755257
vn 0.135835 0.616949 0.775192
vn 0.235924 0.539622 0.808176
vn -0.044079 0.581105 0.812634
vn -0.043980 0.583661 0.810806
vn -0.043881 0.586199 0.808978
vn -0.043782 0.588720 0.807151
vn -0.046451 0.592139 0.804496
vn 0.048963 0.597409 0.800441
vn 0.051620 0.597653 0.800092
vn 0.051729 0.595369 0.801785
vn 0.051838 0.593071 0.803480
vn 0.051948 0.590758 0.805175
vn -0.281691 0.538075 0.794434
vn -0.291214 0.544300 0.786722
vn 0.051720 0.595559 0.801645
vn 0.051829 0.593262 0.803339
vn 0.026578 0.591631 0.805771
vn -0.025408 0.591705 0.805754
vn -0.051823 0.593396 0.803241
vn -0.051714 0.595692 0.801547
vn 0.283076 0.531531 0.798338
vn 0.296669 0.519278 0.801460
vn -0.051941 0.590892 0.805077
vn -0.051832 0.593204 0.803382
vn -0.051723 0.595501 0.801687
vn -0.051614 0.597784 0.799994
vn -0.054279 0.601157 0.797285
vn 0.056722 0.606927 0.792731
vn 0.059351 0.607398 0.792177
vn 0.059467 0.605364 0.793724
vn 0.059583 0.603317 0.795272
vn 0.059699 0.601259 0.796821
vn -0.298701 0.529978 0.793663
vn -0.219847 0.502027 0.836443
vn 0.063757 0.521314 0.850980
vn 0.063872 0.518793 0.852511
vn 0.032483 0.517066 0.855329
vn -0.031599 0.517156 0.855307
vn -0.063864 0.518955 0.852413
vn -0.063750 0.521475 0.850882
vn 0.311823 0.465092 0.828526
vn 0.213807 0.540892 0.813463
vn -0.059692 0.601391 0.796722
vn -0.059576 0.603449 0.795173
vn -0.059460 0.605494 0.793625
vn -0.059344 0.607528 0.792078
vn -0.061979 0.610809 0.789349
vn 0.064322 0.616938 0.784379
vn 0.066897 0.617600 0.783642
vn 0.067015 0.615817 0.785034
vn 0.067134 0.614025 0.786427
vn 0.067253 0.612222 0.787820
vn -0.155998 0.564341 0.810669
vn 0.021400 0.498227 0.866782
vn 0.074945 0.472905 0.877920
vn 0.075059 0.470399 0.879256
vn 0.037901 0.468803 0.882489
vn -0.037432 0.468902 0.882457
vn -0.075051 0.470576 0.879162
vn -0.074937 0.473082 0.877826
vn 0.167073 0.467196 0.868225
vn -0.020002 0.585889 0.810144
vn -0.067245 0.612350 0.787722
vn -0.067126 0.614151 0.786328
vn -0.067007 0.615943 0.784936
vn -0.066888 0.617726 0.783544
vn -0.069469 0.620874 0.780826
vn 0.071687 0.627222 0.775535
vn 0.074180 0.628036 0.774640
vn 0.074298 0.626499 0.775873
vn 0.074416 0.624954 0.777106
vn 0.074535 0.623402 0.778341
vn 0.128722 0.601567 0.788383
vn 0.323026 0.508942 0.797892
vn 0.083199 0.488084 0.868822
vn 0.083314 0.485916 0.870026
vn 0.041800 0.484854 0.873596
vn -0.041854 0.484947 0.873541
vn -0.083306 0.486084 0.869932
vn -0.083190 0.488252 0.868729
vn -0.137558 0.520833 0.842503
vn -0.300142 0.600242 0.741366
vn -0.074525 0.623523 0.778245
vn -0.074407 0.625075 0.777011
vn -0.074289 0.626619 0.775777
vn -0.074171 0.628155 0.774545
vn -0.076677 0.631137 0.771872
vn 0.078750 0.637568 0.766359
vn 0.081139 0.638493 0.765338
vn 0.081253 0.637190 0.766412
vn 0.081367 0.635881 0.767486
vn 0.081481 0.634567 0.768561
vn 0.398980 0.594697 0.697962
vn 0.499178 0.529932 0.685560
vn 0.087242 0.561446 0.822901
vn 0.087357 0.559827 0.823992
vn 0.043557 0.559618 0.827605
vn -0.044180 0.559688 0.827525
vn -0.087348 0.559965 0.823899
vn -0.087232 0.561584 0.822808
vn -0.411005 0.560462 0.718998
vn -0.476380 0.587384 0.654249
vn -0.081471 0.634679 0.768469
vn -0.081357 0.635993 0.767394
vn -0.081243 0.637302 0.766320
vn -0.081129 0.638604 0.765247
vn -0.083542 0.641394 0.762650
vn 0.085456 0.647778 0.757021
vn 0.087723 0.648776 0.755907
vn 0.087830 0.647689 0.756825
vn 0.087937 0.646599 0.757745
vn 0.088044 0.645505 0.758664
vn 0.532059 0.578346 0.618409
vn 0.520804 0.581822 0.624697
vn 0.087654 0.649482 0.755308
vn 0.087761 0.648398 0.756226
vn 0.043479 0.649009 0.759538
vn -0.044661 0.649043 0.759439
vn -0.087751 0.648500 0.756140
vn -0.087644 0.649583 0.755222
vn -0.526645 0.589881 0.612116
vn -0.515750 0.592699 0.618635
vn -0.088034 0.645608 0.758578
vn -0.087927 0.646701 0.757658
vn -0.087820 0.647791 0.756739
vn -0.087714 0.648877 0.755821
vn -0.090018 0.651455 0.753328
vn 0.091767 0.657676 0.747690
vn 0.093898 0.658706 0.746518
vn 0.093996 0.657817 0.747290
vn 0.094093 0.656925 0.748062
vn 0.094190 0.656030 0.748835
vn 0.524933 0.597000 0.606660
vn 0.390618 0.667309 0.634127
vn 0.087260 0.714922 0.693738
vn 0.087351 0.714208 0.694461
vn 0.042990 0.715385 0.697407
vn -0.044725 0.715385 0.697297
vn -0.087341 0.714282 0.694387
vn -0.087250 0.714995 0.693663
vn -0.503028 0.639533 0.581344
vn -0.404321 0.636946 0.656372
vn -0.094180 0.656122 0.748755
vn -0.094083 0.657017 0.747982
vn -0.093986 0.657909 0.747210
vn -0.093889 0.658798 0.746438
vn -0.096074 0.661152 0.744075
vn 0.097659 0.667105 0.738534
vn 0.099645 0.668133 0.737339
vn 0.099731 0.667418 0.737975
vn 0.099817 0.666701 0.738611
vn 0.099903 0.665982 0.739248
vn 0.337566 0.659555 0.671593
vn 0.057028 0.735686 0.674918
vn 0.089066 0.746798 0.659060
vn 0.089143 0.746288 0.659627
vn 0.043573 0.747864 0.662420
vn -0.045939 0.747834 0.662295
vn -0.089135 0.746345 0.659563
vn -0.089058 0.746856 0.658995
vn -0.315177 0.712370 0.627051
vn -0.061635 0.681260 0.729442
vn -0.099894 0.666063 0.739176
vn -0.099808 0.666782 0.738539
vn -0.099722 0.667499 0.737903
vn -0.099636 0.668214 0.737267
vn -0.101695 0.670338 0.735054
vn 0.103124 0.675933 0.729713
vn 0.104963 0.676926 0.728529
vn 0.105037 0.676361 0.729042
vn 0.105111 0.675796 0.729556
vn 0.105185 0.675229 0.730070
vn -0.125416 0.676913 0.725300
vn -0.389156 0.662386 0.640158
vn 0.094812 0.746960 0.658074
vn 0.094879 0.746544 0.658537
vn 0.046047 0.748512 0.661520
vn -0.049250 0.748448 0.661362
vn -0.094871 0.746595 0.658479
vn -0.094804 0.747011 0.658017
vn 0.117797 0.722522 0.681238
vn 0.416932 0.596471 0.685850
vn -0.105176 0.675299 0.730006
vn -0.105102 0.675866 0.729492
vn -0.105028 0.676432 0.728978
vn -0.104954 0.676996 0.728465
vn -0.106888 0.678888 0.726420
vn 0.108175 0.684046 0.721373
vn 0.109872 0.684977 0.720233
vn 0.109934 0.684539 0.720639
vn 0.109996 0.684101 0.721046
vn 0.110058 0.683662 0.721452
vn -0.583322 0.530838 0.614774
vn -0.657227 0.510020 0.554916
vn 0.104852 0.718745 0.687322
vn 0.104911 0.718365 0.687711
vn 0.050526 0.720799 0.691301
vn -0.054915 0.720690 0.691079
vn -0.104903 0.718417 0.687658
vn -0.104843 0.718797 0.687269
vn 0.574137 0.551570 0.605093
vn 0.676446 0.464991 0.571143
vn -0.110050 0.683722 0.721397
vn -0.109988 0.684161 0.720990
vn -0.109926 0.684599 0.720583
vn -0.109864 0.685036 0.720177
vn -0.111679 0.686697 0.718314
vn 0.112852 0.691356 0.713647
vn 0.114421 0.692198 0.712580
vn 0.114472 0.691864 0.712896
vn 0.114523 0.691530 0.713211
vn 0.114574 0.691196 0.713527
vn -0.755890 0.412823 0.508142
vn -0.714884 0.438974 0.544281
vn 0.117808 0.669218 0.733668
vn 0.117860 0.668854 0.733991
vn 0.056263 0.671797 0.738596
vn -0.062307 0.671630 0.738263
vn -0.117852 0.668908 0.733943
vn -0.117800 0.669272 0.733620
vn 0.763691 0.391421 0.513386
vn 0.714939 0.438834 0.544323
vn -0.114566 0.691246 0.713480
vn -0.114515 0.691580 0.713164
vn -0.114465 0.691914 0.712848
vn -0.114414 0.692248 0.712533
vn -0.116130 0.693682 0.710858
vn 0.117229 0.697787 0.706647
vn 0.118707 0.698517 0.705679
vn 0.118748 0.698265 0.705921
vn 0.118789 0.698013 0.706163
vn 0.118829 0.697761 0.706406
vn -0.736451 0.428972 0.523090
vn -0.492565 0.528904 0.691115
vn 0.130294 0.618938 0.774557
vn 0.130337 0.618605 0.774816
vn 0.061533 0.622021 0.780579
vn -0.069729 0.621777 0.780084
vn -0.130330 0.618659 0.774774
vn -0.130287 0.618992 0.774516
vn 0.756480 0.372866 0.537316
vn 0.473268 0.578851 0.664040
vn -0.118823 0.697801 0.706367
vn -0.118782 0.698054 0.706124
vn -0.118741 0.698306 0.705882
vn -0.118701 0.698558 0.705639
vn -0.120361 0.699771 0.704155
vn 0.120835 0.701772 0.702079
vn 0.121741 0.701594 0.702100
vn 0.121778 0.701372 0.702316
vn 0.121815 0.701150 0.702531
vn 0.121853 0.700927 0.702747
vn -0.554812 0.530521 0.640882
vn 0.137095 0.596718 0.790654
vn 0.137136 0.596400 0.790886
vn 0.137176 0.596082 0.791119
vn 0.042809 0.600384 0.798565
vn -0.095270 0.598651 0.795325
vn -0.137149 0.596294 0.790964
vn -0.137109 0.596612 0.790731
vn 0.568577 0.495337 0.656782
vn -0.121865 0.700853 0.702819
vn -0.121828 0.701075 0.702603
vn -0.121790 0.701298 0.702388
vn -0.121753 0.701520 0.702172
vn -0.121716 0.701742 0.701957
vn -0.123688 0.701916 0.701438
vt 0.510000 0.346667
vt 0.510000 0.362807
vt 0.510000 0.378947
vt 0.510000 0.395088
vt 0.510000 0.411228
vt 0.510000 0.427368
vt 0.510000 0.443509
vt 0.510000 0.459649
vt 0.510000 0.475789
vt 0.510000 0.491930
vt 0.510000 0.508070
vt 0.510000 0.524211
vt 0.510000 0.540351
vt 0.510000 0.556491
vt 0.510000 0.572632
vt 0.510000 0.588772
vt 0.510000 0.604912
vt 0.510000 0.621053
vt 0.510000 0.637193
vt 0.510000 0.653333
vt 0.521842 0.346667
vt 0.521842 0.362807
vt 0.521842 0.378947
vt 0.521842 0.395088
vt 0.521842 0.411228
vt 0.521842 0.427368
vt 0.521842 0.443509
vt 0.521842 0.459649
vt 0.521842 0.475789
vt 0.521842 0.491930
vt 0.521842 0.508070
vt 0.521842 0.524211
vt 0.521842 0.540351
vt 0.521842 0.556491
vt 0.521842 0.572632
vt 0.521842 0.588772
vt 0.521842 0.604912
vt 0.521842 0.621053
vt 0.521842 0.637193
vt 0.521842 0.653333
vt 0.533684 0.346667
vt 0.533684 0.362807
vt 0.533684 0.378947
vt 0.533684 0.395088
vt 0.533684 0.411228
vt 0.533684 0.427368
vt 0.533684 0.443509
vt 0.533684 0.459649
vt 0.533684 0.475789
vt 0.533684 0.491930
vt 0.533684 0.508070
vt 0.533684 0.524211
vt 0.533684 0.540351
vt 0.533684 0.556491
vt 0.533684 0.572632
vt 0.533684 0.588772
vt 0.533684 0.604912
vt 0.533684 0.621053
vt 0.533684 0.637193
vt 0.533684 0.653333
vt 0.545526 0.346667
vt 0.545526 0.362807
vt 0.545526 0.378947
vt 0.545526 0.395088
vt 0.545526 0.411228
vt 0.545526 0.427368
vt 0.545526 0.443509
vt 0.545526 0.459649
vt 0.545526 0.475789
vt 0.545526 0.491930
vt 0.545526 0.508070
vt 0.545526 0.524211
vt 0.545526 0.540351
vt 0.545526 0.556491
vt 0.545526 0.572632
vt 0.545526 0.588772
vt 0.545526 0.604912
vt 0.545526 0.621053
vt 0.545526 0.637193
vt 0.545526 0.653333
vt 0.557368 0.346667
vt 0.557368 0.362807
vt 0.557368 0.378947
vt 0.557368 0.395088
vt 0.557368 0.411228
vt 0.557368 0.427368
vt 0.557368 0.443509
vt 0.557368 0.459649
vt 0.557368 0.475789
vt 0.557368 0.491930
vt 0.557368 0.508070
vt 0.557368 0.524211
vt 0.557368 0.540351
vt 0.557368 0.556491
vt 0.557368 0.572632
vt 0.557368 0.588772
vt 0.557368 0.604912
vt 0.557368 0.621053
vt 0.557368 0.637193
vt 0.557368 0.653333
vt 0.569211 0.346667
vt 0.569211 0.362807
vt 0.569211 0.378947
vt 0.569211 0.395088
vt 0.569211 0.411228
vt 0.569211 0.427368
vt 0.569211 0.443509
vt 0.569211 0.459649
vt 0.569211 0.475789
vt 0.569211 0.491930
vt 0.569211 0.508070
vt 0.569211 0.524211
vt 0.569211 0.540351
vt 0.569211 0.556491
vt 0.569211 0.572632
vt 0.569211 0.588772
vt 0.569211 0.604912
vt 0.569211 0.621053
vt 0.569211 0.637193
vt 0.569211 0.653333
vt 0.581053 0.346667
vt 0.581053 0.362807
vt 0.581053 0.378947
vt 0.581053 0.395088
vt 0.581053 0.411228
vt 0.581053 0.427368
vt 0.581053 0.443509
vt 0.581053 0.459649
vt 0.581053 0.475789
vt 0.581053 0.491930
vt 0.581053 0.508070
vt 0.581053 0.524211
vt 0.581053 0.540351
vt 0.581053 0.556491
vt 0.581053 0.572632
vt 0.581053 0.588772
vt 0.581053 0.604912
vt 0.581053 0.621053
vt 0.581053 0.637193
vt 0.581053 0.653333
vt 0.592895 0.346667
vt 0.592895 0.362807
vt 0.592895 0.378947
vt 0.592895 0.395088
vt 0.592895 0.411228
vt 0.592895 0.427368
vt 0.592895 0.443509
vt 0.592895 0.459649
vt 0.592895 0.475789
vt 0.592895 0.491930
vt 0.592895 0.508070
vt 0.592895 0.524211
vt 0.592895 0.540351
vt 0.592895 0.556491
vt 0.592895 0.572632
vt 0.592895 0.588772
vt 0.592895 0.604912
vt 0.592895 0.621053
vt 0.592895 0.637193
vt 0.592895 0.653333
vt 0.604737 0.346667
vt 0.604737 0.362807
vt 0.604737 0.378947
vt 0.604737 0.395088
vt 0.604737 0.411228
vt 0.604737 0.427368
vt 0.604737 0.443509
vt 0.604737 0.459649
vt 0.604737 0.475789
vt 0.604737 0.491930
vt 0.604737 0.508070
vt 0.604737 0.524211
vt 0.604737 0.540351
vt 0.604737 0.556491
vt 0.604737 0.572632
vt 0.604737 0.588772
vt 0.604737 0.604912
vt 0.604737 0.621053
vt 0.604737 0.637193
vt 0.604737 0.653333
vt 0.616579 0.346667
vt 0.616579 0.362807
vt 0.616579 0.378947
vt 0.616579 0.395088
vt 0.616579 0.411228
vt 0.616579 0.427368
vt 0.616579 0.443509
vt 0.616579 0.459649
vt 0.616579 0.475789
vt 0.616579 0.491930
vt 0.616579 0.508070
vt 0.616579 0.524211
vt 0.616579 0.540351
vt 0.616579 0.556491
vt 0.616579 0.572632
vt 0.616579 0.588772
vt 0.616579 0.604912
vt 0.616579 0.621053
vt 0.616579 0.637193
vt 0.616579 0.653333
vt 0.628421 0.346667
vt 0.628421 0.362807
vt 0.628421 0.378947
vt 0.628421 0.395088
vt 0.628421 0.411228
vt 0.628421 0.427368
vt 0.628421 0.443509
vt 0.628421 0.459649
vt 0.628421 0.475789
vt 0.628421 0.491930
vt 0.628421 0.508070
vt 0.628421 0.524211
vt 0.628421 0.540351
vt 0.628421 0.556491
vt 0.628421 0.572632
vt 0.628421 0.588772
vt 0.628421 0.604912
vt 0.628421 0.621053
vt 0.628421 0.637193
vt 0.628421 0.653333
vt 0.640263 0.346667
vt 0.640263 0.362807
vt 0.640263 0.378947
vt 0.640263 0.395088
vt 0.640263 0.411228
vt 0.640263 0.427368
vt 0.640263 0.443509
vt 0.640263 0.459649
vt 0.640263 0.475789
vt 0.640263 0.491930
vt 0.640263 0.508070
vt 0.640263 0.524211
vt 0.640263 0.540351
vt 0.640263 0.556491
vt 0.640263 0.572632
vt 0.640263 0.588772
vt 0.640263 0.604912
vt 0.640263 0.621053
vt 0.640263 0.637193
vt 0.640263 0.653333
vt 0.652105 0.346667
vt 0.652105 0.362807
vt 0.652105 0.378947
vt 0.652105 0.395088
vt 0.652105 0.411228
vt 0.652105 0.427368
vt 0.652105 0.443509
vt 0.652105 0.459649
vt 0.652105 0.475789
vt 0.652105 0.491930
vt 0.652105 0.508070
vt 0.652105 0.524211
vt 0.652105 0.540351
vt 0.652105 0.556491
vt 0.652105 0.572632
vt 0.652105 0.588772
vt 0.652105 0.604912
vt 0.652105 0.621053
vt 0.652105 0.637193
vt 0.652105 0.653333
vt 0.663947 0.346667
vt 0.663947 0.362807
vt 0.663947 0.378947
vt 0.663947 0.395088
vt 0.663947 0.411228
vt 0.663947 0.427368
vt 0.663947 0.443509
vt 0.663947 0.459649
vt 0.663947 0.475789
vt 0.663947 0.491930
vt 0.663947 0.508070
vt 0.663947 0.524211
vt 0.663947 0.540351
vt 0.663947 0.556491
vt 0.663947 0.572632
vt 0.663947 0.588772
vt 0.663947 0.604912
vt 0.663947 0.621053
vt 0.663947 0.637193
vt 0.663947 0.653333
vt 0.675789 0.346667
vt 0.675789 0.362807
vt 0.675789 0.378947
vt 0.675789 0.395088
vt 0.675789 0.411228
vt 0.675789 0.427368
vt 0.675789 0.443509
vt 0.675789 0.459649
vt 0.675789 0.475789
vt 0.675789 0.491930
vt 0.675789 0.508070
vt 0.675789 0.524211
vt 0.675789 0.540351
vt 0.675789 0.556491
vt 0.675789 0.572632
vt 0.675789 0.588772
vt 0.675789 0.604912
vt 0.675789 0.621053
vt 0.675789 0.637193
vt 0.675789 0.653333
vt 0.687632 0.346667
vt 0.687632 0.362807
vt 0.687632 0.378947
vt 0.687632 0.395088
vt 0.687632 0.411228
vt 0.687632 0.427368
vt 0.687632 0.443509
vt 0.687632 0.459649
vt 0.687632 0.475789
vt 0.687632 0.491930
vt 0.687632 0.508070
vt 0.687632 0.524211
vt 0.687632 0.540351
vt 0.687632 0.556491
vt 0.687632 0.572632
vt 0.687632 0.588772
vt 0.687632 0.604912
vt 0.687632 0.621053
vt 0.687632 0.637193
vt 0.687632 0.653333
vt 0.699474 0.346667
vt 0.699474 0.362807
vt 0.699474 0.378947
vt 0.699474 0.395088
vt 0.699474 0.411228
vt 0.699474 0.427368
vt 0.699474 0.443509
vt 0.699474 0.459649
vt 0.699474 0.475789
vt 0.699474 0.491930
vt 0.699474 0.508070
vt 0.699474 0.524211
vt 0.699474 0.540351
vt 0.699474 0.556491
vt 0.699474 0.572632
vt 0.699474 0.588772
vt 0.699474 0.604912
vt 0.699474 0.621053
vt 0.699474 0.637193
vt 0.699474 0.653333
vt 0.711316 0.346667
vt 0.711316 0.362807
vt 0.711316 0.378947
vt 0.711316 0.395088
vt 0.711316 0.411228
vt 0.711316 0.427368
vt 0.711316 0.443509
vt 0.711316 0.459649
vt 0.711316 0.475789
vt 0.711316 0.491930
vt 0.711316 0.508070
vt 0.711316 0.524211
vt 0.711316 0.540351
vt 0.711316 0.556491
vt 0.711316 0.572632
vt 0.711316 0.588772
vt 0.711316 0.604912
vt 0.711316 0.621053
vt 0.711316 0.637193
vt 0.711316 0.653333
vt 0.723158 0.346667
vt 0.723158 0.362807
vt 0.723158 0.378947
vt 0.723158 0.395088
vt 0.723158 0.411228
vt 0.723158 0.427368
vt 0.723158 0.443509
vt 0.723158 0.459649
vt 0.723158 0.475789
vt 0.723158 0.491930
vt 0.723158 0.508070
vt 0.723158 0.524211
vt 0.723158 0.540351
vt 0.723158 0.556491
vt 0.723158 0.572632
vt 0.723158 0.588772
vt 0.723158 0.604912
vt 0.723158 0.621053
vt 0.723158 0.637193
vt 0.723158 0.653333
vt 0.735000 0.346667
vt 0.735000 0.362807
vt 0.735000 0.378947
vt 0.735000 0.395088
vt 0.735000 0.411228
vt 0.735000 0.427368
vt 0.735000 0.443509
vt 0.735000 0.459649
vt 0.735000 0.475789
vt 0.735000 0.491930
vt 0.735000 0.508070
vt 0.735000 0.524211
vt 0.735000 0.540351
vt 0.735000 0.556491
vt 0.735000 0.572632
vt 0.735000 0.588772
vt 0.735000 0.604912
vt 0.735000 0.621053
vt 0.735000 0.637193
vt 0.735000 0.653333
f 1733/1733/1733 1753/1753/1753 1734/1734/1734
f 1734/1734/1734 1753/1753/1753 1754/1754/1754
f 1734/1734/1734 1754/1754/1754 1735/1735/1735
f 1735/1735/1735 1754/1754/1754 1755/1755/1755
f 1735/1735/1735 1755/1755/1755 1736/1736/1736
f 1736/1736/1736 1755/1755/1755 1756/1756/1756
f 1736/1736/1736 1756/1756/1756 1737/1737/1737
f 1737/1737/1737 1756/1756/1756 1757/1757/1757
f 1737/1737/1737 1757/1757/1757 1738/1738/1738
f 1738/1738/1738 1757/1757/1757 1758/1758/1758
f 1738/1738/1738 1758/1758/1758 1739/1739/1739
f 1739/1739/1739 1758/1758/1758 1759/1759/1759
f 1739/1739/1739 1759/1759/1759 1740/1740/1740
f 1740/1740/1740 1759/1759/1759 1760/1760/1760
f 1740/1740/1740 1760/1760/1760 1741/1741/1741
f 1741/1741/1741 1760/1760/1760 1761/1761/1761
f 1741/1741/1741 1761/1761/1761 1742/1742/1742
f 1742/1742/1742 1761/1761/1761 1762/1762/1762
f 1742/1742/1742 1762/1762/1762 1743/1743/1743
f 1743/1743/1743 1762/1762/1762 1763/1763/1763
f 1743/1743/1743 1763/1763/1763 1744/1744/1744
f 1744/1744/1744 1763/1763/1763 1764/1764/1764
f 1744/1744/1744 1764/1764/1764 1745/1745/1745
f 1745/1745/1745 1764/1764/1764 1765/1765/1765
f 1745/1745/1745 1765/1765/1765 1746/1746/1746
f 1746/1746/1746 1765/1765/1765 1766/1766/1766
f 1746/1746/1746 1766/1766/1766 1747/1747/1747
f 1747/1747/1747 1766/1766/1766 1767/1767/1767
f 1747/1747/1747 1767/1767/1767 1748/1748/1748
f 1748/1748/1748 1767/1767/1767 1768/1768/1768
f 1748/1748/1748 1768/1768/1768 1749/1749/1749
f 1749/1749/1749 1768/1768/1768 1769/1769/1769
f 1749/1749/1749 1769/1769/1769 1750/1750/1750
f 1750/1750/1750 1769/1769/1769 1770/1770/1770
f 1750/1750/1750 1770/1770/1770 1751/1751/1751
f 1751/1751/1751 1770/1770/1770 1771/1771/1771
f 1751/1751/1751 1771/1771/1771 1752/1752/1752
f 1752/1752/1752 1771/1771/1771 1772/1772/1772
f 1753/1753/1753 1773/1773/1773 1754/1754/1754
f 1754/1754/1754 1773/1773/1773 1774/1774/1774
f 1754/1754/1754 1774/1774/1774 1755/1755/1755
f 1755/1755/1755 1774/1774/1774 1775/1775/1775
f 1755/1755/1755 1775/1775/1775 1756/1756/1756
f 1756/1756/1756 1775/1775/1775 1776/1776/1776
f 1756/1756/1756 1776/1776/1776 1757/1757/1757
f 1757/1757/1757 1776/1776/1776 1777/1777/1777
f 1757/1757/1757 1777/1777/1777 1758/1758/1758
f 1758/1758/1758 1777/1777/1777 1778/1778/1778
f 1758/1758/1758 1778/1778/1778 1759/1759/1759
f 1759/1759/1759 1778/1778/1778 1779/1779/1779
f 1759/1759/1759 1779/1779/1779 1760/1760/1760
f 1760/1760/1760 1779/1779/1779 1780/1780/1780
f 1760/1760/1760 1780/1780/1780 1761/1761/1761
f 1761/1761/1761 1780/1780/1780 1781/1781/1781
f 1761/1761/1761 1781/1781/1781 1762/1762/1762
f 1762/1762/1762 1781/1781/1781 1782/1782/1782
f 1762/1762/1762 1782/1782/1782 1763/1763/1763
f 1763/1763/1763 1782/1782/1782 1783/1783/1783
f 1763/1763/1763 1783/1783/1783 1764/1764/1764
f 1764/1764/1764 1783/1783/1783 1784/1784/1784
f 1764/1764/1764 1784/1784/1784 1765/1765/1765
f 1765/1765/1765 1784/1784/1784 1785/1785/1785
f 1765/1765/1765 1785/1785/1785 1766/1766/1766
f 1766/1766/1766 1785/1785/1785 1786/1786/1786
f 1766/1766/1766 1786/1786/1786 1767/1767/1767
f 1767/1767/1767 1786/1786/1786 1787/1787/1787
f 1767/1767/1767 1787/1787/1787 1768/1768/1768
f 1768/1768/1768 1787/1787/1787 1788/1788/1788
f 1768/1768/1768 1788/1788/1788 1769/1769/1769
f 1769/1769/1769 1788/1788/1788 1789/1789/1789
f 1769/1769/1769 1789/1789/1789 1770/1770/1770
f 1770/1770/1770 1789/1789/1789 1790/1790/1790
f 1770/1770/1770 1790/1790/1790 1771/1771/1771
f 1771/1771/1771 1790/1790/1790 1791/1791/1791
f 1771/1771/1771 1791/1791/1791 1772/1772/1772
f 1772/1772/1772 1791/1791/1791 1792/1792/1792
f 1773/1773/1773 1793/1793/1793 1774/1774/1774
f 1774/1774/1774 1793/1793/1793 1794/1794/1794
f 1774/1774/1774 1794/1794/1794 1775/1775/1775
f 1775/1775/1775 1794/1794/1794 1795/1795/1795
f 1775/1775/1775 1795/1795/1795 1776/1776/1776
f 1776/1776/1776 1795/1795/1795 1796/1796/1796
f 1776/1776/1776 1796/1796/1796 1777/1777/1777
f 1777/1777/1777 1796/1796/1796 1797/1797/1797
f 1777/1777/1777 1797/1797/1797 1778/1778/1778
f 1778/1778/1778 1797/1797/1797 1798/1798/1798
f 1778/1778/1778 1798/1798/1798 1779/1779/1779
f 1779/1779/1779 1798/1798/1798 1799/1799/1799
f 1779/1779/1779 1799/1799/1799 1780/1780/1780
f 1780/1780/1780 1799/1799/1799 1800/1800/1800
f 1780/1780/1780 1800/1800/1800 1781/1781/1781
f 1781/1781/1781 1800/1800/1800 1801/1801/1801
f 1781/1781/1781 1801/1801/1801 1782/1782/1782
f 1782/1782/1782 1801/1801/1801 1802/1802/1802
f 1782/1782/1782 1802/1802/1802 1783/1783/1783
f 1783/1783/1783 1802/1802/1802 1803/1803/1803
f 1783/1783/1783 1803/1803/1803 1784/1784/1784
f 1784/1784/1784 1803/1803/1803 1804/1804/1804
f 1784/1784/1784 1804/1804/1804 1785/1785/1785
f 1785/1785/1785 1804/1804/1804 1805/1805/1805
f 1785/1785/1785 1805/1805/1805 1786/1786/1786
f 1786/1786/1786 1805/1805/1805 1806/1806/1806
f 1786/1786/1786 1806/1806/1806 1787/1787/1787
f 1787/1787/1787 1806/1806/1806 1807/1807/1807
f 1787/1787/1787 1807/1807/1807 1788/1788/1788
f 1788/1788/1788 1807/1807/1807 1808/1808/1808
f 1788/1788/1788 1808/1808/1808 1789/1789/1789
f 1789/1789/1789 1808/1808/1808 1809/1809/1809
f 1789/1789/1789 1809/1809/1809 1790/1790/1790
f 1790/1790/1790 1809/1809/1809 1810/1810/1810
f 1790/1790/1790 1810/1810/1810 1791/1791/1791
f 1791/1791/1791 1810/1810/1810 1811/1811/1811
f 1791/1791/1791 1811/1811/1811 1792/1792/1792
f 1792/1792/1792 1811/1811/1811 1812/1812/1812
f 1793/1793/1793 1813/1813/1813 1794/1794/1794
f 1794/1794/1794 1813/1813/1813 1814/1814/1814
f 1794/1794/1794 1814/1814/1814 1795/1795/1795
f 1795/1795/1795 1814/1814/1814 1815/1815/1815
f 1795/1795/1795 1815/1815/1815 1796/1796/1796
f 1796/1796/1796 1815/1815/1815 1816/1816/1816
f 1796/1796/1796 1816/1816/1816 1797/1797/1797
f 1797/1797/1797 1816/1816/1816 1817/1817/1817
f 1797/1797/1797 1817/1817/1817 1798/1798/1798
f 1798/1798/1798 1817/1817/1817 1818/1818/1818
f 1798/1798/1798 1818/1818/1818 1799/1799/1799
f 1799/1799/1799 1818/1818/1818 1819/1819/1819
f 1799/1799/1799 1819/1819/1819 1800/1800/1800
f 1800/1800/1800 1819/1819/1819 1820/1820/1820
f 1800/1800/1800 1820/1820/1820 1801/1801/1801
f 1801/1801/1801 1820/1820/1820 1821/1821/1821
f 1801/1801/1801 1821/1821/1821 1802/1802/1802
f 1802/1802/1802 1821/1821/1821 1822/1822/1822
f 1802/1802/1802 1822/1822/1822 1803/1803/1803
f 1803/1803/1803 1822/1822/1822 1823/1823/1823
f 1803/1803/1803 1823/1823/1823 1804/1804/1804
f 1804/1804/1804 1823/1823/1823 1824/1824/1824
f 1804/1804/1804 1824/1824/1824 1805/1805/1805
f 1805/1805/1805 1824/1824/1824 1825/1825/1825
f 1805/1805/1805 1825/1825/1825 1806/1806/1806
f 1806/1806/1806 1825/1825/1825 1826/1826/1826
f 1806/1806/1806 1826/1826/1826 1807/1807/1807
f 1807/1807/1807 1826/1826/1826 1827/1827/1827
f 1807/1807/1807 1827/1827/1827 1808/1808/1808
f 1808/1808/1808 1827/1827/1827 1828/1828/1828
f 1808/1808/1808 1828/1828/1828 1809/1809/1809
f 1809/1809/1809 1828/1828/1828 1829/1829/1829
f 1809/1809/1809 1829/1829/1829 1810/1810/1810
f 1810/1810/1810 1829/1829/1829 1830/1830/1830
f 1810/1810/1810 1830/1830/1830 1811/1811/1811
f 1811/1811/1811 1830/1830/1830 1831/1831/1831
f 1811/1811/1811 1831/1831/1831 1812/1812/1812
f 1812/1812/1812 1831/1831/1831 1832/1832/1832
f 1813/1813/1813 1833/1833/1833 1814/1814/1814
f 1814/1814/1814 1833/1833/1833 1834/1834/1834
f 1814/1814/1814 1834/1834/1834 1815/1815/1815
f 1815/1815/1815 1834/1834/1834 1835/1835/1835
f 1815/1815/1815 1835/1835/1835 1816/1816/1816
f 1816/1816/1816 1835/1835/1835 1836/1836/1836
f 1816/1816/1816 1836/1836/1836 1817/1817/1817
f 1817/1817/1817 1836/1836/1836 1837/1837/1837
f 1817/1817/1817 1837/1837/1837 1818/1818/1818
f 1818/1818/1818 1837/1837/1837 1838/1838/1838
f 1818/1818/1818 1838/1838/1838 1819/1819/1819
f 1819/1819/1819 1838/1838/1838 1839/1839/1839
f 1819/1819/1819 1839/1839/1839 1820/1820/1820
f 1820/1820/1820 1839/1839/1839 1840/1840/1840
f 1820/1820/1820 1840/1840/1840 1821/1821/1821
f 1821/1821/1821 1840/1840/1840 1841/1841/1841
f 1821/1821/1821 1841/1841/1841 1822/1822/1822
f 1822/1822/1822 1841/1841/1841 1842/1842/1842
f 1822/1822/1822 1842/1842/1842 1823/1823/1823
f 1823/1823/1823 1842/1842/1842 1843/1843/1843
f 1823/1823/1823 1843/1843/1843 1824/1824/1824
f 1824/1824/1824 1843/1843/1843 1844/1844/1844
f 1824/1824/1824 1844/1844/1844 1825/1825/1825
f 1825/1825/1825 1844/1844/1844 1845/1845/1845
f 1825/1825/1825 1845/1845/1845 1826/1826/1826
f 1826/1826/1826 1845/1845/1845 1846/1846/1846
f 1826/1826/1826 1846/1846/1846 1827/1827/1827
f 1827/1827/1827 1846/1846/1846 1847/1847/1847
f 1827/1827/1827 1847/1847/1847 1828/1828/1828
f 1828/1828/1828 1847/1847/1847 1848/1848/1848
f 1828/1828/1828 1848/1848/1848 1829/1829/1829
f 1829/1829/1829 1848/1848/1848 1849/1849/1849
f 1829/1829/1829 1849/1849/1849 1830/1830/1830
f 1830/1830/1830 1849/1849/1849 1850/1850/1850
f 1830/1830/1830 1850/1850/1850 1831/1831/1831
f 1831/1831/1831 1850/1850/1850 1851/1851/1851
f 1831/1831/1831 1851/1851/1851 1832/1832/1832
f 1832/1832/1832 1851/1851/1851 1852/1852/1852
f 1833/1833/1833 1853/1853/1853 1834/1834/1834
f 1834/1834/1834 1853/1853/1853 1854/1854/1854
f 1834/1834/1834 1854/1854/1854 1835/1835/1835
f 1835/1835/1835 1854/1854/1854 1855/1855/1855
f 1835/1835/1835 1855/1855/1855 1836/1836/1836
f 1836/1836/1836 1855/1855/1855 1856/1856/1856
f 1836/1836/1836 1856/1856/1856 1837/1837/1837
f 1837/1837/1837 1856/1856/1856 1857/1857/1857
f 1837/1837/1837 1857/1857/1857 1838/1838/1838
f 1838/1838/1838 1857/1857/1857 1858/1858/1858
f 1838/1838/1838 1858/1858/1858 1839/1839/1839
f 1839/1839/1839 1858/1858/1858 1859/1859/1859
f 1839/1839/1839 1859/1859/1859 1840/1840/1840
f 1840/1840/1840 1859/1859/1859 1860/1860/1860
f 1840/1840/1840 1860/1860/1860 1841/1841/1841
f 1841/1841/1841 1860/1860/1860 1861/1861/1861
f 1841/1841/1841 1861/1861/1861 1842/1842/1842
f 1842/1842/1842 1861/1861/1861 1862/1862/1862
f 1842/1842/1842 1862/1862/1862 1843/1843/1843
f 1843/1843/1843 1862/1862/1862 1863/1863/1863
f 1843/1843/1843 1863/1863/1863 1844/1844/1844
f 1844/1844/1844 1863/1863/1863 1864/1864/1864
f 1844/1844/1844 1864/1864/1864 1845/1845/1845
f 1845/1845/1845 1864/1864/1864 1865/1865/1865
f 1845/1845/1845 1865/1865/1865 1846/1846/1846
f 1846/1846/1846 1865/1865/1865 1866/1866/1866
f 1846/1846/1846 1866/1866/1866 1847/1847/1847
f 1847/1847/1847 1866/1866/1866 1867/1867/1867
f 1847/1847/1847 1867/1867/1867 1848/1848/1848
f 1848/1848/1848 1867/1867/1867 1868/1868/1868
f 1848/1848/1848 1868/1868/1868 1849/1849/1849
f 1849/1849/1849 1868/1868/1868 1869/1869/1869
f 1849/1849/1849 1869/1869/1869 1850/1850/1850
f 1850/1850/1850 1869/1869/1869 1870/1870/1870
f 1850/1850/1850 1870/1870/1870 1851/1851/1851
f 1851/1851/1851 1870/1870/1870 1871/1871/1871
f 1851/1851/1851 1871/1871/1871 1852/1852/1852
f 1852/1852/1852 1871/1871/1871 1872/1872/1872
f 1853/1853/1853 1873/1873/1873 1854/1854/1854
f 1854/1854/1854 1873/1873/1873 1874/1874/1874
f 1854/1854/1854 1874/1874/1874 1855/1855/1855
f 1855/1855/1855 1874/1874/1874 1875/1875/1875
f 1855/1855/1855 1875/1875/1875 1856/1856/1856
f 1856/1856/1856 1875/1875/1875 1876/1876/1876
f 1856/1856/1856 1876/1876/1876 1857/1857/1857
f 1857/1857/1857 1876/1876/1876 1877/1877/1877
f 1857/1857/1857 1877/1877/1877 1858/1858/1858
f 1858/1858/1858 1877/1877/1877 1878/1878/1878
f 1858/1858/1858 1878/1878/1878 1859/1859/1859
f 1859/1859/1859 1878/1878/1878 1879/1879/1879
f 1859/1859/1859 1879/1879/1879 1860/1860/1860
f 1860/1860/1860 1879/1879/1879 1880/1880/1880
f 1860/1860/1860 1880/1880/1880 1861/1861/1861
f 1861/1861/1861 1880/1880/1880 1881/1881/1881
f 1861/1861/1861 1881/1881/1881 1862/1862/1862
f 1862/1862/1862 1881/1881/1881 1882/1882/1882
f 1862/1862/1862 1882/1882/1882 1863/1863/1863
f 1863/1863/1863 1882/1882/1882 1883/1883/1883
f 1863/1863/1863 1883/1883/1883 1864/1864/1864
f 1864/1864/1864 1883/1883/1883 1884/1884/1884
f 1864/1864/1864 1884/1884/1884 1865/1865/1865
f 1865/1865/1865 1884/1884/1884 1885/1885/1885
f 1865/1865/1865 1885/1885/1885 1866/1866/1866
f 1866/1866/1866 1885/1885/1885 1886/1886/1886
f 1866/1866/1866 1886/1886/1886 1867/1867/1867
f 1867/1867/1867 1886/1886/1886 1887/1887/1887
f 1867/1867/1867 1887/1887/1887 1868/1868/1868
f 1868/1868/1868 1887/1887/1887 1888/1888/1888
f 1868/1868/1868 1888/1888/1888 1869/1869/1869
f 1869/1869/1869 1888/1888/1888 1889/1889/1889
f 1869/1869/1869 1889/1889/1889 1870/1870/1870
f 1870/1870/1870 1889/1889/1889 1890/1890/1890
f 1870/1870/1870 1890/1890/1890 1871/1871/1871
f 1871/1871/1871 1890/1890/1890 1891/1891/1891
f 1871/1871/1871 1891/1891/1891 1872/1872/1872
f 1872/1872/1872 1891/1891/1891 1892/1892/1892
f 1873/1873/1873 1893/1893/1893 1874/1874/1874
f 1874/1874/1874 1893/1893/1893 1894/1894/1894
f 1874/1874/1874 1894/1894/1894 1875/1875/1875
f 1875/1875/1875 1894/1894/1894 1895/1895/1895
f 1875/1875/1875 1895/1895/1895 1876/1876/1876
f 1876/1876/1876 1895/1895/1895 1896/1896/1896
f 1876/1876/1876 1896/1896/1896 1877/1877/1877
f 1877/1877/1877 1896/1896/1896 1897/1897/1897
f 1877/1877/1877 1897/1897/1897 1878/1878/1878
f 1878/1878/1878 1897/1897/1897 1898/1898/1898
f 1878/1878/1878 1898/1898/1898 1879/1879/1879
f 1879/1879/1879 1898/1898/1898 1899/1899/1899
f 1879/1879/1879 1899/1899/1899 1880/1880/1880
f 1880/1880/1880 1899/1899/1899 1900/1900/1900
f 1880/1880/1880 1900/1900/1900 1881/1881/1881
f 1881/1881/1881 1900/1900/1900 1901/1901/1901
f 1881/1881/1881 1901/1901/1901 1882/1882/1882
f 1882/1882/1882 1901/1901/1901 1902/1902/1902
f 1882/1882/1882 1902/1902/1902 1883/1883/1883
f 1883/1883/1883 1902/1902/1902 1903/1903/1903
f 1883/1883/1883 1903/1903/1903 1884/1884/1884
f 1884/1884/1884 1903/1903/1903 1904/1904/1904
f 1884/1884/1884 1904/1904/1904 1885/1885/1885
f 1885/1885/1885 1904/1904/1904 1905/1905/1905
f 1885/1885/1885 1905/1905/1905 1886/1886/1886
f 1886/1886/1886 1905/1905/1905 1906/1906/1906
f 1886/1886/1886 1906/1906/1906 1887/1887/1887
f 1887/1887/1887 1906/1906/1906 1907/1907/1907
f 1887/1887/1887 1907/1907/1907 1888/1888/1888
f 1888/1888/1888 1907/1907/1907 1908/1908/1908
f 1888/1888/1888 1908/1908/1908 1889/1889/1889
f 1889/1889/1889 1908/1908/1908 1909/1909/1909
f 1889/1889/1889 1909/1909/1909 1890/1890/1890
f 1890/1890/1890 1909/1909/1909 1910/1910/1910
f 1890/1890/1890 1910/1910/1910 1891/1891/1891
f 1891/1891/1891 1910/1910/1910 1911/1911/1911
f 1891/1891/1891 1911/1911/1911 1892/1892/1892
f 1892/1892/1892 1911/1911/1911 1912/1912/1912
f 1893/1893/1893 1913/1913/1913 1894/1894/1894
f 1894/1894/1894 1913/1913/1913 1914/1914/1914
f 1894/1894/1894 1914/1914/1914 1895/1895/1895
f 1895/1895/1895 1914/1914/1914 1915/1915/1915
f 1895/1895/1895 1915/1915/1915 1896/1896/1896
f 1896/1896/1896 1915/1915/1915 1916/1916/1916
f 1896/1896/1896 1916/1916/1916 1897/1897/1897
f 1897/1897/1897 1916/1916/1916 1917/1917/1917
f 1897/1897/1897 1917/1917/1917 1898/1898/1898
f 1898/1898/1898 1917/1917/1917 1918/1918/1918
f 1898/1898/1898 1918/1918/1918 1899/1899/1899
f 1899/1899/1899 1918/1918/1918 1919/1919/1919
f 1899/1899/1899 1919/1919/1919 1900/1900/1900
f 1900/1900/1900 1919/1919/1919 1920/1920/1920
f 1900/1900/1900 1920/1920/1920 1901/1901/1901
f 1901/1901/1901 1920/1920/1920 1921/1921/1921
f 1901/1901/1901 1921/1921/1921 1902/1902/1902
f 1902/1902/1902 1921/1921/1921 1922/1922/1922
f 1902/1902/1902 1922/1922/1922 1903/1903/1903
f 1903/1903/1903 1922/1922/1922 1923/1923/1923
f 1903/1903/1903 1923/1923/1923 1904/1904/1904
f 1904/1904/1904 1923/1923/1923 1924/1924/1924
f 1904/1904/1904 1924/1924/1924 1905/1905/1905
f 1905/1905/1905 1924/1924/1924 1925/1925/1925
f 1905/1905/1905 1925/1925/1925 1906/1906/1906
f 1906/1906/1906 1925/1925/1925 1926/1926/1926
f 1906/1906/1906 1926/1926/1926 1907/1907/1907
f 1907/1907/1907 1926/1926/1926 1927/1927/1927
f 1907/1907/1907 1927/1927/1927 1908/1908/1908
f 1908/1908/1908 1927/1927/1927 1928/1928/1928
f 1908/1908/1908 1928/1928/1928 1909/1909/1909
f 1909/1909/1909 1928/1928/1928 1929/1929/1929
f 1909/1909/1909 1929/1929/1929 1910/1910/1910
f 1910/1910/1910 1929/1929/1929 1930/1930/1930
f 1910/1910/1910 1930/1930/1930 1911/1911/1911
f 1911/1911/1911 1930/1930/1930 1931/1931/1931
f 1911/1911/1911 1931/1931/1931 1912/1912/1912
f 1912/1912/1912 1931/1931/1931 1932/1932/1932
f 1913/1913/1913 1933/1933/1933 1914/1914/1914
f 1914/1914/1914 1933/1933/1933 1934/1934/1934
f 1914/1914/1914 1934/1934/1934 1915/1915/1915
f 1915/1915/1915 1934/1934/1934 1935/1935/1935
f 1915/1915/1915 1935/1935/1935 1916/1916/1916
f 1916/1916/1916 1935/1935/1935 1936/1936/1936
f 1916/1916/1916 1936/1936/1936 1917/1917/1917
f 1917/1917/1917 1936/1936/1936 1937/1937/1937
f 1917/1917/1917 1937/1937/1937 1918/1918/1918
f 1918/1918/1918 1937/1937/1937 1938/1938/1938
f 1918/1918/1918 1938/1938/1938 1919/1919/1919
f 1919/1919/1919 1938/1938/1938 1939/1939/1939
f 1919/1919/1919 1939/1939/1939 1920/1920/1920
f 1920/1920/1920 1939/1939/1939 1940/1940/1940
f 1920/1920/1920 1940/1940/1940 1921/1921/1921
f 1921/1921/1921 1940/1940/1940 1941/1941/1941
f 1921/1921/1921 1941/1941/1941 1922/1922/1922
f 1922/1922/1922 1941/1941/1941 1942/1942/1942
f 1922/1922/1922 1942/1942/1942 1923/1923/1923
f 1923/1923/1923 1942/1942/1942 1943/1943/1943
f 1923/1923/1923 1943/1943/1943 1924/1924/1924
f 1924/1924/1924 1943/1943/1943 1944/1944/1944
f 1924/1924/1924 1944/1944/1944 1925/1925/1925
f 1925/1925/1925 1944/1944/1944 1945/1945/1945
f 1925/1925/1925 1945/1945/1945 1926/1926/1926
f 1926/1926/1926 1945/1945/1945 1946/1946/1946
f 1926/1926/1926 1946/1946/1946 1927/1927/1927
f 1927/1927/1927 1946/1946/1946 1947/1947/1947
f 1927/1927/1927 1947/1947/1947 1928/1928/1928
f 1928/1928/1928 1947/1947/1947 1948/1948/1948
f 1928/1928/1928 1948/1948/1948 1929/1929/1929
f 1929/1929/1929 1948/1948/1948 1949/1949/1949
f 1929/1929/1929 1949/1949/1949 1930/1930/1930
f 1930/1930/1930 1949/1949/1949 1950/1950/1950
f 1930/1930/1930 1950/1950/1950 1931/1931/1931
f 1931/1931/1931 1950/1950/1950 1951/1951/1951
f 1931/1931/1931 1951/1951/1951 1932/1932/1932
f 1932/1932/1932 1951/1951/1951 1952/1952/1952
f 1933/1933/1933 1953/1953/1953 1934/1934/1934
f 1934/1934/1934 1953/1953/1953 1954/1954/1954
f 1934/1934/1934 1954/1954/1954 1935/1935/1935
f 1935/1935/1935 1954/1954/1954 1955/1955/1955
f 1935/1935/1935 1955/1955/1955 1936/1936/1936
f 1936/1936/1936 1955/1955/1955 1956/1956/1956
f 1936/1936/1936 1956/1956/1956 1937/1937/1937
f 1937/1937/1937 1956/1956/1956 1957/1957/1957
f 1937/1937/1937 1957/1957/1957 1938/1938/1938
f 1938/1938/1938 1957/1957/1957 1958/1958/1958
f 1938/1938/1938 1958/1958/1958 1939/1939/1939
f 1939/1939/1939 1958/1958/1958 1959/1959/1959
f 1939/1939/1939 1959/1959/1959 1940/1940/1940
f 1940/1940/1940 1959/1959/1959 1960/1960/1960
f 1940/1940/1940 1960/1960/1960 1941/1941/1941
f 1941/1941/1941 1960/1960/1960 1961/1961/1961
f 1941/1941/1941 1961/1961/1961 1942/1942/1942
f 1942/1942/1942 1961/1961/1961 1962/1962/1962
f 1942/1942/1942 1962/1962/1962 1943/1943/1943
f 1943/1943/1943 1962/1962/1962 1963/1963/1963
f 1943/1943/1943 1963/1963/1963 1944/1944/1944
f 1944/1944/1944 1963/1963/1963 1964/1964/1964
f 1944/1944/1944 1964/1964/1964 1945/1945/1945
f 1945/1945/1945 1964/1964/1964 1965/1965/1965
f 1945/1945/1945 1965/1965/1965 1946/1946/1946
f 1946/1946/1946 1965/1965/1965 1966/1966/1966
f 1946/1946/1946 1966/1966/1966 1947/1947/1947
f 1947/1947/1947 1966/1966/1966 1967/1967/1967
f 1947/1947/1947 1967/1967/1967 1948/1948/1948
f 1948/1948/1948 1967/1967/1967 1968/1968/1968
f 1948/1948/1948 1968/1968/1968 1949/1949/1949
f 1949/1949/1949 1968/1968/1968 1969/1969/1969
f 1949/1949/1949 1969/1969/1969 1950/1950/1950
f 1950/1950/1950 1969/1969/1969 1970/1970/1970
f 1950/1950/1950 1970/1970/1970 1951/1951/1951
f 1951/1951/1951 1970/1970/1970 1971/1971/1971
f 1951/1951/1951 1971/1971/1971 1952/1952/1952
f 1952/1952/1952 1971/1971/1971 1972/1972/1972
f 1953/1953/1953 1973/1973/1973 1954/1954/1954
f 1954/1954/1954 1973/1973/1973 1974/1974/1974
f 1954/1954/1954 1974/1974/1974 1955/1955/1955
f 1955/1955/1955 1974/1974/1974 1975/1975/1975
f 1955/1955/1955 1975/1975/1975 1956/1956/1956
f 1956/1956/1956 1975/1975/1975 1976/1976/1976
f 1956/1956/1956 1976/1976/1976 1957/1957/1957
f 1957/1957/1957 1976/1976/1976 1977/1977/1977
f 1957/1957/1957 1977/1977/1977 1958/1958/1958
f 1958/1958/1958 1977/1977/1977 1978/1978/1978
f 1958/1958/1958 1978/1978/1978 1959/1959/1959
f 1959/1959/1959 1978/1978/1978 1979/1979/1979
f 1959/1959/1959 1979/1979/1979 1960/1960/1960
f 1960/1960/1960 1979/1979/1979 1980/1980/1980
f 1960/1960/1960 1980/1980/1980 1961/1961/1961
f 1961/1961/1961 1980/1980/1980 1981/1981/1981
f 1961/1961/1961 1981/1981/1981 1962/1962/1962
f 1962/1962/1962 1981/1981/1981 1982/1982/1982
f 1962/1962/1962 1982/1982/1982 1963/1963/1963
f 1963/1963/1963 1982/1982/1982 1983/1983/1983
f 1963/1963/1963 1983/1983/1983 1964/1964/1964
f 1964/1964/1964 1983/1983/1983 1984/1984/1984
f 1964/1964/1964 1984/1984/1984 1965/1965/1965
f 1965/1965/1965 1984/1984/1984 1985/1985/1985
f 1965/1965/1965 1985/1985/1985 1966/1966/1966
f 1966/1966/1966 1985/1985/1985 1986/1986/1986
f 1966/1966/1966 1986/1986/1986 1967/1967/1967
f 1967/1967/1967 1986/1986/1986 1987/1987/1987
f 1967/1967/1967 1987/1987/1987 1968/1968/1968
f 1968/1968/1968 1987/1987/1987 1988/1988/1988
f 1968/1968/1968 1988/1988/1988 1969/1969/1969
f 1969/1969/1969 1988/1988/1988 1989/1989/1989
f 1969/1969/1969 1989/1989/1989 1970/1970/1970
f 1970/1970/1970 1989/1989/1989 1990/1990/1990
f 1970/1970/1970 1990/1990/1990 1971/1971/1971
f 1971/1971/1971 1990/1990/1990 1991/1991/1991
f 1971/1971/1971 1991/1991/1991 1972/1972/1972
f 1972/1972/1972 1991/1991/1991 1992/1992/1992
f 1973/1973/1973 1993/1993/1993 1974/1974/1974
f 1974/1974/1974 1993/1993/1993 1994/1994/1994
f 1974/1974/1974 1994/1994/1994 1975/1975/1975
f 1975/1975/1975 1994/1994/1994 1995/1995/1995
f 1975/1975/1975 1995/1995/1995 1976/1976/1976
f 1976/1976/1976 1995/1995/1995 1996/1996/1996
f 1976/1976/1976 1996/1996/1996 1977/1977/1977
f 1977/1977/1977 1996/1996/1996 1997/1997/1997
f 1977/1977/1977 1997/1997/1997 1978/1978/1978
f 1978/1978/1978 1997/1997/1997 1998/1998/1998
f 1978/1978/1978 1998/1998/1998 1979/1979/1979
f 1979/1979/1979 1998/1998/1998 1999/1999/1999
f 1979/1979/1979 1999/1999/1999 1980/1980/1980
f 1980/1980/1980 1999/1999/1999 2000/2000/2000
f 1980/1980/1980 2000/2000/2000 1981/1981/1981
f 1981/1981/1981 2000/2000/2000 2001/2001/2001
f 1981/1981/1981 2001/2001/2001 1982/1982/1982
f 1982/1982/1982 2001/2001/2001 2002/2002/2002
f 1982/1982/1982 2002/2002/2002 1983/1983/1983
f 1983/1983/1983 2002/2002/2002 2003/2003/2003
f 1983/1983/1983 2003/2003/2003 1984/1984/1984
f 1984/1984/1984 2003/2003/2003 2004/2004/2004
f 1984/1984/1984 2004/2004/2004 1985/1985/1985
f 1985/1985/1985 2004/2004/2004 2005/2005/2005
f 1985/1985/1985 2005/2005/2005 1986/1986/1986
f 1986/1986/1986 2005/2005/2005 2006/2006/2006
f 1986/1986/1986 2006/2006/2006 1987/1987/1987
f 1987/1987/1987 2006/2006/2006 2007/2007/2007
f 1987/1987/1987 2007/2007/2007 1988/1988/1988
f 1988/1988/1988 2007/2007/2007 2008/2008/2008
f 1988/1988/1988 2008/2008/2008 1989/1989/1989
f 1989/1989/1989 2008/2008/2008 2009/2009/2009
f 1989/1989/1989 2009/2009/2009 1990/1990/1990
f 1990/1990/1990 2009/2009/2009 2010/2010/2010
f 1990/1990/1990 2010/2010/2010 1991/1991/1991
f 1991/1991/1991 2010/2010/2010 2011/2011/2011
f 1991/1991/1991 2011/2011/2011 1992/1992/1992
f 1992/1992/1992 2011/2011/2011 2012/2012/2012
f 1993/1993/1993 2013/2013/2013 1994/1994/1994
f 1994/1994/1994 2013/2013/2013 2014/2014/2014
f 1994/1994/1994 2014/2014/2014 1995/1995/1995
f 1995/1995/1995 2014/2014/2014 2015/2015/2015
f 1995/1995/1995 2015/2015/2015 1996/1996/1996
f 1996/1996/1996 2015/2015/2015 2016/2016/2016
f 1996/1996/1996 2016/2016/2016 1997/1997/1997
f 1997/1997/1997 2016/2016/2016 2017/2017/2017
f 1997/1997/1997 2017/2017/2017 1998/1998/1998
f 1998/1998/1998 2017/2017/2017 2018/2018/2018
f 1998/1998/1998 2018/2018/2018 1999/1999/1999
f 1999/1999/1999 2018/2018/2018 2019/2019/2019
f 1999/1999/1999 2019/2019/2019 2000/2000/2000
f 2000/2000/2000 2019/2019/2019 2020/2020/2020
f 2000/2000/2000 2020/2020/2020 2001/2001/2001
f 2001/2001/2001 2020/2020/2020 2021/2021/2021
f 2001/2001/2001 2021/2021/2021 2002/2002/2002
f 2002/2002/2002 2021/2021/2021 2022/2022/2022
f 2002/2002/2002 2022/2022/2022 2003/2003/2003
f 2003/2003/2003 2022/2022/2022 2023/2023/2023
f 2003/2003/2003 2023/2023/2023 2004/2004/2004
f 2004/2004/2004 2023/2023/2023 2024/2024/2024
f 2004/2004/2004 2024/2024/2024 2005/2005/2005
f 2005/2005/2005 2024/2024/2024 2025/2025/2025
f 2005/2005/2005 2025/2025/2025 2006/2006/2006
f 2006/2006/2006 2025/2025/2025 2026/2026/2026
f 2006/2006/2006 2026/2026/2026 2007/2007/2007
f 2007/2007/2007 2026/2026/2026 2027/2027/2027
f 2007/2007/2007 2027/2027/2027 2008/2008/2008
f 2008/2008/2008 2027/2027/2027 2028/2028/2028
f 2008/2008/2008 2028/2028/2028 2009/2009/2009
f 2009/2009/2009 2028/2028/2028 2029/2029/2029
f 2009/2009/2009 2029/2029/2029 2010/2010/2010
f 2010/2010/2010 2029/2029/2029 2030/2030/2030
f 2010/2010/2010 2030/2030/2030 2011/2011/2011
f 2011/2011/2011 2030/2030/2030 2031/2031/2031
f 2011/2011/2011 2031/2031/2031 2012/2012/2012
f 2012/2012/2012 2031/2031/2031 2032/2032/2032
f 2013/2013/2013 2033/2033/2033 2014/2014/2014
f 2014/2014/2014 2033/2033/2033 2034/2034/2034
f 2014/2014/2014 2034/2034/2034 2015/2015/2015
f 2015/2015/2015 2034/2034/2034 2035/2035/2035
f 2015/2015/2015 2035/2035/2035 2016/2016/2016
f 2016/2016/2016 2035/2035/2035 2036/2036/2036
f 2016/2016/2016 2036/2036/2036 2017/2017/2017
f 2017/2017/2017 2036/2036/2036 2037/2037/2037
f 2017/2017/2017 2037/2037/2037 2018/2018/2018
f 2018/2018/2018 2037/2037/2037 2038/2038/2038
f 2018/2018/2018 2038/2038/2038 2019/2019/2019
f 2019/2019/2019 2038/2038/2038 2039/2039/2039
f 2019/2019/2019 2039/2039/2039 2020/2020/2020
f 2020/2020/2020 2039/2039/2039 2040/2040/2040
f 2020/2020/2020 2040/2040/2040 2021/2021/2021
f 2021/2021/2021 2040/2040/2040 2041/2041/2041
f 2021/2021/2021 2041/2041/2041 2022/2022/2022
f 2022/2022/2022 2041/2041/2041 2042/2042/2042
f 2022/2022/2022 2042/2042/2042 2023/2023/2023
f 2023/2023/2023 2042/2042/2042 2043/2043/2043
f 2023/2023/2023 2043/2043/2043 2024/2024/2024
f 2024/2024/2024 2043/2043/2043 2044/2044/2044
f 2024/2024/2024 2044/2044/2044 2025/2025/2025
f 2025/2025/2025 2044/2044/2044 2045/2045/2045
f 2025/2025/2025 2045/2045/2045 2026/2026/2026
f 2026/2026/2026 2045/2045/2045 2046/2046/2046
f 2026/2026/2026 2046/2046/2046 2027/2027/2027
f 2027/2027/2027 2046/2046/2046 2047/2047/2047
f 2027/2027/2027 2047/2047/2047 2028/2028/2028
f 2028/2028/2028 2047/2047/2047 2048/2048/2048
f 2028/2028/2028 2048/2048/2048 2029/2029/2029
f 2029/2029/2029 2048/2048/2048 2049/2049/2049
f 2029/2029/2029 2049/2049/2049 2030/2030/2030
f 2030/2030/2030 2049/2049/2049 2050/2050/2050
f 2030/2030/2030 2050/2050/2050 2031/2031/2031
f 2031/2031/2031 2050/2050/2050 2051/2051/2051
f 2031/2031/2031 2051/2051/2051 2032/2032/2032
f 2032/2032/2032 2051/2051/2051 2052/2052/2052
f 2033/2033/2033 2053/2053/2053 2034/2034/2034
f 2034/2034/2034 2053/2053/2053 2054/2054/2054
f 2034/2034/2034 2054/2054/2054 2035/2035/2035
f 2035/2035/2035 2054/2054/2054 2055/2055/2055
f 2035/2035/2035 2055/2055/2055 2036/2036/2036
f 2036/2036/2036 2055/2055/2055 2056/2056/2056
f 2036/2036/2036 2056/2056/2056 2037/2037/2037
f 2037/2037/2037 2056/2056/2056 2057/2057/2057
f 2037/2037/2037 2057/2057/2057 2038/2038/2038
f 2038/2038/2038 2057/2057/2057 2058/2058/2058
f 2038/2038/2038 2058/2058/2058 2039/2039/2039
f 2039/2039/2039 2058/2058/2058 2059/2059/2059
f 2039/2039/2039 2059/2059/2059 2040/2040/2040
f 2040/2040/2040 2059/2059/2059 2060/2060/2060
f 2040/2040/2040 2060/2060/2060 2041/2041/2041
f 2041/2041/2041 2060/2060/2060 2061/2061/2061
f 2041/2041/2041 2061/2061/2061 2042/2042/2042
f 2042/2042/2042 2061/2061/2061 2062/2062/2062
f 2042/2042/2042 2062/2062/2062 2043/2043/2043
f 2043/2043/2043 2062/2062/2062 2063/2063/2063
f 2043/2043/2043 2063/2063/2063 2044/2044/2044
f 2044/2044/2044 2063/2063/2063 2064/2064/2064
f 2044/2044/2044 2064/2064/2064 2045/2045/2045
f 2045/2045/2045 2064/2064/2064 2065/2065/2065
f 2045/2045/2045 2065/2065/2065 2046/2046/2046
f 2046/2046/2046 2065/2065/2065 2066/2066/2066
f 2046/2046/2046 2066/2066/2066 2047/2047/2047
f 2047/2047/2047 2066/2066/2066 2067/2067/2067
f 2047/2047/2047 2067/2067/2067 2048/2048/2048
f 2048/2048/2048 2067/2067/2067 2068/2068/2068
f 2048/2048/2048 2068/2068/2068 2049/2049/2049
f 2049/2049/2049 2068/2068/2068 2069/2069/2069
f 2049/2049/2049 2069/2069/2069 2050/2050/2050
f 2050/2050/2050 2069/2069/2069 2070/2070/2070
f 2050/2050/2050 2070/2070/2070 2051/2051/2051
f 2051/2051/2051 2070/2070/2070 2071/2071/2071
f 2051/2051/2051 2071/2071/2071 2052/2052/2052
f 2052/2052/2052 2071/2071/2071 2072/2072/2072
f 2053/2053/2053 2073/2073/2073 2054/2054/2054
f 2054/2054/2054 2073/2073/2073 2074/2074/2074
f 2054/2054/2054 2074/2074/2074 2055/2055/2055
f 2055/2055/2055 2074/2074/2074 2075/2075/2075
f 2055/2055/2055 2075/2075/2075 2056/2056/2056
f 2056/2056/2056 2075/2075/2075 2076/2076/2076
f 2056/2056/2056 2076/2076/2076 2057/2057/2057
f 2057/2057/2057 2076/2076/2076 2077/2077/2077
f 2057/2057/2057 2077/2077/2077 2058/2058/2058
f 2058/2058/2058 2077/2077/2077 2078/2078/2078
f 2058/2058/2058 2078/2078/2078 2059/2059/2059
f 2059/2059/2059 2078/2078/2078 2079/2079/2079
f 2059/2059/2059 2079/2079/2079 2060/2060/2060
f 2060/2060/2060 2079/2079/2079 2080/2080/2080
f 2060/2060/2060 2080/2080/2080 2061/2061/2061
f 2061/2061/2061 2080/2080/2080 2081/2081/2081
f 2061/2061/2061 2081/2081/2081 2062/2062/2062
f 2062/2062/2062 2081/2081/2081 2082/2082/2082
f 2062/2062/2062 2082/2082/2082 2063/2063/2063
f 2063/2063/2063 2082/2082/2082 2083/2083/2083
f 2063/2063/2063 2083/2083/2083 2064/2064/2064
f 2064/2064/2064 2083/2083/2083 2084/2084/2084
f 2064/2064/2064 2084/2084/2084 2065/2065/2065
f 2065/2065/2065 2084/2084/2084 2085/2085/2085
f 2065/2065/2065 2085/2085/2085 2066/2066/2066
f 2066/2066/2066 2085/2085/2085 2086/2086/2086
f 2066/2066/2066 2086/2086/2086 2067/2067/2067
f 2067/2067/2067 2086/2086/2086 2087/2087/2087
f 2067/2067/2067 2087/2087/2087 2068/2068/2068
f 2068/2068/2068 2087/2087/2087 2088/2088/2088
f 2068/2068/2068 2088/2088/2088 2069/2069/2069
f 2069/2069/2069 2088/2088/2088 2089/2089/2089
f 2069/2069/2069 2089/2089/2089 2070/2070/2070
f 2070/2070/2070 2089/2089/2089 2090/2090/2090
f 2070/2070/2070 2090/2090/2090 2071/2071/2071
f 2071/2071/2071 2090/2090/2090 2091/2091/2091
f 2071/2071/2071 2091/2091/2091 2072/2072/2072
f 2072/2072/2072 2091/2091/2091 2092/2092/2092
f 2073/2073/2073 2093/2093/2093 2074/2074/2074
f 2074/2074/2074 2093/2093/2093 2094/2094/2094
f 2074/2074/2074 2094/2094/2094 2075/2075/2075
f 2075/2075/2075 2094/2094/2094 2095/2095/2095
f 2075/2075/2075 2095/2095/2095 2076/2076/2076
f 2076/2076/2076 2095/2095/2095 2096/2096/2096
f 2076/2076/2076 2096/2096/2096 2077/2077/2077
f 2077/2077/2077 2096/2096/2096 2097/2097/2097
f 2077/2077/2077 2097/2097/2097 2078/2078/2078
f 2078/2078/2078 2097/2097/2097 2098/2098/2098
f 2078/2078/2078 2098/2098/2098 2079/2079/2079
f 2079/2079/2079 2098/2098/2098 2099/2099/2099
f 2079/2079/2079 2099/2099/2099 2080/2080/2080
f 2080/2080/2080 2099/2099/2099 2100/2100/2100
f 2080/2080/2080 2100/2100/2100 2081/2081/2081
f 2081/2081/2081 2100/2100/2100 2101/2101/2101
f 2081/2081/2081 2101/2101/2101 2082/2082/2082
f 2082/2082/2082 2101/2101/2101 2102/2102/2102
f 2082/2082/2082 2102/2102/2102 2083/2083/2083
f 2083/2083/2083 2102/2102/2102 2103/2103/2103
f 2083/2083/2083 2103/2103/2103 2084/2084/2084
f 2084/2084/2084 2103/2103/2103 2104/2104/2104
f 2084/2084/2084 2104/2104/2104 2085/2085/2085
f 2085/2085/2085 2104/2104/2104 2105/2105/2105
f 2085/2085/2085 2105/2105/2105 2086/2086/2086
f 2086/2086/2086 2105/2105/2105 2106/2106/2106
f 2086/2086/2086 2106/2106/2106 2087/2087/2087
f 2087/2087/2087 2106/2106/2106 2107/2107/2107
f 2087/2087/2087 2107/2107/2107 2088/2088/2088
f 2088/2088/2088 2107/2107/2107 2108/2108/2108
f 2088/2088/2088 2108/2108/2108 2089/2089/2089
f 2089/2089/2089 2108/2108/2108 2109/2109/2109
f 2089/2089/2089 2109/2109/2109 2090/2090/2090
f 2090/2090/2090 2109/2109/2109 2110/2110/2110
f 2090/2090/2090 2110/2110/2110 2091/2091/2091
f 2091/2091/2091 2110/2110/2110 2111/2111/2111
f 2091/2091/2091 2111/2111/2111 2092/2092/2092
f 2092/2092/2092 2111/2111/2111 2112/2112/2112
f 2093/2093/2093 2113/2113/2113 2094/2094/2094
f 2094/2094/2094 2113/2113/2113 2114/2114/2114
f 2094/2094/2094 2114/2114/2114 2095/2095/2095
f 2095/2095/2095 2114/2114/2114 2115/2115/2115
f 2095/2095/2095 2115/2115/2115 2096/2096/2096
f 2096/2096/2096 2115/2115/2115 2116/2116/2116
f 2096/2096/2096 2116/2116/2116 2097/2097/2097
f 2097/2097/2097 2116/2116/2116 2117/2117/2117
f 2097/2097/2097 2117/2117/2117 2098/2098/2098
f 2098/2098/2098 2117/2117/2117 2118/2118/2118
f 2098/2098/2098 2118/2118/2118 2099/2099/2099
f 2099/2099/2099 2118/2118/2118 2119/2119/2119
f 2099/2099/2099 2119/2119/2119 2100/2100/2100
f 2100/2100/2100 2119/2119/2119 2120/2120/2120
f 2100/2100/2100 2120/2120/2120 2101/2101/2101
f 2101/2101/2101 2120/2120/2120 2121/2121/2121
f 2101/2101/2101 2121/2121/2121 2102/2102/2102
f 2102/2102/2102 2121/2121/2121 2122/2122/2122
f 2102/2102/2102 2122/2122/2122 2103/2103/2103
f 2103/2103/2103 2122/2122/2122 2123/2123/2123
f 2103/2103/2103 2123/2123/2123 2104/2104/2104
f 2104/2104/2104 2123/2123/2123 2124/2124/2124
f 2104/2104/2104 2124/2124/2124 2105/2105/2105
f 2105/2105/2105 2124/2124/2124 2125/2125/2125
f 2105/2105/2105 2125/2125/2125 2106/2106/2106
f 2106/2106/2106 2125/2125/2125 2126/2126/2126
f 2106/2106/2106 2126/2126/2126 2107/2107/2107
f 2107/2107/2107 2126/2126/2126 2127/2127/2127
f 2107/2107/2107 2127/2127/2127 2108/2108/2108
f 2108/2108/2108 2127/2127/2127 2128/2128/2128
f 2108/2108/2108 2128/2128/2128 2109/2109/2109
f 2109/2109/2109 2128/2128/2128 2129/2129/2129
f 2109/2109/2109 2129/2129/2129 2110/2110/2110
f 2110/2110/2110 2129/2129/2129 2130/2130/2130
f 2110/2110/2110 2130/2130/2130 2111/2111/2111
f 2111/2111/2111 2130/2130/2130 2131/2131/2131
f 2111/2111/2111 2131/2131/2131 2112/2112/2112
f 2112/2112/2112 2131/2131/2131 2132/2132/2132

# Patch: bottom_strap_left_tie
o bottom_strap_left_tie
usemtl bikini_714ceded_material
v -0.113065 0.996000 0.096531
v -0.111515 0.996000 0.092844
v -0.109965 0.996000 0.089156
v -0.108415 0.996000 0.085469
v -0.118590 0.996000 0.094209
v -0.117040 0.996000 0.090521
v -0.115490 0.996000 0.086834
v -0.113940 0.996000 0.083146
v -0.124115 0.996000 0.091887
v -0.122565 0.996000 0.088199
v -0.121015 0.996000 0.084512
v -0.119465 0.996000 0.080824
v -0.129640 0.996000 0.089564
v -0.128090 0.996000 0.085877
v -0.126540 0.996000 0.082189
v -0.124990 0.996000 0.078502
v -0.135826 0.996000 0.086915
v -0.133835 0.996000 0.083445
v -0.131844 0.996000 0.079976
v -0.129853 0.996000 0.076507
v -0.156508 0.996000 0.074196
v -0.154412 0.996000 0.070789
v -0.152316 0.996000 0.067382
v -0.150221 0.996000 0.063975
v -0.177033 0.996000 0.061571
v -0.174937 0.996000 0.058164
v -0.172841 0.996000 0.054757
v -0.170746 0.996000 0.051350
v -0.197558 0.996000 0.048946
v -0.195462 0.996000 0.045539
v -0.193366 0.996000 0.042132
v -0.191270 0.996000 0.038725
v -0.219993 0.996000 0.034443
v -0.216624 0.996000 0.032288
v -0.213254 0.996000 0.030133
v -0.209884 0.996000 0.027978
v -0.220939 0.996000 0.011743
v -0.216939 0.996000 0.011743
v -0.212939 0.996000 0.011743
v -0.208939 0.996000 0.011743
v -0.220939 0.996000 -0.007725
v -0.216939 0.996000 -0.007725
v -0.212939 0.996000 -0.007725
v -0.208939 0.996000 -0.007725
v -0.220939 0.996000 -0.027193
v -0.216939 0.996000 -0.027193
v -0.212939 0.996000 -0.027193
v -0.208939 0.996000 -0.027193
v -0.220229 0.996000 -0.049493
v -0.216702 0.996000 -0.047605
v -0.213176 0.996000 -0.045718
v -0.209649 0.996000 -0.043830
v -0.198475 0.996000 -0.069953
v -0.195768 0.996000 -0.067009
v -0.193060 0.996000 -0.064064
v -0.190353 0.996000 -0.061120
v -0.177951 0.996000 -0.088828
v -0.175243 0.996000 -0.085884
v -0.172535 0.996000 -0.082939
v -0.169828 0.996000 -0.079995
v -0.157426 0.996000 -0.107703
v -0.154718 0.996000 -0.104759
v -0.152010 0.996000 -0.101814
v -0.149303 0.996000 -0.098870
v -0.136465 0.996000 -0.126942
v -0.134048 0.996000 -0.123755
v -0.131631 0.996000 -0.120568
v -0.129214 0.996000 -0.117381
v -0.122869 0.972667 -0.133814
v -0.121089 0.972667 -0.130232
v -0.119310 0.972667 -0.126650
v -0.117530 0.972667 -0.123068
v -0.110229 0.949333 -0.140094
v -0.108450 0.949333 -0.136512
v -0.106670 0.949333 -0.132929
v -0.104890 0.949333 -0.129347
v -0.097590 0.926000 -0.146373
v -0.095810 0.926000 -0.142791
v -0.094030 0.926000 -0.139209
v -0.092250 0.926000 -0.135627
vn 0.000000 -1.000000 0.000000
vn 0.000000 -1.000000 0.000000
vn 0.000000 -1.000000 0.000000
vn 0.000000 -1.000000 0.000000
vn 0.000000 -1.000000 0.000000
vn 0.000000 -1.000000 0.000000
vn 0.000000 -1.000000 0.000000
vn 0.000000 -1.000000 0.000000
vn 0.000000 -1.000000 0.000000
vn 0.000000 -1.000000 0.000000
vn 0.000000 -1.000000 0.000000
vn 0.000000 -1.000000 0.000000
vn 0.000000 -1.000000 0.000000
vn 0.000000 -1.000000 0.000000
vn 0.000000 -1.000000 0.000000
vn 0.000000 -1.000000 0.000000
vn 0.000000 -1.000000 0.000000
vn 0.000000 -1.000000 0.000000
vn 0.000000 -1.000000 0.000000
vn 0.000000 -1.000000 0.000000
vn 0.000000 -1.000000 0.000000
vn 0.000000 -1.000000 0.000000
vn 0.000000 -1.000000 0.000000
vn 0.000000 -1.000000 0.000000
vn 0.000000 -1.000000 0.000000
vn 0.000000 -1.000000 0.000000
vn 0.000000 -1.000000 0.000000
vn 0.000000 -1.000000 0.000000
vn 0.000000 -1.000000 0.000000
vn 0.000000 -1.000000 0.000000
vn 0.000000 -1.000000 0.000000
vn 0.000000 -1.000000 0.000000
vn 0.000000 -1.000000 0.000000
vn 0.000000 -1.000000 0.000000
vn 0.000000 -1.000000 0.000000
vn 0.000000 -1.000000 0.000000
vn 0.000000 -1.000000 0.000000
vn 0.000000 -1.000000 0.000000
vn 0.000000 -1.000000 0.000000
vn 0.000000 -1.000000 0.000000
vn 0.000000 -1.000000 0.000000
vn 0.000000 -1.000000 0.000000
vn 0.000000 -1.000000 0.000000
vn 0.000000 -1.000000 0.000000
vn 0.000000 -1.000000 0.000000
vn 0.000000 -1.000000 0.000000
vn 0.000000 -1.000000 0.000000
vn 0.000000 -1.000000 0.000000
vn 0.000000 -1.000000 0.000000
vn 0.000000 -1.000000 0.000000
vn 0.000000 -1.000000 0.000000
vn 0.000000 -1.000000 0.000000
vn 0.000000 -1.000000 0.000000
vn 0.000000 -1.000000 0.000000
vn 0.000000 -1.000000 0.000000
vn 0.000000 -1.000000 0.000000
vn 0.000000 -1.000000 0.000000
vn 0.000000 -1.000000 0.000000
vn 0.000000 -1.000000 0.000000
vn 0.000000 -1.000000 0.000000
vn 0.000000 -1.000000 0.000000
vn 0.000000 -1.000000 0.000000
vn 0.000000 -1.000000 0.000000
vn 0.000000 -1.000000 0.000000
vn -0.247540 -0.950512 0.187752
vn -0.400130 -0.877062 0.265815
vn -0.408432 -0.871529 0.271331
vn -0.556219 -0.756106 0.344854
vn -0.734346 -0.530069 0.423985
vn -0.753249 -0.519047 0.403988
vn -0.758596 -0.508921 0.406856
vn -0.771709 -0.507426 0.383386
vn -0.766293 -0.517559 0.380695
vn -0.766293 -0.517559 0.380695
vn -0.766293 -0.517559 0.380695
vn -0.766293 -0.517559 0.380695
vn -0.766293 -0.517559 0.380695
vn -0.766293 -0.517559 0.380695
vn -0.766293 -0.517559 0.380695
vn -0.766293 -0.517559 0.380695
vt 0.755000 0.346667
vt 0.755000 0.448889
vt 0.755000 0.551111
vt 0.755000 0.653333
vt 0.766842 0.346667
vt 0.766842 0.448889
vt 0.766842 0.551111
vt 0.766842 0.653333
vt 0.778684 0.346667
vt 0.778684 0.448889
vt 0.778684 0.551111
vt 0.778684 0.653333
vt 0.790526 0.346667
vt 0.790526 0.448889
vt 0.790526 0.551111
vt 0.790526 0.653333
vt 0.802368 0.346667
vt 0.802368 0.448889
vt 0.802368 0.551111
vt 0.802368 0.653333
vt 0.814211 0.346667
vt 0.814211 0.448889
vt 0.814211 0.551111
vt 0.814211 0.653333
vt 0.826053 0.346667
vt 0.826053 0.448889
vt 0.826053 0.551111
vt 0.826053 0.653333
vt 0.837895 0.346667
vt 0.837895 0.448889
vt 0.837895 0.551111
vt 0.837895 0.653333
vt 0.849737 0.346667
vt 0.849737 0.448889
vt 0.849737 0.551111
vt 0.849737 0.653333
vt 0.861579 0.346667
vt 0.861579 0.448889
vt 0.861579 0.551111
vt 0.861579 0.653333
vt 0.873421 0.346667
vt 0.873421 0.448889
vt 0.873421 0.551111
vt 0.873421 0.653333
vt 0.885263 0.346667
vt 0.885263 0.448889
vt 0.885263 0.551111
vt 0.885263 0.653333
vt 0.897105 0.346667
vt 0.897105 0.448889
vt 0.897105 0.551111
vt 0.897105 0.653333
vt 0.908947 0.346667
vt 0.908947 0.448889
vt 0.908947 0.551111
vt 0.908947 0.653333
vt 0.920789 0.346667
vt 0.920789 0.448889
vt 0.920789 0.551111
vt 0.920789 0.653333
vt 0.932632 0.346667
vt 0.932632 0.448889
vt 0.932632 0.551111
vt 0.932632 0.653333
vt 0.944474 0.346667
vt 0.944474 0.448889
vt 0.944474 0.551111
vt 0.944474 0.653333
vt 0.956316 0.346667
vt 0.956316 0.448889
vt 0.956316 0.551111
vt 0.956316 0.653333
vt 0.968158 0.346667
vt 0.968158 0.448889
vt 0.968158 0.551111
vt 0.968158 0.653333
vt 0.980000 0.346667
vt 0.980000 0.448889
vt 0.980000 0.551111
vt 0.980000 0.653333
f 2133/2133/2133 2137/2137/2137 2134/2134/2134
f 2134/2134/2134 2137/2137/2137 2138/2138/2138
f 2134/2134/2134 2138/2138/2138 2135/2135/2135
f 2135/2135/2135 2138/2138/2138 2139/2139/2139
f 2135/2135/2135 2139/2139/2139 2136/2136/2136
f 2136/2136/2136 2139/2139/2139 2140/2140/2140
f 2137/2137/2137 2141/2141/2141 2138/2138/2138
f 2138/2138/2138 2141/2141/2141 2142/2142/2142
f 2138/2138/2138 2142/2142/2142 2139/2139/2139
f 2139/2139/2139 2142/2142/2142 2143/2143/2143
f 2139/2139/2139 2143/2143/2143 2140/2140/2140
f 2140/2140/2140 2143/2143/2143 2144/2144/2144
f 2141/2141/2141 2145/2145/2145 2142/2142/2142
f 2142/2142/2142 2145/2145/2145 2146/2146/2146
f 2142/2142/2142 2146/2146/2146 2143/2143/2143
f 2143/2143/2143 2146/2146/2146 2147/2147/2147
f 2143/2143/2143 2147/2147/2147 2144/2144/2144
f 2144/2144/2144 2147/2147/2147 2148/2148/2148
f 2145/2145/2145 2149/2149/2149 2146/2146/2146
f 2146/2146/2146 2149/2149/2149 2150/2150/2150
f 2146/2146/2146 2150/2150/2150 2147/2147/2147
f 2147/2147/2147 2150/2150/2150 2151/2151/2151
f 2147/2147/2147 2151/2151/2151 2148/2148/2148
f 2148/2148/2148 2151/2151/2151 2152/2152/2152
f 2149/2149/2149 2153/2153/2153 2150/2150/2150
f 2150/2150/2150 2153/2153/2153 2154/2154/2154
f 2150/2150/2150 2154/2154/2154 2151/2151/2151
f 2151/2151/2151 2154/2154/2154 2155/2155/2155
f 2151/2151/2151 2155/2155/2155 2152/2152/2152
f 2152/2152/2152 2155/2155/2155 2156/2156/2156
f 2153/2153/2153 2157/2157/2157 2154/2154/2154
f 2154/2154/2154 2157/2157/2157 2158/2158/2158
f 2154/2154/2154 2158/2158/2158 2155/2155/2155
f 2155/2155/2155 2158/2158/2158 2159/2159/2159
f 2155/2155/2155 2159/2159/2159 2156/2156/2156
f 2156/2156/2156 2159/2159/2159 2160/2160/2160
f 2157/2157/2157 2161/2161/2161 2158/2158/2158
f 2158/2158/2158 2161/2161/2161 2162/2162/2162
f 2158/2158/2158 2162/2162/2162 2159/2159/2159
f 2159/2159/2159 2162/2162/2162 2163/2163/2163
f 2159/2159/2159 2163/2163/2163 2160/2160/2160
f 2160/2160/2160 2163/2163/2163 2164/2164/2164
f 2161/2161/2161 2165/2165/2165 2162/2162/2162
f 2162/2162/2162 2165/2165/2165 2166/2166/2166
f 2162/2162/2162 2166/2166/2166 2163/2163/2163
f 2163/2163/2163 2166/2166/2166 2167/2167/2167
f 2163/2163/2163 2167/2167/2167 2164/2164/2164
f 2164/2164/2164 2167/2167/2167 2168/2168/2168
f 2165/2165/2165 2169/2169/2169 2166/2166/2166
f 2166/2166/2166 2169/2169/2169 2170/2170/2170
f 2166/2166/2166 2170/2170/2170 2167/2167/2167
f 2167/2167/2167 2170/2170/2170 2171/2171/2171
f 2167/2167/2167 2171/2171/2171 2168/2168/2168
f 2168/2168/2168 2171/2171/2171 2172/2172/2172
f 2169/2169/2169 2173/2173/2173 2170/2170/2170
f 2170/2170/2170 2173/2173/2173 2174/2174/2174
f 2170/2170/2170 2174/2174/2174 2171/2171/2171
f 2171/2171/2171 2174/2174/2174 2175/2175/2175
f 2171/2171/2171 2175/2175/2175 2172/2172/2172
f 2172/2172/2172 2175/2175/2175 2176/2176/2176
f 2173/2173/2173 2177/2177/2177 2174/2174/2174
f 2174/2174/2174 2177/2177/2177 2178/2178/2178
f 2174/2174/2174 2178/2178/2178 2175/2175/2175
f 2175/2175/2175 2178/2178/2178 2179/2179/2179
f 2175/2175/2175 2179/2179/2179 2176/2176/2176
f 2176/2176/2176 2179/2179/2179 2180/2180/2180
f 2177/2177/2177 2181/2181/2181 2178/2178/2178
f 2178/2178/2178 2181/2181/2181 2182/2182/2182
f 2178/2178/2178 2182/2182/2182 2179/2179/2179
f 2179/2179/2179 2182/2182/2182 2183/2183/2183
f 2179/2179/2179 2183/2183/2183 2180/2180/2180
f 2180/2180/2180 2183/2183/2183 2184/2184/2184
f 2181/2181/2181 2185/2185/2185 2182/2182/2182
f 2182/2182/2182 2185/2185/2185 2186/2186/2186
f 2182/2182/2182 2186/2186/2186 2183/2183/2183
f 2183/2183/2183 2186/2186/2186 2187/2187/2187
f 2183/2183/2183 2187/2187/2187 2184/2184/2184
f 2184/2184/2184 2187/2187/2187 2188/2188/2188
f 2185/2185/2185 2189/2189/2189 2186/2186/2186
f 2186/2186/2186 2189/2189/2189 2190/2190/2190
f 2186/2186/2186 2190/2190/2190 2187/2187/2187
f 2187/2187/2187 2190/2190/2190 2191/2191/2191
f 2187/2187/2187 2191/2191/2191 2188/2188/2188
f 2188/2188/2188 2191/2191/2191 2192/2192/2192
f 2189/2189/2189 2193/2193/2193 2190/2190/2190
f 2190/2190/2190 2193/2193/2193 2194/2194/2194
f 2190/2190/2190 2194/2194/2194 2191/2191/2191
f 2191/2191/2191 2194/2194/2194 2195/2195/2195
f 2191/2191/2191 2195/2195/2195 2192/2192/2192
f 2192/2192/2192 2195/2195/2195 2196/2196/2196
f 2193/2193/2193 2197/2197/2197 2194/2194/2194
f 2194/2194/2194 2197/2197/2197 2198/2198/2198
f 2194/2194/2194 2198/2198/2198 2195/2195/2195
f 2195/2195/2195 2198/2198/2198 2199/2199/2199
f 2195/2195/2195 2199/2199/2199 2196/2196/2196
f 2196/2196/2196 2199/2199/2199 2200/2200/2200
f 2197/2197/2197 2201/2201/2201 2198/2198/2198
f 2198/2198/2198 2201/2201/2201 2202/2202/2202
f 2198/2198/2198 2202/2202/2202 2199/2199/2199
f 2199/2199/2199 2202/2202/2202 2203/2203/2203
f 2199/2199/2199 2203/2203/2203 2200/2200/2200
f 2200/2200/2200 2203/2203/2203 2204/2204/2204
f 2201/2201/2201 2205/2205/2205 2202/2202/2202
f 2202/2202/2202 2205/2205/2205 2206/2206/2206
f 2202/2202/2202 2206/2206/2206 2203/2203/2203
f 2203/2203/2203 2206/2206/2206 2207/2207/2207
f 2203/2203/2203 2207/2207/2207 2204/2204/2204
f 2204/2204/2204 2207/2207/2207 2208/2208/2208
f 2205/2205/2205 2209/2209/2209 2206/2206/2206
f 2206/2206/2206 2209/2209/2209 2210/2210/2210
f 2206/2206/2206 2210/2210/2210 2207/2207/2207
f 2207/2207/2207 2210/2210/2210 2211/2211/2211
f 2207/2207/2207 2211/2211/2211 2208/2208/2208
f 2208/2208/2208 2211/2211/2211 2212/2212/2212

# Patch: bottom_strap_right_tie
o bottom_strap_right_tie
usemtl bikini_714ceded_material
v 0.108388 0.996000 0.085480
v 0.109956 0.996000 0.089160
v 0.111524 0.996000 0.092840
v 0.113092 0.996000 0.096520
v 0.113840 0.996000 0.083158
v 0.115408 0.996000 0.086838
v 0.116975 0.996000 0.090518
v 0.118543 0.996000 0.094198
v 0.119291 0.996000 0.080835
v 0.120859 0.996000 0.084515
v 0.122427 0.996000 0.088195
v 0.123994 0.996000 0.091875
v 0.124743 0.996000 0.078513
v 0.126310 0.996000 0.082193
v 0.127878 0.996000 0.085873
v 0.129446 0.996000 0.089553
v 0.129549 0.996000 0.076512
v 0.131547 0.996000 0.079978
v 0.133544 0.996000 0.083443
v 0.135542 0.996000 0.086909
v 0.149876 0.996000 0.063978
v 0.151975 0.996000 0.067383
v 0.154075 0.996000 0.070788
v 0.156174 0.996000 0.074193
v 0.170356 0.996000 0.051353
v 0.172455 0.996000 0.054758
v 0.174554 0.996000 0.058163
v 0.176653 0.996000 0.061568
v 0.190835 0.996000 0.038728
v 0.192934 0.996000 0.042133
v 0.195033 0.996000 0.045538
v 0.197132 0.996000 0.048943
v 0.209405 0.996000 0.027983
v 0.212777 0.996000 0.030135
v 0.216149 0.996000 0.032287
v 0.219521 0.996000 0.034438
v 0.208463 0.996000 0.011743
v 0.212463 0.996000 0.011743
v 0.216463 0.996000 0.011743
v 0.220463 0.996000 0.011743
v 0.208463 0.996000 -0.007725
v 0.212463 0.996000 -0.007725
v 0.216463 0.996000 -0.007725
v 0.220463 0.996000 -0.007725
v 0.208463 0.996000 -0.027193
v 0.212463 0.996000 -0.027193
v 0.216463 0.996000 -0.027193
v 0.220463 0.996000 -0.027193
v 0.209171 0.996000 -0.043835
v 0.212699 0.996000 -0.045719
v 0.216227 0.996000 -0.047604
v 0.219756 0.996000 -0.049488
v 0.189918 0.996000 -0.061125
v 0.192628 0.996000 -0.064066
v 0.195339 0.996000 -0.067007
v 0.198050 0.996000 -0.069949
v 0.169438 0.996000 -0.080000
v 0.172149 0.996000 -0.082941
v 0.174860 0.996000 -0.085882
v 0.177571 0.996000 -0.088824
v 0.148959 0.996000 -0.098875
v 0.151670 0.996000 -0.101816
v 0.154380 0.996000 -0.104757
v 0.157091 0.996000 -0.107699
v 0.128910 0.996000 -0.117389
v 0.131334 0.996000 -0.120571
v 0.133758 0.996000 -0.123753
v 0.136181 0.996000 -0.126934
v 0.117318 0.972667 -0.123076
v 0.119108 0.972667 -0.126653
v 0.120899 0.972667 -0.130229
v 0.122690 0.972667 -0.133806
v 0.104776 0.949333 -0.129355
v 0.106566 0.949333 -0.132932
v 0.108357 0.949333 -0.136509
v 0.110148 0.949333 -0.140086
v 0.092234 0.926000 -0.135635
v 0.094025 0.926000 -0.139212
v 0.095815 0.926000 -0.142788
v 0.097606 0.926000 -0.146365
vn 0.000000 -1.000000 0.000000
vn 0.000000 -1.000000 0.000000
vn 0.000000 -1.000000 0.000000
vn 0.000000 -1.000000 0.000000
vn 0.000000 -1.000000 0.000000
vn 0.000000 -1.000000 0.000000
vn 0.000000 -1.000000 0.000000
vn 0.000000 -1.000000 0.000000
vn 0.000000 -1.000000 0.000000
vn 0.000000 -1.000000 0.000000
vn 0.000000 -1.000000 0.000000
vn 0.000000 -1.000000 0.000000
vn 0.000000 -1.000000 0.000000
vn 0.000000 -1.000000 0.000000
vn 0.000000 -1.000000 0.000000
vn 0.000000 -1.000000 0.000000
vn 0.000000 -1.000000 0.000000
vn 0.000000 -1.000000 0.000000
vn 0.000000 -1.000000 0.000000
vn 0.000000 -1.000000 0.000000
vn 0.000000 -1.000000 0.000000
vn 0.000000 -1.000000 0.000000
vn 0.000000 -1.000000 0.000000
vn 0.000000 -1.000000 0.000000
vn 0.000000 -1.000000 0.000000
vn 0.000000 -1.000000 0.000000
vn 0.000000 -1.000000 0.000000
vn 0.000000 -1.000000 0.000000
vn 0.000000 -1.000000 0.000000
vn 0.000000 -1.000000 0.000000
vn 0.000000 -1.000000 0.000000
vn 0.000000 -1.000000 0.000000
vn 0.000000 -1.000000 0.000000
vn 0.000000 -1.000000 0.000000
vn 0.000000 -1.000000 0.000000
vn 0.000000 -1.000000 0.000000
vn 0.000000 -1.000000 0.000000
vn 0.000000 -1.000000 0.000000
vn 0.000000 -1.000000 0.000000
vn 0.000000 -1.000000 0.000000
vn 0.000000 -1.000000 0.000000
vn 0.000000 -1.000000 0.000000
vn 0.000000 -1.000000 0.000000
vn 0.000000 -1.000000 0.000000
vn 0.000000 -1.000000 0.000000
vn 0.000000 -1.000000 0.000000
vn 0.000000 -1.000000 0.000000
vn 0.000000 -1.000000 0.000000
vn 0.000000 -1.000000 0.000000
vn 0.000000 -1.000000 0.000000
vn 0.000000 -1.000000 0.000000
vn 0.000000 -1.000000 0.000000
vn 0.000000 -1.000000 0.000000
vn 0.000000 -1.000000 0.000000
vn 0.000000 -1.000000 0.000000
vn 0.000000 -1.000000 0.000000
vn 0.000000 -1.000000 0.000000
vn 0.000000 -1.000000 0.000000
vn 0.000000 -1.000000 0.000000
vn 0.000000 -1.000000 0.000000
vn 0.000000 -1.000000 0.000000
vn 0.000000 -1.000000 0.000000
vn 0.000000 -1.000000 0.000000
vn 0.000000 -1.000000 0.000000
vn 0.259895 -0.945124 0.197979
vn 0.410488 -0.869684 0.274134
vn 0.402164 -0.875289 0.268575
vn 0.532840 -0.778250 0.332278
vn 0.748373 -0.500842 0.434850
vn 0.755085 -0.513339 0.407835
vn 0.749763 -0.523318 0.404961
vn 0.760978 -0.525115 0.381008
vn 0.766378 -0.515199 0.383711
vn 0.766378 -0.515199 0.383711
vn 0.766378 -0.515199 0.383711
vn 0.766378 -0.515199 0.383711
vn 0.766378 -0.515199 0.383711
vn 0.766378 -0.515199 0.383711
vn 0.766378 -0.515199 0.383711
vn 0.766378 -0.515199 0.383711
vt 0.020000 0.673333
vt 0.020000 0.775556
vt 0.020000 0.877778
vt 0.020000 0.980000
vt 0.031842 0.673333
vt 0.031842 0.775556
vt 0.031842 0.877778
vt 0.031842 0.980000
vt 0.043684 0.673333
vt 0.043684 0.775556
vt 0.043684 0.877778
vt 0.043684 0.980000
vt 0.055526 0.673333
vt 0.055526 0.775556
vt 0.055526 0.877778
vt 0.055526 0.980000
vt 0.067368 0.673333
vt 0.067368 0.775556
vt 0.067368 0.877778
vt 0.067368 0.980000
vt 0.079211 0.673333
vt 0.079211 0.775556
vt 0.079211 0.877778
vt 0.079211 0.980000
vt 0.091053 0.673333
vt 0.091053 0.775556
vt 0.091053 0.877778
vt 0.091053 0.980000
vt 0.102895 0.673333
vt 0.102895 0.775556
vt 0.102895 0.877778
vt 0.102895 0.980000
vt 0.114737 0.673333
vt 0.114737 0.775556
vt 0.114737 0.877778
vt 0.114737 0.980000
vt 0.126579 0.673333
vt 0.126579 0.775556
vt 0.126579 0.877778
vt 0.126579 0.980000
vt 0.138421 0.673333
vt 0.138421 0.775556
vt 0.138421 0.877778
vt 0.138421 0.980000
vt 0.150263 0.673333
vt 0.150263 0.775556
vt 0.150263 0.877778
vt 0.150263 0.980000
vt 0.162105 0.673333
vt 0.162105 0.775556
vt 0.162105 0.877778
vt 0.162105 0.980000
vt 0.173947 0.673333
vt 0.173947 0.775556
vt 0.173947 0.877778
vt 0.173947 0.980000
vt 0.185789 0.673333
vt 0.185789 0.775556
vt 0.185789 0.877778
vt 0.185789 0.980000
vt 0.197632 0.673333
vt 0.197632 0.775556
vt 0.197632 0.877778
vt 0.197632 0.980000
vt 0.209474 0.673333
vt 0.209474 0.775556
vt 0.209474 0.877778
vt 0.209474 0.980000
vt 0.221316 0.673333
vt 0.221316 0.775556
vt 0.221316 0.877778
vt 0.221316 0.980000
vt 0.233158 0.673333
vt 0.233158 0.775556
vt 0.233158 0.877778
vt 0.233158 0.980000
vt 0.245000 0.673333
vt 0.245000 0.775556
vt 0.245000 0.877778
vt 0.245000 0.980000
f 2213/2213/2213 2217/2217/2217 2214/2214/2214
f 2214/2214/2214 2217/2217/2217 2218/2218/2218
f 2214/2214/2214 2218/2218/2218 2215/2215/2215
f 2215/2215/2215 2218/2218/2218 2219/2219/2219
f 2215/2215/2215 2219/2219/2219 2216/2216/2216
f 2216/2216/2216 2219/2219/2219 2220/2220/2220
f 2217/2217/2217 2221/2221/2221 2218/2218/2218
f 2218/2218/2218 2221/2221/2221 2222/2222/2222
f 2218/2218/2218 2222/2222/2222 2219/2219/2219
f 2219/2219/2219 2222/2222/2222 2223/2223/2223
f 2219/2219/2219 2223/2223/2223 2220/2220/2220
f 2220/2220/2220 2223/2223/2223 2224/2224/2224
f 2221/2221/2221 2225/2225/2225 2222/2222/2222
f 2222/2222/2222 2225/2225/2225 2226/2226/2226
f 2222/2222/2222 2226/2226/2226 2223/2223/2223
f 2223/2223/2223 2226/2226/2226 2227/2227/2227
f 2223/2223/2223 2227/2227/2227 2224/2224/2224
f 2224/2224/2224 2227/2227/2227 2228/2228/2228
f 2225/2225/2225 2229/2229/2229 2226/2226/2226
f 2226/2226/2226 2229/2229/2229 2230/2230/2230
f 2226/2226/2226 2230/2230/2230 2227/2227/2227
f 2227/2227/2227 2230/2230/2230 2231/2231/2231
f 2227/2227/2227 2231/2231/2231 2228/2228/2228
f 2228/2228/2228 2231/2231/2231 2232/2232/2232
f 2229/2229/2229 2233/2233/2233 2230/2230/2230
f 2230/2230/2230 2233/2233/2233 2234/2234/2234
f 2230/2230/2230 2234/2234/2234 2231/2231/2231
f 2231/2231/2231 2234/2234/2234 2235/2235/2235
f 2231/2231/2231 2235/2235/2235 2232/2232/2232
f 2232/2232/2232 2235/2235/2235 2236/2236/2236
f 2233/2233/2233 2237/2237/2237 2234/2234/2234
f 2234/2234/2234 2237/2237/2237 2238/2238/2238
f 2234/2234/2234 2238/2238/2238 2235/2235/2235
f 2235/2235/2235 2238/2238/2238 2239/2239/2239
f 2235/2235/2235 2239/2239/2239 2236/2236/2236
f 2236/2236/2236 2239/2239/2239 2240/2240/2240
f 2237/2237/2237 2241/2241/2241 2238/2238/2238
f 2238/2238/2238 2241/2241/2241 2242/2242/2242
f 2238/2238/2238 2242/2242/2242 2239/2239/2239
f 2239/2239/2239 2242/2242/2242 2243/2243/2243
f 2239/2239/2239 2243/2243/2243 2240/2240/2240
f 2240/2240/2240 2243/2243/2243 2244/2244/2244
f 2241/2241/2241 2245/2245/2245 2242/2242/2242
f 2242/2242/2242 2245/2245/2245 2246/2246/2246
f 2242/2242/2242 2246/2246/2246 2243/2243/2243
f 2243/2243/2243 2246/2246/2246 2247/2247/2247
f 2243/2243/2243 2247/2247/2247 2244/2244/2244
f 2244/2244/2244 2247/2247/2247 2248/2248/2248
f 2245/2245/2245 2249/2249/2249 2246/2246/2246
f 2246/2246/2246 2249/2249/2249 2250/2250/2250
f 2246/2246/2246 2250/2250/2250 2247/2247/2247
f 2247/2247/2247 2250/2250/2250 2251/2251/2251
f 2247/2247/2247 2251/2251/2251 2248/2248/2248
f 2248/2248/2248 2251/2251/2251 2252/2252/2252
f 2249/2249/2249 2253/2253/2253 2250/2250/2250
f 2250/2250/2250 2253/2253/2253 2254/2254/2254
f 2250/2250/2250 2254/2254/2254 2251/2251/2251
f 2251/2251/2251 2254/2254/2254 2255/2255/2255
f 2251/2251/2251 2255/2255/2255 2252/2252/2252
f 2252/2252/2252 2255/2255/2255 2256/2256/2256
f 2253/2253/2253 2257/2257/2257 2254/2254/2254
f 2254/2254/2254 2257/2257/2257 2258/2258/2258
f 2254/2254/2254 2258/2258/2258 2255/2255/2255
f 2255/2255/2255 2258/2258/2258 2259/2259/2259
f 2255/2255/2255 2259/2259/2259 2256/2256/2256
f 2256/2256/2256 2259/2259/2259 2260/2260/2260
f 2257/2257/2257 2261/2261/2261 2258/2258/2258
f 2258/2258/2258 2261/2261/2261 2262/2262/2262
f 2258/2258/2258 2262/2262/2262 2259/2259/2259
f 2259/2259/2259 2262/2262/2262 2263/2263/2263
f 2259/2259/2259 2263/2263/2263 2260/2260/2260
f 2260/2260/2260 2263/2263/2263 2264/2264/2264
f 2261/2261/2261 2265/2265/2265 2262/2262/2262
f 2262/2262/2262 2265/2265/2265 2266/2266/2266
f 2262/2262/2262 2266/2266/2266 2263/2263/2263
f 2263/2263/2263 2266/2266/2266 2267/2267/2267
f 2263/2263/2263 2267/2267/2267 2264/2264/2264
f 2264/2264/2264 2267/2267/2267 2268/2268/2268
f 2265/2265/2265 2269/2269/2269 2266/2266/2266
f 2266/2266/2266 2269/2269/2269 2270/2270/2270
f 2266/2266/2266 2270/2270/2270 2267/2267/2267
f 2267/2267/2267 2270/2270/2270 2271/2271/2271
f 2267/2267/2267 2271/2271/2271 2268/2268/2268
f 2268/2268/2268 2271/2271/2271 2272/2272/2272
f 2269/2269/2269 2273/2273/2273 2270/2270/2270
f 2270/2270/2270 2273/2273/2273 2274/2274/2274
f 2270/2270/2270 2274/2274/2274 2271/2271/2271
f 2271/2271/2271 2274/2274/2274 2275/2275/2275
f 2271/2271/2271 2275/2275/2275 2272/2272/2272
f 2272/2272/2272 2275/2275/2275 2276/2276/2276
f 2273/2273/2273 2277/2277/2277 2274/2274/2274
f 2274/2274/2274 2277/2277/2277 2278/2278/2278
f 2274/2274/2274 2278/2278/2278 2275/2275/2275
f 2275/2275/2275 2278/2278/2278 2279/2279/2279
f 2275/2275/2275 2279/2279/2279 2276/2276/2276
f 2276/2276/2276 2279/2279/2279 2280/2280/2280
f 2277/2277/2277 2281/2281/2281 2278/2278/2278
f 2278/2278/2278 2281/2281/2281 2282/2282/2282
f 2278/2278/2278 2282/2282/2282 2279/2279/2279
f 2279/2279/2279 2282/2282/2282 2283/2283/2283
f 2279/2279/2279 2283/2283/2283 2280/2280/2280
f 2280/2280/2280 2283/2283/2283 2284/2284/2284
f 2281/2281/2281 2285/2285/2285 2282/2282/2282
f 2282/2282/2282 2285/2285/2285 2286/2286/2286
f 2282/2282/2282 2286/2286/2286 2283/2283/2283
f 2283/2283/2283 2286/2286/2286 2287/2287/2287
f 2283/2283/2283 2287/2287/2287 2284/2284/2284
f 2284/2284/2284 2287/2287/2287 2288/2288/2288
f 2285/2285/2285 2289/2289/2289 2286/2286/2286
f 2286/2286/2286 2289/2289/2289 2290/2290/2290
f 2286/2286/2286 2290/2290/2290 2287/2287/2287
f 2287/2287/2287 2290/2290/2290 2291/2291/2291
f 2287/2287/2287 2291/2291/2291 2288/2288/2288
f 2288/2288/2288 2291/2291/2291 2292/2292/2292

# Patch: deco_ring
o deco_ring
usemtl metal_material
v -0.007775 1.287000 0.103000
v -0.008775 1.287000 0.104732
v -0.010775 1.287000 0.104732
v -0.011775 1.287000 0.103000
v -0.010775 1.287000 0.101268
v -0.008775 1.287000 0.101268
v -0.008706 1.291678 0.103000
v -0.009630 1.291295 0.104732
v -0.011478 1.290530 0.104732
v -0.012402 1.290147 0.103000
v -0.011478 1.290530 0.101268
v -0.009630 1.291295 0.101268
v -0.011356 1.295644 0.103000
v -0.012063 1.294937 0.104732
v -0.013477 1.293523 0.104732
v -0.014184 1.292816 0.103000
v -0.013477 1.293523 0.101268
v -0.012063 1.294937 0.101268
v -0.015322 1.298294 0.103000
v -0.015705 1.297370 0.104732
v -0.016470 1.295522 0.104732
v -0.016853 1.294598 0.103000
v -0.016470 1.295522 0.101268
v -0.015705 1.297370 0.101268
v -0.020000 1.299225 0.103000
v -0.020000 1.298225 0.104732
v -0.020000 1.296225 0.104732
v -0.020000 1.295225 0.103000
v -0.020000 1.296225 0.101268
v -0.020000 1.298225 0.101268
v -0.024678 1.298294 0.103000
v -0.024295 1.297370 0.104732
v -0.023530 1.295522 0.104732
v -0.023147 1.294598 0.103000
v -0.023530 1.295522 0.101268
v -0.024295 1.297370 0.101268
v -0.028644 1.295644 0.103000
v -0.027937 1.294937 0.104732
v -0.026523 1.293523 0.104732
v -0.025816 1.292816 0.103000
v -0.026523 1.293523 0.101268
v -0.027937 1.294937 0.101268
v -0.031294 1.291678 0.103000
v -0.030370 1.291295 0.104732
v -0.028522 1.290530 0.104732
v -0.027598 1.290147 0.103000
v -0.028522 1.290530 0.101268
v -0.030370 1.291295 0.101268
v -0.032225 1.287000 0.103000
v -0.031225 1.287000 0.104732
v -0.029225 1.287000 0.104732
v -0.028225 1.287000 0.103000
v -0.029225 1.287000 0.101268
v -0.031225 1.287000 0.101268
v -0.031294 1.282322 0.103000
v -0.030370 1.282705 0.104732
v -0.028522 1.283470 0.104732
v -0.027598 1.283853 0.103000
v -0.028522 1.283470 0.101268
v -0.030370 1.282705 0.101268
v -0.028644 1.278356 0.103000
v -0.027937 1.279063 0.104732
v -0.026523 1.280477 0.104732
v -0.025816 1.281184 0.103000
v -0.026523 1.280477 0.101268
v -0.027937 1.279063 0.101268
v -0.024678 1.275706 0.103000
v -0.024295 1.276630 0.104732
v -0.023530 1.278478 0.104732
v -0.023147 1.279402 0.103000
v -0.023530 1.278478 0.101268
v -0.024295 1.276630 0.101268
v -0.020000 1.274775 0.103000
v -0.020000 1.275775 0.104732
v -0.020000 1.277775 0.104732
v -0.020000 1.278775 0.103000
v -0.020000 1.277775 0.101268
v -0.020000 1.275775 0.101268
v -0.015322 1.275706 0.103000
v -0.015705 1.276630 0.104732
v -0.016470 1.278478 0.104732
v -0.016853 1.279402 0.103000
v -0.016470 1.278478 0.101268
v -0.015705 1.276630 0.101268
v -0.011356 1.278356 0.103000
v -0.012063 1.279063 0.104732
v -0.013477 1.280477 0.104732
v -0.014184 1.281184 0.103000
v -0.013477 1.280477 0.101268
v -0.012063 1.279063 0.101268
v -0.008706 1.282322 0.103000
v -0.009630 1.282705 0.104732
v -0.011478 1.283470 0.104732
v -0.012402 1.283853 0.103000
v -0.011478 1.283470 0.101268
v -0.009630 1.282705 0.101268
vn 1.000000 -0.000000 -0.000000
vn 0.522080 0.036613 0.852110
vn -0.472957 0.029008 0.880608
vn -1.000000 0.000000 0.000000
vn -0.472957 -0.029008 -0.880608
vn 0.522080 -0.036613 -0.852110
vn 0.923880 0.382683 0.000000
vn 0.468328 0.233617 0.852110
vn -0.448056 -0.154193 0.880608
vn -0.923880 -0.382683 0.000000
vn -0.425854 -0.207792 -0.880608
vn 0.496350 0.165966 -0.852110
vn 0.707107 0.707107 -0.000000
vn 0.343277 0.395055 0.852110
vn -0.354942 -0.313919 0.880608
vn -0.707107 -0.707107 0.000000
vn -0.313919 -0.354942 -0.880608
vn 0.395055 0.343277 -0.852110
vn 0.382683 0.923880 -0.000000
vn 0.165966 0.496350 0.852110
vn -0.207792 -0.425854 0.880608
vn -0.382683 -0.923880 -0.000000
vn -0.154193 -0.448056 -0.880608
vn 0.233617 0.468328 -0.852110
vn 0.000000 1.000000 0.000000
vn -0.036613 0.522080 0.852110
vn -0.029008 -0.472957 0.880608
vn 0.000000 -1.000000 0.000000
vn 0.029008 -0.472957 -0.880608
vn 0.036613 0.522080 -0.852110
vn -0.382683 0.923880 0.000000
vn -0.233617 0.468328 0.852110
vn 0.154193 -0.448056 0.880608
vn 0.382683 -0.923880 0.000000
vn 0.207792 -0.425854 -0.880608
vn -0.165966 0.496350 -0.852110
vn -0.707107 0.707107 0.000000
vn -0.395055 0.343277 0.852110
vn 0.313919 -0.354942 0.880608
vn 0.707107 -0.707107 -0.000000
vn 0.354942 -0.313919 -0.880608
vn -0.343277 0.395055 -0.852110
vn -0.923880 0.382683 -0.000000
vn -0.496350 0.165966 0.852110
vn 0.425854 -0.207792 0.880608
vn 0.923880 -0.382683 -0.000000
vn 0.448056 -0.154193 -0.880608
vn -0.468328 0.233617 -0.852110
vn -1.000000 0.000000 -0.000000
vn -0.522080 -0.036613 0.852110
vn 0.472957 -0.029008 0.880608
vn 1.000000 0.000000 0.000000
vn 0.472957 0.029008 -0.880608
vn -0.522080 0.036613 -0.852110
vn -0.923880 -0.382683 0.000000
vn -0.468328 -0.233617 0.852110
vn 0.448056 0.154193 0.880608
vn 0.923880 0.382683 0.000000
vn 0.425854 0.207792 -0.880608
vn -0.496350 -0.165966 -0.852110
vn -0.707107 -0.707107 -0.000000
vn -0.343277 -0.395055 0.852110
vn 0.354942 0.313919 0.880608
vn 0.707107 0.707107 0.000000
vn 0.313919 0.354942 -0.880608
vn -0.395055 -0.343277 -0.852110
vn -0.382683 -0.923880 -0.000000
vn -0.165966 -0.496350 0.852110
vn 0.207792 0.425854 0.880608
vn 0.382683 0.923880 -0.000000
vn 0.154193 0.448056 -0.880608
vn -0.233617 -0.468328 -0.852110
vn 0.000000 -1.000000 -0.000000
vn 0.036613 -0.522080 0.852110
vn 0.029008 0.472957 0.880608
vn 0.000000 1.000000 -0.000000
vn -0.029008 0.472957 -0.880608
vn -0.036613 -0.522080 -0.852110
vn 0.382683 -0.923880 0.000000
vn 0.233617 -0.468328 0.852110
vn -0.154193 0.448056 0.880608
vn -0.382683 0.923880 0.000000
vn -0.207792 0.425854 -0.880608
vn 0.165966 -0.496350 -0.852110
vn 0.707107 -0.707107 0.000000
vn 0.395055 -0.343277 0.852110
vn -0.313919 0.354942 0.880608
vn -0.707107 0.707107 -0.000000
vn -0.354942 0.313919 -0.880608
vn 0.343277 -0.395055 -0.852110
vn 0.923880 -0.382683 -0.000000
vn 0.496350 -0.165966 0.852110
vn -0.425854 0.207792 0.880608
vn -0.923880 0.382683 -0.000000
vn -0.448056 0.154193 -0.880608
vn 0.468328 -0.233617 -0.852110
vt 0.265000 0.673333
vt 0.265000 0.734667
vt 0.265000 0.796000
vt 0.265000 0.857333
vt 0.265000 0.918667
vt 0.265000 0.980000
vt 0.280000 0.673333
vt 0.280000 0.734667
vt 0.280000 0.796000
vt 0.280000 0.857333
vt 0.280000 0.918667
vt 0.280000 0.980000
vt 0.295000 0.673333
vt 0.295000 0.734667
vt 0.295000 0.796000
vt 0.295000 0.857333
vt 0.295000 0.918667
vt 0.295000 0.980000
vt 0.310000 0.673333
vt 0.310000 0.734667
vt 0.310000 0.796000
vt 0.310000 0.857333
vt 0.310000 0.918667
vt 0.310000 0.980000
vt 0.325000 0.673333
vt 0.325000 0.734667
vt 0.325000 0.796000
vt 0.325000 0.857333
vt 0.325000 0.918667
vt 0.325000 0.980000
vt 0.340000 0.673333
vt 0.340000 0.734667
vt 0.340000 0.796000
vt 0.340000 0.857333
vt 0.340000 0.918667
vt 0.340000 0.980000
vt 0.355000 0.673333
vt 0.355000 0.734667
vt 0.355000 0.796000
vt 0.355000 0.857333
vt 0.355000 0.918667
vt 0.355000 0.980000
vt 0.370000 0.673333
vt 0.370000 0.734667
vt 0.370000 0.796000
vt 0.370000 0.857333
vt 0.370000 0.918667
vt 0.370000 0.980000
vt 0.385000 0.673333
vt 0.385000 0.734667
vt 0.385000 0.796000
vt 0.385000 0.857333
vt 0.385000 0.918667
vt 0.385000 0.980000
vt 0.400000 0.673333
vt 0.400000 0.734667
vt 0.400000 0.796000
vt 0.400000 0.857333
vt 0.400000 0.918667
vt 0.400000 0.980000
vt 0.415000 0.673333
vt 0.415000 0.734667
vt 0.415000 0.796000
vt 0.415000 0.857333
vt 0.415000 0.918667
vt 0.415000 0.980000
vt 0.430000 0.673333
vt 0.430000 0.734667
vt 0.430000 0.796000
vt 0.430000 0.857333
vt 0.430000 0.918667
vt 0.430000 0.980000
vt 0.445000 0.673333
vt 0.445000 0.734667
vt 0.445000 0.796000
vt 0.445000 0.857333
vt 0.445000 0.918667
vt 0.445000 0.980000
vt 0.460000 0.673333
vt 0.460000 0.734667
vt 0.460000 0.796000
vt 0.460000 0.857333
vt 0.460000 0.918667
vt 0.460000 0.980000
vt 0.475000 0.673333
vt 0.475000 0.734667
vt 0.475000 0.796000
vt 0.475000 0.857333
vt 0.475000 0.918667
vt 0.475000 0.980000
vt 0.490000 0.673333
vt 0.490000 0.734667
vt 0.490000 0.796000
vt 0.490000 0.857333
vt 0.490000 0.918667
vt 0.490000 0.980000
f 2293/2293/2293 2299/2299/2299 2294/2294/2294
f 2294/2294/2294 2299/2299/2299 2300/2300/2300
f 2294/2294/2294 2300/2300/2300 2295/2295/2295
f 2295/2295/2295 2300/2300/2300 2301/2301/2301
f 2295/2295/2295 2301/2301/2301 2296/2296/2296
f 2296/2296/2296 2301/2301/2301 2302/2302/2302
f 2296/2296/2296 2302/2302/2302 2297/2297/2297
f 2297/2297/2297 2302/2302/2302 2303/2303/2303
f 2297/2297/2297 2303/2303/2303 2298/2298/2298
f 2298/2298/2298 2303/2303/2303 2304/2304/2304
f 2298/2298/2298 2304/2304/2304 2293/2293/2293
f 2293/2293/2293 2304/2304/2304 2299/2299/2299
f 2299/2299/2299 2305/2305/2305 2300/2300/2300
f 2300/2300/2300 2305/2305/2305 2306/2306/2306
f 2300/2300/2300 2306/2306/2306 2301/2301/2301
f 2301/2301/2301 2306/2306/2306 2307/2307/2307
f 2301/2301/2301 2307/2307/2307 2302/2302/2302
f 2302/2302/2302 2307/2307/2307 2308/2308/2308
f 2302/2302/2302 2308/2308/2308 2303/2303/2303
f 2303/2303/2303 2308/2308/2308 2309/2309/2309
f 2303/2303/2303 2309/2309/2309 2304/2304/2304
f 2304/2304/2304 2309/2309/2309 2310/2310/2310
f 2304/2304/2304 2310/2310/2310 2299/2299/2299
f 2299/2299/2299 2310/2310/2310 2305/2305/2305
f 2305/2305/2305 2311/2311/2311 2306/2306/2306
f 2306/2306/2306 2311/2311/2311 2312/2312/2312
f 2306/2306/2306 2312/2312/2312 2307/2307/2307
f 2307/2307/2307 2312/2312/2312 2313/2313/2313
f 2307/2307/2307 2313/2313/2313 2308/2308/2308
f 2308/2308/2308 2313/2313/2313 2314/2314/2314
f 2308/2308/2308 2314/2314/2314 2309/2309/2309
f 2309/2309/2309 2314/2314/2314 2315/2315/2315
f 2309/2309/2309 2315/2315/2315 2310/2310/2310
f 2310/2310/2310 2315/2315/2315 2316/2316/2316
f 2310/2310/2310 2316/2316/2316 2305/2305/2305
f 2305/2305/2305 2316/2316/2316 2311/2311/2311
f 2311/2311/2311 2317/2317/2317 2312/2312/2312
f 2312/2312/2312 2317/2317/2317 2318/2318/2318
f 2312/2312/2312 2318/2318/2318 2313/2313/2313
f 2313/2313/2313 2318/2318/2318 2319/2319/2319
f 2313/2313/2313 2319/2319/2319 2314/2314/2314
f 2314/2314/2314 2319/2319/2319 2320/2320/2320
f 2314/2314/2314 2320/2320/2320 2315/2315/2315
f 2315/2315/2315 2320/2320/2320 2321/2321/2321
f 2315/2315/2315 2321/2321/2321 2316/2316/2316
f 2316/2316/2316 2321/2321/2321 2322/2322/2322
f 2316/2316/2316 2322/2322/2322 2311/2311/2311
f 2311/2311/2311 2322/2322/2322 2317/2317/2317
f 2317/2317/2317 2323/2323/2323 2318/2318/2318
f 2318/2318/2318 2323/2323/2323 2324/2324/2324
f 2318/2318/2318 2324/2324/2324 2319/2319/2319
f 2319/2319/2319 2324/2324/2324 2325/2325/2325
f 2319/2319/2319 2325/2325/2325 2320/2320/2320
f 2320/2320/2320 2325/2325/2325 2326/2326/2326
f 2320/2320/2320 2326/2326/2326 2321/2321/2321
f 2321/2321/2321 2326/2326/2326 2327/2327/2327
f 2321/2321/2321 2327/2327/2327 2322/2322/2322
f 2322/2322/2322 2327/2327/2327 2328/2328/2328
f 2322/2322/2322 2328/2328/2328 2317/2317/2317
f 2317/2317/2317 2328/2328/2328 2323/2323/2323
f 2323/2323/2323 2329/2329/2329 2324/2324/2324
f 2324/2324/2324 2329/2329/2329 2330/2330/2330
f 2324/2324/2324 2330/2330/2330 2325/2325/2325
f 2325/2325/2325 2330/2330/2330 2331/2331/2331
f 2325/2325/2325 2331/2331/2331 2326/2326/2326
f 2326/2326/2326 2331/2331/2331 2332/2332/2332
f 2326/2326/2326 2332/2332/2332 2327/2327/2327
f 2327/2327/2327 2332/2332/2332 2333/2333/2333
f 2327/2327/2327 2333/2333/2333 2328/2328/2328
f 2328/2328/2328 2333/2333/2333 2334/2334/2334
f 2328/2328/2328 2334/2334/2334 2323/2323/2323
f 2323/2323/2323 2334/2334/2334 2329/2329/2329
f 2329/2329/2329 2335/2335/2335 2330/2330/2330
f 2330/2330/2330 2335/2335/2335 2336/2336/2336
f 2330/2330/2330 2336/2336/2336 2331/2331/2331
f 2331/2331/2331 2336/2336/2336 2337/2337/2337
f 2331/2331/2331 2337/2337/2337 2332/2332/2332
f 2332/2332/2332 2337/2337/2337 2338/2338/2338
f 2332/2332/2332 2338/2338/2338 2333/2333/2333
f 2333/2333/2333 2338/2338/2338 2339/2339/2339
f 2333/2333/2333 2339/2339/2339 2334/2334/2334
f 2334/2334/2334 2339/2339/2339 2340/2340/2340
f 2334/2334/2334 2340/2340/2340 2329/2329/2329
f 2329/2329/2329 2340/2340/2340 2335/2335/2335
f 2335/2335/2335 2341/2341/2341 2336/2336/2336
f 2336/2336/2336 2341/2341/2341 2342/2342/2342
f 2336/2336/2336 2342/2342/2342 2337/2337/2337
f 2337/2337/2337 2342/2342/2342 2343/2343/2343
f 2337/2337/2337 2343/2343/2343 2338/2338/2338
f 2338/2338/2338 2343/2343/2343 2344/2344/2344
f 2338/2338/2338 2344/2344/2344 2339/2339/2339
f 2339/2339/2339 2344/2344/2344 2345/2345/2345
f 2339/2339/2339 2345/2345/2345 2340/2340/2340
f 2340/2340/2340 2345/2345/2345 2346/2346/2346
f 2340/2340/2340 2346/2346/2346 2335/2335/2335
f 2335/2335/2335 2346/2346/2346 2341/2341/2341
f 2341/2341/2341 2347/2347/2347 2342/2342/2342
f 2342/2342/2342 2347/2347/2347 2348/2348/2348
f 2342/2342/2342 2348/2348/2348 2343/2343/2343
f 2343/2343/2343 2348/2348/2348 2349/2349/2349
f 2343/2343/2343 2349/2349/2349 2344/2344/2344
f 2344/2344/2344 2349/2349/2349 2350/2350/2350
f 2344/2344/2344 2350/2350/2350 2345/2345/2345
f 2345/2345/2345 2350/2350/2350 2351/2351/2351
f 2345/2345/2345 2351/2351/2351 2346/2346/2346
f 2346/2346/2346 2351/2351/2351 2352/2352/2352
f 2346/2346/2346 2352/2352/2352 2341/2341/2341
f 2341/2341/2341 2352/2352/2352 2347/2347/2347
f 2347/2347/2347 2353/2353/2353 2348/2348/2348
f 2348/2348/2348 2353/2353/2353 2354/2354/2354
f 2348/2348/2348 2354/2354/2354 2349/2349/2349
f 2349/2349/2349 2354/2354/2354 2355/2355/2355
f 2349/2349/2349 2355/2355/2355 2350/2350/2350
f 2350/2350/2350 2355/2355/2355 2356/2356/2356
f 2350/2350/2350 2356/2356/2356 2351/2351/2351
f 2351/2351/2351 2356/2356/2356 2357/2357/2357
f 2351/2351/2351 2357/2357/2357 2352/2352/2352
f 2352/2352/2352 2357/2357/2357 2358/2358/2358
f 2352/2352/2352 2358/2358/2358 2347/2347/2347
f 2347/2347/2347 2358/2358/2358 2353/2353/2353
f 2353/2353/2353 2359/2359/2359 2354/2354/2354
f 2354/2354/2354 2359/2359/2359 2360/2360/2360
f 2354/2354/2354 2360/2360/2360 2355/2355/2355
f 2355/2355/2355 2360/2360/2360 2361/2361/2361
f 2355/2355/2355 2361/2361/2361 2356/2356/2356
f 2356/2356/2356 2361/2361/2361 2362/2362/2362
f 2356/2356/2356 2362/2362/2362 2357/2357/2357
f 2357/2357/2357 2362/2362/2362 2363/2363/2363
f 2357/2357/2357 2363/2363/2363 2358/2358/2358
f 2358/2358/2358 2363/2363/2363 2364/2364/2364
f 2358/2358/2358 2364/2364/2364 2353/2353/2353
f 2353/2353/2353 2364/2364/2364 2359/2359/2359
f 2359/2359/2359 2365/2365/2365 2360/2360/2360
f 2360/2360/2360 2365/2365/2365 2366/2366/2366
f 2360/2360/2360 2366/2366/2366 2361/2361/2361
f 2361/2361/2361 2366/2366/2366 2367/2367/2367
f 2361/2361/2361 2367/2367/2367 2362/2362/2362
f 2362/2362/2362 2367/2367/2367 2368/2368/2368
f 2362/2362/2362 2368/2368/2368 2363/2363/2363
f 2363/2363/2363 2368/2368/2368 2369/2369/2369
f 2363/2363/2363 2369/2369/2369 2364/2364/2364
f 2364/2364/2364 2369/2369/2369 2370/2370/2370
f 2364/2364/2364 2370/2370/2370 2359/2359/2359
f 2359/2359/2359 2370/2370/2370 2365/2365/2365
f 2365/2365/2365 2371/2371/2371 2366/2366/2366
f 2366/2366/2366 2371/2371/2371 2372/2372/2372
f 2366/2366/2366 2372/2372/2372 2367/2367/2367
f 2367/2367/2367 2372/2372/2372 2373/2373/2373
f 2367/2367/2367 2373/2373/2373 2368/2368/2368
f 2368/2368/2368 2373/2373/2373 2374/2374/2374
f 2368/2368/2368 2374/2374/2374 2369/2369/2369
f 2369/2369/2369 2374/2374/2374 2375/2375/2375
f 2369/2369/2369 2375/2375/2375 2370/2370/2370
f 2370/2370/2370 2375/2375/2375 2376/2376/2376
f 2370/2370/2370 2376/2376/2376 2365/2365/2365
f 2365/2365/2365 2376/2376/2376 2371/2371/2371
f 2371/2371/2371 2377/2377/2377 2372/2372/2372
f 2372/2372/2372 2377/2377/2377 2378/2378/2378
f 2372/2372/2372 2378/2378/2378 2373/2373/2373
f 2373/2373/2373 2378/2378/2378 2379/2379/2379
f 2373/2373/2373 2379/2379/2379 2374/2374/2374
f 2374/2374/2374 2379/2379/2379 2380/2380/2380
f 2374/2374/2374 2380/2380/2380 2375/2375/2375
f 2375/2375/2375 2380/2380/2380 2381/2381/2381
f 2375/2375/2375 2381/2381/2381 2376/2376/2376
f 2376/2376/2376 2381/2381/2381 2382/2382/2382
f 2376/2376/2376 2382/2382/2382 2371/2371/2371
f 2371/2371/2371 2382/2382/2382 2377/2377/2377
f 2377/2377/2377 2383/2383/2383 2378/2378/2378
f 2378/2378/2378 2383/2383/2383 2384/2384/2384
f 2378/2378/2378 2384/2384/2384 2379/2379/2379
f 2379/2379/2379 2384/2384/2384 2385/2385/2385
f 2379/2379/2379 2385/2385/2385 2380/2380/2380
f 2380/2380/2380 2385/2385/2385 2386/2386/2386
f 2380/2380/2380 2386/2386/2386 2381/2381/2381
f 2381/2381/2381 2386/2386/2386 2387/2387/2387
f 2381/2381/2381 2387/2387/2387 2382/2382/2382
f 2382/2382/2382 2387/2387/2387 2388/2388/2388
f 2382/2382/2382 2388/2388/2388 2377/2377/2377
f 2377/2377/2377 2388/2388/2388 2383/2383/2383
f 2383/2383/2383 2293/2293/2293 2384/2384/2384
f 2384/2384/2384 2293/2293/2293 2294/2294/2294
f 2384/2384/2384 2294/2294/2294 2385/2385/2385
f 2385/2385/2385 2294/2294/2294 2295/2295/2295
f 2385/2385/2385 2295/2295/2295 2386/2386/2386
f 2386/2386/2386 2295/2295/2295 2296/2296/2296
f 2386/2386/2386 2296/2296/2296 2387/2387/2387
f 2387/2387/2387 2296/2296/2296 2297/2297/2297
f 2387/2387/2387 2297/2297/2297 2388/2388/2388
f 2388/2388/2388 2297/2297/2297 2298/2298/2298
f 2388/2388/2388 2298/2298/2298 2383/2383/2383
f 2383/2383/2383 2298/2298/2298 2293/2293/2293

