# 3D Bikini Generator - bikini_b4712973
# Patches: 9
# Total vertices: 1688
# Total faces: 2896

mtllib bikini_b4712973.mtl

# Patch: cup_left_triangle
o cup_left_triangle
usemtl bikini_b4712973_material
v -0.075179 1.331437 0.096968
v -0.075718 1.331437 0.097341
v -0.076347 1.331437 0.097686
v -0.077058 1.331437 0.097997
v -0.077843 1.331437 0.098271
v -0.078691 1.331437 0.098505
v -0.079592 1.331437 0.098696
v -0.080535 1.331437 0.098841
v -0.081509 1.331437 0.098939
v -0.082501 1.331437 0.098988
v -0.083499 1.331437 0.098988
v -0.084491 1.331437 0.098939
v -0.085465 1.331437 0.098841
v -0.086408 1.331437 0.098696
v -0.087309 1.331437 0.098505
v -0.088157 1.331437 0.098271
v -0.088942 1.331437 0.097997
v -0.089653 1.331437 0.097686
v -0.090282 1.331437 0.097341
v -0.090821 1.331437 0.096968
v -0.068276 1.330707 0.099123
v -0.069342 1.330707 0.099794
v -0.070562 1.330707 0.100410
v -0.071922 1.330707 0.100965
v -0.073406 1.330707 0.101453
v -0.074999 1.330707 0.101869
v -0.076681 1.330707 0.102207
v -0.078435 1.330707 0.102464
v -0.080240 1.330707 0.102637
v -0.082077 1.330707 0.102724
v -0.083923 1.330707 0.102724
v -0.085760 1.330707 0.102637
v -0.087565 1.330707 0.102464
v -0.089319 1.330707 0.102207
v -0.091001 1.330707 0.101869
v -0.092594 1.330707 0.101453
v -0.094078 1.330707 0.100965
v -0.095438 1.330707 0.100410
v -0.096658 1.330707 0.099794
v -0.097724 1.330707 0.099123
v -0.061983 1.329515 0.101520
v -0.063573 1.329515 0.102430
v -0.065361 1.329515 0.103264
v -0.067330 1.329515 0.104014
v -0.069459 1.329515 0.104672
v -0.071727 1.329515 0.105230
v -0.074110 1.329515 0.105684
v -0.076584 1.329515 0.106029
v -0.079124 1.329515 0.106260
v -0.081704 1.329515 0.106377
v -0.084296 1.329515 0.106377
v -0.086876 1.329515 0.106260
v -0.089416 1.329515 0.106029
v -0.091890 1.329515 0.105684
v -0.094273 1.329515 0.105230
v -0.096541 1.329515 0.104672
v -0.098670 1.329515 0.104014
v -0.100639 1.329515 0.103264
v -0.102427 1.329515 0.102430
v -0.104017 1.329515 0.101520
v -0.056401 1.327876 0.104109
v -0.058493 1.327876 0.105203
v -0.060812 1.327876 0.106202
v -0.063337 1.327876 0.107098
v -0.066044 1.327876 0.107882
v -0.068908 1.327876 0.108546
v -0.071902 1.327876 0.109086
v -0.074998 1.327876 0.109494
v -0.078169 1.327876 0.109769
v -0.081385 1.327876 0.109907
v -0.084615 1.327876 0.109907
v -0.087831 1.327876 0.109769
v -0.091002 1.327876 0.109494
v -0.094098 1.327876 0.109086
v -0.097092 1.327876 0.108546
v -0.099956 1.327876 0.107882
v -0.102663 1.327876 0.107098
v -0.105188 1.327876 0.106202
v -0.107507 1.327876 0.105203
v -0.109599 1.327876 0.104109
v -0.051612 1.325806 0.106837
v -0.054170 1.325806 0.108059
v -0.056969 1.325806 0.109173
v -0.059984 1.325806 0.110169
v -0.063191 1.325806 0.111038
v -0.066562 1.325806 0.111774
v -0.070071 1.325806 0.112370
v -0.073687 1.325806 0.112821
v -0.077381 1.325806 0.113124
v -0.081122 1.325806 0.113276
v -0.084878 1.325806 0.113276
v -0.088619 1.325806 0.113124
v -0.092313 1.325806 0.112821
v -0.095929 1.325806 0.112370
v -0.099438 1.325806 0.111774
v -0.102809 1.325806 0.111038
v -0.106016 1.325806 0.110169
v -0.109031 1.325806 0.109173
v -0.111830 1.325806 0.108059
v -0.114388 1.325806 0.106837
v -0.047681 1.323329 0.109645
v -0.050654 1.323329 0.110944
v -0.053867 1.323329 0.112124
v -0.057297 1.323329 0.113177
v -0.060919 1.323329 0.114094
v -0.064705 1.323329 0.114869
v -0.068627 1.323329 0.115496
v -0.072657 1.323329 0.115970
v -0.076763 1.323329 0.116289
v -0.080916 1.323329 0.116448
v -0.085084 1.323329 0.116448
v -0.089237 1.323329 0.116289
v -0.093343 1.323329 0.115970
v -0.097373 1.323329 0.115496
v -0.101295 1.323329 0.114869
v -0.105081 1.323329 0.114094
v -0.108703 1.323329 0.113177
v -0.112133 1.323329 0.112124
v -0.115346 1.323329 0.110944
v -0.118319 1.323329 0.109645
v -0.044654 1.320471 0.112473
v -0.047976 1.320471 0.113801
v -0.051530 1.320471 0.115004
v -0.055292 1.320471 0.116074
v -0.059237 1.320471 0.117005
v -0.063339 1.320471 0.117791
v -0.067572 1.320471 0.118426
v -0.071906 1.320471 0.118905
v -0.076314 1.320471 0.119227
v -0.080767 1.320471 0.119388
v -0.085233 1.320471 0.119388
v -0.089686 1.320471 0.119227
v -0.094094 1.320471 0.118905
v -0.098428 1.320471 0.118426
v -0.102661 1.320471 0.117791
v -0.106763 1.320471 0.117005
v -0.110708 1.320471 0.116074
v -0.114470 1.320471 0.115004
v -0.118024 1.320471 0.113801
v -0.121346 1.320471 0.112473
v -0.042553 1.317263 0.115258
v -0.046150 1.317263 0.116571
v -0.049962 1.317263 0.117758
v -0.053967 1.317263 0.118813
v -0.058141 1.317263 0.119728
v -0.062460 1.317263 0.120499
v -0.066899 1.317263 0.121121
v -0.071431 1.317263 0.121591
v -0.076032 1.317263 0.121906
v -0.080673 1.317263 0.122064
v -0.085327 1.317263 0.122064
v -0.089968 1.317263 0.121906
v -0.094569 1.317263 0.121591
v -0.099101 1.317263 0.121121
v -0.103540 1.317263 0.120499
v -0.107859 1.317263 0.119728
v -0.112033 1.317263 0.118813
v -0.116038 1.317263 0.117758
v -0.119850 1.317263 0.116571
v -0.123447 1.317263 0.115258
v -0.041381 1.313740 0.117937
v -0.045171 1.313740 0.119198
v -0.049153 1.313740 0.120337
v -0.053309 1.313740 0.121346
v -0.057616 1.313740 0.122221
v -0.062052 1.313740 0.122956
v -0.066595 1.313740 0.123550
v -0.071222 1.313740 0.123997
v -0.075909 1.313740 0.124297
v -0.080632 1.313740 0.124447
v -0.085368 1.313740 0.124447
v -0.090091 1.313740 0.124297
v -0.094778 1.313740 0.123997
v -0.099405 1.313740 0.123550
v -0.103948 1.313740 0.122956
v -0.108384 1.313740 0.122221
v -0.112691 1.313740 0.121346
v -0.116847 1.313740 0.120337
v -0.120829 1.313740 0.119198
v -0.124619 1.313740 0.117937
v -0.041119 1.309940 0.120447
v -0.045015 1.309940 0.121627
v -0.049078 1.309940 0.122690
v -0.053292 1.309940 0.123630
v -0.057637 1.309940 0.124444
v -0.062094 1.309940 0.125128
v -0.066643 1.309940 0.125679
v -0.071265 1.309940 0.126094
v -0.075938 1.309940 0.126372
v -0.080643 1.309940 0.126511
v -0.085357 1.309940 0.126511
v -0.090062 1.309940 0.126372
v -0.094735 1.309940 0.126094
v -0.099357 1.309940 0.125679
v -0.103906 1.309940 0.125128
v -0.108363 1.309940 0.124444
v -0.112708 1.309940 0.123630
v -0.116922 1.309940 0.122690
v -0.120985 1.309940 0.121627
v -0.124881 1.309940 0.120447
v -0.041726 1.305904 0.122731
v -0.045640 1.305904 0.123806
v -0.049696 1.305904 0.124772
v -0.053877 1.305904 0.125626
v -0.058168 1.305904 0.126364
v -0.062554 1.305904 0.126983
v -0.067017 1.305904 0.127481
v -0.071540 1.305904 0.127857
v -0.076107 1.305904 0.128108
v -0.080699 1.305904 0.128233
v -0.085301 1.305904 0.128233
v -0.089893 1.305904 0.128108
v -0.094460 1.305904 0.127857
v -0.098983 1.305904 0.127481
v -0.103446 1.305904 0.126983
v -0.107832 1.305904 0.126364
v -0.112123 1.305904 0.125626
v -0.116304 1.305904 0.124772
v -0.120360 1.305904 0.123806
v -0.124274 1.305904 0.122731
v -0.043145 1.301676 0.124733
v -0.046990 1.301676 0.125686
v -0.050951 1.301676 0.126542
v -0.055014 1.301676 0.127297
v -0.059166 1.301676 0.127948
v -0.063395 1.301676 0.128494
v -0.067686 1.301676 0.128933
v -0.072026 1.301676 0.129264
v -0.076402 1.301676 0.129485
v -0.080798 1.301676 0.129595
v -0.085202 1.301676 0.129595
v -0.089598 1.301676 0.129485
v -0.093974 1.301676 0.129264
v -0.098314 1.301676 0.128933
v -0.102605 1.301676 0.128494
v -0.106834 1.301676 0.127948
v -0.110986 1.301676 0.127297
v -0.115049 1.301676 0.126542
v -0.119010 1.301676 0.125686
v -0.122855 1.301676 0.124733
v -0.045298 1.297303 0.126403
v -0.048992 1.297303 0.127226
v -0.052776 1.297303 0.127962
v -0.056642 1.297303 0.128611
v -0.060577 1.297303 0.129170
v -0.064572 1.297303 0.129639
v -0.068616 1.297303 0.130015
v -0.072698 1.297303 0.130298
v -0.076808 1.297303 0.130488
v -0.080934 1.297303 0.130582
v -0.085066 1.297303 0.130582
v -0.089192 1.297303 0.130488
v -0.093302 1.297303 0.130298
v -0.097384 1.297303 0.130015
v -0.101428 1.297303 0.129639
v -0.105423 1.297303 0.129170
v -0.109358 1.297303 0.128611
v -0.113224 1.297303 0.127962
v -0.117008 1.297303 0.127226
v -0.120702 1.297303 0.126403
v -0.048090 1.292830 0.127699
v -0.051558 1.292830 0.128387
v -0.055094 1.292830 0.129002
v -0.058691 1.292830 0.129543
v -0.062341 1.292830 0.130009
v -0.066035 1.292830 0.130399
v -0.069767 1.292830 0.130712
v -0.073527 1.292830 0.130947
v -0.077308 1.292830 0.131105
v -0.081101 1.292830 0.131183
v -0.084899 1.292830 0.131183
v -0.088692 1.292830 0.131105
v -0.092473 1.292830 0.130947
v -0.096233 1.292830 0.130712
v -0.099965 1.292830 0.130399
v -0.103659 1.292830 0.130009
v -0.107309 1.292830 0.129543
v -0.110906 1.292830 0.129002
v -0.114442 1.292830 0.128387
v -0.117910 1.292830 0.127699
v -0.051415 1.288308 0.128584
v -0.054591 1.288308 0.129140
v -0.057816 1.288308 0.129636
v -0.061085 1.288308 0.130073
v -0.064391 1.288308 0.130448
v -0.067731 1.288308 0.130762
v -0.071096 1.288308 0.131013
v -0.074482 1.288308 0.131203
v -0.077884 1.288308 0.131329
v -0.081294 1.288308 0.131392
v -0.084706 1.288308 0.131392
v -0.088116 1.288308 0.131329
v -0.091518 1.288308 0.131203
v -0.094904 1.288308 0.131013
v -0.098269 1.288308 0.130762
v -0.101609 1.288308 0.130448
v -0.104915 1.288308 0.130073
v -0.108184 1.288308 0.129636
v -0.111409 1.288308 0.129140
v -0.114585 1.288308 0.128584
v -0.055155 1.283784 0.129032
v -0.057984 1.283784 0.129463
v -0.060847 1.283784 0.129848
v -0.063740 1.283784 0.130186
v -0.066659 1.283784 0.130476
v -0.069600 1.283784 0.130719
v -0.072559 1.283784 0.130913
v -0.075532 1.283784 0.131060
v -0.078515 1.283784 0.131157
v -0.081504 1.283784 0.131206
v -0.084496 1.283784 0.131206
v -0.087485 1.283784 0.131157
v -0.090468 1.283784 0.131060
v -0.093441 1.283784 0.130913
v -0.096400 1.283784 0.130719
v -0.099341 1.283784 0.130476
v -0.102260 1.283784 0.130186
v -0.105153 1.283784 0.129848
v -0.108016 1.283784 0.129463
v -0.110845 1.283784 0.129032
v -0.059181 1.279308 0.129022
v -0.061623 1.279308 0.129341
v -0.064087 1.279308 0.129626
v -0.066570 1.279308 0.129875
v -0.069070 1.279308 0.130089
v -0.071583 1.279308 0.130268
v -0.074108 1.279308 0.130412
v -0.076642 1.279308 0.130519
v -0.079183 1.279308 0.130591
v -0.081727 1.279308 0.130627
v -0.084273 1.279308 0.130627
v -0.086817 1.279308 0.130591
v -0.089358 1.279308 0.130519
v -0.091892 1.279308 0.130412
v -0.094417 1.279308 0.130268
v -0.096930 1.279308 0.130089
v -0.099430 1.279308 0.129875
v -0.101913 1.279308 0.129626
v -0.104377 1.279308 0.129341
v -0.106819 1.279308 0.129022
v -0.063361 1.274929 0.128548
v -0.065390 1.274929 0.128770
v -0.067432 1.274929 0.128967
v -0.069485 1.274929 0.129140
v -0.071548 1.274929 0.129289
v -0.073619 1.274929 0.129413
v -0.075697 1.274929 0.129512
v -0.077780 1.274929 0.129587
v -0.079866 1.274929 0.129637
v -0.081955 1.274929 0.129662
v -0.084045 1.274929 0.129662
v -0.086134 1.274929 0.129637
v -0.088220 1.274929 0.129587
v -0.090303 1.274929 0.129512
v -0.092381 1.274929 0.129413
v -0.094452 1.274929 0.129289
v -0.096515 1.274929 0.129140
v -0.098568 1.274929 0.128967
v -0.100610 1.274929 0.128770
v -0.102639 1.274929 0.128548
v -0.067561 1.270693 0.127608
v -0.069166 1.270693 0.127750
v -0.070778 1.270693 0.127876
v -0.072396 1.270693 0.127987
v -0.074019 1.270693 0.128082
v -0.075646 1.270693 0.128161
v -0.077276 1.270693 0.128225
v -0.078910 1.270693 0.128272
v -0.080545 1.270693 0.128304
v -0.082182 1.270693 0.128320
v -0.083818 1.270693 0.128320
v -0.085455 1.270693 0.128304
v -0.087090 1.270693 0.128272
v -0.088724 1.270693 0.128225
v -0.090354 1.270693 0.128161
v -0.091981 1.270693 0.128082
v -0.093604 1.270693 0.127987
v -0.095222 1.270693 0.127876
v -0.096834 1.270693 0.127750
v -0.098439 1.270693 0.127608
v -0.071646 1.266648 0.126213
v -0.072832 1.266648 0.126294
v -0.074022 1.266648 0.126365
v -0.075214 1.266648 0.126428
v -0.076408 1.266648 0.126482
v -0.077604 1.266648 0.126527
v -0.078801 1.266648 0.126563
v -0.080000 1.266648 0.126590
v -0.081200 1.266648 0.126608
v -0.082400 1.266648 0.126617
v -0.083600 1.266648 0.126617
v -0.084800 1.266648 0.126608
v -0.086000 1.266648 0.126590
v -0.087199 1.266648 0.126563
v -0.088396 1.266648 0.126527
v -0.089592 1.266648 0.126482
v -0.090786 1.266648 0.126428
v -0.091978 1.266648 0.126365
v -0.093168 1.266648 0.126294
v -0.094354 1.266648 0.126213
vn 0.072360 0.991887 0.104515
vn 0.069976 0.991169 0.112639
vn 0.064029 0.989594 0.128858
vn 0.057344 0.987987 0.143502
vn 0.050006 0.986425 0.156415
vn 0.042107 0.984979 0.167463
vn 0.033739 0.983715 0.176538
vn 0.025001 0.982692 0.183553
vn 0.015989 0.981954 0.188444
vn 0.006803 0.981534 0.191168
vn -0.002458 0.981451 0.191699
vn -0.011694 0.981708 0.190034
vn -0.020805 0.982294 0.186185
vn -0.029692 0.983184 0.180188
vn -0.038257 0.984337 0.172094
vn -0.046401 0.985702 0.161980
vn -0.054030 0.987217 0.149943
vn -0.061050 0.988812 0.136102
vn -0.067372 0.990412 0.120603
vn -0.071140 0.991446 0.109429
vn 0.088503 0.986400 0.138504
vn 0.092378 0.982187 0.163631
vn 0.083994 0.979332 0.183994
vn 0.074735 0.976486 0.202213
vn 0.064715 0.973772 0.218128
vn 0.054052 0.971306 0.231611
vn 0.042862 0.969189 0.242562
vn 0.031264 0.967507 0.250905
vn 0.019370 0.966327 0.256588
vn 0.007296 0.965695 0.259577
vn -0.004845 0.965636 0.259854
vn -0.016942 0.966152 0.257417
vn -0.028882 0.967223 0.252281
vn -0.040551 0.968807 0.244476
vn -0.051835 0.970841 0.234051
vn -0.062616 0.973244 0.221076
vn -0.072778 0.975917 0.205645
vn -0.082203 0.978746 0.187881
vn -0.090776 0.981609 0.167937
vn -0.100583 0.980790 0.167133
vn 0.128464 0.967098 0.219588
vn 0.129296 0.959529 0.250172
vn 0.116797 0.953900 0.276467
vn 0.103281 0.948424 0.299708
vn 0.088912 0.943312 0.319778
vn 0.073844 0.938748 0.336599
vn 0.058220 0.934891 0.350127
vn 0.042175 0.931869 0.360335
vn 0.025835 0.929778 0.367213
vn 0.009318 0.928683 0.370757
vn -0.007263 0.928618 0.370966
vn -0.023795 0.929585 0.367839
vn -0.040164 0.931554 0.361378
vn -0.056253 0.934464 0.351585
vn -0.071937 0.938223 0.338471
vn -0.087083 0.942706 0.322058
vn -0.101549 0.947760 0.302389
vn -0.115181 0.953201 0.279538
vn -0.127818 0.958823 0.253615
vn -0.139068 0.957589 0.252355
vn 0.165041 0.936857 0.308317
vn 0.162509 0.925289 0.342681
vn 0.145804 0.916508 0.372496
vn 0.128130 0.908176 0.398495
vn 0.109682 0.900559 0.420671
vn 0.090626 0.893879 0.439054
vn 0.071108 0.888316 0.453694
vn 0.051254 0.884011 0.464648
vn 0.031170 0.881065 0.471967
vn 0.010953 0.879545 0.475689
vn -0.009310 0.879485 0.475835
vn -0.029534 0.880886 0.472407
vn -0.049632 0.883717 0.465383
vn -0.069509 0.887914 0.454728
vn -0.089059 0.893378 0.440391
vn -0.108159 0.899973 0.422316
vn -0.126664 0.907521 0.400451
vn -0.144409 0.915804 0.374765
vn -0.161202 0.924559 0.345259
vn -0.173384 0.922945 0.343672
vn 0.196885 0.894300 0.401825
vn 0.190772 0.878506 0.437987
vn 0.170007 0.866786 0.468806
vn 0.148499 0.855929 0.495312
vn 0.126441 0.846201 0.517646
vn 0.103985 0.837811 0.535967
vn 0.081252 0.830920 0.550428
vn 0.058330 0.825645 0.561166
vn 0.035288 0.822070 0.568291
vn 0.012181 0.820246 0.571881
vn -0.010948 0.820198 0.571975
vn -0.034057 0.821927 0.568574
vn -0.057104 0.825408 0.561641
vn -0.080034 0.830593 0.551099
vn -0.102781 0.837399 0.536842
vn -0.125254 0.845712 0.518732
vn -0.147338 0.855373 0.496617
vn -0.168881 0.866176 0.470339
vn -0.189693 0.877857 0.439755
vn -0.202431 0.875780 0.438213
vn 0.222890 0.838721 0.496857
vn 0.213147 0.819010 0.532721
vn 0.188748 0.805129 0.562264
vn 0.163963 0.792550 0.587351
vn 0.138947 0.781481 0.608261
vn 0.113808 0.772077 0.625256
vn 0.088614 0.764445 0.638569
vn 0.063407 0.758660 0.648394
vn 0.038205 0.754769 0.654877
vn 0.013012 0.752801 0.658120
vn -0.012178 0.752768 0.658173
vn -0.037371 0.754672 0.655038
vn -0.062573 0.758498 0.648664
vn -0.087781 0.764221 0.638953
vn -0.112975 0.771791 0.625759
vn -0.138118 0.781137 0.608891
vn -0.163140 0.792152 0.588116
vn -0.187935 0.804684 0.563173
vn -0.212351 0.818525 0.533783
vn -0.225265 0.815820 0.532628
vn 0.242179 0.770398 0.589777
vn 0.228995 0.747607 0.623414
vn 0.201677 0.732743 0.649934
vn 0.174381 0.719524 0.672217
vn 0.147197 0.708071 0.690629
vn 0.120167 0.698461 0.705487
vn 0.093302 0.690739 0.717060
vn 0.066588 0.684931 0.725559
vn 0.039993 0.681049 0.731145
vn 0.013473 0.679098 0.733924
vn -0.013020 0.679081 0.733947
vn -0.039539 0.680998 0.731217
vn -0.066132 0.684846 0.725681
vn -0.092844 0.690621 0.717233
vn -0.119706 0.698309 0.705716
vn -0.146734 0.707887 0.690916
vn -0.173916 0.719308 0.672569
vn -0.201211 0.732497 0.650355
vn -0.228531 0.747333 0.623913
vn -0.241217 0.743805 0.623352
vn 0.254252 0.690695 0.676976
vn 0.238081 0.666043 0.706897
vn 0.208780 0.651504 0.729351
vn 0.179878 0.638767 0.748078
vn 0.151386 0.627863 0.763459
vn 0.123281 0.618803 0.775813
vn 0.095517 0.611578 0.785397
vn 0.068033 0.606176 0.792415
vn 0.040755 0.602583 0.797015
vn 0.013604 0.600788 0.799293
vn -0.013505 0.600784 0.799297
vn -0.040657 0.602572 0.797028
vn -0.067934 0.606158 0.792438
vn -0.095417 0.611553 0.785429
vn -0.123179 0.618770 0.775854
vn -0.151283 0.627824 0.763512
vn -0.179774 0.638720 0.748143
vn -0.208675 0.651450 0.729429
vn -0.237975 0.665982 0.706990
vn -0.250033 0.661469 0.707066
vn 0.259095 0.601896 0.755375
vn 0.240608 0.576732 0.780697
vn 0.210368 0.563675 0.798759
vn 0.180805 0.552359 0.813762
vn 0.151862 0.542757 0.826046
vn 0.123463 0.534832 0.835890
vn 0.095520 0.528546 0.843513
vn 0.067936 0.523867 0.849087
vn 0.040612 0.520765 0.852734
vn 0.013445 0.519222 0.854533
vn -0.013671 0.519229 0.854526
vn -0.040839 0.520784 0.852711
vn -0.068165 0.523898 0.849049
vn -0.095751 0.528591 0.843459
vn -0.123698 0.534890 0.835818
vn -0.152101 0.542828 0.825956
vn -0.181049 0.552444 0.813650
vn -0.210618 0.563774 0.798623
vn -0.240864 0.576846 0.780534
vn -0.251929 0.571269 0.781142
vn 0.257183 0.506801 0.822806
vn 0.237167 0.482342 0.843266
vn 0.207011 0.471569 0.857187
vn 0.177680 0.462299 0.868740
vn 0.149074 0.454476 0.878196
vn 0.121083 0.448046 0.885773
vn 0.093596 0.442963 0.891641
vn 0.066502 0.439189 0.895930
vn 0.039686 0.436693 0.898735
vn 0.013038 0.435457 0.900115
vn -0.013556 0.435469 0.900102
vn -0.040207 0.436730 0.898694
vn -0.067027 0.439250 0.895861
vn -0.094128 0.443049 0.891542
vn -0.121623 0.448157 0.885643
vn -0.149625 0.454614 0.878031
vn -0.178244 0.462465 0.868536
vn -0.207590 0.471764 0.856939
vn -0.237763 0.482566 0.842970
vn -0.247546 0.475950 0.843915
vn 0.249365 0.408232 0.878159
vn 0.228614 0.385377 0.893991
vn 0.199435 0.377263 0.904377
vn 0.171107 0.370306 0.913015
vn 0.143510 0.364450 0.920098
vn 0.116526 0.359648 0.925784
vn 0.090038 0.355857 0.930193
vn 0.063932 0.353046 0.933419
vn 0.038097 0.351191 0.935529
vn 0.012423 0.350274 0.936565
vn -0.013199 0.350288 0.936549
vn -0.038877 0.351233 0.935481
vn -0.064719 0.353118 0.933338
vn -0.090835 0.355958 0.930077
vn -0.117336 0.359779 0.925630
vn -0.144337 0.364613 0.919904
vn -0.171954 0.370501 0.912776
vn -0.200306 0.377493 0.904089
vn -0.229513 0.385642 0.893647
vn -0.237811 0.378095 0.894701
vn 0.236702 0.308622 0.921262
vn 0.215924 0.287884 0.933006
vn 0.188427 0.282410 0.940606
vn 0.161714 0.277719 0.946953
vn 0.135666 0.273773 0.952178
vn 0.110172 0.270537 0.956385
vn 0.085124 0.267984 0.959655
vn 0.060419 0.266092 0.962052
vn 0.035956 0.264844 0.963621
vn 0.011636 0.264229 0.964390
vn -0.012637 0.264242 0.964374
vn -0.036961 0.264883 0.963572
vn -0.061432 0.266158 0.961970
vn -0.086149 0.268077 0.959538
vn -0.111213 0.270658 0.956230
vn -0.136728 0.273923 0.951983
vn -0.162800 0.277899 0.946714
vn -0.189544 0.282622 0.940318
vn -0.217075 0.288130 0.932663
vn -0.223777 0.279809 0.933612
vn 0.220294 0.209787 0.952607
vn 0.200062 0.191320 0.960922
vn 0.174753 0.188174 0.966464
vn 0.150100 0.185475 0.971117
vn 0.126005 0.183202 0.974967
vn 0.102373 0.181336 0.978078
vn 0.079114 0.179863 0.980505
vn 0.056139 0.178771 0.982288
vn 0.033367 0.178051 0.983455
vn 0.010713 0.177697 0.984027
vn -0.011902 0.177707 0.984012
vn -0.034560 0.178080 0.983409
vn -0.057342 0.178820 0.982209
vn -0.080329 0.179933 0.980394
vn -0.103606 0.181426 0.977932
vn -0.127260 0.183314 0.974783
vn -0.151382 0.185609 0.970893
vn -0.176066 0.188332 0.966195
vn -0.201412 0.191503 0.960604
vn -0.206482 0.182575 0.961266
vn 0.201164 0.112872 0.973033
vn 0.181905 0.096558 0.978564
vn 0.159103 0.095262 0.982655
vn 0.136811 0.094148 0.986113
vn 0.114951 0.093207 0.988989
vn 0.093451 0.092434 0.991324
vn 0.072241 0.091823 0.993151
vn 0.051253 0.091369 0.994497
vn 0.030421 0.091070 0.995380
vn 0.009683 0.090923 0.995811
vn -0.011026 0.090929 0.995796
vn -0.031769 0.091086 0.995336
vn -0.052608 0.091395 0.994424
vn -0.073609 0.091860 0.993048
vn -0.094836 0.092482 0.991188
vn -0.116357 0.093267 0.988819
vn -0.138242 0.094219 0.985907
vn -0.160565 0.095345 0.982409
vn -0.183403 0.096654 0.978275
vn -0.186863 0.087261 0.978503
vn 0.180196 0.018437 0.983458
vn 0.162203 0.003986 0.986749
vn 0.142080 0.004006 0.989847
vn 0.122323 0.004023 0.992482
vn 0.102878 0.004037 0.994686
vn 0.083693 0.004048 0.996483
vn 0.064719 0.004057 0.997895
vn 0.045906 0.004064 0.998938
vn 0.027206 0.004069 0.999622
vn 0.008574 0.004071 0.999955
vn -0.010037 0.004071 0.999941
vn -0.028672 0.004070 0.999581
vn -0.047379 0.004066 0.998869
vn -0.066203 0.004060 0.997798
vn -0.085192 0.004051 0.996356
vn -0.104395 0.004040 0.994528
vn -0.123863 0.004027 0.992291
vn -0.143646 0.004010 0.989621
vn -0.163801 0.003991 0.986485
vn -0.165711 -0.005770 0.986157
vn 0.158117 -0.073399 0.984689
vn 0.141577 -0.086357 0.986153
vn 0.124192 -0.085532 0.988565
vn 0.107051 -0.084819 0.990629
vn 0.090118 -0.084214 0.992364
vn 0.073360 -0.083715 0.993786
vn 0.056742 -0.083319 0.994906
vn 0.040233 -0.083025 0.995735
vn 0.023800 -0.082831 0.996279
vn 0.007413 -0.082736 0.996544
vn -0.008960 -0.082740 0.996531
vn -0.025350 -0.082843 0.996240
vn -0.041788 -0.083046 0.995669
vn -0.058306 -0.083349 0.994813
vn -0.074936 -0.083754 0.993665
vn -0.091709 -0.084262 0.992214
vn -0.108661 -0.084876 0.990449
vn -0.125823 -0.085599 0.988353
vn -0.143233 -0.086434 0.985907
vn -0.143680 -0.096519 0.984906
vn 0.135515 -0.162801 0.977308
vn 0.120543 -0.174643 0.977225
vn 0.105877 -0.173447 0.979135
vn 0.091360 -0.172410 0.980779
vn 0.076971 -0.171528 0.982168
vn 0.062688 -0.170799 0.983310
vn 0.048491 -0.170220 0.984212
vn 0.034362 -0.169789 0.984881
vn 0.020279 -0.169505 0.985321
vn 0.006225 -0.169367 0.985533
vn -0.007821 -0.169375 0.985521
vn -0.021878 -0.169528 0.985282
vn -0.035964 -0.169828 0.984817
vn -0.050100 -0.170275 0.984122
vn -0.064306 -0.170870 0.983193
vn -0.078600 -0.171615 0.982024
vn -0.093003 -0.172513 0.980607
vn -0.107536 -0.173567 0.978933
vn -0.122219 -0.174780 0.976993
vn -0.121303 -0.185197 0.975186
vn 0.112877 -0.250064 0.961627
vn 0.099538 -0.261118 0.960161
vn 0.087519 -0.259881 0.961666
vn 0.075582 -0.258805 0.962968
vn 0.063713 -0.257888 0.964072
vn 0.051904 -0.257129 0.964982
vn 0.040142 -0.256526 0.965703
vn 0.028417 -0.256077 0.966239
vn 0.016718 -0.255781 0.966590
vn 0.005035 -0.255638 0.966759
vn -0.006645 -0.255648 0.966747
vn -0.018330 -0.255811 0.966553
vn -0.030032 -0.256126 0.966177
vn -0.041761 -0.256596 0.965616
vn -0.053529 -0.257219 0.964869
vn -0.065346 -0.257999 0.963933
vn -0.077223 -0.258936 0.962802
vn -0.089171 -0.260033 0.961474
vn -0.101202 -0.261292 0.959940
vn -0.099035 -0.272090 0.957162
vn 0.090627 -0.335482 0.937677
vn 0.078966 -0.345980 0.934913
vn 0.069482 -0.344915 0.936059
vn 0.060035 -0.343987 0.937053
vn 0.050622 -0.343195 0.937899
vn 0.041236 -0.342539 0.938598
vn 0.031873 -0.342017 0.939153
vn 0.022527 -0.341628 0.939565
vn 0.013194 -0.341373 0.939835
vn 0.003868 -0.341251 0.939964
vn -0.005456 -0.341262 0.939953
vn -0.014783 -0.341405 0.939800
vn -0.024119 -0.341681 0.939506
vn -0.033467 -0.342091 0.939071
vn -0.042834 -0.342635 0.938492
vn -0.052224 -0.343313 0.937768
vn -0.061642 -0.344126 0.936898
vn -0.071095 -0.345076 0.935878
vn -0.080586 -0.346163 0.934707
vn -0.077293 -0.357422 0.930739
vn 0.073124 -0.393044 0.916608
vn 0.064223 -0.390710 0.918271
vn 0.056394 -0.390155 0.919021
vn 0.048588 -0.389665 0.919674
vn 0.040802 -0.389238 0.920233
vn 0.033032 -0.388875 0.920698
vn 0.025276 -0.388576 0.921070
vn 0.017530 -0.388340 0.921349
vn 0.009790 -0.388167 0.921537
vn 0.002055 -0.388057 0.921633
vn -0.005681 -0.388010 0.921638
vn -0.013419 -0.388026 0.921551
vn -0.021163 -0.388105 0.921372
vn -0.028916 -0.388247 0.921101
vn -0.036682 -0.388453 0.920738
vn -0.044463 -0.388721 0.920282
vn -0.052264 -0.389053 0.919732
vn -0.060087 -0.389448 0.919086
vn -0.067935 -0.389907 0.918345
vn -0.062728 -0.381346 0.922302
vt 0.020000 0.020000
vt 0.020000 0.036140
vt 0.020000 0.052281
vt 0.020000 0.068421
vt 0.020000 0.084561
vt 0.020000 0.100702
vt 0.020000 0.116842
vt 0.020000 0.132982
vt 0.020000 0.149123
vt 0.020000 0.165263
vt 0.020000 0.181404
vt 0.020000 0.197544
vt 0.020000 0.213684
vt 0.020000 0.229825
vt 0.020000 0.245965
vt 0.020000 0.262105
vt 0.020000 0.278246
vt 0.020000 0.294386
vt 0.020000 0.310526
vt 0.020000 0.326667
vt 0.036140 0.020000
vt 0.036140 0.036140
vt 0.036140 0.052281
vt 0.036140 0.068421
vt 0.036140 0.084561
vt 0.036140 0.100702
vt 0.036140 0.116842
vt 0.036140 0.132982
vt 0.036140 0.149123
vt 0.036140 0.165263
vt 0.036140 0.181404
vt 0.036140 0.197544
vt 0.036140 0.213684
vt 0.036140 0.229825
vt 0.036140 0.245965
vt 0.036140 0.262105
vt 0.036140 0.278246
vt 0.036140 0.294386
vt 0.036140 0.310526
vt 0.036140 0.326667
vt 0.052281 0.020000
vt 0.052281 0.036140
vt 0.052281 0.052281
vt 0.052281 0.068421
vt 0.052281 0.084561
vt 0.052281 0.100702
vt 0.052281 0.116842
vt 0.052281 0.132982
vt 0.052281 0.149123
vt 0.052281 0.165263
vt 0.052281 0.181404
vt 0.052281 0.197544
vt 0.052281 0.213684
vt 0.052281 0.229825
vt 0.052281 0.245965
vt 0.052281 0.262105
vt 0.052281 0.278246
vt 0.052281 0.294386
vt 0.052281 0.310526
vt 0.052281 0.326667
vt 0.068421 0.020000
vt 0.068421 0.036140
vt 0.068421 0.052281
vt 0.068421 0.068421
vt 0.068421 0.084561
vt 0.068421 0.100702
vt 0.068421 0.116842
vt 0.068421 0.132982
vt 0.068421 0.149123
vt 0.068421 0.165263
vt 0.068421 0.181404
vt 0.068421 0.197544
vt 0.068421 0.213684
vt 0.068421 0.229825
vt 0.068421 0.245965
vt 0.068421 0.262105
vt 0.068421 0.278246
vt 0.068421 0.294386
vt 0.068421 0.310526
vt 0.068421 0.326667
vt 0.084561 0.020000
vt 0.084561 0.036140
vt 0.084561 0.052281
vt 0.084561 0.068421
vt 0.084561 0.084561
vt 0.084561 0.100702
vt 0.084561 0.116842
vt 0.084561 0.132982
vt 0.084561 0.149123
vt 0.084561 0.165263
vt 0.084561 0.181404
vt 0.084561 0.197544
vt 0.084561 0.213684
vt 0.084561 0.229825
vt 0.084561 0.245965
vt 0.084561 0.262105
vt 0.084561 0.278246
vt 0.084561 0.294386
vt 0.084561 0.310526
vt 0.084561 0.326667
vt 0.100702 0.020000
vt 0.100702 0.036140
vt 0.100702 0.052281
vt 0.100702 0.068421
vt 0.100702 0.084561
vt 0.100702 0.100702
vt 0.100702 0.116842
vt 0.100702 0.132982
vt 0.100702 0.149123
vt 0.100702 0.165263
vt 0.100702 0.181404
vt 0.100702 0.197544
vt 0.100702 0.213684
vt 0.100702 0.229825
vt 0.100702 0.245965
vt 0.100702 0.262105
vt 0.100702 0.278246
vt 0.100702 0.294386
vt 0.100702 0.310526
vt 0.100702 0.326667
vt 0.116842 0.020000
vt 0.116842 0.036140
vt 0.116842 0.052281
vt 0.116842 0.068421
vt 0.116842 0.084561
vt 0.116842 0.100702
vt 0.116842 0.116842
vt 0.116842 0.132982
vt 0.116842 0.149123
vt 0.116842 0.165263
vt 0.116842 0.181404
vt 0.116842 0.197544
vt 0.116842 0.213684
vt 0.116842 0.229825
vt 0.116842 0.245965
vt 0.116842 0.262105
vt 0.116842 0.278246
vt 0.116842 0.294386
vt 0.116842 0.310526
vt 0.116842 0.326667
vt 0.132982 0.020000
vt 0.132982 0.036140
vt 0.132982 0.052281
vt 0.132982 0.068421
vt 0.132982 0.084561
vt 0.132982 0.100702
vt 0.132982 0.116842
vt 0.132982 0.132982
vt 0.132982 0.149123
vt 0.132982 0.165263
vt 0.132982 0.181404
vt 0.132982 0.197544
vt 0.132982 0.213684
vt 0.132982 0.229825
vt 0.132982 0.245965
vt 0.132982 0.262105
vt 0.132982 0.278246
vt 0.132982 0.294386
vt 0.132982 0.310526
vt 0.132982 0.326667
vt 0.149123 0.020000
vt 0.149123 0.036140
vt 0.149123 0.052281
vt 0.149123 0.068421
vt 0.149123 0.084561
vt 0.149123 0.100702
vt 0.149123 0.116842
vt 0.149123 0.132982
vt 0.149123 0.149123
vt 0.149123 0.165263
vt 0.149123 0.181404
vt 0.149123 0.197544
vt 0.149123 0.213684
vt 0.149123 0.229825
vt 0.149123 0.245965
vt 0.149123 0.262105
vt 0.149123 0.278246
vt 0.149123 0.294386
vt 0.149123 0.310526
vt 0.149123 0.326667
vt 0.165263 0.020000
vt 0.165263 0.036140
vt 0.165263 0.052281
vt 0.165263 0.068421
vt 0.165263 0.084561
vt 0.165263 0.100702
vt 0.165263 0.116842
vt 0.165263 0.132982
vt 0.165263 0.149123
vt 0.165263 0.165263
vt 0.165263 0.181404
vt 0.165263 0.197544
vt 0.165263 0.213684
vt 0.165263 0.229825
vt 0.165263 0.245965
vt 0.165263 0.262105
vt 0.165263 0.278246
vt 0.165263 0.294386
vt 0.165263 0.310526
vt 0.165263 0.326667
vt 0.181404 0.020000
vt 0.181404 0.036140
vt 0.181404 0.052281
vt 0.181404 0.068421
vt 0.181404 0.084561
vt 0.181404 0.100702
vt 0.181404 0.116842
vt 0.181404 0.132982
vt 0.181404 0.149123
vt 0.181404 0.165263
vt 0.181404 0.181404
vt 0.181404 0.197544
vt 0.181404 0.213684
vt 0.181404 0.229825
vt 0.181404 0.245965
vt 0.181404 0.262105
vt 0.181404 0.278246
vt 0.181404 0.294386
vt 0.181404 0.310526
vt 0.181404 0.326667
vt 0.197544 0.020000
vt 0.197544 0.036140
vt 0.197544 0.052281
vt 0.197544 0.068421
vt 0.197544 0.084561
vt 0.197544 0.100702
vt 0.197544 0.116842
vt 0.197544 0.132982
vt 0.197544 0.149123
vt 0.197544 0.165263
vt 0.197544 0.181404
vt 0.197544 0.197544
vt 0.197544 0.213684
vt 0.197544 0.229825
vt 0.197544 0.245965
vt 0.197544 0.262105
vt 0.197544 0.278246
vt 0.197544 0.294386
vt 0.197544 0.310526
vt 0.197544 0.326667
vt 0.213684 0.020000
vt 0.213684 0.036140
vt 0.213684 0.052281
vt 0.213684 0.068421
vt 0.213684 0.084561
vt 0.213684 0.100702
vt 0.213684 0.116842
vt 0.213684 0.132982
vt 0.213684 0.149123
vt 0.213684 0.165263
vt 0.213684 0.181404
vt 0.213684 0.197544
vt 0.213684 0.213684
vt 0.213684 0.229825
vt 0.213684 0.245965
vt 0.213684 0.262105
vt 0.213684 0.278246
vt 0.213684 0.294386
vt 0.213684 0.310526
vt 0.213684 0.326667
vt 0.229825 0.020000
vt 0.229825 0.036140
vt 0.229825 0.052281
vt 0.229825 0.068421
vt 0.229825 0.084561
vt 0.229825 0.100702
vt 0.229825 0.116842
vt 0.229825 0.132982
vt 0.229825 0.149123
vt 0.229825 0.165263
vt 0.229825 0.181404
vt 0.229825 0.197544
vt 0.229825 0.213684
vt 0.229825 0.229825
vt 0.229825 0.245965
vt 0.229825 0.262105
vt 0.229825 0.278246
vt 0.229825 0.294386
vt 0.229825 0.310526
vt 0.229825 0.326667
vt 0.245965 0.020000
vt 0.245965 0.036140
vt 0.245965 0.052281
vt 0.245965 0.068421
vt 0.245965 0.084561
vt 0.245965 0.100702
vt 0.245965 0.116842
vt 0.245965 0.132982
vt 0.245965 0.149123
vt 0.245965 0.165263
vt 0.245965 0.181404
vt 0.245965 0.197544
vt 0.245965 0.213684
vt 0.245965 0.229825
vt 0.245965 0.245965
vt 0.245965 0.262105
vt 0.245965 0.278246
vt 0.245965 0.294386
vt 0.245965 0.310526
vt 0.245965 0.326667
vt 0.262105 0.020000
vt 0.262105 0.036140
vt 0.262105 0.052281
vt 0.262105 0.068421
vt 0.262105 0.084561
vt 0.262105 0.100702
vt 0.262105 0.116842
vt 0.262105 0.132982
vt 0.262105 0.149123
vt 0.262105 0.165263
vt 0.262105 0.181404
vt 0.262105 0.197544
vt 0.262105 0.213684
vt 0.262105 0.229825
vt 0.262105 0.245965
vt 0.262105 0.262105
vt 0.262105 0.278246
vt 0.262105 0.294386
vt 0.262105 0.310526
vt 0.262105 0.326667
vt 0.278246 0.020000
vt 0.278246 0.036140
vt 0.278246 0.052281
vt 0.278246 0.068421
vt 0.278246 0.084561
vt 0.278246 0.100702
vt 0.278246 0.116842
vt 0.278246 0.132982
vt 0.278246 0.149123
vt 0.278246 0.165263
vt 0.278246 0.181404
vt 0.278246 0.197544
vt 0.278246 0.213684
vt 0.278246 0.229825
vt 0.278246 0.245965
vt 0.278246 0.262105
vt 0.278246 0.278246
vt 0.278246 0.294386
vt 0.278246 0.310526
vt 0.278246 0.326667
vt 0.294386 0.020000
vt 0.294386 0.036140
vt 0.294386 0.052281
vt 0.294386 0.068421
vt 0.294386 0.084561
vt 0.294386 0.100702
vt 0.294386 0.116842
vt 0.294386 0.132982
vt 0.294386 0.149123
vt 0.294386 0.165263
vt 0.294386 0.181404
vt 0.294386 0.197544
vt 0.294386 0.213684
vt 0.294386 0.229825
vt 0.294386 0.245965
vt 0.294386 0.262105
vt 0.294386 0.278246
vt 0.294386 0.294386
vt 0.294386 0.310526
vt 0.294386 0.326667
vt 0.310526 0.020000
vt 0.310526 0.036140
vt 0.310526 0.052281
vt 0.310526 0.068421
vt 0.310526 0.084561
vt 0.310526 0.100702
vt 0.310526 0.116842
vt 0.310526 0.132982
vt 0.310526 0.149123
vt 0.310526 0.165263
vt 0.310526 0.181404
vt 0.310526 0.197544
vt 0.310526 0.213684
vt 0.310526 0.229825
vt 0.310526 0.245965
vt 0.310526 0.262105
vt 0.310526 0.278246
vt 0.310526 0.294386
vt 0.310526 0.310526
vt 0.310526 0.326667
vt 0.326667 0.020000
vt 0.326667 0.036140
vt 0.326667 0.052281
vt 0.326667 0.068421
vt 0.326667 0.084561
vt 0.326667 0.100702
vt 0.326667 0.116842
vt 0.326667 0.132982
vt 0.326667 0.149123
vt 0.326667 0.165263
vt 0.326667 0.181404
vt 0.326667 0.197544
vt 0.326667 0.213684
vt 0.326667 0.229825
vt 0.326667 0.245965
vt 0.326667 0.262105
vt 0.326667 0.278246
vt 0.326667 0.294386
vt 0.326667 0.310526
vt 0.326667 0.326667
f 1/1/1 2/2/2 21/21/21
f 2/2/2 22/22/22 21/21/21
f 2/2/2 3/3/3 22/22/22
f 3/3/3 23/23/23 22/22/22
f 3/3/3 4/4/4 23/23/23
f 4/4/4 24/24/24 23/23/23
f 4/4/4 5/5/5 24/24/24
f 5/5/5 25/25/25 24/24/24
f 5/5/5 6/6/6 25/25/25
f 6/6/6 26/26/26 25/25/25
f 6/6/6 7/7/7 26/26/26
f 7/7/7 27/27/27 26/26/26
f 7/7/7 8/8/8 27/27/27
f 8/8/8 28/28/28 27/27/27
f 8/8/8 9/9/9 28/28/28
f 9/9/9 29/29/29 28/28/28
f 9/9/9 10/10/10 29/29/29
f 10/10/10 30/30/30 29/29/29
f 10/10/10 11/11/11 30/30/30
f 11/11/11 31/31/31 30/30/30
f 11/11/11 12/12/12 31/31/31
f 12/12/12 32/32/32 31/31/31
f 12/12/12 13/13/13 32/32/32
f 13/13/13 33/33/33 32/32/32
f 13/13/13 14/14/14 33/33/33
f 14/14/14 34/34/34 33/33/33
f 14/14/14 15/15/15 34/34/34
f 15/15/15 35/35/35 34/34/34
f 15/15/15 16/16/16 35/35/35
f 16/16/16 36/36/36 35/35/35
f 16/16/16 17/17/17 36/36/36
f 17/17/17 37/37/37 36/36/36
f 17/17/17 18/18/18 37/37/37
f 18/18/18 38/38/38 37/37/37
f 18/18/18 19/19/19 38/38/38
f 19/19/19 39/39/39 38/38/38
f 19/19/19 20/20/20 39/39/39
f 20/20/20 40/40/40 39/39/39
f 21/21/21 22/22/22 41/41/41
f 22/22/22 42/42/42 41/41/41
f 22/22/22 23/23/23 42/42/42
f 23/23/23 43/43/43 42/42/42
f 23/23/23 24/24/24 43/43/43
f 24/24/24 44/44/44 43/43/43
f 24/24/24 25/25/25 44/44/44
f 25/25/25 45/45/45 44/44/44
f 25/25/25 26/26/26 45/45/45
f 26/26/26 46/46/46 45/45/45
f 26/26/26 27/27/27 46/46/46
f 27/27/27 47/47/47 46/46/46
f 27/27/27 28/28/28 47/47/47
f 28/28/28 48/48/48 47/47/47
f 28/28/28 29/29/29 48/48/48
f 29/29/29 49/49/49 48/48/48
f 29/29/29 30/30/30 49/49/49
f 30/30/30 50/50/50 49/49/49
f 30/30/30 31/31/31 50/50/50
f 31/31/31 51/51/51 50/50/50
f 31/31/31 32/32/32 51/51/51
f 32/32/32 52/52/52 51/51/51
f 32/32/32 33/33/33 52/52/52
f 33/33/33 53/53/53 52/52/52
f 33/33/33 34/34/34 53/53/53
f 34/34/34 54/54/54 53/53/53
f 34/34/34 35/35/35 54/54/54
f 35/35/35 55/55/55 54/54/54
f 35/35/35 36/36/36 55/55/55
f 36/36/36 56/56/56 55/55/55
f 36/36/36 37/37/37 56/56/56
f 37/37/37 57/57/57 56/56/56
f 37/37/37 38/38/38 57/57/57
f 38/38/38 58/58/58 57/57/57
f 38/38/38 39/39/39 58/58/58
f 39/39/39 59/59/59 58/58/58
f 39/39/39 40/40/40 59/59/59
f 40/40/40 60/60/60 59/59/59
f 41/41/41 42/42/42 61/61/61
f 42/42/42 62/62/62 61/61/61
f 42/42/42 43/43/43 62/62/62
f 43/43/43 63/63/63 62/62/62
f 43/43/43 44/44/44 63/63/63
f 44/44/44 64/64/64 63/63/63
f 44/44/44 45/45/45 64/64/64
f 45/45/45 65/65/65 64/64/64
f 45/45/45 46/46/46 65/65/65
f 46/46/46 66/66/66 65/65/65
f 46/46/46 47/47/47 66/66/66
f 47/47/47 67/67/67 66/66/66
f 47/47/47 48/48/48 67/67/67
f 48/48/48 68/68/68 67/67/67
f 48/48/48 49/49/49 68/68/68
f 49/49/49 69/69/69 68/68/68
f 49/49/49 50/50/50 69/69/69
f 50/50/50 70/70/70 69/69/69
f 50/50/50 51/51/51 70/70/70
f 51/51/51 71/71/71 70/70/70
f 51/51/51 52/52/52 71/71/71
f 52/52/52 72/72/72 71/71/71
f 52/52/52 53/53/53 72/72/72
f 53/53/53 73/73/73 72/72/72
f 53/53/53 54/54/54 73/73/73
f 54/54/54 74/74/74 73/73/73
f 54/54/54 55/55/55 74/74/74
f 55/55/55 75/75/75 74/74/74
f 55/55/55 56/56/56 75/75/75
f 56/56/56 76/76/76 75/75/75
f 56/56/56 57/57/57 76/76/76
f 57/57/57 77/77/77 76/76/76
f 57/57/57 58/58/58 77/77/77
f 58/58/58 78/78/78 77/77/77
f 58/58/58 59/59/59 78/78/78
f 59/59/59 79/79/79 78/78/78
f 59/59/59 60/60/60 79/79/79
f 60/60/60 80/80/80 79/79/79
f 61/61/61 62/62/62 81/81/81
f 62/62/62 82/82/82 81/81/81
f 62/62/62 63/63/63 82/82/82
f 63/63/63 83/83/83 82/82/82
f 63/63/63 64/64/64 83/83/83
f 64/64/64 84/84/84 83/83/83
f 64/64/64 65/65/65 84/84/84
f 65/65/65 85/85/85 84/84/84
f 65/65/65 66/66/66 85/85/85
f 66/66/66 86/86/86 85/85/85
f 66/66/66 67/67/67 86/86/86
f 67/67/67 87/87/87 86/86/86
f 67/67/67 68/68/68 87/87/87
f 68/68/68 88/88/88 87/87/87
f 68/68/68 69/69/69 88/88/88
f 69/69/69 89/89/89 88/88/88
f 69/69/69 70/70/70 89/89/89
f 70/70/70 90/90/90 89/89/89
f 70/70/70 71/71/71 90/90/90
f 71/71/71 91/91/91 90/90/90
f 71/71/71 72/72/72 91/91/91
f 72/72/72 92/92/92 91/91/91
f 72/72/72 73/73/73 92/92/92
f 73/73/73 93/93/93 92/92/92
f 73/73/73 74/74/74 93/93/93
f 74/74/74 94/94/94 93/93/93
f 74/74/74 75/75/75 94/94/94
f 75/75/75 95/95/95 94/94/94
f 75/75/75 76/76/76 95/95/95
f 76/76/76 96/96/96 95/95/95
f 76/76/76 77/77/77 96/96/96
f 77/77/77 97/97/97 96/96/96
f 77/77/77 78/78/78 97/97/97
f 78/78/78 98/98/98 97/97/97
f 78/78/78 79/79/79 98/98/98
f 79/79/79 99/99/99 98/98/98
f 79/79/79 80/80/80 99/99/99
f 80/80/80 100/100/100 99/99/99
f 81/81/81 82/82/82 101/101/101
f 82/82/82 102/102/102 101/101/101
f 82/82/82 83/83/83 102/102/102
f 83/83/83 103/103/103 102/102/102
f 83/83/83 84/84/84 103/103/103
f 84/84/84 104/104/104 103/103/103
f 84/84/84 85/85/85 104/104/104
f 85/85/85 105/105/105 104/104/104
f 85/85/85 86/86/86 105/105/105
f 86/86/86 106/106/106 105/105/105
f 86/86/86 87/87/87 106/106/106
f 87/87/87 107/107/107 106/106/106
f 87/87/87 88/88/88 107/107/107
f 88/88/88 108/108/108 107/107/107
f 88/88/88 89/89/89 108/108/108
f 89/89/89 109/109/109 108/108/108
f 89/89/89 90/90/90 109/109/109
f 90/90/90 110/110/110 109/109/109
f 90/90/90 91/91/91 110/110/110
f 91/91/91 111/111/111 110/110/110
f 91/91/91 92/92/92 111/111/111
f 92/92/92 112/112/112 111/111/111
f 92/92/92 93/93/93 112/112/112
f 93/93/93 113/113/113 112/112/112
f 93/93/93 94/94/94 113/113/113
f 94/94/94 114/114/114 113/113/113
f 94/94/94 95/95/95 114/114/114
f 95/95/95 115/115/115 114/114/114
f 95/95/95 96/96/96 115/115/115
f 96/96/96 116/116/116 115/115/115
f 96/96/96 97/97/97 116/116/116
f 97/97/97 117/117/117 116/116/116
f 97/97/97 98/98/98 117/117/117
f 98/98/98 118/118/118 117/117/117
f 98/98/98 99/99/99 118/118/118
f 99/99/99 119/119/119 118/118/118
f 99/99/99 100/100/100 119/119/119
f 100/100/100 120/120/120 119/119/119
f 101/101/101 102/102/102 121/121/121
f 102/102/102 122/122/122 121/121/121
f 102/102/102 103/103/103 122/122/122
f 103/103/103 123/123/123 122/122/122
f 103/103/103 104/104/104 123/123/123
f 104/104/104 124/124/124 123/123/123
f 104/104/104 105/105/105 124/124/124
f 105/105/105 125/125/125 124/124/124
f 105/105/105 106/106/106 125/125/125
f 106/106/106 126/126/126 125/125/125
f 106/106/106 107/107/107 126/126/126
f 107/107/107 127/127/127 126/126/126
f 107/107/107 108/108/108 127/127/127
f 108/108/108 128/128/128 127/127/127
f 108/108/108 109/109/109 128/128/128
f 109/109/109 129/129/129 128/128/128
f 109/109/109 110/110/110 129/129/129
f 110/110/110 130/130/130 129/129/129
f 110/110/110 111/111/111 130/130/130
f 111/111/111 131/131/131 130/130/130
f 111/111/111 112/112/112 131/131/131
f 112/112/112 132/132/132 131/131/131
f 112/112/112 113/113/113 132/132/132
f 113/113/113 133/133/133 132/132/132
f 113/113/113 114/114/114 133/133/133
f 114/114/114 134/134/134 133/133/133
f 114/114/114 115/115/115 134/134/134
f 115/115/115 135/135/135 134/134/134
f 115/115/115 116/116/116 135/135/135
f 116/116/116 136/136/136 135/135/135
f 116/116/116 117/117/117 136/136/136
f 117/117/117 137/137/137 136/136/136
f 117/117/117 118/118/118 137/137/137
f 118/118/118 138/138/138 137/137/137
f 118/118/118 119/119/119 138/138/138
f 119/119/119 139/139/139 138/138/138
f 119/119/119 120/120/120 139/139/139
f 120/120/120 140/140/140 139/139/139
f 121/121/121 122/122/122 141/141/141
f 122/122/122 142/142/142 141/141/141
f 122/122/122 123/123/123 142/142/142
f 123/123/123 143/143/143 142/142/142
f 123/123/123 124/124/124 143/143/143
f 124/124/124 144/144/144 143/143/143
f 124/124/124 125/125/125 144/144/144
f 125/125/125 145/145/145 144/144/144
f 125/125/125 126/126/126 145/145/145
f 126/126/126 146/146/146 145/145/145
f 126/126/126 127/127/127 146/146/146
f 127/127/127 147/147/147 146/146/146
f 127/127/127 128/128/128 147/147/147
f 128/128/128 148/148/148 147/147/147
f 128/128/128 129/129/129 148/148/148
f 129/129/129 149/149/149 148/148/148
f 129/129/129 130/130/130 149/149/149
f 130/130/130 150/150/150 149/149/149
f 130/130/130 131/131/131 150/150/150
f 131/131/131 151/151/151 150/150/150
f 131/131/131 132/132/132 151/151/151
f 132/132/132 152/152/152 151/151/151
f 132/132/132 133/133/133 152/152/152
f 133/133/133 153/153/153 152/152/152
f 133/133/133 134/134/134 153/153/153
f 134/134/134 154/154/154 153/153/153
f 134/134/134 135/135/135 154/154/154
f 135/135/135 155/155/155 154/154/154
f 135/135/135 136/136/136 155/155/155
f 136/136/136 156/156/156 155/155/155
f 136/136/136 137/137/137 156/156/156
f 137/137/137 157/157/157 156/156/156
f 137/137/137 138/138/138 157/157/157
f 138/138/138 158/158/158 157/157/157
f 138/138/138 139/139/139 158/158/158
f 139/139/139 159/159/159 158/158/158
f 139/139/139 140/140/140 159/159/159
f 140/140/140 160/160/160 159/159/159
f 141/141/141 142/142/142 161/161/161
f 142/142/142 162/162/162 161/161/161
f 142/142/142 143/143/143 162/162/162
f 143/143/143 163/163/163 162/162/162
f 143/143/143 144/144/144 163/163/163
f 144/144/144 164/164/164 163/163/163
f 144/144/144 145/145/145 164/164/164
f 145/145/145 165/165/165 164/164/164
f 145/145/145 146/146/146 165/165/165
f 146/146/146 166/166/166 165/165/165
f 146/146/146 147/147/147 166/166/166
f 147/147/147 167/167/167 166/166/166
f 147/147/147 148/148/148 167/167/167
f 148/148/148 168/168/168 167/167/167
f 148/148/148 149/149/149 168/168/168
f 149/149/149 169/169/169 168/168/168
f 149/149/149 150/150/150 169/169/169
f 150/150/150 170/170/170 169/169/169
f 150/150/150 151/151/151 170/170/170
f 151/151/151 171/171/171 170/170/170
f 151/151/151 152/152/152 171/171/171
f 152/152/152 172/172/172 171/171/171
f 152/152/152 153/153/153 172/172/172
f 153/153/153 173/173/173 172/172/172
f 153/153/153 154/154/154 173/173/173
f 154/154/154 174/174/174 173/173/173
f 154/154/154 155/155/155 174/174/174
f 155/155/155 175/175/175 174/174/174
f 155/155/155 156/156/156 175/175/175
f 156/156/156 176/176/176 175/175/175
f 156/156/156 157/157/157 176/176/176
f 157/157/157 177/177/177 176/176/176
f 157/157/157 158/158/158 177/177/177
f 158/158/158 178/178/178 177/177/177
f 158/158/158 159/159/159 178/178/178
f 159/159/159 179/179/179 178/178/178
f 159/159/159 160/160/160 179/179/179
f 160/160/160 180/180/180 179/179/179
f 161/161/161 162/162/162 181/181/181
f 162/162/162 182/182/182 181/181/181
f 162/162/162 163/163/163 182/182/182
f 163/163/163 183/183/183 182/182/182
f 163/163/163 164/164/164 183/183/183
f 164/164/164 184/184/184 183/183/183
f 164/164/164 165/165/165 184/184/184
f 165/165/165 185/185/185 184/184/184
f 165/165/165 166/166/166 185/185/185
f 166/166/166 186/186/186 185/185/185
f 166/166/166 167/167/167 186/186/186
f 167/167/167 187/187/187 186/186/186
f 167/167/167 168/168/168 187/187/187
f 168/168/168 188/188/188 187/187/187
f 168/168/168 169/169/169 188/188/188
f 169/169/169 189/189/189 188/188/188
f 169/169/169 170/170/170 189/189/189
f 170/170/170 190/190/190 189/189/189
f 170/170/170 171/171/171 190/190/190
f 171/171/171 191/191/191 190/190/190
f 171/171/171 172/172/172 191/191/191
f 172/172/172 192/192/192 191/191/191
f 172/172/172 173/173/173 192/192/192
f 173/173/173 193/193/193 192/192/192
f 173/173/173 174/174/174 193/193/193
f 174/174/174 194/194/194 193/193/193
f 174/174/174 175/175/175 194/194/194
f 175/175/175 195/195/195 194/194/194
f 175/175/175 176/176/176 195/195/195
f 176/176/176 196/196/196 195/195/195
f 176/176/176 177/177/177 196/196/196
f 177/177/177 197/197/197 196/196/196
f 177/177/177 178/178/178 197/197/197
f 178/178/178 198/198/198 197/197/197
f 178/178/178 179/179/179 198/198/198
f 179/179/179 199/199/199 198/198/198
f 179/179/179 180/180/180 199/199/199
f 180/180/180 200/200/200 199/199/199
f 181/181/181 182/182/182 201/201/201
f 182/182/182 202/202/202 201/201/201
f 182/182/182 183/183/183 202/202/202
f 183/183/183 203/203/203 202/202/202
f 183/183/183 184/184/184 203/203/203
f 184/184/184 204/204/204 203/203/203
f 184/184/184 185/185/185 204/204/204
f 185/185/185 205/205/205 204/204/204
f 185/185/185 186/186/186 205/205/205
f 186/186/186 206/206/206 205/205/205
f 186/186/186 187/187/187 206/206/206
f 187/187/187 207/207/207 206/206/206
f 187/187/187 188/188/188 207/207/207
f 188/188/188 208/208/208 207/207/207
f 188/188/188 189/189/189 208/208/208
f 189/189/189 209/209/209 208/208/208
f 189/189/189 190/190/190 209/209/209
f 190/190/190 210/210/210 209/209/209
f 190/190/190 191/191/191 210/210/210
f 191/191/191 211/211/211 210/210/210
f 191/191/191 192/192/192 211/211/211
f 192/192/192 212/212/212 211/211/211
f 192/192/192 193/193/193 212/212/212
f 193/193/193 213/213/213 212/212/212
f 193/193/193 194/194/194 213/213/213
f 194/194/194 214/214/214 213/213/213
f 194/194/194 195/195/195 214/214/214
f 195/195/195 215/215/215 214/214/214
f 195/195/195 196/196/196 215/215/215
f 196/196/196 216/216/216 215/215/215
f 196/196/196 197/197/197 216/216/216
f 197/197/197 217/217/217 216/216/216
f 197/197/197 198/198/198 217/217/217
f 198/198/198 218/218/218 217/217/217
f 198/198/198 199/199/199 218/218/218
f 199/199/199 219/219/219 218/218/218
f 199/199/199 200/200/200 219/219/219
f 200/200/200 220/220/220 219/219/219
f 201/201/201 202/202/202 221/221/221
f 202/202/202 222/222/222 221/221/221
f 202/202/202 203/203/203 222/222/222
f 203/203/203 223/223/223 222/222/222
f 203/203/203 204/204/204 223/223/223
f 204/204/204 224/224/224 223/223/223
f 204/204/204 205/205/205 224/224/224
f 205/205/205 225/225/225 224/224/224
f 205/205/205 206/206/206 225/225/225
f 206/206/206 226/226/226 225/225/225
f 206/206/206 207/207/207 226/226/226
f 207/207/207 227/227/227 226/226/226
f 207/207/207 208/208/208 227/227/227
f 208/208/208 228/228/228 227/227/227
f 208/208/208 209/209/209 228/228/228
f 209/209/209 229/229/229 228/228/228
f 209/209/209 210/210/210 229/229/229
f 210/210/210 230/230/230 229/229/229
f 210/210/210 211/211/211 230/230/230
f 211/211/211 231/231/231 230/230/230
f 211/211/211 212/212/212 231/231/231
f 212/212/212 232/232/232 231/231/231
f 212/212/212 213/213/213 232/232/232
f 213/213/213 233/233/233 232/232/232
f 213/213/213 214/214/214 233/233/233
f 214/214/214 234/234/234 233/233/233
f 214/214/214 215/215/215 234/234/234
f 215/215/215 235/235/235 234/234/234
f 215/215/215 216/216/216 235/235/235
f 216/216/216 236/236/236 235/235/235
f 216/216/216 217/217/217 236/236/236
f 217/217/217 237/237/237 236/236/236
f 217/217/217 218/218/218 237/237/237
f 218/218/218 238/238/238 237/237/237
f 218/218/218 219/219/219 238/238/238
f 219/219/219 239/239/239 238/238/238
f 219/219/219 220/220/220 239/239/239
f 220/220/220 240/240/240 239/239/239
f 221/221/221 222/222/222 241/241/241
f 222/222/222 242/242/242 241/241/241
f 222/222/222 223/223/223 242/242/242
f 223/223/223 243/243/243 242/242/242
f 223/223/223 224/224/224 243/243/243
f 224/224/224 244/244/244 243/243/243
f 224/224/224 225/225/225 244/244/244
f 225/225/225 245/245/245 244/244/244
f 225/225/225 226/226/226 245/245/245
f 226/226/226 246/246/246 245/245/245
f 226/226/226 227/227/227 246/246/246
f 227/227/227 247/247/247 246/246/246
f 227/227/227 228/228/228 247/247/247
f 228/228/228 248/248/248 247/247/247
f 228/228/228 229/229/229 248/248/248
f 229/229/229 249/249/249 248/248/248
f 229/229/229 230/230/230 249/249/249
f 230/230/230 250/250/250 249/249/249
f 230/230/230 231/231/231 250/250/250
f 231/231/231 251/251/251 250/250/250
f 231/231/231 232/232/232 251/251/251
f 232/232/232 252/252/252 251/251/251
f 232/232/232 233/233/233 252/252/252
f 233/233/233 253/253/253 252/252/252
f 233/233/233 234/234/234 253/253/253
f 234/234/234 254/254/254 253/253/253
f 234/234/234 235/235/235 254/254/254
f 235/235/235 255/255/255 254/254/254
f 235/235/235 236/236/236 255/255/255
f 236/236/236 256/256/256 255/255/255
f 236/236/236 237/237/237 256/256/256
f 237/237/237 257/257/257 256/256/256
f 237/237/237 238/238/238 257/257/257
f 238/238/238 258/258/258 257/257/257
f 238/238/238 239/239/239 258/258/258
f 239/239/239 259/259/259 258/258/258
f 239/239/239 240/240/240 259/259/259
f 240/240/240 260/260/260 259/259/259
f 241/241/241 242/242/242 261/261/261
f 242/242/242 262/262/262 261/261/261
f 242/242/242 243/243/243 262/262/262
f 243/243/243 263/263/263 262/262/262
f 243/243/243 244/244/244 263/263/263
f 244/244/244 264/264/264 263/263/263
f 244/244/244 245/245/245 264/264/264
f 245/245/245 265/265/265 264/264/264
f 245/245/245 246/246/246 265/265/265
f 246/246/246 266/266/266 265/265/265
f 246/246/246 247/247/247 266/266/266
f 247/247/247 267/267/267 266/266/266
f 247/247/247 248/248/248 267/267/267
f 248/248/248 268/268/268 267/267/267
f 248/248/248 249/249/249 268/268/268
f 249/249/249 269/269/269 268/268/268
f 249/249/249 250/250/250 269/269/269
f 250/250/250 270/270/270 269/269/269
f 250/250/250 251/251/251 270/270/270
f 251/251/251 271/271/271 270/270/270
f 251/251/251 252/252/252 271/271/271
f 252/252/252 272/272/272 271/271/271
f 252/252/252 253/253/253 272/272/272
f 253/253/253 273/273/273 272/272/272
f 253/253/253 254/254/254 273/273/273
f 254/254/254 274/274/274 273/273/273
f 254/254/254 255/255/255 274/274/274
f 255/255/255 275/275/275 274/274/274
f 255/255/255 256/256/256 275/275/275
f 256/256/256 276/276/276 275/275/275
f 256/256/256 257/257/257 276/276/276
f 257/257/257 277/277/277 276/276/276
f 257/257/257 258/258/258 277/277/277
f 258/258/258 278/278/278 277/277/277
f 258/258/258 259/259/259 278/278/278
f 259/259/259 279/279/279 278/278/278
f 259/259/259 260/260/260 279/279/279
f 260/260/260 280/280/280 279/279/279
f 261/261/261 262/262/262 281/281/281
f 262/262/262 282/282/282 281/281/281
f 262/262/262 263/263/263 282/282/282
f 263/263/263 283/283/283 282/282/282
f 263/263/263 264/264/264 283/283/283
f 264/264/264 284/284/284 283/283/283
f 264/264/264 265/265/265 284/284/284
f 265/265/265 285/285/285 284/284/284
f 265/265/265 266/266/266 285/285/285
f 266/266/266 286/286/286 285/285/285
f 266/266/266 267/267/267 286/286/286
f 267/267/267 287/287/287 286/286/286
f 267/267/267 268/268/268 287/287/287
f 268/268/268 288/288/288 287/287/287
f 268/268/268 269/269/269 288/288/288
f 269/269/269 289/289/289 288/288/288
f 269/269/269 270/270/270 289/289/289
f 270/270/270 290/290/290 289/289/289
f 270/270/270 271/271/271 290/290/290
f 271/271/271 291/291/291 290/290/290
f 271/271/271 272/272/272 291/291/291
f 272/272/272 292/292/292 291/291/291
f 272/272/272 273/273/273 292/292/292
f 273/273/273 293/293/293 292/292/292
f 273/273/273 274/274/274 293/293/293
f 274/274/274 294/294/294 293/293/293
f 274/274/274 275/275/275 294/294/294
f 275/275/275 295/295/295 294/294/294
f 275/275/275 276/276/276 295/295/295
f 276/276/276 296/296/296 295/295/295
f 276/276/276 277/277/277 296/296/296
f 277/277/277 297/297/297 296/296/296
f 277/277/277 278/278/278 297/297/297
f 278/278/278 298/298/298 297/297/297
f 278/278/278 279/279/279 298/298/298
f 279/279/279 299/299/299 298/298/298
f 279/279/279 280/280/280 299/299/299
f 280/280/280 300/300/300 299/299/299
f 281/281/281 282/282/282 301/301/301
f 282/282/282 302/302/302 301/301/301
f 282/282/282 283/283/283 302/302/302
f 283/283/283 303/303/303 302/302/302
f 283/283/283 284/284/284 303/303/303
f 284/284/284 304/304/304 303/303/303
f 284/284/284 285/285/285 304/304/304
f 285/285/285 305/305/305 304/304/304
f 285/285/285 286/286/286 305/305/305
f 286/286/286 306/306/306 305/305/305
f 286/286/286 287/287/287 306/306/306
f 287/287/287 307/307/307 306/306/306
f 287/287/287 288/288/288 307/307/307
f 288/288/288 308/308/308 307/307/307
f 288/288/288 289/289/289 308/308/308
f 289/289/289 309/309/309 308/308/308
f 289/289/289 290/290/290 309/309/309
f 290/290/290 310/310/310 309/309/309
f 290/290/290 291/291/291 310/310/310
f 291/291/291 311/311/311 310/310/310
f 291/291/291 292/292/292 311/311/311
f 292/292/292 312/312/312 311/311/311
f 292/292/292 293/293/293 312/312/312
f 293/293/293 313/313/313 312/312/312
f 293/293/293 294/294/294 313/313/313
f 294/294/294 314/314/314 313/313/313
f 294/294/294 295/295/295 314/314/314
f 295/295/295 315/315/315 314/314/314
f 295/295/295 296/296/296 315/315/315
f 296/296/296 316/316/316 315/315/315
f 296/296/296 297/297/297 316/316/316
f 297/297/297 317/317/317 316/316/316
f 297/297/297 298/298/298 317/317/317
f 298/298/298 318/318/318 317/317/317
f 298/298/298 299/299/299 318/318/318
f 299/299/299 319/319/319 318/318/318
f 299/299/299 300/300/300 319/319/319
f 300/300/300 320/320/320 319/319/319
f 301/301/301 302/302/302 321/321/321
f 302/302/302 322/322/322 321/321/321
f 302/302/302 303/303/303 322/322/322
f 303/303/303 323/323/323 322/322/322
f 303/303/303 304/304/304 323/323/323
f 304/304/304 324/324/324 323/323/323
f 304/304/304 305/305/305 324/324/324
f 305/305/305 325/325/325 324/324/324
f 305/305/305 306/306/306 325/325/325
f 306/306/306 326/326/326 325/325/325
f 306/306/306 307/307/307 326/326/326
f 307/307/307 327/327/327 326/326/326
f 307/307/307 308/308/308 327/327/327
f 308/308/308 328/328/328 327/327/327
f 308/308/308 309/309/309 328/328/328
f 309/309/309 329/329/329 328/328/328
f 309/309/309 310/310/310 329/329/329
f 310/310/310 330/330/330 329/329/329
f 310/310/310 311/311/311 330/330/330
f 311/311/311 331/331/331 330/330/330
f 311/311/311 312/312/312 331/331/331
f 312/312/312 332/332/332 331/331/331
f 312/312/312 313/313/313 332/332/332
f 313/313/313 333/333/333 332/332/332
f 313/313/313 314/314/314 333/333/333
f 314/314/314 334/334/334 333/333/333
f 314/314/314 315/315/315 334/334/334
f 315/315/315 335/335/335 334/334/334
f 315/315/315 316/316/316 335/335/335
f 316/316/316 336/336/336 335/335/335
f 316/316/316 317/317/317 336/336/336
f 317/317/317 337/337/337 336/336/336
f 317/317/317 318/318/318 337/337/337
f 318/318/318 338/338/338 337/337/337
f 318/318/318 319/319/319 338/338/338
f 319/319/319 339/339/339 338/338/338
f 319/319/319 320/320/320 339/339/339
f 320/320/320 340/340/340 339/339/339
f 321/321/321 322/322/322 341/341/341
f 322/322/322 342/342/342 341/341/341
f 322/322/322 323/323/323 342/342/342
f 323/323/323 343/343/343 342/342/342
f 323/323/323 324/324/324 343/343/343
f 324/324/324 344/344/344 343/343/343
f 324/324/324 325/325/325 344/344/344
f 325/325/325 345/345/345 344/344/344
f 325/325/325 326/326/326 345/345/345
f 326/326/326 346/346/346 345/345/345
f 326/326/326 327/327/327 346/346/346
f 327/327/327 347/347/347 346/346/346
f 327/327/327 328/328/328 347/347/347
f 328/328/328 348/348/348 347/347/347
f 328/328/328 329/329/329 348/348/348
f 329/329/329 349/349/349 348/348/348
f 329/329/329 330/330/330 349/349/349
f 330/330/330 350/350/350 349/349/349
f 330/330/330 331/331/331 350/350/350
f 331/331/331 351/351/351 350/350/350
f 331/331/331 332/332/332 351/351/351
f 332/332/332 352/352/352 351/351/351
f 332/332/332 333/333/333 352/352/352
f 333/333/333 353/353/353 352/352/352
f 333/333/333 334/334/334 353/353/353
f 334/334/334 354/354/354 353/353/353
f 334/334/334 335/335/335 354/354/354
f 335/335/335 355/355/355 354/354/354
f 335/335/335 336/336/336 355/355/355
f 336/336/336 356/356/356 355/355/355
f 336/336/336 337/337/337 356/356/356
f 337/337/337 357/357/357 356/356/356
f 337/337/337 338/338/338 357/357/357
f 338/338/338 358/358/358 357/357/357
f 338/338/338 339/339/339 358/358/358
f 339/339/339 359/359/359 358/358/358
f 339/339/339 340/340/340 359/359/359
f 340/340/340 360/360/360 359/359/359
f 341/341/341 342/342/342 361/361/361
f 342/342/342 362/362/362 361/361/361
f 342/342/342 343/343/343 362/362/362
f 343/343/343 363/363/363 362/362/362
f 343/343/343 344/344/344 363/363/363
f 344/344/344 364/364/364 363/363/363
f 344/344/344 345/345/345 364/364/364
f 345/345/345 365/365/365 364/364/364
f 345/345/345 346/346/346 365/365/365
f 346/346/346 366/366/366 365/365/365
f 346/346/346 347/347/347 366/366/366
f 347/347/347 367/367/367 366/366/366
f 347/347/347 348/348/348 367/367/367
f 348/348/348 368/368/368 367/367/367
f 348/348/348 349/349/349 368/368/368
f 349/349/349 369/369/369 368/368/368
f 349/349/349 350/350/350 369/369/369
f 350/350/350 370/370/370 369/369/369
f 350/350/350 351/351/351 370/370/370
f 351/351/351 371/371/371 370/370/370
f 351/351/351 352/352/352 371/371/371
f 352/352/352 372/372/372 371/371/371
f 352/352/352 353/353/353 372/372/372
f 353/353/353 373/373/373 372/372/372
f 353/353/353 354/354/354 373/373/373
f 354/354/354 374/374/374 373/373/373
f 354/354/354 355/355/355 374/374/374
f 355/355/355 375/375/375 374/374/374
f 355/355/355 356/356/356 375/375/375
f 356/356/356 376/376/376 375/375/375
f 356/356/356 357/357/357 376/376/376
f 357/357/357 377/377/377 376/376/376
f 357/357/357 358/358/358 377/377/377
f 358/358/358 378/378/378 377/377/377
f 358/358/358 359/359/359 378/378/378
f 359/359/359 379/379/379 378/378/378
f 359/359/359 360/360/360 379/379/379
f 360/360/360 380/380/380 379/379/379
f 361/361/361 362/362/362 381/381/381
f 362/362/362 382/382/382 381/381/381
f 362/362/362 363/363/363 382/382/382
f 363/363/363 383/383/383 382/382/382
f 363/363/363 364/364/364 383/383/383
f 364/364/364 384/384/384 383/383/383
f 364/364/364 365/365/365 384/384/384
f 365/365/365 385/385/385 384/384/384
f 365/365/365 366/366/366 385/385/385
f 366/366/366 386/386/386 385/385/385
f 366/366/366 367/367/367 386/386/386
f 367/367/367 387/387/387 386/386/386
f 367/367/367 368/368/368 387/387/387
f 368/368/368 388/388/388 387/387/387
f 368/368/368 369/369/369 388/388/388
f 369/369/369 389/389/389 388/388/388
f 369/369/369 370/370/370 389/389/389
f 370/370/370 390/390/390 389/389/389
f 370/370/370 371/371/371 390/390/390
f 371/371/371 391/391/391 390/390/390
f 371/371/371 372/372/372 391/391/391
f 372/372/372 392/392/392 391/391/391
f 372/372/372 373/373/373 392/392/392
f 373/373/373 393/393/393 392/392/392
f 373/373/373 374/374/374 393/393/393
f 374/374/374 394/394/394 393/393/393
f 374/374/374 375/375/375 394/394/394
f 375/375/375 395/395/395 394/394/394
f 375/375/375 376/376/376 395/395/395
f 376/376/376 396/396/396 395/395/395
f 376/376/376 377/377/377 396/396/396
f 377/377/377 397/397/397 396/396/396
f 377/377/377 378/378/378 397/397/397
f 378/378/378 398/398/398 397/397/397
f 378/378/378 379/379/379 398/398/398
f 379/379/379 399/399/399 398/398/398
f 379/379/379 380/380/380 399/399/399
f 380/380/380 400/400/400 399/399/399

# Patch: cup_right_triangle
o cup_right_triangle
usemtl bikini_b4712973_material
v 0.074179 1.330583 0.096968
v 0.074718 1.330583 0.097341
v 0.075347 1.330583 0.097686
v 0.076058 1.330583 0.097997
v 0.076843 1.330583 0.098271
v 0.077691 1.330583 0.098505
v 0.078592 1.330583 0.098696
v 0.079535 1.330583 0.098841
v 0.080509 1.330583 0.098939
v 0.081501 1.330583 0.098988
v 0.082499 1.330583 0.098988
v 0.083491 1.330583 0.098939
v 0.084465 1.330583 0.098841
v 0.085408 1.330583 0.098696
v 0.086309 1.330583 0.098505
v 0.087157 1.330583 0.098271
v 0.087942 1.330583 0.097997
v 0.088653 1.330583 0.097686
v 0.089282 1.330583 0.097341
v 0.089821 1.330583 0.096968
v 0.067276 1.329839 0.099123
v 0.068342 1.329839 0.099794
v 0.069562 1.329839 0.100410
v 0.070922 1.329839 0.100965
v 0.072406 1.329839 0.101453
v 0.073999 1.329839 0.101869
v 0.075681 1.329839 0.102207
v 0.077435 1.329839 0.102464
v 0.079240 1.329839 0.102637
v 0.081077 1.329839 0.102724
v 0.082923 1.329839 0.102724
v 0.084760 1.329839 0.102637
v 0.086565 1.329839 0.102464
v 0.088319 1.329839 0.102207
v 0.090001 1.329839 0.101869
v 0.091594 1.329839 0.101453
v 0.093078 1.329839 0.100965
v 0.094438 1.329839 0.100410
v 0.095658 1.329839 0.099794
v 0.096724 1.329839 0.099123
v 0.060983 1.328627 0.101520
v 0.062573 1.328627 0.102430
v 0.064361 1.328627 0.103264
v 0.066330 1.328627 0.104014
v 0.068459 1.328627 0.104672
v 0.070727 1.328627 0.105230
v 0.073110 1.328627 0.105684
v 0.075584 1.328627 0.106029
v 0.078124 1.328627 0.106260
v 0.080704 1.328627 0.106377
v 0.083296 1.328627 0.106377
v 0.085876 1.328627 0.106260
v 0.088416 1.328627 0.106029
v 0.090890 1.328627 0.105684
v 0.093273 1.328627 0.105230
v 0.095541 1.328627 0.104672
v 0.097670 1.328627 0.104014
v 0.099639 1.328627 0.103264
v 0.101427 1.328627 0.102430
v 0.103017 1.328627 0.101520
v 0.055401 1.326960 0.104109
v 0.057493 1.326960 0.105203
v 0.059812 1.326960 0.106202
v 0.062337 1.326960 0.107098
v 0.065044 1.326960 0.107882
v 0.067908 1.326960 0.108546
v 0.070902 1.326960 0.109086
v 0.073998 1.326960 0.109494
v 0.077169 1.326960 0.109769
v 0.080385 1.326960 0.109907
v 0.083615 1.326960 0.109907
v 0.086831 1.326960 0.109769
v 0.090002 1.326960 0.109494
v 0.093098 1.326960 0.109086
v 0.096092 1.326960 0.108546
v 0.098956 1.326960 0.107882
v 0.101663 1.326960 0.107098
v 0.104188 1.326960 0.106202
v 0.106507 1.326960 0.105203
v 0.108599 1.326960 0.104109
v 0.050612 1.324854 0.106837
v 0.053170 1.324854 0.108059
v 0.055969 1.324854 0.109173
v 0.058984 1.324854 0.110169
v 0.062191 1.324854 0.111038
v 0.065562 1.324854 0.111774
v 0.069071 1.324854 0.112370
v 0.072687 1.324854 0.112821
v 0.076381 1.324854 0.113124
v 0.080122 1.324854 0.113276
v 0.083878 1.324854 0.113276
v 0.087619 1.324854 0.113124
v 0.091313 1.324854 0.112821
v 0.094929 1.324854 0.112370
v 0.098438 1.324854 0.111774
v 0.101809 1.324854 0.111038
v 0.105016 1.324854 0.110169
v 0.108031 1.324854 0.109173
v 0.110830 1.324854 0.108059
v 0.113388 1.324854 0.106837
v 0.046681 1.322334 0.109645
v 0.049654 1.322334 0.110944
v 0.052867 1.322334 0.112124
v 0.056297 1.322334 0.113177
v 0.059919 1.322334 0.114094
v 0.063705 1.322334 0.114869
v 0.067627 1.322334 0.115496
v 0.071657 1.322334 0.115970
v 0.075763 1.322334 0.116289
v 0.079916 1.322334 0.116448
v 0.084084 1.322334 0.116448
v 0.088237 1.322334 0.116289
v 0.092343 1.322334 0.115970
v 0.096373 1.322334 0.115496
v 0.100295 1.322334 0.114869
v 0.104081 1.322334 0.114094
v 0.107703 1.322334 0.113177
v 0.111133 1.322334 0.112124
v 0.114346 1.322334 0.110944
v 0.117319 1.322334 0.109645
v 0.043654 1.319427 0.112473
v 0.046976 1.319427 0.113801
v 0.050530 1.319427 0.115004
v 0.054292 1.319427 0.116074
v 0.058237 1.319427 0.117005
v 0.062339 1.319427 0.117791
v 0.066572 1.319427 0.118426
v 0.070906 1.319427 0.118905
v 0.075314 1.319427 0.119227
v 0.079767 1.319427 0.119388
v 0.084233 1.319427 0.119388
v 0.088686 1.319427 0.119227
v 0.093094 1.319427 0.118905
v 0.097428 1.319427 0.118426
v 0.101661 1.319427 0.117791
v 0.105763 1.319427 0.117005
v 0.109708 1.319427 0.116074
v 0.113470 1.319427 0.115004
v 0.117024 1.319427 0.113801
v 0.120346 1.319427 0.112473
v 0.041553 1.316164 0.115258
v 0.045150 1.316164 0.116571
v 0.048962 1.316164 0.117758
v 0.052967 1.316164 0.118813
v 0.057141 1.316164 0.119728
v 0.061460 1.316164 0.120499
v 0.065899 1.316164 0.121121
v 0.070431 1.316164 0.121591
v 0.075032 1.316164 0.121906
v 0.079673 1.316164 0.122064
v 0.084327 1.316164 0.122064
v 0.088968 1.316164 0.121906
v 0.093569 1.316164 0.121591
v 0.098101 1.316164 0.121121
v 0.102540 1.316164 0.120499
v 0.106859 1.316164 0.119728
v 0.111033 1.316164 0.118813
v 0.115038 1.316164 0.117758
v 0.118850 1.316164 0.116571
v 0.122447 1.316164 0.115258
v 0.040381 1.312580 0.117937
v 0.044171 1.312580 0.119198
v 0.048153 1.312580 0.120337
v 0.052309 1.312580 0.121346
v 0.056616 1.312580 0.122221
v 0.061052 1.312580 0.122956
v 0.065595 1.312580 0.123550
v 0.070222 1.312580 0.123997
v 0.074909 1.312580 0.124297
v 0.079632 1.312580 0.124447
v 0.084368 1.312580 0.124447
v 0.089091 1.312580 0.124297
v 0.093778 1.312580 0.123997
v 0.098405 1.312580 0.123550
v 0.102948 1.312580 0.122956
v 0.107384 1.312580 0.122221
v 0.111691 1.312580 0.121346
v 0.115847 1.312580 0.120337
v 0.119829 1.312580 0.119198
v 0.123619 1.312580 0.117937
v 0.040119 1.308714 0.120447
v 0.044015 1.308714 0.121627
v 0.048078 1.308714 0.122690
v 0.052292 1.308714 0.123630
v 0.056637 1.308714 0.124444
v 0.061094 1.308714 0.125128
v 0.065643 1.308714 0.125679
v 0.070265 1.308714 0.126094
v 0.074938 1.308714 0.126372
v 0.079643 1.308714 0.126511
v 0.084357 1.308714 0.126511
v 0.089062 1.308714 0.126372
v 0.093735 1.308714 0.126094
v 0.098357 1.308714 0.125679
v 0.102906 1.308714 0.125128
v 0.107363 1.308714 0.124444
v 0.111708 1.308714 0.123630
v 0.115922 1.308714 0.122690
v 0.119985 1.308714 0.121627
v 0.123881 1.308714 0.120447
v 0.040726 1.304609 0.122731
v 0.044640 1.304609 0.123806
v 0.048696 1.304609 0.124772
v 0.052877 1.304609 0.125626
v 0.057168 1.304609 0.126364
v 0.061554 1.304609 0.126983
v 0.066017 1.304609 0.127481
v 0.070540 1.304609 0.127857
v 0.075107 1.304609 0.128108
v 0.079699 1.304609 0.128233
v 0.084301 1.304609 0.128233
v 0.088893 1.304609 0.128108
v 0.093460 1.304609 0.127857
v 0.097983 1.304609 0.127481
v 0.102446 1.304609 0.126983
v 0.106832 1.304609 0.126364
v 0.111123 1.304609 0.125626
v 0.115304 1.304609 0.124772
v 0.119360 1.304609 0.123806
v 0.123274 1.304609 0.122731
v 0.042145 1.300309 0.124733
v 0.045990 1.300309 0.125686
v 0.049951 1.300309 0.126542
v 0.054014 1.300309 0.127297
v 0.058166 1.300309 0.127948
v 0.062395 1.300309 0.128494
v 0.066686 1.300309 0.128933
v 0.071026 1.300309 0.129264
v 0.075402 1.300309 0.129485
v 0.079798 1.300309 0.129595
v 0.084202 1.300309 0.129595
v 0.088598 1.300309 0.129485
v 0.092974 1.300309 0.129264
v 0.097314 1.300309 0.128933
v 0.101605 1.300309 0.128494
v 0.105834 1.300309 0.127948
v 0.109986 1.300309 0.127297
v 0.114049 1.300309 0.126542
v 0.118010 1.300309 0.125686
v 0.121855 1.300309 0.124733
v 0.044298 1.295860 0.126403
v 0.047992 1.295860 0.127226
v 0.051776 1.295860 0.127962
v 0.055642 1.295860 0.128611
v 0.059577 1.295860 0.129170
v 0.063572 1.295860 0.129639
v 0.067616 1.295860 0.130015
v 0.071698 1.295860 0.130298
v 0.075808 1.295860 0.130488
v 0.079934 1.295860 0.130582
v 0.084066 1.295860 0.130582
v 0.088192 1.295860 0.130488
v 0.092302 1.295860 0.130298
v 0.096384 1.295860 0.130015
v 0.100428 1.295860 0.129639
v 0.104423 1.295860 0.129170
v 0.108358 1.295860 0.128611
v 0.112224 1.295860 0.127962
v 0.116008 1.295860 0.127226
v 0.119702 1.295860 0.126403
v 0.047090 1.291310 0.127699
v 0.050558 1.291310 0.128387
v 0.054094 1.291310 0.129002
v 0.057691 1.291310 0.129543
v 0.061341 1.291310 0.130009
v 0.065035 1.291310 0.130399
v 0.068767 1.291310 0.130712
v 0.072527 1.291310 0.130947
v 0.076308 1.291310 0.131105
v 0.080101 1.291310 0.131183
v 0.083899 1.291310 0.131183
v 0.087692 1.291310 0.131105
v 0.091473 1.291310 0.130947
v 0.095233 1.291310 0.130712
v 0.098965 1.291310 0.130399
v 0.102659 1.291310 0.130009
v 0.106309 1.291310 0.129543
v 0.109906 1.291310 0.129002
v 0.113442 1.291310 0.128387
v 0.116910 1.291310 0.127699
v 0.050415 1.286710 0.128584
v 0.053591 1.286710 0.129140
v 0.056816 1.286710 0.129636
v 0.060085 1.286710 0.130073
v 0.063391 1.286710 0.130448
v 0.066731 1.286710 0.130762
v 0.070096 1.286710 0.131013
v 0.073482 1.286710 0.131203
v 0.076884 1.286710 0.131329
v 0.080294 1.286710 0.131392
v 0.083706 1.286710 0.131392
v 0.087116 1.286710 0.131329
v 0.090518 1.286710 0.131203
v 0.093904 1.286710 0.131013
v 0.097269 1.286710 0.130762
v 0.100609 1.286710 0.130448
v 0.103915 1.286710 0.130073
v 0.107184 1.286710 0.129636
v 0.110409 1.286710 0.129140
v 0.113585 1.286710 0.128584
v 0.054155 1.282108 0.129032
v 0.056984 1.282108 0.129463
v 0.059847 1.282108 0.129848
v 0.062740 1.282108 0.130186
v 0.065659 1.282108 0.130476
v 0.068600 1.282108 0.130719
v 0.071559 1.282108 0.130913
v 0.074532 1.282108 0.131060
v 0.077515 1.282108 0.131157
v 0.080504 1.282108 0.131206
v 0.083496 1.282108 0.131206
v 0.086485 1.282108 0.131157
v 0.089468 1.282108 0.131060
v 0.092441 1.282108 0.130913
v 0.095400 1.282108 0.130719
v 0.098341 1.282108 0.130476
v 0.101260 1.282108 0.130186
v 0.104153 1.282108 0.129848
v 0.107016 1.282108 0.129463
v 0.109845 1.282108 0.129032
v 0.058181 1.277555 0.129022
v 0.060623 1.277555 0.129341
v 0.063087 1.277555 0.129626
v 0.065570 1.277555 0.129875
v 0.068070 1.277555 0.130089
v 0.070583 1.277555 0.130268
v 0.073108 1.277555 0.130412
v 0.075642 1.277555 0.130519
v 0.078183 1.277555 0.130591
v 0.080727 1.277555 0.130627
v 0.083273 1.277555 0.130627
v 0.085817 1.277555 0.130591
v 0.088358 1.277555 0.130519
v 0.090892 1.277555 0.130412
v 0.093417 1.277555 0.130268
v 0.095930 1.277555 0.130089
v 0.098430 1.277555 0.129875
v 0.100913 1.277555 0.129626
v 0.103377 1.277555 0.129341
v 0.105819 1.277555 0.129022
v 0.062361 1.273100 0.128548
v 0.064390 1.273100 0.128770
v 0.066432 1.273100 0.128967
v 0.068485 1.273100 0.129140
v 0.070548 1.273100 0.129289
v 0.072619 1.273100 0.129413
v 0.074697 1.273100 0.129512
v 0.076780 1.273100 0.129587
v 0.078866 1.273100 0.129637
v 0.080955 1.273100 0.129662
v 0.083045 1.273100 0.129662
v 0.085134 1.273100 0.129637
v 0.087220 1.273100 0.129587
v 0.089303 1.273100 0.129512
v 0.091381 1.273100 0.129413
v 0.093452 1.273100 0.129289
v 0.095515 1.273100 0.129140
v 0.097568 1.273100 0.128967
v 0.099610 1.273100 0.128770
v 0.101639 1.273100 0.128548
v 0.066561 1.268791 0.127608
v 0.068166 1.268791 0.127750
v 0.069778 1.268791 0.127876
v 0.071396 1.268791 0.127987
v 0.073019 1.268791 0.128082
v 0.074646 1.268791 0.128161
v 0.076276 1.268791 0.128225
v 0.077910 1.268791 0.128272
v 0.079545 1.268791 0.128304
v 0.081182 1.268791 0.128320
v 0.082818 1.268791 0.128320
v 0.084455 1.268791 0.128304
v 0.086090 1.268791 0.128272
v 0.087724 1.268791 0.128225
v 0.089354 1.268791 0.128161
v 0.090981 1.268791 0.128082
v 0.092604 1.268791 0.127987
v 0.094222 1.268791 0.127876
v 0.095834 1.268791 0.127750
v 0.097439 1.268791 0.127608
v 0.070646 1.264676 0.126213
v 0.071832 1.264676 0.126294
v 0.073022 1.264676 0.126365
v 0.074214 1.264676 0.126428
v 0.075408 1.264676 0.126482
v 0.076604 1.264676 0.126527
v 0.077801 1.264676 0.126563
v 0.079000 1.264676 0.126590
v 0.080200 1.264676 0.126608
v 0.081400 1.264676 0.126617
v 0.082600 1.264676 0.126617
v 0.083800 1.264676 0.126608
v 0.085000 1.264676 0.126590
v 0.086199 1.264676 0.126563
v 0.087396 1.264676 0.126527
v 0.088592 1.264676 0.126482
v 0.089786 1.264676 0.126428
v 0.090978 1.264676 0.126365
v 0.092168 1.264676 0.126294
v 0.093354 1.264676 0.126213
vn -0.073587 0.991609 0.106287
vn -0.071160 0.990866 0.114546
vn -0.065109 0.989238 0.131033
vn -0.058308 0.987577 0.145916
vn -0.050845 0.985963 0.159037
vn -0.042811 0.984468 0.170262
vn -0.034302 0.983163 0.179480
vn -0.025416 0.982106 0.186606
vn -0.016254 0.981344 0.191574
vn -0.006916 0.980910 0.194340
vn 0.002499 0.980824 0.194880
vn 0.011888 0.981090 0.193189
vn 0.021151 0.981695 0.189280
vn 0.030187 0.982614 0.183188
vn 0.038896 0.983806 0.174967
vn 0.047178 0.985216 0.164692
vn 0.054937 0.986781 0.152460
vn 0.062078 0.988430 0.138395
vn 0.068511 0.990083 0.122642
vn 0.072345 0.991152 0.111283
vn -0.089987 0.985936 0.140825
vn -0.093913 0.981585 0.166350
vn -0.085382 0.978636 0.187033
vn -0.075962 0.975698 0.205533
vn -0.065772 0.972897 0.221690
vn -0.054930 0.970352 0.235373
vn -0.043556 0.968168 0.246484
vn -0.031767 0.966433 0.254948
vn -0.019682 0.965216 0.260712
vn -0.007413 0.964564 0.263743
vn 0.004923 0.964504 0.264024
vn 0.017214 0.965036 0.261553
vn 0.029347 0.966140 0.256344
vn 0.041206 0.967774 0.248426
vn 0.052676 0.969873 0.237849
vn 0.063637 0.972352 0.224682
vn 0.073971 0.975110 0.209018
vn 0.083559 0.978031 0.190981
vn 0.092282 0.980988 0.170725
vn 0.102249 0.980142 0.169902
vn -0.130532 0.966011 0.223123
vn -0.131345 0.958209 0.254136
vn -0.118625 0.952409 0.280794
vn -0.104879 0.946771 0.304343
vn -0.090272 0.941510 0.324670
vn -0.074962 0.936815 0.341698
vn -0.059094 0.932850 0.355386
vn -0.042805 0.929743 0.365712
vn -0.026219 0.927594 0.372668
vn -0.009456 0.926470 0.376251
vn 0.007371 0.926403 0.376461
vn 0.024148 0.927396 0.373300
vn 0.040763 0.929420 0.366766
vn 0.057097 0.932411 0.356861
vn 0.073025 0.936276 0.343592
vn 0.088414 0.940887 0.326978
vn 0.103118 0.946087 0.307060
vn 0.116981 0.951689 0.283906
vn 0.129840 0.957481 0.257627
vn 0.141262 0.956210 0.256336
vn -0.167530 0.934871 0.312968
vn -0.164899 0.922984 0.347721
vn -0.147907 0.913969 0.377869
vn -0.129944 0.905422 0.404136
vn -0.111208 0.897614 0.426524
vn -0.091868 0.890771 0.445071
vn -0.072070 0.885076 0.459833
vn -0.051940 0.880670 0.470874
vn -0.031585 0.877657 0.478247
vn -0.011099 0.876103 0.481997
vn 0.009433 0.876041 0.482144
vn 0.029926 0.877474 0.478690
vn 0.050296 0.880369 0.471614
vn 0.070449 0.884664 0.460876
vn 0.090278 0.890258 0.446420
vn 0.109662 0.897013 0.428184
vn 0.128454 0.904750 0.406112
vn 0.146488 0.913246 0.380162
vn 0.163569 0.922234 0.350329
vn 0.175921 0.920576 0.348700
vn -0.199585 0.891203 0.407337
vn -0.193296 0.875040 0.443781
vn -0.172195 0.863062 0.474840
vn -0.150362 0.851977 0.501525
vn -0.127990 0.842053 0.523990
vn -0.105234 0.833501 0.542403
vn -0.082211 0.826482 0.556928
vn -0.059009 0.821113 0.567707
vn -0.035696 0.817474 0.574858
vn -0.012321 0.815618 0.578459
vn 0.011074 0.815569 0.578553
vn 0.034451 0.817328 0.575141
vn 0.057769 0.820872 0.568184
vn 0.080978 0.826149 0.557602
vn 0.104014 0.833082 0.543282
vn 0.126787 0.841555 0.525082
vn 0.149184 0.851409 0.502838
vn 0.171051 0.862438 0.476384
vn 0.192198 0.874376 0.445563
vn 0.205092 0.872253 0.443973
vn -0.225572 0.834429 0.502837
vn -0.215591 0.814360 0.538830
vn -0.190838 0.800249 0.568491
vn -0.165721 0.787474 0.593651
vn -0.140395 0.776244 0.614601
vn -0.114965 0.766711 0.631615
vn -0.089497 0.758979 0.644934
vn -0.064029 0.753122 0.654758
vn -0.038576 0.749183 0.661238
vn -0.013137 0.747192 0.664479
vn 0.012296 0.747159 0.664532
vn 0.037734 0.749085 0.661399
vn 0.063187 0.752958 0.655028
vn 0.088655 0.758752 0.645318
vn 0.114124 0.766421 0.632119
vn 0.139556 0.775895 0.615232
vn 0.164888 0.787070 0.594418
vn 0.190014 0.799797 0.569403
vn 0.214783 0.813867 0.539896
vn 0.227828 0.811116 0.538688
vn -0.244631 0.765009 0.595749
vn -0.231177 0.741937 0.629354
vn -0.203521 0.726913 0.655879
vn -0.175918 0.713565 0.678143
vn -0.148453 0.702010 0.696523
vn -0.121164 0.692322 0.711344
vn -0.094059 0.684542 0.722879
vn -0.067119 0.678694 0.731348
vn -0.040308 0.674786 0.736912
vn -0.013579 0.672823 0.739679
vn 0.013122 0.672806 0.739702
vn 0.039850 0.674735 0.736984
vn 0.066660 0.678609 0.731469
vn 0.093598 0.684423 0.723052
vn 0.120700 0.692169 0.711571
vn 0.147985 0.701824 0.696809
vn 0.175448 0.713347 0.678494
vn 0.203050 0.726664 0.656300
vn 0.230706 0.741661 0.629852
vn 0.243492 0.738093 0.629230
vn -0.256315 0.684498 0.682470
vn -0.239876 0.659691 0.712227
vn -0.210285 0.645080 0.734610
vn -0.181124 0.632291 0.753261
vn -0.152399 0.621352 0.768568
vn -0.124082 0.612267 0.780854
vn -0.096124 0.605027 0.790381
vn -0.068457 0.599616 0.797355
vn -0.041006 0.596018 0.801923
vn -0.013687 0.594220 0.804186
vn 0.013588 0.594217 0.804190
vn 0.040907 0.596007 0.801936
vn 0.068357 0.599598 0.797377
vn 0.096023 0.605002 0.790413
vn 0.123980 0.612235 0.780895
vn 0.152295 0.621312 0.768620
vn 0.181019 0.632244 0.753326
vn 0.210179 0.645026 0.734688
vn 0.239769 0.659630 0.712320
vn 0.251892 0.655093 0.712323
vn -0.260687 0.595330 0.760016
vn -0.241965 0.570153 0.785098
vn -0.211501 0.557104 0.803058
vn -0.181740 0.545803 0.817967
vn -0.152620 0.536219 0.830166
vn -0.124061 0.528313 0.839937
vn -0.095971 0.522045 0.847502
vn -0.068252 0.517379 0.853030
vn -0.040799 0.514288 0.856647
vn -0.013506 0.512750 0.858432
vn 0.013733 0.512757 0.858424
vn 0.041027 0.514307 0.856625
vn 0.068482 0.517411 0.852993
vn 0.096204 0.522089 0.847448
vn 0.124297 0.528370 0.839866
vn 0.152860 0.536290 0.830076
vn 0.181985 0.545888 0.817856
vn 0.211752 0.557203 0.802924
vn 0.242222 0.570267 0.784936
vn 0.253323 0.564692 0.785462
vn -0.258300 0.500376 0.826381
vn -0.238100 0.476031 0.846583
vn -0.207789 0.465319 0.860408
vn -0.178322 0.456105 0.871877
vn -0.149594 0.448331 0.881261
vn -0.121493 0.441945 0.888777
vn -0.093907 0.436898 0.894596
vn -0.066718 0.433151 0.898849
vn -0.039814 0.430674 0.901629
vn -0.013079 0.429447 0.902997
vn 0.013600 0.429459 0.902984
vn 0.040337 0.430710 0.901588
vn 0.067245 0.433212 0.898780
vn 0.094440 0.436984 0.894498
vn 0.122036 0.442056 0.888647
vn 0.150147 0.448469 0.881097
vn 0.178888 0.456270 0.871675
vn 0.208371 0.465512 0.860163
vn 0.238699 0.476254 0.846289
vn 0.248494 0.469674 0.847146
vn -0.250067 0.402441 0.880629
vn -0.229187 0.379794 0.896231
vn -0.199914 0.371759 0.906548
vn -0.171503 0.364872 0.915126
vn -0.143832 0.359076 0.922159
vn -0.116781 0.354323 0.927803
vn -0.090231 0.350572 0.932179
vn -0.064067 0.347792 0.935380
vn -0.038176 0.345956 0.937474
vn -0.012448 0.345049 0.938502
vn 0.013227 0.345063 0.938486
vn 0.038958 0.345998 0.937426
vn 0.064855 0.347862 0.935300
vn 0.091029 0.350672 0.932064
vn 0.117592 0.354453 0.927650
vn 0.144661 0.359236 0.921967
vn 0.172352 0.365065 0.914889
vn 0.200787 0.371987 0.906262
vn 0.230088 0.380057 0.895888
vn 0.238384 0.372582 0.896859
vn -0.237082 0.303878 0.922741
vn -0.216225 0.283400 0.934308
vn -0.188681 0.277996 0.941869
vn -0.161924 0.273366 0.948183
vn -0.135837 0.269472 0.953380
vn -0.110308 0.266280 0.957563
vn -0.085227 0.263761 0.960816
vn -0.060491 0.261894 0.963199
vn -0.035999 0.260662 0.964759
vn -0.011650 0.260056 0.965523
vn 0.012652 0.260069 0.965507
vn 0.037005 0.260701 0.964710
vn 0.061505 0.261959 0.963117
vn 0.086253 0.263853 0.960699
vn 0.111350 0.266399 0.957409
vn 0.136900 0.269620 0.953186
vn 0.163012 0.273545 0.947945
vn 0.189799 0.278205 0.941583
vn 0.217378 0.283642 0.933967
vn 0.224072 0.275429 0.934843
vn -0.220457 0.206384 0.953312
vn -0.200185 0.188193 0.961514
vn -0.174857 0.185095 0.967039
vn -0.150187 0.182437 0.971679
vn -0.126077 0.180198 0.975517
vn -0.102430 0.178361 0.978619
vn -0.079157 0.176911 0.981039
vn -0.056169 0.175835 0.982816
vn -0.033384 0.175126 0.983980
vn -0.010719 0.174778 0.984550
vn 0.011909 0.174787 0.984534
vn 0.034579 0.175155 0.983933
vn 0.057372 0.175884 0.982738
vn 0.080372 0.176979 0.980927
vn 0.103663 0.178450 0.978473
vn 0.127332 0.180308 0.975334
vn 0.151469 0.182569 0.971455
vn 0.176171 0.185250 0.966771
vn 0.201536 0.188373 0.961197
vn 0.206598 0.179581 0.961805
vn -0.201208 0.110982 0.973241
vn -0.181933 0.094936 0.978717
vn -0.159127 0.093662 0.982805
vn -0.136831 0.092566 0.986260
vn -0.114968 0.091641 0.989133
vn -0.093465 0.090880 0.991466
vn -0.072251 0.090279 0.993292
vn -0.051260 0.089833 0.994637
vn -0.030426 0.089539 0.995519
vn -0.009684 0.089395 0.995949
vn 0.011028 0.089400 0.995935
vn 0.031773 0.089554 0.995475
vn 0.052616 0.089859 0.994564
vn 0.073619 0.090315 0.993188
vn 0.094849 0.090928 0.991330
vn 0.116374 0.091699 0.988963
vn 0.138263 0.092636 0.986054
vn 0.160590 0.093744 0.982559
vn 0.183431 0.095031 0.978428
vn 0.186887 0.085793 0.978628
vn -0.180197 0.018124 0.983463
vn -0.162203 0.003918 0.986750
vn -0.142080 0.003938 0.989847
vn -0.122323 0.003955 0.992482
vn -0.102878 0.003969 0.994686
vn -0.083693 0.003980 0.996484
vn -0.064719 0.003989 0.997896
vn -0.045906 0.003995 0.998938
vn -0.027206 0.004000 0.999622
vn -0.008574 0.004002 0.999955
vn 0.010037 0.004002 0.999942
vn 0.028672 0.004001 0.999581
vn 0.047379 0.003997 0.998869
vn 0.066203 0.003991 0.997798
vn 0.085192 0.003982 0.996357
vn 0.104395 0.003972 0.994528
vn 0.123863 0.003958 0.992291
vn 0.143646 0.003942 0.989621
vn 0.163801 0.003923 0.986486
vn 0.165712 -0.005672 0.986158
vn -0.158131 -0.072162 0.984778
vn -0.141595 -0.084904 0.986277
vn -0.124208 -0.084093 0.988686
vn -0.107064 -0.083391 0.990749
vn -0.090129 -0.082797 0.992482
vn -0.073368 -0.082306 0.993903
vn -0.056749 -0.081916 0.995022
vn -0.040237 -0.081627 0.995850
vn -0.023803 -0.081436 0.996394
vn -0.007414 -0.081343 0.996659
vn 0.008961 -0.081347 0.996646
vn 0.025353 -0.081449 0.996355
vn 0.041793 -0.081648 0.995785
vn 0.058313 -0.081946 0.994929
vn 0.074945 -0.082344 0.993782
vn 0.091720 -0.082843 0.992333
vn 0.108674 -0.083447 0.990569
vn 0.125839 -0.084158 0.988475
vn 0.143251 -0.084979 0.986031
vn 0.143702 -0.094897 0.985060
vn -0.135576 -0.160113 0.977744
vn -0.120605 -0.171771 0.977727
vn -0.105931 -0.170593 0.979631
vn -0.091406 -0.169572 0.981270
vn -0.077009 -0.168704 0.982654
vn -0.062718 -0.167986 0.983792
vn -0.048515 -0.167416 0.984692
vn -0.034378 -0.166992 0.985359
vn -0.020289 -0.166713 0.985797
vn -0.006228 -0.166577 0.986009
vn 0.007825 -0.166585 0.985996
vn 0.021888 -0.166736 0.985759
vn 0.035982 -0.167030 0.985295
vn 0.050125 -0.167470 0.984602
vn 0.064337 -0.168056 0.983676
vn 0.078639 -0.168790 0.982510
vn 0.093049 -0.169674 0.981098
vn 0.107590 -0.170712 0.979429
vn 0.122282 -0.171906 0.977494
vn 0.121373 -0.182163 0.975749
vn -0.112996 -0.246084 0.962639
vn -0.099652 -0.256987 0.961263
vn -0.087619 -0.255767 0.962760
vn -0.075667 -0.254705 0.964054
vn -0.063785 -0.253801 0.965151
vn -0.051962 -0.253052 0.966056
vn -0.040187 -0.252457 0.966773
vn -0.028449 -0.252014 0.967305
vn -0.016737 -0.251723 0.967655
vn -0.005040 -0.251582 0.967823
vn 0.006652 -0.251592 0.967811
vn 0.018350 -0.251752 0.967618
vn 0.030065 -0.252063 0.967244
vn 0.041807 -0.252526 0.966686
vn 0.053588 -0.253141 0.965944
vn 0.065419 -0.253910 0.965013
vn 0.077310 -0.254835 0.963889
vn 0.089272 -0.255917 0.962568
vn 0.101318 -0.257158 0.961043
vn 0.099159 -0.267812 0.958355
vn -0.090799 -0.330421 0.939456
vn -0.079126 -0.340802 0.936799
vn -0.069621 -0.339749 0.937936
vn -0.060155 -0.338831 0.938922
vn -0.050722 -0.338048 0.939761
vn -0.041318 -0.337399 0.940455
vn -0.031936 -0.336883 0.941005
vn -0.022571 -0.336499 0.941413
vn -0.013220 -0.336246 0.941681
vn -0.003875 -0.336125 0.941809
vn 0.005467 -0.336136 0.941798
vn 0.014812 -0.336278 0.941646
vn 0.024166 -0.336551 0.941355
vn 0.033533 -0.336956 0.940923
vn 0.042918 -0.337494 0.940349
vn 0.052327 -0.338165 0.939631
vn 0.061765 -0.338969 0.938768
vn 0.071238 -0.339908 0.937757
vn 0.080749 -0.340984 0.936595
vn 0.077459 -0.352121 0.932744
vn -0.073315 -0.387389 0.918997
vn -0.064388 -0.385077 0.920636
vn -0.056538 -0.384527 0.921381
vn -0.048712 -0.384041 0.922030
vn -0.040906 -0.383619 0.922585
vn -0.033116 -0.383259 0.923047
vn -0.025340 -0.382963 0.923416
vn -0.017574 -0.382729 0.923693
vn -0.009815 -0.382558 0.923879
vn -0.002060 -0.382449 0.923974
vn 0.005695 -0.382403 0.923978
vn 0.013453 -0.382419 0.923891
vn 0.021217 -0.382497 0.923713
vn 0.028990 -0.382637 0.923444
vn 0.036775 -0.382841 0.923082
vn 0.044577 -0.383106 0.922628
vn 0.052397 -0.383435 0.922080
vn 0.060240 -0.383827 0.921438
vn 0.068109 -0.384281 0.920700
vn 0.062881 -0.375802 0.924564
vt 0.346667 0.020000
vt 0.346667 0.036140
vt 0.346667 0.052281
vt 0.346667 0.068421
vt 0.346667 0.084561
vt 0.346667 0.100702
vt 0.346667 0.116842
vt 0.346667 0.132982
vt 0.346667 0.149123
vt 0.346667 0.165263
vt 0.346667 0.181404
vt 0.346667 0.197544
vt 0.346667 0.213684
vt 0.346667 0.229825
vt 0.346667 0.245965
vt 0.346667 0.262105
vt 0.346667 0.278246
vt 0.346667 0.294386
vt 0.346667 0.310526
vt 0.346667 0.326667
vt 0.362807 0.020000
vt 0.362807 0.036140
vt 0.362807 0.052281
vt 0.362807 0.068421
vt 0.362807 0.084561
vt 0.362807 0.100702
vt 0.362807 0.116842
vt 0.362807 0.132982
vt 0.362807 0.149123
vt 0.362807 0.165263
vt 0.362807 0.181404
vt 0.362807 0.197544
vt 0.362807 0.213684
vt 0.362807 0.229825
vt 0.362807 0.245965
vt 0.362807 0.262105
vt 0.362807 0.278246
vt 0.362807 0.294386
vt 0.362807 0.310526
vt 0.362807 0.326667
vt 0.378947 0.020000
vt 0.378947 0.036140
vt 0.378947 0.052281
vt 0.378947 0.068421
vt 0.378947 0.084561
vt 0.378947 0.100702
vt 0.378947 0.116842
vt 0.378947 0.132982
vt 0.378947 0.149123
vt 0.378947 0.165263
vt 0.378947 0.181404
vt 0.378947 0.197544
vt 0.378947 0.213684
vt 0.378947 0.229825
vt 0.378947 0.245965
vt 0.378947 0.262105
vt 0.378947 0.278246
vt 0.378947 0.294386
vt 0.378947 0.310526
vt 0.378947 0.326667
vt 0.395088 0.020000
vt 0.395088 0.036140
vt 0.395088 0.052281
vt 0.395088 0.068421
vt 0.395088 0.084561
vt 0.395088 0.100702
vt 0.395088 0.116842
vt 0.395088 0.132982
vt 0.395088 0.149123
vt 0.395088 0.165263
vt 0.395088 0.181404
vt 0.395088 0.197544
vt 0.395088 0.213684
vt 0.395088 0.229825
vt 0.395088 0.245965
vt 0.395088 0.262105
vt 0.395088 0.278246
vt 0.395088 0.294386
vt 0.395088 0.310526
vt 0.395088 0.326667
vt 0.411228 0.020000
vt 0.411228 0.036140
vt 0.411228 0.052281
vt 0.411228 0.068421
vt 0.411228 0.084561
vt 0.411228 0.100702
vt 0.411228 0.116842
vt 0.411228 0.132982
vt 0.411228 0.149123
vt 0.411228 0.165263
vt 0.411228 0.181404
vt 0.411228 0.197544
vt 0.411228 0.213684
vt 0.411228 0.229825
vt 0.411228 0.245965
vt 0.411228 0.262105
vt 0.411228 0.278246
vt 0.411228 0.294386
vt 0.411228 0.310526
vt 0.411228 0.326667
vt 0.427368 0.020000
vt 0.427368 0.036140
vt 0.427368 0.052281
vt 0.427368 0.068421
vt 0.427368 0.084561
vt 0.427368 0.100702
vt 0.427368 0.116842
vt 0.427368 0.132982
vt 0.427368 0.149123
vt 0.427368 0.165263
vt 0.427368 0.181404
vt 0.427368 0.197544
vt 0.427368 0.213684
vt 0.427368 0.229825
vt 0.427368 0.245965
vt 0.427368 0.262105
vt 0.427368 0.278246
vt 0.427368 0.294386
vt 0.427368 0.310526
vt 0.427368 0.326667
vt 0.443509 0.020000
vt 0.443509 0.036140
vt 0.443509 0.052281
vt 0.443509 0.068421
vt 0.443509 0.084561
vt 0.443509 0.100702
vt 0.443509 0.116842
vt 0.443509 0.132982
vt 0.443509 0.149123
vt 0.443509 0.165263
vt 0.443509 0.181404
vt 0.443509 0.197544
vt 0.443509 0.213684
vt 0.443509 0.229825
vt 0.443509 0.245965
vt 0.443509 0.262105
vt 0.443509 0.278246
vt 0.443509 0.294386
vt 0.443509 0.310526
vt 0.443509 0.326667
vt 0.459649 0.020000
vt 0.459649 0.036140
vt 0.459649 0.052281
vt 0.459649 0.068421
vt 0.459649 0.084561
vt 0.459649 0.100702
vt 0.459649 0.116842
vt 0.459649 0.132982
vt 0.459649 0.149123
vt 0.459649 0.165263
vt 0.459649 0.181404
vt 0.459649 0.197544
vt 0.459649 0.213684
vt 0.459649 0.229825
vt 0.459649 0.245965
vt 0.459649 0.262105
vt 0.459649 0.278246
vt 0.459649 0.294386
vt 0.459649 0.310526
vt 0.459649 0.326667
vt 0.475789 0.020000
vt 0.475789 0.036140
vt 0.475789 0.052281
vt 0.475789 0.068421
vt 0.475789 0.084561
vt 0.475789 0.100702
vt 0.475789 0.116842
vt 0.475789 0.132982
vt 0.475789 0.149123
vt 0.475789 0.165263
vt 0.475789 0.181404
vt 0.475789 0.197544
vt 0.475789 0.213684
vt 0.475789 0.229825
vt 0.475789 0.245965
vt 0.475789 0.262105
vt 0.475789 0.278246
vt 0.475789 0.294386
vt 0.475789 0.310526
vt 0.475789 0.326667
vt 0.491930 0.020000
vt 0.491930 0.036140
vt 0.491930 0.052281
vt 0.491930 0.068421
vt 0.491930 0.084561
vt 0.491930 0.100702
vt 0.491930 0.116842
vt 0.491930 0.132982
vt 0.491930 0.149123
vt 0.491930 0.165263
vt 0.491930 0.181404
vt 0.491930 0.197544
vt 0.491930 0.213684
vt 0.491930 0.229825
vt 0.491930 0.245965
vt 0.491930 0.262105
vt 0.491930 0.278246
vt 0.491930 0.294386
vt 0.491930 0.310526
vt 0.491930 0.326667
vt 0.508070 0.020000
vt 0.508070 0.036140
vt 0.508070 0.052281
vt 0.508070 0.068421
vt 0.508070 0.084561
vt 0.508070 0.100702
vt 0.508070 0.116842
vt 0.508070 0.132982
vt 0.508070 0.149123
vt 0.508070 0.165263
vt 0.508070 0.181404
vt 0.508070 0.197544
vt 0.508070 0.213684
vt 0.508070 0.229825
vt 0.508070 0.245965
vt 0.508070 0.262105
vt 0.508070 0.278246
vt 0.508070 0.294386
vt 0.508070 0.310526
vt 0.508070 0.326667
vt 0.524211 0.020000
vt 0.524211 0.036140
vt 0.524211 0.052281
vt 0.524211 0.068421
vt 0.524211 0.084561
vt 0.524211 0.100702
vt 0.524211 0.116842
vt 0.524211 0.132982
vt 0.524211 0.149123
vt 0.524211 0.165263
vt 0.524211 0.181404
vt 0.524211 0.197544
vt 0.524211 0.213684
vt 0.524211 0.229825
vt 0.524211 0.245965
vt 0.524211 0.262105
vt 0.524211 0.278246
vt 0.524211 0.294386
vt 0.524211 0.310526
vt 0.524211 0.326667
vt 0.540351 0.020000
vt 0.540351 0.036140
vt 0.540351 0.052281
vt 0.540351 0.068421
vt 0.540351 0.084561
vt 0.540351 0.100702
vt 0.540351 0.116842
vt 0.540351 0.132982
vt 0.540351 0.149123
vt 0.540351 0.165263
vt 0.540351 0.181404
vt 0.540351 0.197544
vt 0.540351 0.213684
vt 0.540351 0.229825
vt 0.540351 0.245965
vt 0.540351 0.262105
vt 0.540351 0.278246
vt 0.540351 0.294386
vt 0.540351 0.310526
vt 0.540351 0.326667
vt 0.556491 0.020000
vt 0.556491 0.036140
vt 0.556491 0.052281
vt 0.556491 0.068421
vt 0.556491 0.084561
vt 0.556491 0.100702
vt 0.556491 0.116842
vt 0.556491 0.132982
vt 0.556491 0.149123
vt 0.556491 0.165263
vt 0.556491 0.181404
vt 0.556491 0.197544
vt 0.556491 0.213684
vt 0.556491 0.229825
vt 0.556491 0.245965
vt 0.556491 0.262105
vt 0.556491 0.278246
vt 0.556491 0.294386
vt 0.556491 0.310526
vt 0.556491 0.326667
vt 0.572632 0.020000
vt 0.572632 0.036140
vt 0.572632 0.052281
vt 0.572632 0.068421
vt 0.572632 0.084561
vt 0.572632 0.100702
vt 0.572632 0.116842
vt 0.572632 0.132982
vt 0.572632 0.149123
vt 0.572632 0.165263
vt 0.572632 0.181404
vt 0.572632 0.197544
vt 0.572632 0.213684
vt 0.572632 0.229825
vt 0.572632 0.245965
vt 0.572632 0.262105
vt 0.572632 0.278246
vt 0.572632 0.294386
vt 0.572632 0.310526
vt 0.572632 0.326667
vt 0.588772 0.020000
vt 0.588772 0.036140
vt 0.588772 0.052281
vt 0.588772 0.068421
vt 0.588772 0.084561
vt 0.588772 0.100702
vt 0.588772 0.116842
vt 0.588772 0.132982
vt 0.588772 0.149123
vt 0.588772 0.165263
vt 0.588772 0.181404
vt 0.588772 0.197544
vt 0.588772 0.213684
vt 0.588772 0.229825
vt 0.588772 0.245965
vt 0.588772 0.262105
vt 0.588772 0.278246
vt 0.588772 0.294386
vt 0.588772 0.310526
vt 0.588772 0.326667
vt 0.604912 0.020000
vt 0.604912 0.036140
vt 0.604912 0.052281
vt 0.604912 0.068421
vt 0.604912 0.084561
vt 0.604912 0.100702
vt 0.604912 0.116842
vt 0.604912 0.132982
vt 0.604912 0.149123
vt 0.604912 0.165263
vt 0.604912 0.181404
vt 0.604912 0.197544
vt 0.604912 0.213684
vt 0.604912 0.229825
vt 0.604912 0.245965
vt 0.604912 0.262105
vt 0.604912 0.278246
vt 0.604912 0.294386
vt 0.604912 0.310526
vt 0.604912 0.326667
vt 0.621053 0.020000
vt 0.621053 0.036140
vt 0.621053 0.052281
vt 0.621053 0.068421
vt 0.621053 0.084561
vt 0.621053 0.100702
vt 0.621053 0.116842
vt 0.621053 0.132982
vt 0.621053 0.149123
vt 0.621053 0.165263
vt 0.621053 0.181404
vt 0.621053 0.197544
vt 0.621053 0.213684
vt 0.621053 0.229825
vt 0.621053 0.245965
vt 0.621053 0.262105
vt 0.621053 0.278246
vt 0.621053 0.294386
vt 0.621053 0.310526
vt 0.621053 0.326667
vt 0.637193 0.020000
vt 0.637193 0.036140
vt 0.637193 0.052281
vt 0.637193 0.068421
vt 0.637193 0.084561
vt 0.637193 0.100702
vt 0.637193 0.116842
vt 0.637193 0.132982
vt 0.637193 0.149123
vt 0.637193 0.165263
vt 0.637193 0.181404
vt 0.637193 0.197544
vt 0.637193 0.213684
vt 0.637193 0.229825
vt 0.637193 0.245965
vt 0.637193 0.262105
vt 0.637193 0.278246
vt 0.637193 0.294386
vt 0.637193 0.310526
vt 0.637193 0.326667
vt 0.653333 0.020000
vt 0.653333 0.036140
vt 0.653333 0.052281
vt 0.653333 0.068421
vt 0.653333 0.084561
vt 0.653333 0.100702
vt 0.653333 0.116842
vt 0.653333 0.132982
vt 0.653333 0.149123
vt 0.653333 0.165263
vt 0.653333 0.181404
vt 0.653333 0.197544
vt 0.653333 0.213684
vt 0.653333 0.229825
vt 0.653333 0.245965
vt 0.653333 0.262105
vt 0.653333 0.278246
vt 0.653333 0.294386
vt 0.653333 0.310526
vt 0.653333 0.326667
f 401/401/401 421/421/421 402/402/402
f 402/402/402 421/421/421 422/422/422
f 402/402/402 422/422/422 403/403/403
f 403/403/403 422/422/422 423/423/423
f 403/403/403 423/423/423 404/404/404
f 404/404/404 423/423/423 424/424/424
f 404/404/404 424/424/424 405/405/405
f 405/405/405 424/424/424 425/425/425
f 405/405/405 425/425/425 406/406/406
f 406/406/406 425/425/425 426/426/426
f 406/406/406 426/426/426 407/407/407
f 407/407/407 426/426/426 427/427/427
f 407/407/407 427/427/427 408/408/408
f 408/408/408 427/427/427 428/428/428
f 408/408/408 428/428/428 409/409/409
f 409/409/409 428/428/428 429/429/429
f 409/409/409 429/429/429 410/410/410
f 410/410/410 429/429/429 430/430/430
f 410/410/410 430/430/430 411/411/411
f 411/411/411 430/430/430 431/431/431
f 411/411/411 431/431/431 412/412/412
f 412/412/412 431/431/431 432/432/432
f 412/412/412 432/432/432 413/413/413
f 413/413/413 432/432/432 433/433/433
f 413/413/413 433/433/433 414/414/414
f 414/414/414 433/433/433 434/434/434
f 414/414/414 434/434/434 415/415/415
f 415/415/415 434/434/434 435/435/435
f 415/415/415 435/435/435 416/416/416
f 416/416/416 435/435/435 436/436/436
f 416/416/416 436/436/436 417/417/417
f 417/417/417 436/436/436 437/437/437
f 417/417/417 437/437/437 418/418/418
f 418/418/418 437/437/437 438/438/438
f 418/418/418 438/438/438 419/419/419
f 419/419/419 438/438/438 439/439/439
f 419/419/419 439/439/439 420/420/420
f 420/420/420 439/439/439 440/440/440
f 421/421/421 441/441/441 422/422/422
f 422/422/422 441/441/441 442/442/442
f 422/422/422 442/442/442 423/423/423
f 423/423/423 442/442/442 443/443/443
f 423/423/423 443/443/443 424/424/424
f 424/424/424 443/443/443 444/444/444
f 424/424/424 444/444/444 425/425/425
f 425/425/425 444/444/444 445/445/445
f 425/425/425 445/445/445 426/426/426
f 426/426/426 445/445/445 446/446/446
f 426/426/426 446/446/446 427/427/427
f 427/427/427 446/446/446 447/447/447
f 427/427/427 447/447/447 428/428/428
f 428/428/428 447/447/447 448/448/448
f 428/428/428 448/448/448 429/429/429
f 429/429/429 448/448/448 449/449/449
f 429/429/429 449/449/449 430/430/430
f 430/430/430 449/449/449 450/450/450
f 430/430/430 450/450/450 431/431/431
f 431/431/431 450/450/450 451/451/451
f 431/431/431 451/451/451 432/432/432
f 432/432/432 451/451/451 452/452/452
f 432/432/432 452/452/452 433/433/433
f 433/433/433 452/452/452 453/453/453
f 433/433/433 453/453/453 434/434/434
f 434/434/434 453/453/453 454/454/454
f 434/434/434 454/454/454 435/435/435
f 435/435/435 454/454/454 455/455/455
f 435/435/435 455/455/455 436/436/436
f 436/436/436 455/455/455 456/456/456
f 436/436/436 456/456/456 437/437/437
f 437/437/437 456/456/456 457/457/457
f 437/437/437 457/457/457 438/438/438
f 438/438/438 457/457/457 458/458/458
f 438/438/438 458/458/458 439/439/439
f 439/439/439 458/458/458 459/459/459
f 439/439/439 459/459/459 440/440/440
f 440/440/440 459/459/459 460/460/460
f 441/441/441 461/461/461 442/442/442
f 442/442/442 461/461/461 462/462/462
f 442/442/442 462/462/462 443/443/443
f 443/443/443 462/462/462 463/463/463
f 443/443/443 463/463/463 444/444/444
f 444/444/444 463/463/463 464/464/464
f 444/444/444 464/464/464 445/445/445
f 445/445/445 464/464/464 465/465/465
f 445/445/445 465/465/465 446/446/446
f 446/446/446 465/465/465 466/466/466
f 446/446/446 466/466/466 447/447/447
f 447/447/447 466/466/466 467/467/467
f 447/447/447 467/467/467 448/448/448
f 448/448/448 467/467/467 468/468/468
f 448/448/448 468/468/468 449/449/449
f 449/449/449 468/468/468 469/469/469
f 449/449/449 469/469/469 450/450/450
f 450/450/450 469/469/469 470/470/470
f 450/450/450 470/470/470 451/451/451
f 451/451/451 470/470/470 471/471/471
f 451/451/451 471/471/471 452/452/452
f 452/452/452 471/471/471 472/472/472
f 452/452/452 472/472/472 453/453/453
f 453/453/453 472/472/472 473/473/473
f 453/453/453 473/473/473 454/454/454
f 454/454/454 473/473/473 474/474/474
f 454/454/454 474/474/474 455/455/455
f 455/455/455 474/474/474 475/475/475
f 455/455/455 475/475/475 456/456/456
f 456/456/456 475/475/475 476/476/476
f 456/456/456 476/476/476 457/457/457
f 457/457/457 476/476/476 477/477/477
f 457/457/457 477/477/477 458/458/458
f 458/458/458 477/477/477 478/478/478
f 458/458/458 478/478/478 459/459/459
f 459/459/459 478/478/478 479/479/479
f 459/459/459 479/479/479 460/460/460
f 460/460/460 479/479/479 480/480/480
f 461/461/461 481/481/481 462/462/462
f 462/462/462 481/481/481 482/482/482
f 462/462/462 482/482/482 463/463/463
f 463/463/463 482/482/482 483/483/483
f 463/463/463 483/483/483 464/464/464
f 464/464/464 483/483/483 484/484/484
f 464/464/464 484/484/484 465/465/465
f 465/465/465 484/484/484 485/485/485
f 465/465/465 485/485/485 466/466/466
f 466/466/466 485/485/485 486/486/486
f 466/466/466 486/486/486 467/467/467
f 467/467/467 486/486/486 487/487/487
f 467/467/467 487/487/487 468/468/468
f 468/468/468 487/487/487 488/488/488
f 468/468/468 488/488/488 469/469/469
f 469/469/469 488/488/488 489/489/489
f 469/469/469 489/489/489 470/470/470
f 470/470/470 489/489/489 490/490/490
f 470/470/470 490/490/490 471/471/471
f 471/471/471 490/490/490 491/491/491
f 471/471/471 491/491/491 472/472/472
f 472/472/472 491/491/491 492/492/492
f 472/472/472 492/492/492 473/473/473
f 473/473/473 492/492/492 493/493/493
f 473/473/473 493/493/493 474/474/474
f 474/474/474 493/493/493 494/494/494
f 474/474/474 494/494/494 475/475/475
f 475/475/475 494/494/494 495/495/495
f 475/475/475 495/495/495 476/476/476
f 476/476/476 495/495/495 496/496/496
f 476/476/476 496/496/496 477/477/477
f 477/477/477 496/496/496 497/497/497
f 477/477/477 497/497/497 478/478/478
f 478/478/478 497/497/497 498/498/498
f 478/478/478 498/498/498 479/479/479
f 479/479/479 498/498/498 499/499/499
f 479/479/479 499/499/499 480/480/480
f 480/480/480 499/499/499 500/500/500
f 481/481/481 501/501/501 482/482/482
f 482/482/482 501/501/501 502/502/502
f 482/482/482 502/502/502 483/483/483
f 483/483/483 502/502/502 503/503/503
f 483/483/483 503/503/503 484/484/484
f 484/484/484 503/503/503 504/504/504
f 484/484/484 504/504/504 485/485/485
f 485/485/485 504/504/504 505/505/505
f 485/485/485 505/505/505 486/486/486
f 486/486/486 505/505/505 506/506/506
f 486/486/486 506/506/506 487/487/487
f 487/487/487 506/506/506 507/507/507
f 487/487/487 507/507/507 488/488/488
f 488/488/488 507/507/507 508/508/508
f 488/488/488 508/508/508 489/489/489
f 489/489/489 508/508/508 509/509/509
f 489/489/489 509/509/509 490/490/490
f 490/490/490 509/509/509 510/510/510
f 490/490/490 510/510/510 491/491/491
f 491/491/491 510/510/510 511/511/511
f 491/491/491 511/511/511 492/492/492
f 492/492/492 511/511/511 512/512/512
f 492/492/492 512/512/512 493/493/493
f 493/493/493 512/512/512 513/513/513
f 493/493/493 513/513/513 494/494/494
f 494/494/494 513/513/513 514/514/514
f 494/494/494 514/514/514 495/495/495
f 495/495/495 514/514/514 515/515/515
f 495/495/495 515/515/515 496/496/496
f 496/496/496 515/515/515 516/516/516
f 496/496/496 516/516/516 497/497/497
f 497/497/497 516/516/516 517/517/517
f 497/497/497 517/517/517 498/498/498
f 498/498/498 517/517/517 518/518/518
f 498/498/498 518/518/518 499/499/499
f 499/499/499 518/518/518 519/519/519
f 499/499/499 519/519/519 500/500/500
f 500/500/500 519/519/519 520/520/520
f 501/501/501 521/521/521 502/502/502
f 502/502/502 521/521/521 522/522/522
f 502/502/502 522/522/522 503/503/503
f 503/503/503 522/522/522 523/523/523
f 503/503/503 523/523/523 504/504/504
f 504/504/504 523/523/523 524/524/524
f 504/504/504 524/524/524 505/505/505
f 505/505/505 524/524/524 525/525/525
f 505/505/505 525/525/525 506/506/506
f 506/506/506 525/525/525 526/526/526
f 506/506/506 526/526/526 507/507/507
f 507/507/507 526/526/526 527/527/527
f 507/507/507 527/527/527 508/508/508
f 508/508/508 527/527/527 528/528/528
f 508/508/508 528/528/528 509/509/509
f 509/509/509 528/528/528 529/529/529
f 509/509/509 529/529/529 510/510/510
f 510/510/510 529/529/529 530/530/530
f 510/510/510 530/530/530 511/511/511
f 511/511/511 530/530/530 531/531/531
f 511/511/511 531/531/531 512/512/512
f 512/512/512 531/531/531 532/532/532
f 512/512/512 532/532/532 513/513/513
f 513/513/513 532/532/532 533/533/533
f 513/513/513 533/533/533 514/514/514
f 514/514/514 533/533/533 534/534/534
f 514/514/514 534/534/534 515/515/515
f 515/515/515 534/534/534 535/535/535
f 515/515/515 535/535/535 516/516/516
f 516/516/516 535/535/535 536/536/536
f 516/516/516 536/536/536 517/517/517
f 517/517/517 536/536/536 537/537/537
f 517/517/517 537/537/537 518/518/518
f 518/518/518 537/537/537 538/538/538
f 518/518/518 538/538/538 519/519/519
f 519/519/519 538/538/538 539/539/539
f 519/519/519 539/539/539 520/520/520
f 520/520/520 539/539/539 540/540/540
f 521/521/521 541/541/541 522/522/522
f 522/522/522 541/541/541 542/542/542
f 522/522/522 542/542/542 523/523/523
f 523/523/523 542/542/542 543/543/543
f 523/523/523 543/543/543 524/524/524
f 524/524/524 543/543/543 544/544/544
f 524/524/524 544/544/544 525/525/525
f 525/525/525 544/544/544 545/545/545
f 525/525/525 545/545/545 526/526/526
f 526/526/526 545/545/545 546/546/546
f 526/526/526 546/546/546 527/527/527
f 527/527/527 546/546/546 547/547/547
f 527/527/527 547/547/547 528/528/528
f 528/528/528 547/547/547 548/548/548
f 528/528/528 548/548/548 529/529/529
f 529/529/529 548/548/548 549/549/549
f 529/529/529 549/549/549 530/530/530
f 530/530/530 549/549/549 550/550/550
f 530/530/530 550/550/550 531/531/531
f 531/531/531 550/550/550 551/551/551
f 531/531/531 551/551/551 532/532/532
f 532/532/532 551/551/551 552/552/552
f 532/532/532 552/552/552 533/533/533
f 533/533/533 552/552/552 553/553/553
f 533/533/533 553/553/553 534/534/534
f 534/534/534 553/553/553 554/554/554
f 534/534/534 554/554/554 535/535/535
f 535/535/535 554/554/554 555/555/555
f 535/535/535 555/555/555 536/536/536
f 536/536/536 555/555/555 556/556/556
f 536/536/536 556/556/556 537/537/537
f 537/537/537 556/556/556 557/557/557
f 537/537/537 557/557/557 538/538/538
f 538/538/538 557/557/557 558/558/558
f 538/538/538 558/558/558 539/539/539
f 539/539/539 558/558/558 559/559/559
f 539/539/539 559/559/559 540/540/540
f 540/540/540 559/559/559 560/560/560
f 541/541/541 561/561/561 542/542/542
f 542/542/542 561/561/561 562/562/562
f 542/542/542 562/562/562 543/543/543
f 543/543/543 562/562/562 563/563/563
f 543/543/543 563/563/563 544/544/544
f 544/544/544 563/563/563 564/564/564
f 544/544/544 564/564/564 545/545/545
f 545/545/545 564/564/564 565/565/565
f 545/545/545 565/565/565 546/546/546
f 546/546/546 565/565/565 566/566/566
f 546/546/546 566/566/566 547/547/547
f 547/547/547 566/566/566 567/567/567
f 547/547/547 567/567/567 548/548/548
f 548/548/548 567/567/567 568/568/568
f 548/548/548 568/568/568 549/549/549
f 549/549/549 568/568/568 569/569/569
f 549/549/549 569/569/569 550/550/550
f 550/550/550 569/569/569 570/570/570
f 550/550/550 570/570/570 551/551/551
f 551/551/551 570/570/570 571/571/571
f 551/551/551 571/571/571 552/552/552
f 552/552/552 571/571/571 572/572/572
f 552/552/552 572/572/572 553/553/553
f 553/553/553 572/572/572 573/573/573
f 553/553/553 573/573/573 554/554/554
f 554/554/554 573/573/573 574/574/574
f 554/554/554 574/574/574 555/555/555
f 555/555/555 574/574/574 575/575/575
f 555/555/555 575/575/575 556/556/556
f 556/556/556 575/575/575 576/576/576
f 556/556/556 576/576/576 557/557/557
f 557/557/557 576/576/576 577/577/577
f 557/557/557 577/577/577 558/558/558
f 558/558/558 577/577/577 578/578/578
f 558/558/558 578/578/578 559/559/559
f 559/559/559 578/578/578 579/579/579
f 559/559/559 579/579/579 560/560/560
f 560/560/560 579/579/579 580/580/580
f 561/561/561 581/581/581 562/562/562
f 562/562/562 581/581/581 582/582/582
f 562/562/562 582/582/582 563/563/563
f 563/563/563 582/582/582 583/583/583
f 563/563/563 583/583/583 564/564/564
f 564/564/564 583/583/583 584/584/584
f 564/564/564 584/584/584 565/565/565
f 565/565/565 584/584/584 585/585/585
f 565/565/565 585/585/585 566/566/566
f 566/566/566 585/585/585 586/586/586
f 566/566/566 586/586/586 567/567/567
f 567/567/567 586/586/586 587/587/587
f 567/567/567 587/587/587 568/568/568
f 568/568/568 587/587/587 588/588/588
f 568/568/568 588/588/588 569/569/569
f 569/569/569 588/588/588 589/589/589
f 569/569/569 589/589/589 570/570/570
f 570/570/570 589/589/589 590/590/590
f 570/570/570 590/590/590 571/571/571
f 571/571/571 590/590/590 591/591/591
f 571/571/571 591/591/591 572/572/572
f 572/572/572 591/591/591 592/592/592
f 572/572/572 592/592/592 573/573/573
f 573/573/573 592/592/592 593/593/593
f 573/573/573 593/593/593 574/574/574
f 574/574/574 593/593/593 594/594/594
f 574/574/574 594/594/594 575/575/575
f 575/575/575 594/594/594 595/595/595
f 575/575/575 595/595/595 576/576/576
f 576/576/576 595/595/595 596/596/596
f 576/576/576 596/596/596 577/577/577
f 577/577/577 596/596/596 597/597/597
f 577/577/577 597/597/597 578/578/578
f 578/578/578 597/597/597 598/598/598
f 578/578/578 598/598/598 579/579/579
f 579/579/579 598/598/598 599/599/599
f 579/579/579 599/599/599 580/580/580
f 580/580/580 599/599/599 600/600/600
f 581/581/581 601/601/601 582/582/582
f 582/582/582 601/601/601 602/602/602
f 582/582/582 602/602/602 583/583/583
f 583/583/583 602/602/602 603/603/603
f 583/583/583 603/603/603 584/584/584
f 584/584/584 603/603/603 604/604/604
f 584/584/584 604/604/604 585/585/585
f 585/585/585 604/604/604 605/605/605
f 585/585/585 605/605/605 586/586/586
f 586/586/586 605/605/605 606/606/606
f 586/586/586 606/606/606 587/587/587
f 587/587/587 606/606/606 607/607/607
f 587/587/587 607/607/607 588/588/588
f 588/588/588 607/607/607 608/608/608
f 588/588/588 608/608/608 589/589/589
f 589/589/589 608/608/608 609/609/609
f 589/589/589 609/609/609 590/590/590
f 590/590/590 609/609/609 610/610/610
f 590/590/590 610/610/610 591/591/591
f 591/591/591 610/610/610 611/611/611
f 591/591/591 611/611/611 592/592/592
f 592/592/592 611/611/611 612/612/612
f 592/592/592 612/612/612 593/593/593
f 593/593/593 612/612/612 613/613/613
f 593/593/593 613/613/613 594/594/594
f 594/594/594 613/613/613 614/614/614
f 594/594/594 614/614/614 595/595/595
f 595/595/595 614/614/614 615/615/615
f 595/595/595 615/615/615 596/596/596
f 596/596/596 615/615/615 616/616/616
f 596/596/596 616/616/616 597/597/597
f 597/597/597 616/616/616 617/617/617
f 597/597/597 617/617/617 598/598/598
f 598/598/598 617/617/617 618/618/618
f 598/598/598 618/618/618 599/599/599
f 599/599/599 618/618/618 619/619/619
f 599/599/599 619/619/619 600/600/600
f 600/600/600 619/619/619 620/620/620
f 601/601/601 621/621/621 602/602/602
f 602/602/602 621/621/621 622/622/622
f 602/602/602 622/622/622 603/603/603
f 603/603/603 622/622/622 623/623/623
f 603/603/603 623/623/623 604/604/604
f 604/604/604 623/623/623 624/624/624
f 604/604/604 624/624/624 605/605/605
f 605/605/605 624/624/624 625/625/625
f 605/605/605 625/625/625 606/606/606
f 606/606/606 625/625/625 626/626/626
f 606/606/606 626/626/626 607/607/607
f 607/607/607 626/626/626 627/627/627
f 607/607/607 627/627/627 608/608/608
f 608/608/608 627/627/627 628/628/628
f 608/608/608 628/628/628 609/609/609
f 609/609/609 628/628/628 629/629/629
f 609/609/609 629/629/629 610/610/610
f 610/610/610 629/629/629 630/630/630
f 610/610/610 630/630/630 611/611/611
f 611/611/611 630/630/630 631/631/631
f 611/611/611 631/631/631 612/612/612
f 612/612/612 631/631/631 632/632/632
f 612/612/612 632/632/632 613/613/613
f 613/613/613 632/632/632 633/633/633
f 613/613/613 633/633/633 614/614/614
f 614/614/614 633/633/633 634/634/634
f 614/614/614 634/634/634 615/615/615
f 615/615/615 634/634/634 635/635/635
f 615/615/615 635/635/635 616/616/616
f 616/616/616 635/635/635 636/636/636
f 616/616/616 636/636/636 617/617/617
f 617/617/617 636/636/636 637/637/637
f 617/617/617 637/637/637 618/618/618
f 618/618/618 637/637/637 638/638/638
f 618/618/618 638/638/638 619/619/619
f 619/619/619 638/638/638 639/639/639
f 619/619/619 639/639/639 620/620/620
f 620/620/620 639/639/639 640/640/640
f 621/621/621 641/641/641 622/622/622
f 622/622/622 641/641/641 642/642/642
f 622/622/622 642/642/642 623/623/623
f 623/623/623 642/642/642 643/643/643
f 623/623/623 643/643/643 624/624/624
f 624/624/624 643/643/643 644/644/644
f 624/624/624 644/644/644 625/625/625
f 625/625/625 644/644/644 645/645/645
f 625/625/625 645/645/645 626/626/626
f 626/626/626 645/645/645 646/646/646
f 626/626/626 646/646/646 627/627/627
f 627/627/627 646/646/646 647/647/647
f 627/627/627 647/647/647 628/628/628
f 628/628/628 647/647/647 648/648/648
f 628/628/628 648/648/648 629/629/629
f 629/629/629 648/648/648 649/649/649
f 629/629/629 649/649/649 630/630/630
f 630/630/630 649/649/649 650/650/650
f 630/630/630 650/650/650 631/631/631
f 631/631/631 650/650/650 651/651/651
f 631/631/631 651/651/651 632/632/632
f 632/632/632 651/651/651 652/652/652
f 632/632/632 652/652/652 633/633/633
f 633/633/633 652/652/652 653/653/653
f 633/633/633 653/653/653 634/634/634
f 634/634/634 653/653/653 654/654/654
f 634/634/634 654/654/654 635/635/635
f 635/635/635 654/654/654 655/655/655
f 635/635/635 655/655/655 636/636/636
f 636/636/636 655/655/655 656/656/656
f 636/636/636 656/656/656 637/637/637
f 637/637/637 656/656/656 657/657/657
f 637/637/637 657/657/657 638/638/638
f 638/638/638 657/657/657 658/658/658
f 638/638/638 658/658/658 639/639/639
f 639/639/639 658/658/658 659/659/659
f 639/639/639 659/659/659 640/640/640
f 640/640/640 659/659/659 660/660/660
f 641/641/641 661/661/661 642/642/642
f 642/642/642 661/661/661 662/662/662
f 642/642/642 662/662/662 643/643/643
f 643/643/643 662/662/662 663/663/663
f 643/643/643 663/663/663 644/644/644
f 644/644/644 663/663/663 664/664/664
f 644/644/644 664/664/664 645/645/645
f 645/645/645 664/664/664 665/665/665
f 645/645/645 665/665/665 646/646/646
f 646/646/646 665/665/665 666/666/666
f 646/646/646 666/666/666 647/647/647
f 647/647/647 666/666/666 667/667/667
f 647/647/647 667/667/667 648/648/648
f 648/648/648 667/667/667 668/668/668
f 648/648/648 668/668/668 649/649/649
f 649/649/649 668/668/668 669/669/669
f 649/649/649 669/669/669 650/650/650
f 650/650/650 669/669/669 670/670/670
f 650/650/650 670/670/670 651/651/651
f 651/651/651 670/670/670 671/671/671
f 651/651/651 671/671/671 652/652/652
f 652/652/652 671/671/671 672/672/672
f 652/652/652 672/672/672 653/653/653
f 653/653/653 672/672/672 673/673/673
f 653/653/653 673/673/673 654/654/654
f 654/654/654 673/673/673 674/674/674
f 654/654/654 674/674/674 655/655/655
f 655/655/655 674/674/674 675/675/675
f 655/655/655 675/675/675 656/656/656
f 656/656/656 675/675/675 676/676/676
f 656/656/656 676/676/676 657/657/657
f 657/657/657 676/676/676 677/677/677
f 657/657/657 677/677/677 658/658/658
f 658/658/658 677/677/677 678/678/678
f 658/658/658 678/678/678 659/659/659
f 659/659/659 678/678/678 679/679/679
f 659/659/659 679/679/679 660/660/660
f 660/660/660 679/679/679 680/680/680
f 661/661/661 681/681/681 662/662/662
f 662/662/662 681/681/681 682/682/682
f 662/662/662 682/682/682 663/663/663
f 663/663/663 682/682/682 683/683/683
f 663/663/663 683/683/683 664/664/664
f 664/664/664 683/683/683 684/684/684
f 664/664/664 684/684/684 665/665/665
f 665/665/665 684/684/684 685/685/685
f 665/665/665 685/685/685 666/666/666
f 666/666/666 685/685/685 686/686/686
f 666/666/666 686/686/686 667/667/667
f 667/667/667 686/686/686 687/687/687
f 667/667/667 687/687/687 668/668/668
f 668/668/668 687/687/687 688/688/688
f 668/668/668 688/688/688 669/669/669
f 669/669/669 688/688/688 689/689/689
f 669/669/669 689/689/689 670/670/670
f 670/670/670 689/689/689 690/690/690
f 670/670/670 690/690/690 671/671/671
f 671/671/671 690/690/690 691/691/691
f 671/671/671 691/691/691 672/672/672
f 672/672/672 691/691/691 692/692/692
f 672/672/672 692/692/692 673/673/673
f 673/673/673 692/692/692 693/693/693
f 673/673/673 693/693/693 674/674/674
f 674/674/674 693/693/693 694/694/694
f 674/674/674 694/694/694 675/675/675
f 675/675/675 694/694/694 695/695/695
f 675/675/675 695/695/695 676/676/676
f 676/676/676 695/695/695 696/696/696
f 676/676/676 696/696/696 677/677/677
f 677/677/677 696/696/696 697/697/697
f 677/677/677 697/697/697 678/678/678
f 678/678/678 697/697/697 698/698/698
f 678/678/678 698/698/698 679/679/679
f 679/679/679 698/698/698 699/699/699
f 679/679/679 699/699/699 680/680/680
f 680/680/680 699/699/699 700/700/700
f 681/681/681 701/701/701 682/682/682
f 682/682/682 701/701/701 702/702/702
f 682/682/682 702/702/702 683/683/683
f 683/683/683 702/702/702 703/703/703
f 683/683/683 703/703/703 684/684/684
f 684/684/684 703/703/703 704/704/704
f 684/684/684 704/704/704 685/685/685
f 685/685/685 704/704/704 705/705/705
f 685/685/685 705/705/705 686/686/686
f 686/686/686 705/705/705 706/706/706
f 686/686/686 706/706/706 687/687/687
f 687/687/687 706/706/706 707/707/707
f 687/687/687 707/707/707 688/688/688
f 688/688/688 707/707/707 708/708/708
f 688/688/688 708/708/708 689/689/689
f 689/689/689 708/708/708 709/709/709
f 689/689/689 709/709/709 690/690/690
f 690/690/690 709/709/709 710/710/710
f 690/690/690 710/710/710 691/691/691
f 691/691/691 710/710/710 711/711/711
f 691/691/691 711/711/711 692/692/692
f 692/692/692 711/711/711 712/712/712
f 692/692/692 712/712/712 693/693/693
f 693/693/693 712/712/712 713/713/713
f 693/693/693 713/713/713 694/694/694
f 694/694/694 713/713/713 714/714/714
f 694/694/694 714/714/714 695/695/695
f 695/695/695 714/714/714 715/715/715
f 695/695/695 715/715/715 696/696/696
f 696/696/696 715/715/715 716/716/716
f 696/696/696 716/716/716 697/697/697
f 697/697/697 716/716/716 717/717/717
f 697/697/697 717/717/717 698/698/698
f 698/698/698 717/717/717 718/718/718
f 698/698/698 718/718/718 699/699/699
f 699/699/699 718/718/718 719/719/719
f 699/699/699 719/719/719 700/700/700
f 700/700/700 719/719/719 720/720/720
f 701/701/701 721/721/721 702/702/702
f 702/702/702 721/721/721 722/722/722
f 702/702/702 722/722/722 703/703/703
f 703/703/703 722/722/722 723/723/723
f 703/703/703 723/723/723 704/704/704
f 704/704/704 723/723/723 724/724/724
f 704/704/704 724/724/724 705/705/705
f 705/705/705 724/724/724 725/725/725
f 705/705/705 725/725/725 706/706/706
f 706/706/706 725/725/725 726/726/726
f 706/706/706 726/726/726 707/707/707
f 707/707/707 726/726/726 727/727/727
f 707/707/707 727/727/727 708/708/708
f 708/708/708 727/727/727 728/728/728
f 708/708/708 728/728/728 709/709/709
f 709/709/709 728/728/728 729/729/729
f 709/709/709 729/729/729 710/710/710
f 710/710/710 729/729/729 730/730/730
f 710/710/710 730/730/730 711/711/711
f 711/711/711 730/730/730 731/731/731
f 711/711/711 731/731/731 712/712/712
f 712/712/712 731/731/731 732/732/732
f 712/712/712 732/732/732 713/713/713
f 713/713/713 732/732/732 733/733/733
f 713/713/713 733/733/733 714/714/714
f 714/714/714 733/733/733 734/734/734
f 714/714/714 734/734/734 715/715/715
f 715/715/715 734/734/734 735/735/735
f 715/715/715 735/735/735 716/716/716
f 716/716/716 735/735/735 736/736/736
f 716/716/716 736/736/736 717/717/717
f 717/717/717 736/736/736 737/737/737
f 717/717/717 737/737/737 718/718/718
f 718/718/718 737/737/737 738/738/738
f 718/718/718 738/738/738 719/719/719
f 719/719/719 738/738/738 739/739/739
f 719/719/719 739/739/739 720/720/720
f 720/720/720 739/739/739 740/740/740
f 721/721/721 741/741/741 722/722/722
f 722/722/722 741/741/741 742/742/742
f 722/722/722 742/742/742 723/723/723
f 723/723/723 742/742/742 743/743/743
f 723/723/723 743/743/743 724/724/724
f 724/724/724 743/743/743 744/744/744
f 724/724/724 744/744/744 725/725/725
f 725/725/725 744/744/744 745/745/745
f 725/725/725 745/745/745 726/726/726
f 726/726/726 745/745/745 746/746/746
f 726/726/726 746/746/746 727/727/727
f 727/727/727 746/746/746 747/747/747
f 727/727/727 747/747/747 728/728/728
f 728/728/728 747/747/747 748/748/748
f 728/728/728 748/748/748 729/729/729
f 729/729/729 748/748/748 749/749/749
f 729/729/729 749/749/749 730/730/730
f 730/730/730 749/749/749 750/750/750
f 730/730/730 750/750/750 731/731/731
f 731/731/731 750/750/750 751/751/751
f 731/731/731 751/751/751 732/732/732
f 732/732/732 751/751/751 752/752/752
f 732/732/732 752/752/752 733/733/733
f 733/733/733 752/752/752 753/753/753
f 733/733/733 753/753/753 734/734/734
f 734/734/734 753/753/753 754/754/754
f 734/734/734 754/754/754 735/735/735
f 735/735/735 754/754/754 755/755/755
f 735/735/735 755/755/755 736/736/736
f 736/736/736 755/755/755 756/756/756
f 736/736/736 756/756/756 737/737/737
f 737/737/737 756/756/756 757/757/757
f 737/737/737 757/757/757 738/738/738
f 738/738/738 757/757/757 758/758/758
f 738/738/738 758/758/758 739/739/739
f 739/739/739 758/758/758 759/759/759
f 739/739/739 759/759/759 740/740/740
f 740/740/740 759/759/759 760/760/760
f 741/741/741 761/761/761 742/742/742
f 742/742/742 761/761/761 762/762/762
f 742/742/742 762/762/762 743/743/743
f 743/743/743 762/762/762 763/763/763
f 743/743/743 763/763/763 744/744/744
f 744/744/744 763/763/763 764/764/764
f 744/744/744 764/764/764 745/745/745
f 745/745/745 764/764/764 765/765/765
f 745/745/745 765/765/765 746/746/746
f 746/746/746 765/765/765 766/766/766
f 746/746/746 766/766/766 747/747/747
f 747/747/747 766/766/766 767/767/767
f 747/747/747 767/767/767 748/748/748
f 748/748/748 767/767/767 768/768/768
f 748/748/748 768/768/768 749/749/749
f 749/749/749 768/768/768 769/769/769
f 749/749/749 769/769/769 750/750/750
f 750/750/750 769/769/769 770/770/770
f 750/750/750 770/770/770 751/751/751
f 751/751/751 770/770/770 771/771/771
f 751/751/751 771/771/771 752/752/752
f 752/752/752 771/771/771 772/772/772
f 752/752/752 772/772/772 753/753/753
f 753/753/753 772/772/772 773/773/773
f 753/753/753 773/773/773 754/754/754
f 754/754/754 773/773/773 774/774/774
f 754/754/754 774/774/774 755/755/755
f 755/755/755 774/774/774 775/775/775
f 755/755/755 775/775/775 756/756/756
f 756/756/756 775/775/775 776/776/776
f 756/756/756 776/776/776 757/757/757
f 757/757/757 776/776/776 777/777/777
f 757/757/757 777/777/777 758/758/758
f 758/758/758 777/777/777 778/778/778
f 758/758/758 778/778/778 759/759/759
f 759/759/759 778/778/778 779/779/779
f 759/759/759 779/779/779 760/760/760
f 760/760/760 779/779/779 780/780/780
f 761/761/761 781/781/781 762/762/762
f 762/762/762 781/781/781 782/782/782
f 762/762/762 782/782/782 763/763/763
f 763/763/763 782/782/782 783/783/783
f 763/763/763 783/783/783 764/764/764
f 764/764/764 783/783/783 784/784/784
f 764/764/764 784/784/784 765/765/765
f 765/765/765 784/784/784 785/785/785
f 765/765/765 785/785/785 766/766/766
f 766/766/766 785/785/785 786/786/786
f 766/766/766 786/786/786 767/767/767
f 767/767/767 786/786/786 787/787/787
f 767/767/767 787/787/787 768/768/768
f 768/768/768 787/787/787 788/788/788
f 768/768/768 788/788/788 769/769/769
f 769/769/769 788/788/788 789/789/789
f 769/769/769 789/789/789 770/770/770
f 770/770/770 789/789/789 790/790/790
f 770/770/770 790/790/790 771/771/771
f 771/771/771 790/790/790 791/791/791
f 771/771/771 791/791/791 772/772/772
f 772/772/772 791/791/791 792/792/792
f 772/772/772 792/792/792 773/773/773
f 773/773/773 792/792/792 793/793/793
f 773/773/773 793/793/793 774/774/774
f 774/774/774 793/793/793 794/794/794
f 774/774/774 794/794/794 775/775/775
f 775/775/775 794/794/794 795/795/795
f 775/775/775 795/795/795 776/776/776
f 776/776/776 795/795/795 796/796/796
f 776/776/776 796/796/796 777/777/777
f 777/777/777 796/796/796 797/797/797
f 777/777/777 797/797/797 778/778/778
f 778/778/778 797/797/797 798/798/798
f 778/778/778 798/798/798 779/779/779
f 779/779/779 798/798/798 799/799/799
f 779/779/779 799/799/799 780/780/780
f 780/780/780 799/799/799 800/800/800

# Patch: connector_string
o connector_string
usemtl bikini_b4712973_material
v 0.030000 1.290000 0.110500
v 0.030000 1.290000 0.108000
v 0.030000 1.290000 0.105500
v 0.021429 1.290000 0.110500
v 0.021429 1.290000 0.108000
v 0.021429 1.290000 0.105500
v 0.012857 1.290000 0.110500
v 0.012857 1.290000 0.108000
v 0.012857 1.290000 0.105500
v 0.004286 1.290000 0.110500
v 0.004286 1.290000 0.108000
v 0.004286 1.290000 0.105500
v -0.004286 1.290000 0.110500
v -0.004286 1.290000 0.108000
v -0.004286 1.290000 0.105500
v -0.012857 1.290000 0.110500
v -0.012857 1.290000 0.108000
v -0.012857 1.290000 0.105500
v -0.021429 1.290000 0.110500
v -0.021429 1.290000 0.108000
v -0.021429 1.290000 0.105500
v -0.030000 1.290000 0.110500
v -0.030000 1.290000 0.108000
v -0.030000 1.290000 0.105500
vn 0.000000 -1.000000 0.000000
vn 0.000000 -1.000000 0.000000
vn 0.000000 -1.000000 0.000000
vn 0.000000 -1.000000 0.000000
vn 0.000000 -1.000000 0.000000
vn 0.000000 -1.000000 0.000000
vn 0.000000 -1.000000 0.000000
vn 0.000000 -1.000000 0.000000
vn 0.000000 -1.000000 0.000000
vn 0.000000 -1.000000 0.000000
vn 0.000000 -1.000000 0.000000
vn 0.000000 -1.000000 0.000000
vn 0.000000 -1.000000 0.000000
vn 0.000000 -1.000000 0.000000
vn 0.000000 -1.000000 0.000000
vn 0.000000 -1.000000 0.000000
vn 0.000000 -1.000000 0.000000
vn 0.000000 -1.000000 0.000000
vn 0.000000 -1.000000 0.000000
vn 0.000000 -1.000000 0.000000
vn 0.000000 -1.000000 0.000000
vn 0.000000 -1.000000 0.000000
vn 0.000000 -1.000000 0.000000
vn 0.000000 -1.000000 0.000000
vt 0.673333 0.020000
vt 0.673333 0.173333
vt 0.673333 0.326667
vt 0.717143 0.020000
vt 0.717143 0.173333
vt 0.717143 0.326667
vt 0.760952 0.020000
vt 0.760952 0.173333
vt 0.760952 0.326667
vt 0.804762 0.020000
vt 0.804762 0.173333
vt 0.804762 0.326667
vt 0.848571 0.020000
vt 0.848571 0.173333
vt 0.848571 0.326667
vt 0.892381 0.020000
vt 0.892381 0.173333
vt 0.892381 0.326667
vt 0.936190 0.020000
vt 0.936190 0.173333
vt 0.936190 0.326667
vt 0.980000 0.020000
vt 0.980000 0.173333
vt 0.980000 0.326667
f 801/801/801 804/804/804 802/802/802
f 802/802/802 804/804/804 805/805/805
f 802/802/802 805/805/805 803/803/803
f 803/803/803 805/805/805 806/806/806
f 804/804/804 807/807/807 805/805/805
f 805/805/805 807/807/807 808/808/808
f 805/805/805 808/808/808 806/806/806
f 806/806/806 808/808/808 809/809/809
f 807/807/807 810/810/810 808/808/808
f 808/808/808 810/810/810 811/811/811
f 808/808/808 811/811/811 809/809/809
f 809/809/809 811/811/811 812/812/812
f 810/810/810 813/813/813 811/811/811
f 811/811/811 813/813/813 814/814/814
f 811/811/811 814/814/814 812/812/812
f 812/812/812 814/814/814 815/815/815
f 813/813/813 816/816/816 814/814/814
f 814/814/814 816/816/816 817/817/817
f 814/814/814 817/817/817 815/815/815
f 815/815/815 817/817/817 818/818/818
f 816/816/816 819/819/819 817/817/817
f 817/817/817 819/819/819 820/820/820
f 817/817/817 820/820/820 818/818/818
f 818/818/818 820/820/820 821/821/821
f 819/819/819 822/822/822 820/820/820
f 820/820/820 822/822/822 823/823/823
f 820/820/820 823/823/823 821/821/821
f 821/821/821 823/823/823 824/824/824

# Patch: strap_left_halter
o strap_left_halter
usemtl bikini_b4712973_material
v -0.077420 1.328000 0.120338
v -0.074473 1.328000 0.118779
v -0.071527 1.328000 0.117221
v -0.068580 1.328000 0.115662
v -0.091086 1.344000 0.094505
v -0.088140 1.344000 0.092946
v -0.085193 1.344000 0.091387
v -0.082247 1.344000 0.089829
v -0.104753 1.360000 0.068671
v -0.101807 1.360000 0.067113
v -0.098860 1.360000 0.065554
v -0.095914 1.360000 0.063995
v -0.118420 1.376000 0.042838
v -0.115473 1.376000 0.041279
v -0.112527 1.376000 0.039721
v -0.109580 1.376000 0.038162
v -0.132086 1.392000 0.017005
v -0.129140 1.392000 0.015446
v -0.126193 1.392000 0.013887
v -0.123247 1.392000 0.012329
v -0.145753 1.408000 -0.008829
v -0.142807 1.408000 -0.010387
v -0.139860 1.408000 -0.011946
v -0.136914 1.408000 -0.013505
v -0.159883 1.424000 -0.038077
v -0.156628 1.424000 -0.037359
v -0.153372 1.424000 -0.036641
v -0.150117 1.424000 -0.035923
v -0.135691 1.427083 -0.048429
v -0.134675 1.427083 -0.045254
v -0.133659 1.427083 -0.042079
v -0.132643 1.427083 -0.038905
v -0.114857 1.430167 -0.055095
v -0.113841 1.430167 -0.051921
v -0.112825 1.430167 -0.048746
v -0.111809 1.430167 -0.045571
v -0.094024 1.433250 -0.061762
v -0.093008 1.433250 -0.058587
v -0.091992 1.433250 -0.055413
v -0.090976 1.433250 -0.052238
v -0.073191 1.436333 -0.068429
v -0.072175 1.436333 -0.065254
v -0.071159 1.436333 -0.062079
v -0.070143 1.436333 -0.058905
v -0.052357 1.439417 -0.075095
v -0.051341 1.439417 -0.071921
v -0.050325 1.439417 -0.068746
v -0.049309 1.439417 -0.065571
v -0.031847 1.442500 -0.081646
v -0.030616 1.442500 -0.078549
v -0.029384 1.442500 -0.075451
v -0.028153 1.442500 -0.072354
v -0.026774 1.442500 -0.085160
v -0.024925 1.442500 -0.082387
v -0.023075 1.442500 -0.079613
v -0.021226 1.442500 -0.076840
v -0.020774 1.442500 -0.089160
v -0.018925 1.442500 -0.086387
v -0.017075 1.442500 -0.083613
v -0.015226 1.442500 -0.080840
v -0.014774 1.442500 -0.093160
v -0.012925 1.442500 -0.090387
v -0.011075 1.442500 -0.087613
v -0.009226 1.442500 -0.084840
v -0.008774 1.442500 -0.097160
v -0.006925 1.442500 -0.094387
v -0.005075 1.442500 -0.091613
v -0.003226 1.442500 -0.088840
v -0.002774 1.442500 -0.101160
v -0.000925 1.442500 -0.098387
v 0.000925 1.442500 -0.095613
v 0.002774 1.442500 -0.092840
vn -0.224559 -0.877153 -0.424471
vn -0.224559 -0.877153 -0.424471
vn -0.224559 -0.877153 -0.424471
vn -0.224559 -0.877153 -0.424471
vn -0.224559 -0.877153 -0.424471
vn -0.224559 -0.877153 -0.424471
vn -0.224559 -0.877153 -0.424471
vn -0.224559 -0.877153 -0.424471
vn -0.224559 -0.877153 -0.424471
vn -0.224559 -0.877153 -0.424471
vn -0.224559 -0.877153 -0.424471
vn -0.224559 -0.877153 -0.424471
vn -0.224559 -0.877153 -0.424471
vn -0.224559 -0.877153 -0.424471
vn -0.224559 -0.877153 -0.424471
vn -0.224559 -0.877153 -0.424471
vn -0.224559 -0.877153 -0.424471
vn -0.224559 -0.877153 -0.424471
vn -0.224559 -0.877153 -0.424471
vn -0.224559 -0.877153 -0.424471
vn -0.218335 -0.884310 -0.412706
vn -0.172394 -0.882177 -0.438229
vn -0.177515 -0.874566 -0.451246
vn -0.129585 -0.859755 -0.493993
vn -0.043017 -0.907392 -0.418078
vn 0.026923 -0.923061 -0.383710
vn 0.029956 -0.903786 -0.426934
vn 0.139170 -0.911668 -0.386643
vn 0.107070 -0.991020 -0.080098
vn 0.124761 -0.990205 -0.062674
vn 0.134085 -0.988678 -0.067357
vn 0.142110 -0.988806 -0.045475
vn 0.132938 -0.990211 -0.042540
vn 0.132938 -0.990211 -0.042540
vn 0.132938 -0.990211 -0.042540
vn 0.132938 -0.990211 -0.042540
vn 0.132938 -0.990211 -0.042540
vn 0.132938 -0.990211 -0.042540
vn 0.132938 -0.990211 -0.042540
vn 0.132938 -0.990211 -0.042540
vn 0.132938 -0.990211 -0.042540
vn 0.132938 -0.990211 -0.042540
vn 0.132938 -0.990211 -0.042540
vn 0.132938 -0.990211 -0.042540
vn 0.133623 -0.990109 -0.042759
vn 0.133020 -0.990125 -0.044250
vn 0.132338 -0.990226 -0.044023
vn 0.131068 -0.990339 -0.045273
vn 0.116889 -0.992262 -0.041879
vn 0.101383 -0.994135 -0.037639
vn 0.098222 -0.994496 -0.036465
vn 0.075515 -0.996693 -0.030018
vn 0.000000 -1.000000 0.000000
vn 0.000000 -1.000000 0.000000
vn 0.000000 -1.000000 0.000000
vn 0.000000 -1.000000 0.000000
vn 0.000000 -1.000000 0.000000
vn 0.000000 -1.000000 0.000000
vn 0.000000 -1.000000 0.000000
vn 0.000000 -1.000000 0.000000
vn 0.000000 -1.000000 0.000000
vn 0.000000 -1.000000 0.000000
vn 0.000000 -1.000000 0.000000
vn 0.000000 -1.000000 0.000000
vn 0.000000 -1.000000 0.000000
vn 0.000000 -1.000000 0.000000
vn 0.000000 -1.000000 0.000000
vn 0.000000 -1.000000 0.000000
vn 0.000000 -1.000000 0.000000
vn 0.000000 -1.000000 0.000000
vn 0.000000 -1.000000 0.000000
vn 0.000000 -1.000000 0.000000
vt 0.020000 0.346667
vt 0.020000 0.448889
vt 0.020000 0.551111
vt 0.020000 0.653333
vt 0.038039 0.346667
vt 0.038039 0.448889
vt 0.038039 0.551111
vt 0.038039 0.653333
vt 0.056078 0.346667
vt 0.056078 0.448889
vt 0.056078 0.551111
vt 0.056078 0.653333
vt 0.074118 0.346667
vt 0.074118 0.448889
vt 0.074118 0.551111
vt 0.074118 0.653333
vt 0.092157 0.346667
vt 0.092157 0.448889
vt 0.092157 0.551111
vt 0.092157 0.653333
vt 0.110196 0.346667
vt 0.110196 0.448889
vt 0.110196 0.551111
vt 0.110196 0.653333
vt 0.128235 0.346667
vt 0.128235 0.448889
vt 0.128235 0.551111
vt 0.128235 0.653333
vt 0.146275 0.346667
vt 0.146275 0.448889
vt 0.146275 0.551111
vt 0.146275 0.653333
vt 0.164314 0.346667
vt 0.164314 0.448889
vt 0.164314 0.551111
vt 0.164314 0.653333
vt 0.182353 0.346667
vt 0.182353 0.448889
vt 0.182353 0.551111
vt 0.182353 0.653333
vt 0.200392 0.346667
vt 0.200392 0.448889
vt 0.200392 0.551111
vt 0.200392 0.653333
vt 0.218431 0.346667
vt 0.218431 0.448889
vt 0.218431 0.551111
vt 0.218431 0.653333
vt 0.236471 0.346667
vt 0.236471 0.448889
vt 0.236471 0.551111
vt 0.236471 0.653333
vt 0.254510 0.346667
vt 0.254510 0.448889
vt 0.254510 0.551111
vt 0.254510 0.653333
vt 0.272549 0.346667
vt 0.272549 0.448889
vt 0.272549 0.551111
vt 0.272549 0.653333
vt 0.290588 0.346667
vt 0.290588 0.448889
vt 0.290588 0.551111
vt 0.290588 0.653333
vt 0.308627 0.346667
vt 0.308627 0.448889
vt 0.308627 0.551111
vt 0.308627 0.653333
vt 0.326667 0.346667
vt 0.326667 0.448889
vt 0.326667 0.551111
vt 0.326667 0.653333
f 825/825/825 829/829/829 826/826/826
f 826/826/826 829/829/829 830/830/830
f 826/826/826 830/830/830 827/827/827
f 827/827/827 830/830/830 831/831/831
f 827/827/827 831/831/831 828/828/828
f 828/828/828 831/831/831 832/832/832
f 829/829/829 833/833/833 830/830/830
f 830/830/830 833/833/833 834/834/834
f 830/830/830 834/834/834 831/831/831
f 831/831/831 834/834/834 835/835/835
f 831/831/831 835/835/835 832/832/832
f 832/832/832 835/835/835 836/836/836
f 833/833/833 837/837/837 834/834/834
f 834/834/834 837/837/837 838/838/838
f 834/834/834 838/838/838 835/835/835
f 835/835/835 838/838/838 839/839/839
f 835/835/835 839/839/839 836/836/836
f 836/836/836 839/839/839 840/840/840
f 837/837/837 841/841/841 838/838/838
f 838/838/838 841/841/841 842/842/842
f 838/838/838 842/842/842 839/839/839
f 839/839/839 842/842/842 843/843/843
f 839/839/839 843/843/843 840/840/840
f 840/840/840 843/843/843 844/844/844
f 841/841/841 845/845/845 842/842/842
f 842/842/842 845/845/845 846/846/846
f 842/842/842 846/846/846 843/843/843
f 843/843/843 846/846/846 847/847/847
f 843/843/843 847/847/847 844/844/844
f 844/844/844 847/847/847 848/848/848
f 845/845/845 849/849/849 846/846/846
f 846/846/846 849/849/849 850/850/850
f 846/846/846 850/850/850 847/847/847
f 847/847/847 850/850/850 851/851/851
f 847/847/847 851/851/851 848/848/848
f 848/848/848 851/851/851 852/852/852
f 849/849/849 853/853/853 850/850/850
f 850/850/850 853/853/853 854/854/854
f 850/850/850 854/854/854 851/851/851
f 851/851/851 854/854/854 855/855/855
f 851/851/851 855/855/855 852/852/852
f 852/852/852 855/855/855 856/856/856
f 853/853/853 857/857/857 854/854/854
f 854/854/854 857/857/857 858/858/858
f 854/854/854 858/858/858 855/855/855
f 855/855/855 858/858/858 859/859/859
f 855/855/855 859/859/859 856/856/856
f 856/856/856 859/859/859 860/860/860
f 857/857/857 861/861/861 858/858/858
f 858/858/858 861/861/861 862/862/862
f 858/858/858 862/862/862 859/859/859
f 859/859/859 862/862/862 863/863/863
f 859/859/859 863/863/863 860/860/860
f 860/860/860 863/863/863 864/864/864
f 861/861/861 865/865/865 862/862/862
f 862/862/862 865/865/865 866/866/866
f 862/862/862 866/866/866 863/863/863
f 863/863/863 866/866/866 867/867/867
f 863/863/863 867/867/867 864/864/864
f 864/864/864 867/867/867 868/868/868
f 865/865/865 869/869/869 866/866/866
f 866/866/866 869/869/869 870/870/870
f 866/866/866 870/870/870 867/867/867
f 867/867/867 870/870/870 871/871/871
f 867/867/867 871/871/871 868/868/868
f 868/868/868 871/871/871 872/872/872
f 869/869/869 873/873/873 870/870/870
f 870/870/870 873/873/873 874/874/874
f 870/870/870 874/874/874 871/871/871
f 871/871/871 874/874/874 875/875/875
f 871/871/871 875/875/875 872/872/872
f 872/872/872 875/875/875 876/876/876
f 873/873/873 877/877/877 874/874/874
f 874/874/874 877/877/877 878/878/878
f 874/874/874 878/878/878 875/875/875
f 875/875/875 878/878/878 879/879/879
f 875/875/875 879/879/879 876/876/876
f 876/876/876 879/879/879 880/880/880
f 877/877/877 881/881/881 878/878/878
f 878/878/878 881/881/881 882/882/882
f 878/878/878 882/882/882 879/879/879
f 879/879/879 882/882/882 883/883/883
f 879/879/879 883/883/883 880/880/880
f 880/880/880 883/883/883 884/884/884
f 881/881/881 885/885/885 882/882/882
f 882/882/882 885/885/885 886/886/886
f 882/882/882 886/886/886 883/883/883
f 883/883/883 886/886/886 887/887/887
f 883/883/883 887/887/887 884/884/884
f 884/884/884 887/887/887 888/888/888
f 885/885/885 889/889/889 886/886/886
f 886/886/886 889/889/889 890/890/890
f 886/886/886 890/890/890 887/887/887
f 887/887/887 890/890/890 891/891/891
f 887/887/887 891/891/891 888/888/888
f 888/888/888 891/891/891 892/892/892
f 889/889/889 893/893/893 890/890/890
f 890/890/890 893/893/893 894/894/894
f 890/890/890 894/894/894 891/891/891
f 891/891/891 894/894/894 895/895/895
f 891/891/891 895/895/895 892/892/892
f 892/892/892 895/895/895 896/896/896

# Patch: strap_right_halter
o strap_right_halter
usemtl bikini_b4712973_material
v 0.067623 1.327000 0.115583
v 0.070541 1.327000 0.117194
v 0.073459 1.327000 0.118806
v 0.076377 1.327000 0.120417
v 0.082623 1.342667 0.088417
v 0.085541 1.342667 0.090028
v 0.088459 1.342667 0.091639
v 0.091377 1.342667 0.093250
v 0.097623 1.358333 0.061250
v 0.100541 1.358333 0.062861
v 0.103459 1.358333 0.064472
v 0.106377 1.358333 0.066083
v 0.112623 1.374000 0.034083
v 0.115541 1.374000 0.035694
v 0.118459 1.374000 0.037306
v 0.121377 1.374000 0.038917
v 0.127623 1.389667 0.006917
v 0.130541 1.389667 0.008528
v 0.133459 1.389667 0.010139
v 0.136377 1.389667 0.011750
v 0.142623 1.405333 -0.020250
v 0.145541 1.405333 -0.018639
v 0.148459 1.405333 -0.017028
v 0.151377 1.405333 -0.015417
v 0.157112 1.421000 -0.043947
v 0.160371 1.421000 -0.044649
v 0.163629 1.421000 -0.045351
v 0.166888 1.421000 -0.046053
v 0.138822 1.424583 -0.045474
v 0.139607 1.424583 -0.048714
v 0.140393 1.424583 -0.051953
v 0.141178 1.424583 -0.055193
v 0.116822 1.428167 -0.050807
v 0.117607 1.428167 -0.054047
v 0.118393 1.428167 -0.057286
v 0.119178 1.428167 -0.060526
v 0.094822 1.431750 -0.056141
v 0.095607 1.431750 -0.059380
v 0.096393 1.431750 -0.062620
v 0.097178 1.431750 -0.065859
v 0.072822 1.435333 -0.061474
v 0.073607 1.435333 -0.064714
v 0.074393 1.435333 -0.067953
v 0.075178 1.435333 -0.071193
v 0.050822 1.438917 -0.066807
v 0.051607 1.438917 -0.070047
v 0.052393 1.438917 -0.073286
v 0.053178 1.438917 -0.076526
v 0.028419 1.442500 -0.072257
v 0.029473 1.442500 -0.075419
v 0.030527 1.442500 -0.078581
v 0.031581 1.442500 -0.081743
v 0.021226 1.442500 -0.076840
v 0.023075 1.442500 -0.079613
v 0.024925 1.442500 -0.082387
v 0.026774 1.442500 -0.085160
v 0.015226 1.442500 -0.080840
v 0.017075 1.442500 -0.083613
v 0.018925 1.442500 -0.086387
v 0.020774 1.442500 -0.089160
v 0.009226 1.442500 -0.084840
v 0.011075 1.442500 -0.087613
v 0.012925 1.442500 -0.090387
v 0.014774 1.442500 -0.093160
v 0.003226 1.442500 -0.088840
v 0.005075 1.442500 -0.091613
v 0.006925 1.442500 -0.094387
v 0.008774 1.442500 -0.097160
v -0.002774 1.442500 -0.092840
v -0.000925 1.442500 -0.095613
v 0.000925 1.442500 -0.098387
v 0.002774 1.442500 -0.101160
vn 0.217836 -0.892691 -0.394526
vn 0.217836 -0.892691 -0.394526
vn 0.217836 -0.892691 -0.394526
vn 0.217836 -0.892691 -0.394526
vn 0.217836 -0.892691 -0.394526
vn 0.217836 -0.892691 -0.394526
vn 0.217836 -0.892691 -0.394526
vn 0.217836 -0.892691 -0.394526
vn 0.217836 -0.892691 -0.394526
vn 0.217836 -0.892691 -0.394526
vn 0.217836 -0.892691 -0.394526
vn 0.217836 -0.892691 -0.394526
vn 0.217836 -0.892691 -0.394526
vn 0.217836 -0.892691 -0.394526
vn 0.217836 -0.892691 -0.394526
vn 0.217836 -0.892691 -0.394526
vn 0.217836 -0.892691 -0.394526
vn 0.217836 -0.892691 -0.394526
vn 0.217836 -0.892691 -0.394526
vn 0.217836 -0.892691 -0.394526
vn 0.224113 -0.886015 -0.405894
vn 0.176866 -0.885692 -0.429264
vn 0.171734 -0.892625 -0.416807
vn 0.118233 -0.896673 -0.426614
vn 0.054701 -0.861003 -0.505650
vn -0.032590 -0.905285 -0.423552
vn -0.029211 -0.924677 -0.379632
vn -0.110030 -0.951560 -0.287100
vn -0.154417 -0.982533 -0.103849
vn -0.147549 -0.987063 -0.062735
vn -0.137606 -0.988758 -0.058507
vn -0.142709 -0.989160 -0.034596
vn -0.151946 -0.987702 -0.036835
vn -0.151946 -0.987702 -0.036835
vn -0.151946 -0.987702 -0.036835
vn -0.151946 -0.987702 -0.036835
vn -0.151946 -0.987702 -0.036835
vn -0.151946 -0.987702 -0.036835
vn -0.151946 -0.987702 -0.036835
vn -0.151946 -0.987702 -0.036835
vn -0.151946 -0.987702 -0.036835
vn -0.151946 -0.987702 -0.036835
vn -0.151946 -0.987702 -0.036835
vn -0.151946 -0.987702 -0.036835
vn -0.151037 -0.987850 -0.036615
vn -0.150674 -0.987823 -0.038765
vn -0.151583 -0.987675 -0.038998
vn -0.152137 -0.987491 -0.041418
vn -0.126277 -0.991331 -0.036283
vn -0.111948 -0.993137 -0.033869
vn -0.116311 -0.992589 -0.035189
vn -0.097860 -0.994665 -0.032620
vn 0.000000 -1.000000 0.000000
vn 0.000000 -1.000000 0.000000
vn 0.000000 -1.000000 0.000000
vn 0.000000 -1.000000 0.000000
vn 0.000000 -1.000000 0.000000
vn 0.000000 -1.000000 0.000000
vn 0.000000 -1.000000 0.000000
vn 0.000000 -1.000000 0.000000
vn 0.000000 -1.000000 0.000000
vn 0.000000 -1.000000 0.000000
vn 0.000000 -1.000000 0.000000
vn 0.000000 -1.000000 0.000000
vn 0.000000 -1.000000 0.000000
vn 0.000000 -1.000000 0.000000
vn 0.000000 -1.000000 0.000000
vn 0.000000 -1.000000 0.000000
vn 0.000000 -1.000000 0.000000
vn 0.000000 -1.000000 0.000000
vn 0.000000 -1.000000 0.000000
vn 0.000000 -1.000000 0.000000
vt 0.346667 0.346667
vt 0.346667 0.448889
vt 0.346667 0.551111
vt 0.346667 0.653333
vt 0.364706 0.346667
vt 0.364706 0.448889
vt 0.364706 0.551111
vt 0.364706 0.653333
vt 0.382745 0.346667
vt 0.382745 0.448889
vt 0.382745 0.551111
vt 0.382745 0.653333
vt 0.400784 0.346667
vt 0.400784 0.448889
vt 0.400784 0.551111
vt 0.400784 0.653333
vt 0.418824 0.346667
vt 0.418824 0.448889
vt 0.418824 0.551111
vt 0.418824 0.653333
vt 0.436863 0.346667
vt 0.436863 0.448889
vt 0.436863 0.551111
vt 0.436863 0.653333
vt 0.454902 0.346667
vt 0.454902 0.448889
vt 0.454902 0.551111
vt 0.454902 0.653333
vt 0.472941 0.346667
vt 0.472941 0.448889
vt 0.472941 0.551111
vt 0.472941 0.653333
vt 0.490980 0.346667
vt 0.490980 0.448889
vt 0.490980 0.551111
vt 0.490980 0.653333
vt 0.509020 0.346667
vt 0.509020 0.448889
vt 0.509020 0.551111
vt 0.509020 0.653333
vt 0.527059 0.346667
vt 0.527059 0.448889
vt 0.527059 0.551111
vt 0.527059 0.653333
vt 0.545098 0.346667
vt 0.545098 0.448889
vt 0.545098 0.551111
vt 0.545098 0.653333
vt 0.563137 0.346667
vt 0.563137 0.448889
vt 0.563137 0.551111
vt 0.563137 0.653333
vt 0.581176 0.346667
vt 0.581176 0.448889
vt 0.581176 0.551111
vt 0.581176 0.653333
vt 0.599216 0.346667
vt 0.599216 0.448889
vt 0.599216 0.551111
vt 0.599216 0.653333
vt 0.617255 0.346667
vt 0.617255 0.448889
vt 0.617255 0.551111
vt 0.617255 0.653333
vt 0.635294 0.346667
vt 0.635294 0.448889
vt 0.635294 0.551111
vt 0.635294 0.653333
vt 0.653333 0.346667
vt 0.653333 0.448889
vt 0.653333 0.551111
vt 0.653333 0.653333
f 897/897/897 901/901/901 898/898/898
f 898/898/898 901/901/901 902/902/902
f 898/898/898 902/902/902 899/899/899
f 899/899/899 902/902/902 903/903/903
f 899/899/899 903/903/903 900/900/900
f 900/900/900 903/903/903 904/904/904
f 901/901/901 905/905/905 902/902/902
f 902/902/902 905/905/905 906/906/906
f 902/902/902 906/906/906 903/903/903
f 903/903/903 906/906/906 907/907/907
f 903/903/903 907/907/907 904/904/904
f 904/904/904 907/907/907 908/908/908
f 905/905/905 909/909/909 906/906/906
f 906/906/906 909/909/909 910/910/910
f 906/906/906 910/910/910 907/907/907
f 907/907/907 910/910/910 911/911/911
f 907/907/907 911/911/911 908/908/908
f 908/908/908 911/911/911 912/912/912
f 909/909/909 913/913/913 910/910/910
f 910/910/910 913/913/913 914/914/914
f 910/910/910 914/914/914 911/911/911
f 911/911/911 914/914/914 915/915/915
f 911/911/911 915/915/915 912/912/912
f 912/912/912 915/915/915 916/916/916
f 913/913/913 917/917/917 914/914/914
f 914/914/914 917/917/917 918/918/918
f 914/914/914 918/918/918 915/915/915
f 915/915/915 918/918/918 919/919/919
f 915/915/915 919/919/919 916/916/916
f 916/916/916 919/919/919 920/920/920
f 917/917/917 921/921/921 918/918/918
f 918/918/918 921/921/921 922/922/922
f 918/918/918 922/922/922 919/919/919
f 919/919/919 922/922/922 923/923/923
f 919/919/919 923/923/923 920/920/920
f 920/920/920 923/923/923 924/924/924
f 921/921/921 925/925/925 922/922/922
f 922/922/922 925/925/925 926/926/926
f 922/922/922 926/926/926 923/923/923
f 923/923/923 926/926/926 927/927/927
f 923/923/923 927/927/927 924/924/924
f 924/924/924 927/927/927 928/928/928
f 925/925/925 929/929/929 926/926/926
f 926/926/926 929/929/929 930/930/930
f 926/926/926 930/930/930 927/927/927
f 927/927/927 930/930/930 931/931/931
f 927/927/927 931/931/931 928/928/928
f 928/928/928 931/931/931 932/932/932
f 929/929/929 933/933/933 930/930/930
f 930/930/930 933/933/933 934/934/934
f 930/930/930 934/934/934 931/931/931
f 931/931/931 934/934/934 935/935/935
f 931/931/931 935/935/935 932/932/932
f 932/932/932 935/935/935 936/936/936
f 933/933/933 937/937/937 934/934/934
f 934/934/934 937/937/937 938/938/938
f 934/934/934 938/938/938 935/935/935
f 935/935/935 938/938/938 939/939/939
f 935/935/935 939/939/939 936/936/936
f 936/936/936 939/939/939 940/940/940
f 937/937/937 941/941/941 938/938/938
f 938/938/938 941/941/941 942/942/942
f 938/938/938 942/942/942 939/939/939
f 939/939/939 942/942/942 943/943/943
f 939/939/939 943/943/943 940/940/940
f 940/940/940 943/943/943 944/944/944
f 941/941/941 945/945/945 942/942/942
f 942/942/942 945/945/945 946/946/946
f 942/942/942 946/946/946 943/943/943
f 943/943/943 946/946/946 947/947/947
f 943/943/943 947/947/947 944/944/944
f 944/944/944 947/947/947 948/948/948
f 945/945/945 949/949/949 946/946/946
f 946/946/946 949/949/949 950/950/950
f 946/946/946 950/950/950 947/947/947
f 947/947/947 950/950/950 951/951/951
f 947/947/947 951/951/951 948/948/948
f 948/948/948 951/951/951 952/952/952
f 949/949/949 953/953/953 950/950/950
f 950/950/950 953/953/953 954/954/954
f 950/950/950 954/954/954 951/951/951
f 951/951/951 954/954/954 955/955/955
f 951/951/951 955/955/955 952/952/952
f 952/952/952 955/955/955 956/956/956
f 953/953/953 957/957/957 954/954/954
f 954/954/954 957/957/957 958/958/958
f 954/954/954 958/958/958 955/955/955
f 955/955/955 958/958/958 959/959/959
f 955/955/955 959/959/959 956/956/956
f 956/956/956 959/959/959 960/960/960
f 957/957/957 961/961/961 958/958/958
f 958/958/958 961/961/961 962/962/962
f 958/958/958 962/962/962 959/959/959
f 959/959/959 962/962/962 963/963/963
f 959/959/959 963/963/963 960/960/960
f 960/960/960 963/963/963 964/964/964
f 961/961/961 965/965/965 962/962/962
f 962/962/962 965/965/965 966/966/966
f 962/962/962 966/966/966 963/963/963
f 963/963/963 966/966/966 967/967/967
f 963/963/963 967/967/967 964/964/964
f 964/964/964 967/967/967 968/968/968

# Patch: bottom_front_highcut
o bottom_front_highcut
usemtl bikini_b4712973_material
v -0.126174 0.996000 0.086000
v -0.112893 0.996000 0.086000
v -0.099611 0.996000 0.086000
v -0.086330 0.996000 0.086000
v -0.073048 0.996000 0.086000
v -0.059767 0.996000 0.086000
v -0.046485 0.996000 0.086000
v -0.033204 0.996000 0.086000
v -0.019922 0.996000 0.086000
v -0.006641 0.996000 0.086000
v 0.006641 0.996000 0.086000
v 0.019922 0.996000 0.086000
v 0.033204 0.996000 0.086000
v 0.046485 0.996000 0.086000
v 0.059767 0.996000 0.086000
v 0.073048 0.996000 0.086000
v 0.086330 0.996000 0.086000
v 0.099611 0.996000 0.086000
v 0.112893 0.996000 0.086000
v 0.126174 0.996000 0.086000
v -0.119040 0.986382 0.082382
v -0.106401 0.986121 0.082354
v -0.093793 0.985875 0.082336
v -0.081214 0.985645 0.082327
v -0.068662 0.985432 0.082328
v -0.056135 0.985238 0.082337
v -0.043631 0.985064 0.082356
v -0.031146 0.984913 0.082386
v -0.018679 0.984791 0.082426
v -0.006224 0.984705 0.082480
v 0.006224 0.984705 0.082480
v 0.018679 0.984791 0.082426
v 0.031146 0.984913 0.082386
v 0.043631 0.985064 0.082356
v 0.056135 0.985238 0.082337
v 0.068662 0.985432 0.082328
v 0.081214 0.985645 0.082327
v 0.093793 0.985875 0.082336
v 0.106401 0.986121 0.082354
v 0.119040 0.986382 0.082382
v -0.112098 0.976763 0.078788
v -0.100086 0.976242 0.078729
v -0.088134 0.975750 0.078688
v -0.076240 0.975290 0.078666
v -0.064398 0.974864 0.078661
v -0.052606 0.974475 0.078675
v -0.040857 0.974128 0.078707
v -0.029148 0.973827 0.078760
v -0.017471 0.973581 0.078834
v -0.005820 0.973409 0.078935
v 0.005820 0.973409 0.078935
v 0.017471 0.973581 0.078834
v 0.029148 0.973827 0.078760
v 0.040857 0.974128 0.078707
v 0.052606 0.974475 0.078675
v 0.064398 0.974864 0.078661
v 0.076240 0.975290 0.078666
v 0.088134 0.975750 0.078688
v 0.100086 0.976242 0.078729
v 0.112098 0.976763 0.078788
v -0.105349 0.967145 0.075213
v -0.093948 0.966362 0.075117
v -0.082636 0.965625 0.075048
v -0.071407 0.964935 0.075004
v -0.060257 0.964296 0.074987
v -0.049178 0.963713 0.074997
v -0.038164 0.963191 0.075035
v -0.027207 0.962740 0.075102
v -0.016298 0.962372 0.075202
v -0.005427 0.962114 0.075342
v 0.005427 0.962114 0.075342
v 0.016298 0.962372 0.075202
v 0.027207 0.962740 0.075102
v 0.038164 0.963191 0.075035
v 0.049178 0.963713 0.074997
v 0.060257 0.964296 0.074987
v 0.071407 0.964935 0.075004
v 0.082636 0.965625 0.075048
v 0.093948 0.966362 0.075117
v 0.105349 0.967145 0.075213
v -0.098793 0.957526 0.071652
v -0.087987 0.956483 0.071512
v -0.077298 0.955499 0.071405
v -0.066717 0.954579 0.071332
v -0.056238 0.953728 0.071293
v -0.045853 0.952950 0.071289
v -0.035552 0.952255 0.071322
v -0.025325 0.951653 0.071393
v -0.015161 0.951163 0.071508
v -0.005046 0.950819 0.071676
v 0.005046 0.950819 0.071676
v 0.015161 0.951163 0.071508
v 0.025325 0.951653 0.071393
v 0.035552 0.952255 0.071322
v 0.045853 0.952950 0.071289
v 0.056238 0.953728 0.071293
v 0.066717 0.954579 0.071332
v 0.077298 0.955499 0.071405
v 0.087987 0.956483 0.071512
v 0.098793 0.957526 0.071652
v -0.092429 0.947908 0.068097
v -0.082203 0.946604 0.067904
v -0.072119 0.945374 0.067751
v -0.062169 0.944224 0.067638
v -0.052342 0.943160 0.067566
v -0.042629 0.942188 0.067537
v -0.033020 0.941319 0.067551
v -0.023501 0.940567 0.067614
v -0.014060 0.939954 0.067731
v -0.004677 0.939524 0.067915
v 0.004677 0.939524 0.067915
v 0.014060 0.939954 0.067731
v 0.023501 0.940567 0.067614
v 0.033020 0.941319 0.067551
v 0.042629 0.942188 0.067537
v 0.052342 0.943160 0.067566
v 0.062169 0.944224 0.067638
v 0.072119 0.945374 0.067751
v 0.082203 0.946604 0.067904
v 0.092429 0.947908 0.068097
v -0.086258 0.938289 0.064543
v -0.076596 0.936725 0.064287
v -0.067101 0.935249 0.064076
v -0.057762 0.933869 0.063911
v -0.048568 0.932592 0.063793
v -0.039508 0.931425 0.063725
v -0.030569 0.930383 0.063709
v -0.021736 0.929480 0.063749
v -0.012993 0.928744 0.063853
v -0.004320 0.928228 0.064040
v 0.004320 0.928228 0.064040
v 0.012993 0.928744 0.063853
v 0.021736 0.929480 0.063749
v 0.030569 0.930383 0.063709
v 0.039508 0.931425 0.063725
v 0.048568 0.932592 0.063793
v 0.057762 0.933869 0.063911
v 0.067101 0.935249 0.064076
v 0.076596 0.936725 0.064287
v 0.086258 0.938289 0.064543
v -0.080279 0.928671 0.060980
v -0.071166 0.926845 0.060650
v -0.062243 0.925124 0.060370
v -0.053497 0.923514 0.060140
v -0.044917 0.922023 0.059963
v -0.036489 0.920663 0.059842
v -0.028199 0.919446 0.059779
v -0.020029 0.918393 0.059782
v -0.011963 0.917535 0.059860
v -0.003975 0.916933 0.060034
v 0.003975 0.916933 0.060034
v 0.011963 0.917535 0.059860
v 0.020029 0.918393 0.059782
v 0.028199 0.919446 0.059779
v 0.036489 0.920663 0.059842
v 0.044917 0.922023 0.059963
v 0.053497 0.923514 0.060140
v 0.062243 0.925124 0.060370
v 0.071166 0.926845 0.060650
v 0.080279 0.928671 0.060980
v -0.074493 0.919053 0.057401
v -0.065913 0.916966 0.056985
v -0.057545 0.914999 0.056623
v -0.049374 0.913159 0.056316
v -0.041388 0.911455 0.056066
v -0.033572 0.909901 0.055876
v -0.025909 0.908510 0.055752
v -0.018381 0.907307 0.055702
v -0.010967 0.906326 0.055738
v -0.003641 0.905638 0.055885
v 0.003641 0.905638 0.055885
v 0.010967 0.906326 0.055738
v 0.018381 0.907307 0.055702
v 0.025909 0.908510 0.055752
v 0.033572 0.909901 0.055876
v 0.041388 0.911455 0.056066
v 0.049374 0.913159 0.056316
v 0.057545 0.914999 0.056623
v 0.065913 0.916966 0.056985
v 0.074493 0.919053 0.057401
v -0.068900 0.909434 0.053799
v -0.060838 0.907087 0.053285
v -0.053007 0.904874 0.052828
v -0.045393 0.902804 0.052428
v -0.037982 0.900887 0.052090
v -0.030757 0.899138 0.051818
v -0.023700 0.897574 0.051618
v -0.016791 0.896220 0.051500
v -0.010007 0.895116 0.051478
v -0.003320 0.894342 0.051585
v 0.003320 0.894342 0.051585
v 0.010007 0.895116 0.051478
v 0.016791 0.896220 0.051500
v 0.023700 0.897574 0.051618
v 0.030757 0.899138 0.051818
v 0.037982 0.900887 0.052090
v 0.045393 0.902804 0.052428
v 0.053007 0.904874 0.052828
v 0.060838 0.907087 0.053285
v 0.068900 0.909434 0.053799
v -0.063499 0.899816 0.050165
v -0.055939 0.897208 0.049541
v -0.048629 0.894749 0.048975
v -0.041554 0.892449 0.048470
v -0.034698 0.890319 0.048031
v -0.028044 0.888376 0.047661
v -0.021572 0.886638 0.047370
v -0.015260 0.885134 0.047169
v -0.009083 0.883907 0.047076
v -0.003011 0.883047 0.047127
v 0.003011 0.883047 0.047127
v 0.009083 0.883907 0.047076
v 0.015260 0.885134 0.047169
v 0.021572 0.886638 0.047370
v 0.028044 0.888376 0.047661
v 0.034698 0.890319 0.048031
v 0.041554 0.892449 0.048470
v 0.048629 0.894749 0.048975
v 0.055939 0.897208 0.049541
v 0.063499 0.899816 0.050165
v -0.058291 0.890197 0.046493
v -0.051217 0.887328 0.045746
v -0.044411 0.884623 0.045059
v -0.037857 0.882093 0.044436
v -0.031537 0.879751 0.043881
v -0.025433 0.877613 0.043400
v -0.019524 0.875702 0.043004
v -0.013786 0.874047 0.042706
v -0.008194 0.872698 0.042528
v -0.002713 0.871752 0.042512
v 0.002713 0.871752 0.042512
v 0.008194 0.872698 0.042528
v 0.013786 0.874047 0.042706
v 0.019524 0.875702 0.043004
v 0.025433 0.877613 0.043400
v 0.031537 0.879751 0.043881
v 0.037857 0.882093 0.044436
v 0.044411 0.884623 0.045059
v 0.051217 0.887328 0.045746
v 0.058291 0.890197 0.046493
v -0.053275 0.880579 0.042776
v -0.046672 0.877449 0.041895
v -0.040353 0.874498 0.041075
v -0.034301 0.871738 0.040320
v -0.028498 0.869183 0.039637
v -0.022924 0.866851 0.039033
v -0.017557 0.864765 0.038520
v -0.012372 0.862960 0.038114
v -0.007340 0.861488 0.037838
v -0.002428 0.860456 0.037744
v 0.002428 0.860456 0.037744
v 0.007340 0.861488 0.037838
v 0.012372 0.862960 0.038114
v 0.017557 0.864765 0.038520
v 0.022924 0.866851 0.039033
v 0.028498 0.869183 0.039637
v 0.034301 0.871738 0.040320
v 0.040353 0.874498 0.041075
v 0.046672 0.877449 0.041895
v 0.053275 0.880579 0.042776
v -0.048452 0.870961 0.039008
v -0.042304 0.867570 0.037981
v -0.036455 0.864373 0.037017
v -0.030888 0.861383 0.036121
v -0.025582 0.858615 0.035299
v -0.020518 0.856088 0.034561
v -0.015671 0.853829 0.033920
v -0.011016 0.851874 0.033394
v -0.006522 0.850279 0.033012
v -0.002154 0.849161 0.032830
v 0.002154 0.849161 0.032830
v 0.006522 0.850279 0.033012
v 0.011016 0.851874 0.033394
v 0.015671 0.853829 0.033920
v 0.020518 0.856088 0.034561
v 0.025582 0.858615 0.035299
v 0.030888 0.861383 0.036121
v 0.036455 0.864373 0.037017
v 0.042304 0.867570 0.037981
v 0.048452 0.870961 0.039008
v -0.043822 0.861342 0.035184
v -0.038113 0.857691 0.034003
v -0.032718 0.854248 0.032885
v -0.027616 0.851028 0.031837
v -0.022789 0.848047 0.030866
v -0.018213 0.845326 0.029985
v -0.013865 0.842893 0.029208
v -0.009718 0.840787 0.028556
v -0.005740 0.839070 0.028060
v -0.001892 0.837866 0.027782
v 0.001892 0.837866 0.027782
v 0.005740 0.839070 0.028060
v 0.009718 0.840787 0.028556
v 0.013865 0.842893 0.029208
v 0.018213 0.845326 0.029985
v 0.022789 0.848047 0.030866
v 0.027616 0.851028 0.031837
v 0.032718 0.854248 0.032885
v 0.038113 0.857691 0.034003
v 0.043822 0.861342 0.035184
v -0.039384 0.851724 0.031302
v -0.034099 0.847811 0.029957
v -0.029140 0.844123 0.028677
v -0.024486 0.840673 0.027470
v -0.020118 0.837479 0.026344
v -0.016011 0.834564 0.025314
v -0.012140 0.831957 0.024394
v -0.008478 0.829700 0.023609
v -0.004992 0.827861 0.022994
v -0.001642 0.826571 0.022616
v 0.001642 0.826571 0.022616
v 0.004992 0.827861 0.022994
v 0.008478 0.829700 0.023609
v 0.012140 0.831957 0.024394
v 0.016011 0.834564 0.025314
v 0.020118 0.837479 0.026344
v 0.024486 0.840673 0.027470
v 0.029140 0.844123 0.028677
v 0.034099 0.847811 0.029957
v 0.039384 0.851724 0.031302
v -0.035139 0.842105 0.027359
v -0.030262 0.837932 0.025844
v -0.025722 0.833998 0.024396
v -0.021499 0.830318 0.023024
v -0.017569 0.826911 0.021739
v -0.013910 0.823801 0.020554
v -0.010496 0.821021 0.019489
v -0.007297 0.818614 0.018568
v -0.004281 0.816651 0.017831
v -0.001404 0.815275 0.017351
v 0.001404 0.815275 0.017351
v 0.004281 0.816651 0.017831
v 0.007297 0.818614 0.018568
v 0.010496 0.821021 0.019489
v 0.013910 0.823801 0.020554
v 0.017569 0.826911 0.021739
v 0.021499 0.830318 0.023024
v 0.025722 0.833998 0.024396
v 0.030262 0.837932 0.025844
v 0.035139 0.842105 0.027359
v -0.031086 0.832487 0.023356
v -0.026602 0.828053 0.021665
v -0.022465 0.823873 0.020045
v -0.018653 0.819962 0.018505
v -0.015143 0.816343 0.017057
v -0.011912 0.813039 0.015717
v -0.008932 0.810084 0.014506
v -0.006175 0.807527 0.013450
v -0.003604 0.805442 0.012591
v -0.001178 0.803980 0.012009
v 0.001178 0.803980 0.012009
v 0.003604 0.805442 0.012591
v 0.006175 0.807527 0.013450
v 0.008932 0.810084 0.014506
v 0.011912 0.813039 0.015717
v 0.015143 0.816343 0.017057
v 0.018653 0.819962 0.018505
v 0.022465 0.823873 0.020045
v 0.026602 0.828053 0.021665
v 0.031086 0.832487 0.023356
v -0.027226 0.822868 0.019292
v -0.023119 0.818174 0.017423
v -0.019367 0.813747 0.015629
v -0.015948 0.809607 0.013920
v -0.012839 0.805775 0.012310
v -0.010016 0.802276 0.010816
v -0.007449 0.799148 0.009460
v -0.005111 0.796440 0.008272
v -0.002963 0.794233 0.007294
v -0.000964 0.792685 0.006612
v 0.000964 0.792685 0.006612
v 0.002963 0.794233 0.007294
v 0.005111 0.796440 0.008272
v 0.007449 0.799148 0.009460
v 0.010016 0.802276 0.010816
v 0.012839 0.805775 0.012310
v 0.015948 0.809607 0.013920
v 0.019367 0.813747 0.015629
v 0.023119 0.818174 0.017423
v 0.027226 0.822868 0.019292
v -0.023558 0.813250 0.015170
v -0.019813 0.808294 0.013123
v -0.016430 0.803622 0.011155
v -0.013386 0.799252 0.009280
v -0.010658 0.795207 0.007511
v -0.008221 0.791514 0.005867
v -0.006047 0.788212 0.004371
v -0.004105 0.785354 0.003055
v -0.002358 0.783023 0.001964
v -0.000761 0.781389 0.001187
v 0.000761 0.781389 0.001187
v 0.002358 0.783023 0.001964
v 0.004105 0.785354 0.003055
v 0.006047 0.788212 0.004371
v 0.008221 0.791514 0.005867
v 0.010658 0.795207 0.007511
v 0.013386 0.799252 0.009280
v 0.016430 0.803622 0.011155
v 0.019813 0.808294 0.013123
v 0.023558 0.813250 0.015170
vn 0.000000 -0.352101 0.935962
vn -0.001672 -0.349140 0.937069
vn -0.001720 -0.343118 0.939291
vn -0.001765 -0.337050 0.941485
vn -0.001808 -0.330938 0.943651
vn -0.001847 -0.324782 0.945787
vn -0.001884 -0.318581 0.947894
vn -0.001917 -0.312337 0.949969
vn -0.001946 -0.306050 0.952013
vn -0.001970 -0.299721 0.954025
vn 0.000000 -0.297545 0.954708
vn 0.001973 -0.301838 0.953357
vn 0.001952 -0.308154 0.951335
vn 0.001925 -0.314428 0.949279
vn 0.001893 -0.320659 0.947193
vn 0.001858 -0.326848 0.945075
vn 0.001819 -0.332992 0.942928
vn 0.001777 -0.339092 0.940752
vn 0.001733 -0.345147 0.938547
vn 0.002545 -0.350675 0.936494
vn -0.003429 -0.351544 0.936165
vn -0.005204 -0.348207 0.937403
vn -0.005353 -0.342170 0.939623
vn -0.005494 -0.336084 0.941816
vn -0.005626 -0.329949 0.943982
vn -0.005749 -0.323765 0.946120
vn -0.005861 -0.317533 0.948229
vn -0.005962 -0.311253 0.950308
vn -0.006047 -0.304926 0.952357
vn -0.004037 -0.299598 0.954057
vn 0.002057 -0.299616 0.954058
vn 0.006087 -0.305091 0.952304
vn 0.006012 -0.311422 0.950253
vn 0.005921 -0.317704 0.948171
vn 0.005817 -0.323937 0.946061
vn 0.005701 -0.330122 0.943921
vn 0.005574 -0.336257 0.941754
vn 0.005439 -0.342343 0.939559
vn 0.005296 -0.348380 0.937338
vn 0.007042 -0.353167 0.935534
vn -0.008869 -0.352948 0.935601
vn -0.010793 -0.349767 0.936774
vn -0.011102 -0.343902 0.938940
vn -0.011395 -0.337991 0.941080
vn -0.011670 -0.332032 0.943196
vn -0.011924 -0.326026 0.945285
vn -0.012156 -0.319971 0.947349
vn -0.012361 -0.313866 0.949387
vn -0.012534 -0.307706 0.951399
vn -0.007271 -0.302435 0.953142
vn 0.005342 -0.302492 0.953137
vn 0.012577 -0.307938 0.951323
vn 0.012414 -0.314103 0.949308
vn 0.012218 -0.320210 0.947268
vn 0.011993 -0.326264 0.945203
vn 0.011746 -0.332268 0.943112
vn 0.011477 -0.338223 0.940996
vn 0.011190 -0.344131 0.938855
vn 0.010886 -0.349991 0.936690
vn 0.012671 -0.354774 0.934866
vn -0.014560 -0.354795 0.934831
vn -0.016605 -0.351851 0.935909
vn -0.017081 -0.346298 0.937969
vn -0.017531 -0.340711 0.940005
vn -0.017953 -0.335089 0.942016
vn -0.018343 -0.329427 0.944003
vn -0.018697 -0.323723 0.945967
vn -0.019010 -0.317969 0.947911
vn -0.019272 -0.312156 0.949835
vn -0.010597 -0.307100 0.951618
vn 0.008788 -0.307194 0.951606
vn 0.019317 -0.312445 0.949740
vn 0.019064 -0.318264 0.947811
vn 0.018758 -0.324019 0.945865
vn 0.018411 -0.329721 0.943899
vn 0.018027 -0.335379 0.941911
vn 0.017612 -0.340995 0.939900
vn 0.017167 -0.346575 0.937865
vn 0.016696 -0.352120 0.935806
vn 0.018489 -0.356801 0.933997
vn -0.020415 -0.357091 0.933846
vn -0.022549 -0.354456 0.934801
vn -0.023190 -0.349342 0.936708
vn -0.023794 -0.344214 0.938590
vn -0.024359 -0.339069 0.940446
vn -0.024880 -0.333900 0.942280
vn -0.025352 -0.328698 0.944095
vn -0.025768 -0.323452 0.945894
vn -0.026114 -0.318142 0.947683
vn -0.013941 -0.313446 0.949504
vn 0.012324 -0.313571 0.949485
vn 0.026164 -0.318476 0.947570
vn 0.025822 -0.323793 0.945775
vn 0.025411 -0.329041 0.943974
vn 0.024945 -0.334240 0.942158
vn 0.024429 -0.339403 0.940324
vn 0.023870 -0.344540 0.938468
vn 0.023270 -0.349659 0.936588
vn 0.022634 -0.354763 0.934682
vn 0.024404 -0.359251 0.932922
vn -0.026344 -0.359832 0.932645
vn -0.028527 -0.357566 0.933452
vn -0.029321 -0.352998 0.935164
vn -0.030068 -0.348444 0.936847
vn -0.030763 -0.343896 0.938504
vn -0.031403 -0.339343 0.940138
vn -0.031981 -0.334772 0.941756
vn -0.032488 -0.330162 0.943365
vn -0.032907 -0.325484 0.944975
vn -0.017224 -0.321271 0.946831
vn 0.015872 -0.321423 0.946803
vn 0.032961 -0.325850 0.944847
vn 0.032540 -0.330537 0.943232
vn 0.032036 -0.335148 0.941621
vn 0.031462 -0.339717 0.940001
vn 0.030826 -0.344264 0.938367
vn 0.030135 -0.348803 0.936711
vn 0.029393 -0.353347 0.935031
vn 0.028603 -0.357902 0.933321
vn 0.030315 -0.362110 0.931642
vn -0.032247 -0.362997 0.931232
vn -0.034433 -0.361149 0.931872
vn -0.035360 -0.357216 0.933352
vn -0.036228 -0.353327 0.934798
vn -0.037032 -0.349470 0.936215
vn -0.037769 -0.345629 0.937611
vn -0.038432 -0.341785 0.938992
vn -0.039011 -0.337909 0.940370
vn -0.039487 -0.333960 0.941760
vn -0.020360 -0.330332 0.943645
vn 0.019350 -0.330505 0.943606
vn 0.039545 -0.334345 0.941621
vn 0.039062 -0.338304 0.940226
vn 0.038482 -0.342182 0.938845
vn 0.037820 -0.346024 0.937463
vn 0.037086 -0.349858 0.936068
vn 0.036284 -0.353707 0.934652
vn 0.035420 -0.357585 0.933209
vn 0.034498 -0.361505 0.931732
vn 0.036118 -0.365355 0.930167
vn -0.038020 -0.366554 0.929620
vn -0.040158 -0.365157 0.930079
vn -0.041187 -0.361924 0.931297
vn -0.042145 -0.358766 0.932476
vn -0.043028 -0.355666 0.933622
vn -0.043832 -0.352604 0.934746
vn -0.044551 -0.349552 0.935857
vn -0.045175 -0.346475 0.936971
vn -0.045684 -0.343320 0.938107
vn -0.023266 -0.340349 0.940011
vn 0.022673 -0.340535 0.939958
vn 0.045747 -0.343709 0.937961
vn 0.045224 -0.346875 0.936820
vn 0.044594 -0.349955 0.935704
vn 0.043874 -0.353005 0.934592
vn 0.043069 -0.356063 0.933469
vn 0.042188 -0.359155 0.932324
vn 0.041233 -0.362303 0.931148
vn 0.040207 -0.365523 0.929933
vn 0.041699 -0.368947 0.928515
vn -0.043554 -0.370456 0.927828
vn -0.045587 -0.369528 0.928101
vn -0.046678 -0.367036 0.929035
vn -0.047686 -0.364648 0.929924
vn -0.048607 -0.362342 0.930777
vn -0.049440 -0.360093 0.931605
vn -0.050177 -0.357867 0.932423
vn -0.050812 -0.355621 0.933248
vn -0.051324 -0.353289 0.934105
vn -0.025854 -0.351021 0.936010
vn 0.025751 -0.351213 0.935941
vn 0.051394 -0.353670 0.933957
vn 0.050858 -0.356013 0.933096
vn 0.050213 -0.358263 0.932269
vn 0.049470 -0.360489 0.931451
vn 0.048635 -0.362735 0.930623
vn 0.047713 -0.365034 0.929771
vn 0.046706 -0.367414 0.928884
vn 0.045618 -0.369894 0.927953
vn 0.046943 -0.372836 0.926709
vn -0.048736 -0.374643 0.925888
vn -0.050601 -0.374186 0.925972
vn -0.051705 -0.372452 0.926610
vn -0.052713 -0.370845 0.927197
vn -0.053624 -0.369342 0.927745
vn -0.054436 -0.367910 0.928267
vn -0.055148 -0.366512 0.928778
vn -0.055752 -0.365095 0.929299
vn -0.056232 -0.363586 0.929862
vn -0.028035 -0.362036 0.931743
vn 0.028494 -0.362226 0.931655
vn 0.056309 -0.363945 0.929717
vn 0.055796 -0.365465 0.929151
vn 0.055175 -0.366887 0.928628
vn 0.054454 -0.368287 0.928116
vn 0.053636 -0.369717 0.927595
vn 0.052722 -0.371217 0.927048
vn 0.051714 -0.372817 0.926463
vn 0.050612 -0.374543 0.925827
vn 0.051731 -0.376959 0.924784
vn -0.053448 -0.379042 0.923835
vn -0.055079 -0.379043 0.923738
vn -0.056136 -0.378058 0.924078
vn -0.057085 -0.377219 0.924363
vn -0.057926 -0.376498 0.924605
vn -0.058663 -0.375859 0.924818
vn -0.059295 -0.375260 0.925021
vn -0.059821 -0.374643 0.925237
vn -0.060228 -0.373926 0.925501
vn -0.029721 -0.373080 0.927323
vn 0.030808 -0.373261 0.927215
vn 0.060313 -0.374253 0.925363
vn 0.059862 -0.374980 0.925098
vn 0.059314 -0.375603 0.924881
vn 0.058668 -0.376205 0.924677
vn 0.057922 -0.376845 0.924464
vn 0.057075 -0.377564 0.924223
vn 0.056124 -0.378400 0.923939
vn 0.055067 -0.379381 0.923600
vn 0.055938 -0.381241 0.922782
vn -0.057570 -0.383572 0.921715
vn -0.058896 -0.384003 0.921452
vn -0.059837 -0.383733 0.921504
vn -0.060656 -0.383622 0.921496
vn -0.061361 -0.383637 0.921443
vn -0.061956 -0.383742 0.921360
vn -0.062447 -0.383887 0.921266
vn -0.062839 -0.384014 0.921186
vn -0.063126 -0.384036 0.921158
vn -0.030817 -0.383853 0.922880
vn 0.032598 -0.384019 0.922749
vn 0.063219 -0.384321 0.921032
vn 0.062878 -0.384308 0.921061
vn 0.062457 -0.384187 0.921140
vn 0.061946 -0.384046 0.921233
vn 0.061339 -0.383945 0.921316
vn 0.060626 -0.383931 0.921369
vn 0.059802 -0.384042 0.921377
vn 0.058860 -0.384311 0.921325
vn 0.059438 -0.385598 0.920751
vn -0.060976 -0.388139 0.919582
vn -0.061921 -0.388956 0.919173
vn -0.062664 -0.389347 0.918957
vn -0.063275 -0.389902 0.918680
vn -0.063763 -0.390587 0.918355
vn -0.064140 -0.391361 0.917999
vn -0.064419 -0.392175 0.917632
vn -0.064612 -0.392970 0.917279
vn -0.064726 -0.393656 0.916976
vn -0.031223 -0.394074 0.918548
vn 0.033758 -0.394220 0.918396
vn 0.064826 -0.393892 0.916868
vn 0.064648 -0.393212 0.917172
vn 0.064419 -0.392424 0.917526
vn 0.064116 -0.391615 0.917893
vn 0.063723 -0.390847 0.918247
vn 0.063224 -0.390167 0.918571
vn 0.062607 -0.389616 0.918847
vn 0.061860 -0.389227 0.919062
vn 0.062095 -0.389936 0.918746
vn -0.063533 -0.392642 0.917494
vn -0.064014 -0.393791 0.916968
vn -0.064467 -0.394768 0.916516
vn -0.064774 -0.395907 0.916003
vn -0.064953 -0.397173 0.915442
vn -0.065023 -0.398525 0.914850
vn -0.065006 -0.399916 0.914244
vn -0.064924 -0.401286 0.913649
vn -0.064801 -0.402550 0.913101
vn -0.030825 -0.403487 0.914466
vn 0.034170 -0.403607 0.914294
vn 0.064905 -0.402730 0.913015
vn 0.064955 -0.401471 0.913566
vn 0.064995 -0.400107 0.914161
vn 0.064984 -0.398722 0.914766
vn 0.064895 -0.397377 0.915358
vn 0.064702 -0.396119 0.915917
vn 0.064386 -0.394987 0.916428
vn 0.063928 -0.394017 0.916877
vn 0.063766 -0.394156 0.916829
vn -0.065099 -0.396975 0.915518
vn -0.065025 -0.398387 0.914910
vn -0.065076 -0.399857 0.914264
vn -0.064968 -0.401482 0.913560
vn -0.064727 -0.403227 0.912808
vn -0.064381 -0.405052 0.912024
vn -0.063964 -0.406915 0.911224
vn -0.063515 -0.408759 0.910430
vn -0.063076 -0.410504 0.909674
vn -0.029483 -0.411865 0.910768
vn 0.033694 -0.411959 0.910579
vn 0.063182 -0.410625 0.909613
vn 0.063539 -0.408881 0.910373
vn 0.063942 -0.407042 0.911169
vn 0.064327 -0.405186 0.911968
vn 0.064650 -0.403369 0.912751
vn 0.064875 -0.401635 0.913499
vn 0.064971 -0.400021 0.914200
vn 0.064913 -0.398561 0.914842
vn 0.064295 -0.398147 0.915066
vn -0.065512 -0.401024 0.913722
vn -0.064779 -0.402620 0.913072
vn -0.064294 -0.404477 0.912286
vn -0.063635 -0.406475 0.911443
vn -0.062835 -0.408583 0.910556
vn -0.061937 -0.410767 0.909634
vn -0.060989 -0.412989 0.908692
vn -0.060049 -0.415200 0.907746
vn -0.059193 -0.417330 0.906825
vn -0.027011 -0.419015 0.907577
vn 0.032143 -0.419083 0.907379
vn 0.059292 -0.417391 0.906791
vn 0.060063 -0.415258 0.907719
vn 0.060952 -0.413049 0.908667
vn 0.061865 -0.410834 0.909609
vn 0.062738 -0.408660 0.910528
vn 0.063519 -0.406564 0.911412
vn 0.064165 -0.404579 0.912249
vn 0.064641 -0.402737 0.913031
vn 0.063498 -0.401796 0.913525
vn -0.064584 -0.404668 0.912180
vn -0.063066 -0.406360 0.911534
vn -0.061878 -0.408482 0.910666
vn -0.060492 -0.410730 0.909748
vn -0.058953 -0.413078 0.908786
vn -0.057319 -0.415500 0.907785
vn -0.055659 -0.417966 0.906756
vn -0.054062 -0.420439 0.905709
vn -0.052643 -0.422862 0.904664
vn -0.023142 -0.424776 0.905003
vn 0.029255 -0.424821 0.904805
vn 0.052724 -0.422862 0.904659
vn 0.054057 -0.420432 0.905712
vn 0.055603 -0.417960 0.906762
vn 0.057226 -0.415499 0.907792
vn 0.058833 -0.413088 0.908789
vn 0.060352 -0.410753 0.909747
vn 0.061724 -0.408521 0.910660
vn 0.062902 -0.406416 0.911521
vn 0.061157 -0.404979 0.912278
vn -0.062079 -0.407781 0.910967
vn -0.059619 -0.409471 0.910373
vn -0.057508 -0.411726 0.909491
vn -0.055156 -0.414090 0.908563
vn -0.052626 -0.416547 0.907590
vn -0.049995 -0.419082 0.906571
vn -0.047361 -0.421678 0.905508
vn -0.044851 -0.424313 0.904404
vn -0.042646 -0.426946 0.903271
vn -0.017461 -0.429016 0.903128
vn 0.024629 -0.429045 0.902947
vn 0.042690 -0.426887 0.903297
vn 0.044814 -0.424242 0.904439
vn 0.047275 -0.421606 0.905546
vn 0.049875 -0.419014 0.906609
vn 0.052480 -0.416488 0.907625
vn 0.054991 -0.414045 0.908594
vn 0.057327 -0.411698 0.909515
vn 0.059428 -0.409462 0.910389
vn 0.056988 -0.407562 0.911397
vn -0.057692 -0.410225 0.910158
vn -0.054076 -0.411803 0.909667
vn -0.050733 -0.414045 0.908842
vn -0.047074 -0.416380 0.907971
vn -0.043176 -0.418807 0.907048
vn -0.039143 -0.421326 0.906064
vn -0.035112 -0.423940 0.905009
vn -0.031272 -0.426645 0.903879
vn -0.027906 -0.429423 0.902672
vn -0.009265 -0.431625 0.902005
vn 0.017590 -0.431653 0.901868
vn 0.027881 -0.429309 0.902727
vn 0.031182 -0.426514 0.903943
vn 0.034982 -0.423804 0.905078
vn 0.038984 -0.421192 0.906133
vn 0.042995 -0.418681 0.907115
vn 0.046876 -0.416267 0.908033
vn 0.050522 -0.413950 0.908897
vn 0.053856 -0.411729 0.909714
vn 0.050603 -0.409392 0.910954
vn -0.052225 -0.411656 0.909842
vn -0.048175 -0.413238 0.909348
vn -0.043764 -0.415446 0.908564
vn -0.038983 -0.417748 0.907726
vn -0.033917 -0.420154 0.906819
vn -0.028685 -0.422676 0.905827
vn -0.023454 -0.425330 0.904734
vn -0.018462 -0.428128 0.903530
vn -0.014080 -0.431067 0.902210
vn -0.001460 -0.432975 0.901405
vn 0.011194 -0.432043 0.901784
vn 0.014043 -0.428956 0.903216
vn 0.018275 -0.425982 0.904547
vn 0.023082 -0.423139 0.905771
vn 0.028093 -0.420425 0.906892
vn 0.033079 -0.417828 0.907924
vn 0.037885 -0.415335 0.908879
vn 0.042402 -0.412939 0.909771
vn 0.046558 -0.410638 0.910609
vn 0.037472 -0.405608 0.913279
vt 0.673333 0.346667
vt 0.673333 0.362807
vt 0.673333 0.378947
vt 0.673333 0.395088
vt 0.673333 0.411228
vt 0.673333 0.427368
vt 0.673333 0.443509
vt 0.673333 0.459649
vt 0.673333 0.475789
vt 0.673333 0.491930
vt 0.673333 0.508070
vt 0.673333 0.524211
vt 0.673333 0.540351
vt 0.673333 0.556491
vt 0.673333 0.572632
vt 0.673333 0.588772
vt 0.673333 0.604912
vt 0.673333 0.621053
vt 0.673333 0.637193
vt 0.673333 0.653333
vt 0.689474 0.346667
vt 0.689474 0.362807
vt 0.689474 0.378947
vt 0.689474 0.395088
vt 0.689474 0.411228
vt 0.689474 0.427368
vt 0.689474 0.443509
vt 0.689474 0.459649
vt 0.689474 0.475789
vt 0.689474 0.491930
vt 0.689474 0.508070
vt 0.689474 0.524211
vt 0.689474 0.540351
vt 0.689474 0.556491
vt 0.689474 0.572632
vt 0.689474 0.588772
vt 0.689474 0.604912
vt 0.689474 0.621053
vt 0.689474 0.637193
vt 0.689474 0.653333
vt 0.705614 0.346667
vt 0.705614 0.362807
vt 0.705614 0.378947
vt 0.705614 0.395088
vt 0.705614 0.411228
vt 0.705614 0.427368
vt 0.705614 0.443509
vt 0.705614 0.459649
vt 0.705614 0.475789
vt 0.705614 0.491930
vt 0.705614 0.508070
vt 0.705614 0.524211
vt 0.705614 0.540351
vt 0.705614 0.556491
vt 0.705614 0.572632
vt 0.705614 0.588772
vt 0.705614 0.604912
vt 0.705614 0.621053
vt 0.705614 0.637193
vt 0.705614 0.653333
vt 0.721754 0.346667
vt 0.721754 0.362807
vt 0.721754 0.378947
vt 0.721754 0.395088
vt 0.721754 0.411228
vt 0.721754 0.427368
vt 0.721754 0.443509
vt 0.721754 0.459649
vt 0.721754 0.475789
vt 0.721754 0.491930
vt 0.721754 0.508070
vt 0.721754 0.524211
vt 0.721754 0.540351
vt 0.721754 0.556491
vt 0.721754 0.572632
vt 0.721754 0.588772
vt 0.721754 0.604912
vt 0.721754 0.621053
vt 0.721754 0.637193
vt 0.721754 0.653333
vt 0.737895 0.346667
vt 0.737895 0.362807
vt 0.737895 0.378947
vt 0.737895 0.395088
vt 0.737895 0.411228
vt 0.737895 0.427368
vt 0.737895 0.443509
vt 0.737895 0.459649
vt 0.737895 0.475789
vt 0.737895 0.491930
vt 0.737895 0.508070
vt 0.737895 0.524211
vt 0.737895 0.540351
vt 0.737895 0.556491
vt 0.737895 0.572632
vt 0.737895 0.588772
vt 0.737895 0.604912
vt 0.737895 0.621053
vt 0.737895 0.637193
vt 0.737895 0.653333
vt 0.754035 0.346667
vt 0.754035 0.362807
vt 0.754035 0.378947
vt 0.754035 0.395088
vt 0.754035 0.411228
vt 0.754035 0.427368
vt 0.754035 0.443509
vt 0.754035 0.459649
vt 0.754035 0.475789
vt 0.754035 0.491930
vt 0.754035 0.508070
vt 0.754035 0.524211
vt 0.754035 0.540351
vt 0.754035 0.556491
vt 0.754035 0.572632
vt 0.754035 0.588772
vt 0.754035 0.604912
vt 0.754035 0.621053
vt 0.754035 0.637193
vt 0.754035 0.653333
vt 0.770175 0.346667
vt 0.770175 0.362807
vt 0.770175 0.378947
vt 0.770175 0.395088
vt 0.770175 0.411228
vt 0.770175 0.427368
vt 0.770175 0.443509
vt 0.770175 0.459649
vt 0.770175 0.475789
vt 0.770175 0.491930
vt 0.770175 0.508070
vt 0.770175 0.524211
vt 0.770175 0.540351
vt 0.770175 0.556491
vt 0.770175 0.572632
vt 0.770175 0.588772
vt 0.770175 0.604912
vt 0.770175 0.621053
vt 0.770175 0.637193
vt 0.770175 0.653333
vt 0.786316 0.346667
vt 0.786316 0.362807
vt 0.786316 0.378947
vt 0.786316 0.395088
vt 0.786316 0.411228
vt 0.786316 0.427368
vt 0.786316 0.443509
vt 0.786316 0.459649
vt 0.786316 0.475789
vt 0.786316 0.491930
vt 0.786316 0.508070
vt 0.786316 0.524211
vt 0.786316 0.540351
vt 0.786316 0.556491
vt 0.786316 0.572632
vt 0.786316 0.588772
vt 0.786316 0.604912
vt 0.786316 0.621053
vt 0.786316 0.637193
vt 0.786316 0.653333
vt 0.802456 0.346667
vt 0.802456 0.362807
vt 0.802456 0.378947
vt 0.802456 0.395088
vt 0.802456 0.411228
vt 0.802456 0.427368
vt 0.802456 0.443509
vt 0.802456 0.459649
vt 0.802456 0.475789
vt 0.802456 0.491930
vt 0.802456 0.508070
vt 0.802456 0.524211
vt 0.802456 0.540351
vt 0.802456 0.556491
vt 0.802456 0.572632
vt 0.802456 0.588772
vt 0.802456 0.604912
vt 0.802456 0.621053
vt 0.802456 0.637193
vt 0.802456 0.653333
vt 0.818596 0.346667
vt 0.818596 0.362807
vt 0.818596 0.378947
vt 0.818596 0.395088
vt 0.818596 0.411228
vt 0.818596 0.427368
vt 0.818596 0.443509
vt 0.818596 0.459649
vt 0.818596 0.475789
vt 0.818596 0.491930
vt 0.818596 0.508070
vt 0.818596 0.524211
vt 0.818596 0.540351
vt 0.818596 0.556491
vt 0.818596 0.572632
vt 0.818596 0.588772
vt 0.818596 0.604912
vt 0.818596 0.621053
vt 0.818596 0.637193
vt 0.818596 0.653333
vt 0.834737 0.346667
vt 0.834737 0.362807
vt 0.834737 0.378947
vt 0.834737 0.395088
vt 0.834737 0.411228
vt 0.834737 0.427368
vt 0.834737 0.443509
vt 0.834737 0.459649
vt 0.834737 0.475789
vt 0.834737 0.491930
vt 0.834737 0.508070
vt 0.834737 0.524211
vt 0.834737 0.540351
vt 0.834737 0.556491
vt 0.834737 0.572632
vt 0.834737 0.588772
vt 0.834737 0.604912
vt 0.834737 0.621053
vt 0.834737 0.637193
vt 0.834737 0.653333
vt 0.850877 0.346667
vt 0.850877 0.362807
vt 0.850877 0.378947
vt 0.850877 0.395088
vt 0.850877 0.411228
vt 0.850877 0.427368
vt 0.850877 0.443509
vt 0.850877 0.459649
vt 0.850877 0.475789
vt 0.850877 0.491930
vt 0.850877 0.508070
vt 0.850877 0.524211
vt 0.850877 0.540351
vt 0.850877 0.556491
vt 0.850877 0.572632
vt 0.850877 0.588772
vt 0.850877 0.604912
vt 0.850877 0.621053
vt 0.850877 0.637193
vt 0.850877 0.653333
vt 0.867018 0.346667
vt 0.867018 0.362807
vt 0.867018 0.378947
vt 0.867018 0.395088
vt 0.867018 0.411228
vt 0.867018 0.427368
vt 0.867018 0.443509
vt 0.867018 0.459649
vt 0.867018 0.475789
vt 0.867018 0.491930
vt 0.867018 0.508070
vt 0.867018 0.524211
vt 0.867018 0.540351
vt 0.867018 0.556491
vt 0.867018 0.572632
vt 0.867018 0.588772
vt 0.867018 0.604912
vt 0.867018 0.621053
vt 0.867018 0.637193
vt 0.867018 0.653333
vt 0.883158 0.346667
vt 0.883158 0.362807
vt 0.883158 0.378947
vt 0.883158 0.395088
vt 0.883158 0.411228
vt 0.883158 0.427368
vt 0.883158 0.443509
vt 0.883158 0.459649
vt 0.883158 0.475789
vt 0.883158 0.491930
vt 0.883158 0.508070
vt 0.883158 0.524211
vt 0.883158 0.540351
vt 0.883158 0.556491
vt 0.883158 0.572632
vt 0.883158 0.588772
vt 0.883158 0.604912
vt 0.883158 0.621053
vt 0.883158 0.637193
vt 0.883158 0.653333
vt 0.899298 0.346667
vt 0.899298 0.362807
vt 0.899298 0.378947
vt 0.899298 0.395088
vt 0.899298 0.411228
vt 0.899298 0.427368
vt 0.899298 0.443509
vt 0.899298 0.459649
vt 0.899298 0.475789
vt 0.899298 0.491930
vt 0.899298 0.508070
vt 0.899298 0.524211
vt 0.899298 0.540351
vt 0.899298 0.556491
vt 0.899298 0.572632
vt 0.899298 0.588772
vt 0.899298 0.604912
vt 0.899298 0.621053
vt 0.899298 0.637193
vt 0.899298 0.653333
vt 0.915439 0.346667
vt 0.915439 0.362807
vt 0.915439 0.378947
vt 0.915439 0.395088
vt 0.915439 0.411228
vt 0.915439 0.427368
vt 0.915439 0.443509
vt 0.915439 0.459649
vt 0.915439 0.475789
vt 0.915439 0.491930
vt 0.915439 0.508070
vt 0.915439 0.524211
vt 0.915439 0.540351
vt 0.915439 0.556491
vt 0.915439 0.572632
vt 0.915439 0.588772
vt 0.915439 0.604912
vt 0.915439 0.621053
vt 0.915439 0.637193
vt 0.915439 0.653333
vt 0.931579 0.346667
vt 0.931579 0.362807
vt 0.931579 0.378947
vt 0.931579 0.395088
vt 0.931579 0.411228
vt 0.931579 0.427368
vt 0.931579 0.443509
vt 0.931579 0.459649
vt 0.931579 0.475789
vt 0.931579 0.491930
vt 0.931579 0.508070
vt 0.931579 0.524211
vt 0.931579 0.540351
vt 0.931579 0.556491
vt 0.931579 0.572632
vt 0.931579 0.588772
vt 0.931579 0.604912
vt 0.931579 0.621053
vt 0.931579 0.637193
vt 0.931579 0.653333
vt 0.947719 0.346667
vt 0.947719 0.362807
vt 0.947719 0.378947
vt 0.947719 0.395088
vt 0.947719 0.411228
vt 0.947719 0.427368
vt 0.947719 0.443509
vt 0.947719 0.459649
vt 0.947719 0.475789
vt 0.947719 0.491930
vt 0.947719 0.508070
vt 0.947719 0.524211
vt 0.947719 0.540351
vt 0.947719 0.556491
vt 0.947719 0.572632
vt 0.947719 0.588772
vt 0.947719 0.604912
vt 0.947719 0.621053
vt 0.947719 0.637193
vt 0.947719 0.653333
vt 0.963860 0.346667
vt 0.963860 0.362807
vt 0.963860 0.378947
vt 0.963860 0.395088
vt 0.963860 0.411228
vt 0.963860 0.427368
vt 0.963860 0.443509
vt 0.963860 0.459649
vt 0.963860 0.475789
vt 0.963860 0.491930
vt 0.963860 0.508070
vt 0.963860 0.524211
vt 0.963860 0.540351
vt 0.963860 0.556491
vt 0.963860 0.572632
vt 0.963860 0.588772
vt 0.963860 0.604912
vt 0.963860 0.621053
vt 0.963860 0.637193
vt 0.963860 0.653333
vt 0.980000 0.346667
vt 0.980000 0.362807
vt 0.980000 0.378947
vt 0.980000 0.395088
vt 0.980000 0.411228
vt 0.980000 0.427368
vt 0.980000 0.443509
vt 0.980000 0.459649
vt 0.980000 0.475789
vt 0.980000 0.491930
vt 0.980000 0.508070
vt 0.980000 0.524211
vt 0.980000 0.540351
vt 0.980000 0.556491
vt 0.980000 0.572632
vt 0.980000 0.588772
vt 0.980000 0.604912
vt 0.980000 0.621053
vt 0.980000 0.637193
vt 0.980000 0.653333
f 969/969/969 989/989/989 970/970/970
f 970/970/970 989/989/989 990/990/990
f 970/970/970 990/990/990 971/971/971
f 971/971/971 990/990/990 991/991/991
f 971/971/971 991/991/991 972/972/972
f 972/972/972 991/991/991 992/992/992
f 972/972/972 992/992/992 973/973/973
f 973/973/973 992/992/992 993/993/993
f 973/973/973 993/993/993 974/974/974
f 974/974/974 993/993/993 994/994/994
f 974/974/974 994/994/994 975/975/975
f 975/975/975 994/994/994 995/995/995
f 975/975/975 995/995/995 976/976/976
f 976/976/976 995/995/995 996/996/996
f 976/976/976 996/996/996 977/977/977
f 977/977/977 996/996/996 997/997/997
f 977/977/977 997/997/997 978/978/978
f 978/978/978 997/997/997 998/998/998
f 978/978/978 998/998/998 979/979/979
f 979/979/979 998/998/998 999/999/999
f 979/979/979 999/999/999 980/980/980
f 980/980/980 999/999/999 1000/1000/1000
f 980/980/980 1000/1000/1000 981/981/981
f 981/981/981 1000/1000/1000 1001/1001/1001
f 981/981/981 1001/1001/1001 982/982/982
f 982/982/982 1001/1001/1001 1002/1002/1002
f 982/982/982 1002/1002/1002 983/983/983
f 983/983/983 1002/1002/1002 1003/1003/1003
f 983/983/983 1003/1003/1003 984/984/984
f 984/984/984 1003/1003/1003 1004/1004/1004
f 984/984/984 1004/1004/1004 985/985/985
f 985/985/985 1004/1004/1004 1005/1005/1005
f 985/985/985 1005/1005/1005 986/986/986
f 986/986/986 1005/1005/1005 1006/1006/1006
f 986/986/986 1006/1006/1006 987/987/987
f 987/987/987 1006/1006/1006 1007/1007/1007
f 987/987/987 1007/1007/1007 988/988/988
f 988/988/988 1007/1007/1007 1008/1008/1008
f 989/989/989 1009/1009/1009 990/990/990
f 990/990/990 1009/1009/1009 1010/1010/1010
f 990/990/990 1010/1010/1010 991/991/991
f 991/991/991 1010/1010/1010 1011/1011/1011
f 991/991/991 1011/1011/1011 992/992/992
f 992/992/992 1011/1011/1011 1012/1012/1012
f 992/992/992 1012/1012/1012 993/993/993
f 993/993/993 1012/1012/1012 1013/1013/1013
f 993/993/993 1013/1013/1013 994/994/994
f 994/994/994 1013/1013/1013 1014/1014/1014
f 994/994/994 1014/1014/1014 995/995/995
f 995/995/995 1014/1014/1014 1015/1015/1015
f 995/995/995 1015/1015/1015 996/996/996
f 996/996/996 1015/1015/1015 1016/1016/1016
f 996/996/996 1016/1016/1016 997/997/997
f 997/997/997 1016/1016/1016 1017/1017/1017
f 997/997/997 1017/1017/1017 998/998/998
f 998/998/998 1017/1017/1017 1018/1018/1018
f 998/998/998 1018/1018/1018 999/999/999
f 999/999/999 1018/1018/1018 1019/1019/1019
f 999/999/999 1019/1019/1019 1000/1000/1000
f 1000/1000/1000 1019/1019/1019 1020/1020/1020
f 1000/1000/1000 1020/1020/1020 1001/1001/1001
f 1001/1001/1001 1020/1020/1020 1021/1021/1021
f 1001/1001/1001 1021/1021/1021 1002/1002/1002
f 1002/1002/1002 1021/1021/1021 1022/1022/1022
f 1002/1002/1002 1022/1022/1022 1003/1003/1003
f 1003/1003/1003 1022/1022/1022 1023/1023/1023
f 1003/1003/1003 1023/1023/1023 1004/1004/1004
f 1004/1004/1004 1023/1023/1023 1024/1024/1024
f 1004/1004/1004 1024/1024/1024 1005/1005/1005
f 1005/1005/1005 1024/1024/1024 1025/1025/1025
f 1005/1005/1005 1025/1025/1025 1006/1006/1006
f 1006/1006/1006 1025/1025/1025 1026/1026/1026
f 1006/1006/1006 1026/1026/1026 1007/1007/1007
f 1007/1007/1007 1026/1026/1026 1027/1027/1027
f 1007/1007/1007 1027/1027/1027 1008/1008/1008
f 1008/1008/1008 1027/1027/1027 1028/1028/1028
f 1009/1009/1009 1029/1029/1029 1010/1010/1010
f 1010/1010/1010 1029/1029/1029 1030/1030/1030
f 1010/1010/1010 1030/1030/1030 1011/1011/1011
f 1011/1011/1011 1030/1030/1030 1031/1031/1031
f 1011/1011/1011 1031/1031/1031 1012/1012/1012
f 1012/1012/1012 1031/1031/1031 1032/1032/1032
f 1012/1012/1012 1032/1032/1032 1013/1013/1013
f 1013/1013/1013 1032/1032/1032 1033/1033/1033
f 1013/1013/1013 1033/1033/1033 1014/1014/1014
f 1014/1014/1014 1033/1033/1033 1034/1034/1034
f 1014/1014/1014 1034/1034/1034 1015/1015/1015
f 1015/1015/1015 1034/1034/1034 1035/1035/1035
f 1015/1015/1015 1035/1035/1035 1016/1016/1016
f 1016/1016/1016 1035/1035/1035 1036/1036/1036
f 1016/1016/1016 1036/1036/1036 1017/1017/1017
f 1017/1017/1017 1036/1036/1036 1037/1037/1037
f 1017/1017/1017 1037/1037/1037 1018/1018/1018
f 1018/1018/1018 1037/1037/1037 1038/1038/1038
f 1018/1018/1018 1038/1038/1038 1019/1019/1019
f 1019/1019/1019 1038/1038/1038 1039/1039/1039
f 1019/1019/1019 1039/1039/1039 1020/1020/1020
f 1020/1020/1020 1039/1039/1039 1040/1040/1040
f 1020/1020/1020 1040/1040/1040 1021/1021/1021
f 1021/1021/1021 1040/1040/1040 1041/1041/1041
f 1021/1021/1021 1041/1041/1041 1022/1022/1022
f 1022/1022/1022 1041/1041/1041 1042/1042/1042
f 1022/1022/1022 1042/1042/1042 1023/1023/1023
f 1023/1023/1023 1042/1042/1042 1043/1043/1043
f 1023/1023/1023 1043/1043/1043 1024/1024/1024
f 1024/1024/1024 1043/1043/1043 1044/1044/1044
f 1024/1024/1024 1044/1044/1044 1025/1025/1025
f 1025/1025/1025 1044/1044/1044 1045/1045/1045
f 1025/1025/1025 1045/1045/1045 1026/1026/1026
f 1026/1026/1026 1045/1045/1045 1046/1046/1046
f 1026/1026/1026 1046/1046/1046 1027/1027/1027
f 1027/1027/1027 1046/1046/1046 1047/1047/1047
f 1027/1027/1027 1047/1047/1047 1028/1028/1028
f 1028/1028/1028 1047/1047/1047 1048/1048/1048
f 1029/1029/1029 1049/1049/1049 1030/1030/1030
f 1030/1030/1030 1049/1049/1049 1050/1050/1050
f 1030/1030/1030 1050/1050/1050 1031/1031/1031
f 1031/1031/1031 1050/1050/1050 1051/1051/1051
f 1031/1031/1031 1051/1051/1051 1032/1032/1032
f 1032/1032/1032 1051/1051/1051 1052/1052/1052
f 1032/1032/1032 1052/1052/1052 1033/1033/1033
f 1033/1033/1033 1052/1052/1052 1053/1053/1053
f 1033/1033/1033 1053/1053/1053 1034/1034/1034
f 1034/1034/1034 1053/1053/1053 1054/1054/1054
f 1034/1034/1034 1054/1054/1054 1035/1035/1035
f 1035/1035/1035 1054/1054/1054 1055/1055/1055
f 1035/1035/1035 1055/1055/1055 1036/1036/1036
f 1036/1036/1036 1055/1055/1055 1056/1056/1056
f 1036/1036/1036 1056/1056/1056 1037/1037/1037
f 1037/1037/1037 1056/1056/1056 1057/1057/1057
f 1037/1037/1037 1057/1057/1057 1038/1038/1038
f 1038/1038/1038 1057/1057/1057 1058/1058/1058
f 1038/1038/1038 1058/1058/1058 1039/1039/1039
f 1039/1039/1039 1058/1058/1058 1059/1059/1059
f 1039/1039/1039 1059/1059/1059 1040/1040/1040
f 1040/1040/1040 1059/1059/1059 1060/1060/1060
f 1040/1040/1040 1060/1060/1060 1041/1041/1041
f 1041/1041/1041 1060/1060/1060 1061/1061/1061
f 1041/1041/1041 1061/1061/1061 1042/1042/1042
f 1042/1042/1042 1061/1061/1061 1062/1062/1062
f 1042/1042/1042 1062/1062/1062 1043/1043/1043
f 1043/1043/1043 1062/1062/1062 1063/1063/1063
f 1043/1043/1043 1063/1063/1063 1044/1044/1044
f 1044/1044/1044 1063/1063/1063 1064/1064/1064
f 1044/1044/1044 1064/1064/1064 1045/1045/1045
f 1045/1045/1045 1064/1064/1064 1065/1065/1065
f 1045/1045/1045 1065/1065/1065 1046/1046/1046
f 1046/1046/1046 1065/1065/1065 1066/1066/1066
f 1046/1046/1046 1066/1066/1066 1047/1047/1047
f 1047/1047/1047 1066/1066/1066 1067/1067/1067
f 1047/1047/1047 1067/1067/1067 1048/1048/1048
f 1048/1048/1048 1067/1067/1067 1068/1068/1068
f 1049/1049/1049 1069/1069/1069 1050/1050/1050
f 1050/1050/1050 1069/1069/1069 1070/1070/1070
f 1050/1050/1050 1070/1070/1070 1051/1051/1051
f 1051/1051/1051 1070/1070/1070 1071/1071/1071
f 1051/1051/1051 1071/1071/1071 1052/1052/1052
f 1052/1052/1052 1071/1071/1071 1072/1072/1072
f 1052/1052/1052 1072/1072/1072 1053/1053/1053
f 1053/1053/1053 1072/1072/1072 1073/1073/1073
f 1053/1053/1053 1073/1073/1073 1054/1054/1054
f 1054/1054/1054 1073/1073/1073 1074/1074/1074
f 1054/1054/1054 1074/1074/1074 1055/1055/1055
f 1055/1055/1055 1074/1074/1074 1075/1075/1075
f 1055/1055/1055 1075/1075/1075 1056/1056/1056
f 1056/1056/1056 1075/1075/1075 1076/1076/1076
f 1056/1056/1056 1076/1076/1076 1057/1057/1057
f 1057/1057/1057 1076/1076/1076 1077/1077/1077
f 1057/1057/1057 1077/1077/1077 1058/1058/1058
f 1058/1058/1058 1077/1077/1077 1078/1078/1078
f 1058/1058/1058 1078/1078/1078 1059/1059/1059
f 1059/1059/1059 1078/1078/1078 1079/1079/1079
f 1059/1059/1059 1079/1079/1079 1060/1060/1060
f 1060/1060/1060 1079/1079/1079 1080/1080/1080
f 1060/1060/1060 1080/1080/1080 1061/1061/1061
f 1061/1061/1061 1080/1080/1080 1081/1081/1081
f 1061/1061/1061 1081/1081/1081 1062/1062/1062
f 1062/1062/1062 1081/1081/1081 1082/1082/1082
f 1062/1062/1062 1082/1082/1082 1063/1063/1063
f 1063/1063/1063 1082/1082/1082 1083/1083/1083
f 1063/1063/1063 1083/1083/1083 1064/1064/1064
f 1064/1064/1064 1083/1083/1083 1084/1084/1084
f 1064/1064/1064 1084/1084/1084 1065/1065/1065
f 1065/1065/1065 1084/1084/1084 1085/1085/1085
f 1065/1065/1065 1085/1085/1085 1066/1066/1066
f 1066/1066/1066 1085/1085/1085 1086/1086/1086
f 1066/1066/1066 1086/1086/1086 1067/1067/1067
f 1067/1067/1067 1086/1086/1086 1087/1087/1087
f 1067/1067/1067 1087/1087/1087 1068/1068/1068
f 1068/1068/1068 1087/1087/1087 1088/1088/1088
f 1069/1069/1069 1089/1089/1089 1070/1070/1070
f 1070/1070/1070 1089/1089/1089 1090/1090/1090
f 1070/1070/1070 1090/1090/1090 1071/1071/1071
f 1071/1071/1071 1090/1090/1090 1091/1091/1091
f 1071/1071/1071 1091/1091/1091 1072/1072/1072
f 1072/1072/1072 1091/1091/1091 1092/1092/1092
f 1072/1072/1072 1092/1092/1092 1073/1073/1073
f 1073/1073/1073 1092/1092/1092 1093/1093/1093
f 1073/1073/1073 1093/1093/1093 1074/1074/1074
f 1074/1074/1074 1093/1093/1093 1094/1094/1094
f 1074/1074/1074 1094/1094/1094 1075/1075/1075
f 1075/1075/1075 1094/1094/1094 1095/1095/1095
f 1075/1075/1075 1095/1095/1095 1076/1076/1076
f 1076/1076/1076 1095/1095/1095 1096/1096/1096
f 1076/1076/1076 1096/1096/1096 1077/1077/1077
f 1077/1077/1077 1096/1096/1096 1097/1097/1097
f 1077/1077/1077 1097/1097/1097 1078/1078/1078
f 1078/1078/1078 1097/1097/1097 1098/1098/1098
f 1078/1078/1078 1098/1098/1098 1079/1079/1079
f 1079/1079/1079 1098/1098/1098 1099/1099/1099
f 1079/1079/1079 1099/1099/1099 1080/1080/1080
f 1080/1080/1080 1099/1099/1099 1100/1100/1100
f 1080/1080/1080 1100/1100/1100 1081/1081/1081
f 1081/1081/1081 1100/1100/1100 1101/1101/1101
f 1081/1081/1081 1101/1101/1101 1082/1082/1082
f 1082/1082/1082 1101/1101/1101 1102/1102/1102
f 1082/1082/1082 1102/1102/1102 1083/1083/1083
f 1083/1083/1083 1102/1102/1102 1103/1103/1103
f 1083/1083/1083 1103/1103/1103 1084/1084/1084
f 1084/1084/1084 1103/1103/1103 1104/1104/1104
f 1084/1084/1084 1104/1104/1104 1085/1085/1085
f 1085/1085/1085 1104/1104/1104 1105/1105/1105
f 1085/1085/1085 1105/1105/1105 1086/1086/1086
f 1086/1086/1086 1105/1105/1105 1106/1106/1106
f 1086/1086/1086 1106/1106/1106 1087/1087/1087
f 1087/1087/1087 1106/1106/1106 1107/1107/1107
f 1087/1087/1087 1107/1107/1107 1088/1088/1088
f 1088/1088/1088 1107/1107/1107 1108/1108/1108
f 1089/1089/1089 1109/1109/1109 1090/1090/1090
f 1090/1090/1090 1109/1109/1109 1110/1110/1110
f 1090/1090/1090 1110/1110/1110 1091/1091/1091
f 1091/1091/1091 1110/1110/1110 1111/1111/1111
f 1091/1091/1091 1111/1111/1111 1092/1092/1092
f 1092/1092/1092 1111/1111/1111 1112/1112/1112
f 1092/1092/1092 1112/1112/1112 1093/1093/1093
f 1093/1093/1093 1112/1112/1112 1113/1113/1113
f 1093/1093/1093 1113/1113/1113 1094/1094/1094
f 1094/1094/1094 1113/1113/1113 1114/1114/1114
f 1094/1094/1094 1114/1114/1114 1095/1095/1095
f 1095/1095/1095 1114/1114/1114 1115/1115/1115
f 1095/1095/1095 1115/1115/1115 1096/1096/1096
f 1096/1096/1096 1115/1115/1115 1116/1116/1116
f 1096/1096/1096 1116/1116/1116 1097/1097/1097
f 1097/1097/1097 1116/1116/1116 1117/1117/1117
f 1097/1097/1097 1117/1117/1117 1098/1098/1098
f 1098/1098/1098 1117/1117/1117 1118/1118/1118
f 1098/1098/1098 1118/1118/1118 1099/1099/1099
f 1099/1099/1099 1118/1118/1118 1119/1119/1119
f 1099/1099/1099 1119/1119/1119 1100/1100/1100
f 1100/1100/1100 1119/1119/1119 1120/1120/1120
f 1100/1100/1100 1120/1120/1120 1101/1101/1101
f 1101/1101/1101 1120/1120/1120 1121/1121/1121
f 1101/1101/1101 1121/1121/1121 1102/1102/1102
f 1102/1102/1102 1121/1121/1121 1122/1122/1122
f 1102/1102/1102 1122/1122/1122 1103/1103/1103
f 1103/1103/1103 1122/1122/1122 1123/1123/1123
f 1103/1103/1103 1123/1123/1123 1104/1104/1104
f 1104/1104/1104 1123/1123/1123 1124/1124/1124
f 1104/1104/1104 1124/1124/1124 1105/1105/1105
f 1105/1105/1105 1124/1124/1124 1125/1125/1125
f 1105/1105/1105 1125/1125/1125 1106/1106/1106
f 1106/1106/1106 1125/1125/1125 1126/1126/1126
f 1106/1106/1106 1126/1126/1126 1107/1107/1107
f 1107/1107/1107 1126/1126/1126 1127/1127/1127
f 1107/1107/1107 1127/1127/1127 1108/1108/1108
f 1108/1108/1108 1127/1127/1127 1128/1128/1128
f 1109/1109/1109 1129/1129/1129 1110/1110/1110
f 1110/1110/1110 1129/1129/1129 1130/1130/1130
f 1110/1110/1110 1130/1130/1130 1111/1111/1111
f 1111/1111/1111 1130/1130/1130 1131/1131/1131
f 1111/1111/1111 1131/1131/1131 1112/1112/1112
f 1112/1112/1112 1131/1131/1131 1132/1132/1132
f 1112/1112/1112 1132/1132/1132 1113/1113/1113
f 1113/1113/1113 1132/1132/1132 1133/1133/1133
f 1113/1113/1113 1133/1133/1133 1114/1114/1114
f 1114/1114/1114 1133/1133/1133 1134/1134/1134
f 1114/1114/1114 1134/1134/1134 1115/1115/1115
f 1115/1115/1115 1134/1134/1134 1135/1135/1135
f 1115/1115/1115 1135/1135/1135 1116/1116/1116
f 1116/1116/1116 1135/1135/1135 1136/1136/1136
f 1116/1116/1116 1136/1136/1136 1117/1117/1117
f 1117/1117/1117 1136/1136/1136 1137/1137/1137
f 1117/1117/1117 1137/1137/1137 1118/1118/1118
f 1118/1118/1118 1137/1137/1137 1138/1138/1138
f 1118/1118/1118 1138/1138/1138 1119/1119/1119
f 1119/1119/1119 1138/1138/1138 1139/1139/1139
f 1119/1119/1119 1139/1139/1139 1120/1120/1120
f 1120/1120/1120 1139/1139/1139 1140/1140/1140
f 1120/1120/1120 1140/1140/1140 1121/1121/1121
f 1121/1121/1121 1140/1140/1140 1141/1141/1141
f 1121/1121/1121 1141/1141/1141 1122/1122/1122
f 1122/1122/1122 1141/1141/1141 1142/1142/1142
f 1122/1122/1122 1142/1142/1142 1123/1123/1123
f 1123/1123/1123 1142/1142/1142 1143/1143/1143
f 1123/1123/1123 1143/1143/1143 1124/1124/1124
f 1124/1124/1124 1143/1143/1143 1144/1144/1144
f 1124/1124/1124 1144/1144/1144 1125/1125/1125
f 1125/1125/1125 1144/1144/1144 1145/1145/1145
f 1125/1125/1125 1145/1145/1145 1126/1126/1126
f 1126/1126/1126 1145/1145/1145 1146/1146/1146
f 1126/1126/1126 1146/1146/1146 1127/1127/1127
f 1127/1127/1127 1146/1146/1146 1147/1147/1147
f 1127/1127/1127 1147/1147/1147 1128/1128/1128
f 1128/1128/1128 1147/1147/1147 1148/1148/1148
f 1129/1129/1129 1149/1149/1149 1130/1130/1130
f 1130/1130/1130 1149/1149/1149 1150/1150/1150
f 1130/1130/1130 1150/1150/1150 1131/1131/1131
f 1131/1131/1131 1150/1150/1150 1151/1151/1151
f 1131/1131/1131 1151/1151/1151 1132/1132/1132
f 1132/1132/1132 1151/1151/1151 1152/1152/1152
f 1132/1132/1132 1152/1152/1152 1133/1133/1133
f 1133/1133/1133 1152/1152/1152 1153/1153/1153
f 1133/1133/1133 1153/1153/1153 1134/1134/1134
f 1134/1134/1134 1153/1153/1153 1154/1154/1154
f 1134/1134/1134 1154/1154/1154 1135/1135/1135
f 1135/1135/1135 1154/1154/1154 1155/1155/1155
f 1135/1135/1135 1155/1155/1155 1136/1136/1136
f 1136/1136/1136 1155/1155/1155 1156/1156/1156
f 1136/1136/1136 1156/1156/1156 1137/1137/1137
f 1137/1137/1137 1156/1156/1156 1157/1157/1157
f 1137/1137/1137 1157/1157/1157 1138/1138/1138
f 1138/1138/1138 1157/1157/1157 1158/1158/1158
f 1138/1138/1138 1158/1158/1158 1139/1139/1139
f 1139/1139/1139 1158/1158/1158 1159/1159/1159
f 1139/1139/1139 1159/1159/1159 1140/1140/1140
f 1140/1140/1140 1159/1159/1159 1160/1160/1160
f 1140/1140/1140 1160/1160/1160 1141/1141/1141
f 1141/1141/1141 1160/1160/1160 1161/1161/1161
f 1141/1141/1141 1161/1161/1161 1142/1142/1142
f 1142/1142/1142 1161/1161/1161 1162/1162/1162
f 1142/1142/1142 1162/1162/1162 1143/1143/1143
f 1143/1143/1143 1162/1162/1162 1163/1163/1163
f 1143/1143/1143 1163/1163/1163 1144/1144/1144
f 1144/1144/1144 1163/1163/1163 1164/1164/1164
f 1144/1144/1144 1164/1164/1164 1145/1145/1145
f 1145/1145/1145 1164/1164/1164 1165/1165/1165
f 1145/1145/1145 1165/1165/1165 1146/1146/1146
f 1146/1146/1146 1165/1165/1165 1166/1166/1166
f 1146/1146/1146 1166/1166/1166 1147/1147/1147
f 1147/1147/1147 1166/1166/1166 1167/1167/1167
f 1147/1147/1147 1167/1167/1167 1148/1148/1148
f 1148/1148/1148 1167/1167/1167 1168/1168/1168
f 1149/1149/1149 1169/1169/1169 1150/1150/1150
f 1150/1150/1150 1169/1169/1169 1170/1170/1170
f 1150/1150/1150 1170/1170/1170 1151/1151/1151
f 1151/1151/1151 1170/1170/1170 1171/1171/1171
f 1151/1151/1151 1171/1171/1171 1152/1152/1152
f 1152/1152/1152 1171/1171/1171 1172/1172/1172
f 1152/1152/1152 1172/1172/1172 1153/1153/1153
f 1153/1153/1153 1172/1172/1172 1173/1173/1173
f 1153/1153/1153 1173/1173/1173 1154/1154/1154
f 1154/1154/1154 1173/1173/1173 1174/1174/1174
f 1154/1154/1154 1174/1174/1174 1155/1155/1155
f 1155/1155/1155 1174/1174/1174 1175/1175/1175
f 1155/1155/1155 1175/1175/1175 1156/1156/1156
f 1156/1156/1156 1175/1175/1175 1176/1176/1176
f 1156/1156/1156 1176/1176/1176 1157/1157/1157
f 1157/1157/1157 1176/1176/1176 1177/1177/1177
f 1157/1157/1157 1177/1177/1177 1158/1158/1158
f 1158/1158/1158 1177/1177/1177 1178/1178/1178
f 1158/1158/1158 1178/1178/1178 1159/1159/1159
f 1159/1159/1159 1178/1178/1178 1179/1179/1179
f 1159/1159/1159 1179/1179/1179 1160/1160/1160
f 1160/1160/1160 1179/1179/1179 1180/1180/1180
f 1160/1160/1160 1180/1180/1180 1161/1161/1161
f 1161/1161/1161 1180/1180/1180 1181/1181/1181
f 1161/1161/1161 1181/1181/1181 1162/1162/1162
f 1162/1162/1162 1181/1181/1181 1182/1182/1182
f 1162/1162/1162 1182/1182/1182 1163/1163/1163
f 1163/1163/1163 1182/1182/1182 1183/1183/1183
f 1163/1163/1163 1183/1183/1183 1164/1164/1164
f 1164/1164/1164 1183/1183/1183 1184/1184/1184
f 1164/1164/1164 1184/1184/1184 1165/1165/1165
f 1165/1165/1165 1184/1184/1184 1185/1185/1185
f 1165/1165/1165 1185/1185/1185 1166/1166/1166
f 1166/1166/1166 1185/1185/1185 1186/1186/1186
f 1166/1166/1166 1186/1186/1186 1167/1167/1167
f 1167/1167/1167 1186/1186/1186 1187/1187/1187
f 1167/1167/1167 1187/1187/1187 1168/1168/1168
f 1168/1168/1168 1187/1187/1187 1188/1188/1188
f 1169/1169/1169 1189/1189/1189 1170/1170/1170
f 1170/1170/1170 1189/1189/1189 1190/1190/1190
f 1170/1170/1170 1190/1190/1190 1171/1171/1171
f 1171/1171/1171 1190/1190/1190 1191/1191/1191
f 1171/1171/1171 1191/1191/1191 1172/1172/1172
f 1172/1172/1172 1191/1191/1191 1192/1192/1192
f 1172/1172/1172 1192/1192/1192 1173/1173/1173
f 1173/1173/1173 1192/1192/1192 1193/1193/1193
f 1173/1173/1173 1193/1193/1193 1174/1174/1174
f 1174/1174/1174 1193/1193/1193 1194/1194/1194
f 1174/1174/1174 1194/1194/1194 1175/1175/1175
f 1175/1175/1175 1194/1194/1194 1195/1195/1195
f 1175/1175/1175 1195/1195/1195 1176/1176/1176
f 1176/1176/1176 1195/1195/1195 1196/1196/1196
f 1176/1176/1176 1196/1196/1196 1177/1177/1177
f 1177/1177/1177 1196/1196/1196 1197/1197/1197
f 1177/1177/1177 1197/1197/1197 1178/1178/1178
f 1178/1178/1178 1197/1197/1197 1198/1198/1198
f 1178/1178/1178 1198/1198/1198 1179/1179/1179
f 1179/1179/1179 1198/1198/1198 1199/1199/1199
f 1179/1179/1179 1199/1199/1199 1180/1180/1180
f 1180/1180/1180 1199/1199/1199 1200/1200/1200
f 1180/1180/1180 1200/1200/1200 1181/1181/1181
f 1181/1181/1181 1200/1200/1200 1201/1201/1201
f 1181/1181/1181 1201/1201/1201 1182/1182/1182
f 1182/1182/1182 1201/1201/1201 1202/1202/1202
f 1182/1182/1182 1202/1202/1202 1183/1183/1183
f 1183/1183/1183 1202/1202/1202 1203/1203/1203
f 1183/1183/1183 1203/1203/1203 1184/1184/1184
f 1184/1184/1184 1203/1203/1203 1204/1204/1204
f 1184/1184/1184 1204/1204/1204 1185/1185/1185
f 1185/1185/1185 1204/1204/1204 1205/1205/1205
f 1185/1185/1185 1205/1205/1205 1186/1186/1186
f 1186/1186/1186 1205/1205/1205 1206/1206/1206
f 1186/1186/1186 1206/1206/1206 1187/1187/1187
f 1187/1187/1187 1206/1206/1206 1207/1207/1207
f 1187/1187/1187 1207/1207/1207 1188/1188/1188
f 1188/1188/1188 1207/1207/1207 1208/1208/1208
f 1189/1189/1189 1209/1209/1209 1190/1190/1190
f 1190/1190/1190 1209/1209/1209 1210/1210/1210
f 1190/1190/1190 1210/1210/1210 1191/1191/1191
f 1191/1191/1191 1210/1210/1210 1211/1211/1211
f 1191/1191/1191 1211/1211/1211 1192/1192/1192
f 1192/1192/1192 1211/1211/1211 1212/1212/1212
f 1192/1192/1192 1212/1212/1212 1193/1193/1193
f 1193/1193/1193 1212/1212/1212 1213/1213/1213
f 1193/1193/1193 1213/1213/1213 1194/1194/1194
f 1194/1194/1194 1213/1213/1213 1214/1214/1214
f 1194/1194/1194 1214/1214/1214 1195/1195/1195
f 1195/1195/1195 1214/1214/1214 1215/1215/1215
f 1195/1195/1195 1215/1215/1215 1196/1196/1196
f 1196/1196/1196 1215/1215/1215 1216/1216/1216
f 1196/1196/1196 1216/1216/1216 1197/1197/1197
f 1197/1197/1197 1216/1216/1216 1217/1217/1217
f 1197/1197/1197 1217/1217/1217 1198/1198/1198
f 1198/1198/1198 1217/1217/1217 1218/1218/1218
f 1198/1198/1198 1218/1218/1218 1199/1199/1199
f 1199/1199/1199 1218/1218/1218 1219/1219/1219
f 1199/1199/1199 1219/1219/1219 1200/1200/1200
f 1200/1200/1200 1219/1219/1219 1220/1220/1220
f 1200/1200/1200 1220/1220/1220 1201/1201/1201
f 1201/1201/1201 1220/1220/1220 1221/1221/1221
f 1201/1201/1201 1221/1221/1221 1202/1202/1202
f 1202/1202/1202 1221/1221/1221 1222/1222/1222
f 1202/1202/1202 1222/1222/1222 1203/1203/1203
f 1203/1203/1203 1222/1222/1222 1223/1223/1223
f 1203/1203/1203 1223/1223/1223 1204/1204/1204
f 1204/1204/1204 1223/1223/1223 1224/1224/1224
f 1204/1204/1204 1224/1224/1224 1205/1205/1205
f 1205/1205/1205 1224/1224/1224 1225/1225/1225
f 1205/1205/1205 1225/1225/1225 1206/1206/1206
f 1206/1206/1206 1225/1225/1225 1226/1226/1226
f 1206/1206/1206 1226/1226/1226 1207/1207/1207
f 1207/1207/1207 1226/1226/1226 1227/1227/1227
f 1207/1207/1207 1227/1227/1227 1208/1208/1208
f 1208/1208/1208 1227/1227/1227 1228/1228/1228
f 1209/1209/1209 1229/1229/1229 1210/1210/1210
f 1210/1210/1210 1229/1229/1229 1230/1230/1230
f 1210/1210/1210 1230/1230/1230 1211/1211/1211
f 1211/1211/1211 1230/1230/1230 1231/1231/1231
f 1211/1211/1211 1231/1231/1231 1212/1212/1212
f 1212/1212/1212 1231/1231/1231 1232/1232/1232
f 1212/1212/1212 1232/1232/1232 1213/1213/1213
f 1213/1213/1213 1232/1232/1232 1233/1233/1233
f 1213/1213/1213 1233/1233/1233 1214/1214/1214
f 1214/1214/1214 1233/1233/1233 1234/1234/1234
f 1214/1214/1214 1234/1234/1234 1215/1215/1215
f 1215/1215/1215 1234/1234/1234 1235/1235/1235
f 1215/1215/1215 1235/1235/1235 1216/1216/1216
f 1216/1216/1216 1235/1235/1235 1236/1236/1236
f 1216/1216/1216 1236/1236/1236 1217/1217/1217
f 1217/1217/1217 1236/1236/1236 1237/1237/1237
f 1217/1217/1217 1237/1237/1237 1218/1218/1218
f 1218/1218/1218 1237/1237/1237 1238/1238/1238
f 1218/1218/1218 1238/1238/1238 1219/1219/1219
f 1219/1219/1219 1238/1238/1238 1239/1239/1239
f 1219/1219/1219 1239/1239/1239 1220/1220/1220
f 1220/1220/1220 1239/1239/1239 1240/1240/1240
f 1220/1220/1220 1240/1240/1240 1221/1221/1221
f 1221/1221/1221 1240/1240/1240 1241/1241/1241
f 1221/1221/1221 1241/1241/1241 1222/1222/1222
f 1222/1222/1222 1241/1241/1241 1242/1242/1242
f 1222/1222/1222 1242/1242/1242 1223/1223/1223
f 1223/1223/1223 1242/1242/1242 1243/1243/1243
f 1223/1223/1223 1243/1243/1243 1224/1224/1224
f 1224/1224/1224 1243/1243/1243 1244/1244/1244
f 1224/1224/1224 1244/1244/1244 1225/1225/1225
f 1225/1225/1225 1244/1244/1244 1245/1245/1245
f 1225/1225/1225 1245/1245/1245 1226/1226/1226
f 1226/1226/1226 1245/1245/1245 1246/1246/1246
f 1226/1226/1226 1246/1246/1246 1227/1227/1227
f 1227/1227/1227 1246/1246/1246 1247/1247/1247
f 1227/1227/1227 1247/1247/1247 1228/1228/1228
f 1228/1228/1228 1247/1247/1247 1248/1248/1248
f 1229/1229/1229 1249/1249/1249 1230/1230/1230
f 1230/1230/1230 1249/1249/1249 1250/1250/1250
f 1230/1230/1230 1250/1250/1250 1231/1231/1231
f 1231/1231/1231 1250/1250/1250 1251/1251/1251
f 1231/1231/1231 1251/1251/1251 1232/1232/1232
f 1232/1232/1232 1251/1251/1251 1252/1252/1252
f 1232/1232/1232 1252/1252/1252 1233/1233/1233
f 1233/1233/1233 1252/1252/1252 1253/1253/1253
f 1233/1233/1233 1253/1253/1253 1234/1234/1234
f 1234/1234/1234 1253/1253/1253 1254/1254/1254
f 1234/1234/1234 1254/1254/1254 1235/1235/1235
f 1235/1235/1235 1254/1254/1254 1255/1255/1255
f 1235/1235/1235 1255/1255/1255 1236/1236/1236
f 1236/1236/1236 1255/1255/1255 1256/1256/1256
f 1236/1236/1236 1256/1256/1256 1237/1237/1237
f 1237/1237/1237 1256/1256/1256 1257/1257/1257
f 1237/1237/1237 1257/1257/1257 1238/1238/1238
f 1238/1238/1238 1257/1257/1257 1258/1258/1258
f 1238/1238/1238 1258/1258/1258 1239/1239/1239
f 1239/1239/1239 1258/1258/1258 1259/1259/1259
f 1239/1239/1239 1259/1259/1259 1240/1240/1240
f 1240/1240/1240 1259/1259/1259 1260/1260/1260
f 1240/1240/1240 1260/1260/1260 1241/1241/1241
f 1241/1241/1241 1260/1260/1260 1261/1261/1261
f 1241/1241/1241 1261/1261/1261 1242/1242/1242
f 1242/1242/1242 1261/1261/1261 1262/1262/1262
f 1242/1242/1242 1262/1262/1262 1243/1243/1243
f 1243/1243/1243 1262/1262/1262 1263/1263/1263
f 1243/1243/1243 1263/1263/1263 1244/1244/1244
f 1244/1244/1244 1263/1263/1263 1264/1264/1264
f 1244/1244/1244 1264/1264/1264 1245/1245/1245
f 1245/1245/1245 1264/1264/1264 1265/1265/1265
f 1245/1245/1245 1265/1265/1265 1246/1246/1246
f 1246/1246/1246 1265/1265/1265 1266/1266/1266
f 1246/1246/1246 1266/1266/1266 1247/1247/1247
f 1247/1247/1247 1266/1266/1266 1267/1267/1267
f 1247/1247/1247 1267/1267/1267 1248/1248/1248
f 1248/1248/1248 1267/1267/1267 1268/1268/1268
f 1249/1249/1249 1269/1269/1269 1250/1250/1250
f 1250/1250/1250 1269/1269/1269 1270/1270/1270
f 1250/1250/1250 1270/1270/1270 1251/1251/1251
f 1251/1251/1251 1270/1270/1270 1271/1271/1271
f 1251/1251/1251 1271/1271/1271 1252/1252/1252
f 1252/1252/1252 1271/1271/1271 1272/1272/1272
f 1252/1252/1252 1272/1272/1272 1253/1253/1253
f 1253/1253/1253 1272/1272/1272 1273/1273/1273
f 1253/1253/1253 1273/1273/1273 1254/1254/1254
f 1254/1254/1254 1273/1273/1273 1274/1274/1274
f 1254/1254/1254 1274/1274/1274 1255/1255/1255
f 1255/1255/1255 1274/1274/1274 1275/1275/1275
f 1255/1255/1255 1275/1275/1275 1256/1256/1256
f 1256/1256/1256 1275/1275/1275 1276/1276/1276
f 1256/1256/1256 1276/1276/1276 1257/1257/1257
f 1257/1257/1257 1276/1276/1276 1277/1277/1277
f 1257/1257/1257 1277/1277/1277 1258/1258/1258
f 1258/1258/1258 1277/1277/1277 1278/1278/1278
f 1258/1258/1258 1278/1278/1278 1259/1259/1259
f 1259/1259/1259 1278/1278/1278 1279/1279/1279
f 1259/1259/1259 1279/1279/1279 1260/1260/1260
f 1260/1260/1260 1279/1279/1279 1280/1280/1280
f 1260/1260/1260 1280/1280/1280 1261/1261/1261
f 1261/1261/1261 1280/1280/1280 1281/1281/1281
f 1261/1261/1261 1281/1281/1281 1262/1262/1262
f 1262/1262/1262 1281/1281/1281 1282/1282/1282
f 1262/1262/1262 1282/1282/1282 1263/1263/1263
f 1263/1263/1263 1282/1282/1282 1283/1283/1283
f 1263/1263/1263 1283/1283/1283 1264/1264/1264
f 1264/1264/1264 1283/1283/1283 1284/1284/1284
f 1264/1264/1264 1284/1284/1284 1265/1265/1265
f 1265/1265/1265 1284/1284/1284 1285/1285/1285
f 1265/1265/1265 1285/1285/1285 1266/1266/1266
f 1266/1266/1266 1285/1285/1285 1286/1286/1286
f 1266/1266/1266 1286/1286/1286 1267/1267/1267
f 1267/1267/1267 1286/1286/1286 1287/1287/1287
f 1267/1267/1267 1287/1287/1287 1268/1268/1268
f 1268/1268/1268 1287/1287/1287 1288/1288/1288
f 1269/1269/1269 1289/1289/1289 1270/1270/1270
f 1270/1270/1270 1289/1289/1289 1290/1290/1290
f 1270/1270/1270 1290/1290/1290 1271/1271/1271
f 1271/1271/1271 1290/1290/1290 1291/1291/1291
f 1271/1271/1271 1291/1291/1291 1272/1272/1272
f 1272/1272/1272 1291/1291/1291 1292/1292/1292
f 1272/1272/1272 1292/1292/1292 1273/1273/1273
f 1273/1273/1273 1292/1292/1292 1293/1293/1293
f 1273/1273/1273 1293/1293/1293 1274/1274/1274
f 1274/1274/1274 1293/1293/1293 1294/1294/1294
f 1274/1274/1274 1294/1294/1294 1275/1275/1275
f 1275/1275/1275 1294/1294/1294 1295/1295/1295
f 1275/1275/1275 1295/1295/1295 1276/1276/1276
f 1276/1276/1276 1295/1295/1295 1296/1296/1296
f 1276/1276/1276 1296/1296/1296 1277/1277/1277
f 1277/1277/1277 1296/1296/1296 1297/1297/1297
f 1277/1277/1277 1297/1297/1297 1278/1278/1278
f 1278/1278/1278 1297/1297/1297 1298/1298/1298
f 1278/1278/1278 1298/1298/1298 1279/1279/1279
f 1279/1279/1279 1298/1298/1298 1299/1299/1299
f 1279/1279/1279 1299/1299/1299 1280/1280/1280
f 1280/1280/1280 1299/1299/1299 1300/1300/1300
f 1280/1280/1280 1300/1300/1300 1281/1281/1281
f 1281/1281/1281 1300/1300/1300 1301/1301/1301
f 1281/1281/1281 1301/1301/1301 1282/1282/1282
f 1282/1282/1282 1301/1301/1301 1302/1302/1302
f 1282/1282/1282 1302/1302/1302 1283/1283/1283
f 1283/1283/1283 1302/1302/1302 1303/1303/1303
f 1283/1283/1283 1303/1303/1303 1284/1284/1284
f 1284/1284/1284 1303/1303/1303 1304/1304/1304
f 1284/1284/1284 1304/1304/1304 1285/1285/1285
f 1285/1285/1285 1304/1304/1304 1305/1305/1305
f 1285/1285/1285 1305/1305/1305 1286/1286/1286
f 1286/1286/1286 1305/1305/1305 1306/1306/1306
f 1286/1286/1286 1306/1306/1306 1287/1287/1287
f 1287/1287/1287 1306/1306/1306 1307/1307/1307
f 1287/1287/1287 1307/1307/1307 1288/1288/1288
f 1288/1288/1288 1307/1307/1307 1308/1308/1308
f 1289/1289/1289 1309/1309/1309 1290/1290/1290
f 1290/1290/1290 1309/1309/1309 1310/1310/1310
f 1290/1290/1290 1310/1310/1310 1291/1291/1291
f 1291/1291/1291 1310/1310/1310 1311/1311/1311
f 1291/1291/1291 1311/1311/1311 1292/1292/1292
f 1292/1292/1292 1311/1311/1311 1312/1312/1312
f 1292/1292/1292 1312/1312/1312 1293/1293/1293
f 1293/1293/1293 1312/1312/1312 1313/1313/1313
f 1293/1293/1293 1313/1313/1313 1294/1294/1294
f 1294/1294/1294 1313/1313/1313 1314/1314/1314
f 1294/1294/1294 1314/1314/1314 1295/1295/1295
f 1295/1295/1295 1314/1314/1314 1315/1315/1315
f 1295/1295/1295 1315/1315/1315 1296/1296/1296
f 1296/1296/1296 1315/1315/1315 1316/1316/1316
f 1296/1296/1296 1316/1316/1316 1297/1297/1297
f 1297/1297/1297 1316/1316/1316 1317/1317/1317
f 1297/1297/1297 1317/1317/1317 1298/1298/1298
f 1298/1298/1298 1317/1317/1317 1318/1318/1318
f 1298/1298/1298 1318/1318/1318 1299/1299/1299
f 1299/1299/1299 1318/1318/1318 1319/1319/1319
f 1299/1299/1299 1319/1319/1319 1300/1300/1300
f 1300/1300/1300 1319/1319/1319 1320/1320/1320
f 1300/1300/1300 1320/1320/1320 1301/1301/1301
f 1301/1301/1301 1320/1320/1320 1321/1321/1321
f 1301/1301/1301 1321/1321/1321 1302/1302/1302
f 1302/1302/1302 1321/1321/1321 1322/1322/1322
f 1302/1302/1302 1322/1322/1322 1303/1303/1303
f 1303/1303/1303 1322/1322/1322 1323/1323/1323
f 1303/1303/1303 1323/1323/1323 1304/1304/1304
f 1304/1304/1304 1323/1323/1323 1324/1324/1324
f 1304/1304/1304 1324/1324/1324 1305/1305/1305
f 1305/1305/1305 1324/1324/1324 1325/1325/1325
f 1305/1305/1305 1325/1325/1325 1306/1306/1306
f 1306/1306/1306 1325/1325/1325 1326/1326/1326
f 1306/1306/1306 1326/1326/1326 1307/1307/1307
f 1307/1307/1307 1326/1326/1326 1327/1327/1327
f 1307/1307/1307 1327/1327/1327 1308/1308/1308
f 1308/1308/1308 1327/1327/1327 1328/1328/1328
f 1309/1309/1309 1329/1329/1329 1310/1310/1310
f 1310/1310/1310 1329/1329/1329 1330/1330/1330
f 1310/1310/1310 1330/1330/1330 1311/1311/1311
f 1311/1311/1311 1330/1330/1330 1331/1331/1331
f 1311/1311/1311 1331/1331/1331 1312/1312/1312
f 1312/1312/1312 1331/1331/1331 1332/1332/1332
f 1312/1312/1312 1332/1332/1332 1313/1313/1313
f 1313/1313/1313 1332/1332/1332 1333/1333/1333
f 1313/1313/1313 1333/1333/1333 1314/1314/1314
f 1314/1314/1314 1333/1333/1333 1334/1334/1334
f 1314/1314/1314 1334/1334/1334 1315/1315/1315
f 1315/1315/1315 1334/1334/1334 1335/1335/1335
f 1315/1315/1315 1335/1335/1335 1316/1316/1316
f 1316/1316/1316 1335/1335/1335 1336/1336/1336
f 1316/1316/1316 1336/1336/1336 1317/1317/1317
f 1317/1317/1317 1336/1336/1336 1337/1337/1337
f 1317/1317/1317 1337/1337/1337 1318/1318/1318
f 1318/1318/1318 1337/1337/1337 1338/1338/1338
f 1318/1318/1318 1338/1338/1338 1319/1319/1319
f 1319/1319/1319 1338/1338/1338 1339/1339/1339
f 1319/1319/1319 1339/1339/1339 1320/1320/1320
f 1320/1320/1320 1339/1339/1339 1340/1340/1340
f 1320/1320/1320 1340/1340/1340 1321/1321/1321
f 1321/1321/1321 1340/1340/1340 1341/1341/1341
f 1321/1321/1321 1341/1341/1341 1322/1322/1322
f 1322/1322/1322 1341/1341/1341 1342/1342/1342
f 1322/1322/1322 1342/1342/1342 1323/1323/1323
f 1323/1323/1323 1342/1342/1342 1343/1343/1343
f 1323/1323/1323 1343/1343/1343 1324/1324/1324
f 1324/1324/1324 1343/1343/1343 1344/1344/1344
f 1324/1324/1324 1344/1344/1344 1325/1325/1325
f 1325/1325/1325 1344/1344/1344 1345/1345/1345
f 1325/1325/1325 1345/1345/1345 1326/1326/1326
f 1326/1326/1326 1345/1345/1345 1346/1346/1346
f 1326/1326/1326 1346/1346/1346 1327/1327/1327
f 1327/1327/1327 1346/1346/1346 1347/1347/1347
f 1327/1327/1327 1347/1347/1347 1328/1328/1328
f 1328/1328/1328 1347/1347/1347 1348/1348/1348
f 1329/1329/1329 1349/1349/1349 1330/1330/1330
f 1330/1330/1330 1349/1349/1349 1350/1350/1350
f 1330/1330/1330 1350/1350/1350 1331/1331/1331
f 1331/1331/1331 1350/1350/1350 1351/1351/1351
f 1331/1331/1331 1351/1351/1351 1332/1332/1332
f 1332/1332/1332 1351/1351/1351 1352/1352/1352
f 1332/1332/1332 1352/1352/1352 1333/1333/1333
f 1333/1333/1333 1352/1352/1352 1353/1353/1353
f 1333/1333/1333 1353/1353/1353 1334/1334/1334
f 1334/1334/1334 1353/1353/1353 1354/1354/1354
f 1334/1334/1334 1354/1354/1354 1335/1335/1335
f 1335/1335/1335 1354/1354/1354 1355/1355/1355
f 1335/1335/1335 1355/1355/1355 1336/1336/1336
f 1336/1336/1336 1355/1355/1355 1356/1356/1356
f 1336/1336/1336 1356/1356/1356 1337/1337/1337
f 1337/1337/1337 1356/1356/1356 1357/1357/1357
f 1337/1337/1337 1357/1357/1357 1338/1338/1338
f 1338/1338/1338 1357/1357/1357 1358/1358/1358
f 1338/1338/1338 1358/1358/1358 1339/1339/1339
f 1339/1339/1339 1358/1358/1358 1359/1359/1359
f 1339/1339/1339 1359/1359/1359 1340/1340/1340
f 1340/1340/1340 1359/1359/1359 1360/1360/1360
f 1340/1340/1340 1360/1360/1360 1341/1341/1341
f 1341/1341/1341 1360/1360/1360 1361/1361/1361
f 1341/1341/1341 1361/1361/1361 1342/1342/1342
f 1342/1342/1342 1361/1361/1361 1362/1362/1362
f 1342/1342/1342 1362/1362/1362 1343/1343/1343
f 1343/1343/1343 1362/1362/1362 1363/1363/1363
f 1343/1343/1343 1363/1363/1363 1344/1344/1344
f 1344/1344/1344 1363/1363/1363 1364/1364/1364
f 1344/1344/1344 1364/1364/1364 1345/1345/1345
f 1345/1345/1345 1364/1364/1364 1365/1365/1365
f 1345/1345/1345 1365/1365/1365 1346/1346/1346
f 1346/1346/1346 1365/1365/1365 1366/1366/1366
f 1346/1346/1346 1366/1366/1366 1347/1347/1347
f 1347/1347/1347 1366/1366/1366 1367/1367/1367
f 1347/1347/1347 1367/1367/1367 1348/1348/1348
f 1348/1348/1348 1367/1367/1367 1368/1368/1368

# Patch: bottom_back_thong
o bottom_back_thong
usemtl bikini_b4712973_material
v -0.079100 0.926000 -0.136000
v -0.061522 0.926000 -0.136000
v -0.043944 0.926000 -0.136000
v -0.026367 0.926000 -0.136000
v -0.008789 0.926000 -0.136000
v 0.008789 0.926000 -0.136000
v 0.026367 0.926000 -0.136000
v 0.043944 0.926000 -0.136000
v 0.061522 0.926000 -0.136000
v 0.079100 0.926000 -0.136000
v -0.071335 0.916333 -0.129219
v -0.055483 0.916333 -0.129378
v -0.039630 0.916333 -0.129537
v -0.023778 0.916333 -0.129696
v -0.007926 0.916333 -0.129855
v 0.007926 0.916333 -0.129855
v 0.023778 0.916333 -0.129696
v 0.039630 0.916333 -0.129537
v 0.055483 0.916333 -0.129378
v 0.071335 0.916333 -0.129219
v -0.063968 0.906667 -0.122471
v -0.049753 0.906667 -0.122769
v -0.035538 0.906667 -0.123068
v -0.021323 0.906667 -0.123366
v -0.007108 0.906667 -0.123664
v 0.007108 0.906667 -0.123664
v 0.021323 0.906667 -0.123366
v 0.035538 0.906667 -0.123068
v 0.049753 0.906667 -0.122769
v 0.063968 0.906667 -0.122471
v -0.057001 0.897000 -0.115717
v -0.044334 0.897000 -0.116131
v -0.031667 0.897000 -0.116545
v -0.019000 0.897000 -0.116960
v -0.006333 0.897000 -0.117374
v 0.006333 0.897000 -0.117374
v 0.019000 0.897000 -0.116960
v 0.031667 0.897000 -0.116545
v 0.044334 0.897000 -0.116131
v 0.057001 0.897000 -0.115717
v -0.050432 0.887333 -0.108914
v -0.039225 0.887333 -0.109419
v -0.028018 0.887333 -0.109924
v -0.016811 0.887333 -0.110429
v -0.005604 0.887333 -0.110935
v 0.005604 0.887333 -0.110935
v 0.016811 0.887333 -0.110429
v 0.028018 0.887333 -0.109924
v 0.039225 0.887333 -0.109419
v 0.050432 0.887333 -0.108914
v -0.044262 0.877667 -0.102021
v -0.034426 0.877667 -0.102590
v -0.024590 0.877667 -0.103160
v -0.014754 0.877667 -0.103730
v -0.004918 0.877667 -0.104300
v 0.004918 0.877667 -0.104300
v 0.014754 0.877667 -0.103730
v 0.024590 0.877667 -0.103160
v 0.034426 0.877667 -0.102590
v 0.044262 0.877667 -0.102021
v -0.038491 0.868000 -0.094996
v -0.029938 0.868000 -0.095604
v -0.021384 0.868000 -0.096212
v -0.012830 0.868000 -0.096820
v -0.004277 0.868000 -0.097428
v 0.004277 0.868000 -0.097428
v 0.012830 0.868000 -0.096820
v 0.021384 0.868000 -0.096212
v 0.029938 0.868000 -0.095604
v 0.038491 0.868000 -0.094996
v -0.033119 0.858333 -0.087802
v -0.025759 0.858333 -0.088423
v -0.018399 0.858333 -0.089044
v -0.011040 0.858333 -0.089665
v -0.003680 0.858333 -0.090285
v 0.003680 0.858333 -0.090285
v 0.011040 0.858333 -0.089665
v 0.018399 0.858333 -0.089044
v 0.025759 0.858333 -0.088423
v 0.033119 0.858333 -0.087802
v -0.028146 0.848667 -0.080404
v -0.021891 0.848667 -0.081014
v -0.015636 0.848667 -0.081624
v -0.009382 0.848667 -0.082234
v -0.003127 0.848667 -0.082845
v 0.003127 0.848667 -0.082845
v 0.009382 0.848667 -0.082234
v 0.015636 0.848667 -0.081624
v 0.021891 0.848667 -0.081014
v 0.028146 0.848667 -0.080404
v -0.023571 0.839000 -0.072771
v -0.018333 0.839000 -0.073350
v -0.013095 0.839000 -0.073929
v -0.007857 0.839000 -0.074508
v -0.002619 0.839000 -0.075087
v 0.002619 0.839000 -0.075087
v 0.007857 0.839000 -0.074508
v 0.013095 0.839000 -0.073929
v 0.018333 0.839000 -0.073350
v 0.023571 0.839000 -0.072771
v -0.019396 0.829333 -0.064881
v -0.015085 0.829333 -0.065411
v -0.010775 0.829333 -0.065942
v -0.006465 0.829333 -0.066472
v -0.002155 0.829333 -0.067002
v 0.002155 0.829333 -0.067002
v 0.006465 0.829333 -0.066472
v 0.010775 0.829333 -0.065942
v 0.015085 0.829333 -0.065411
v 0.019396 0.829333 -0.064881
v -0.015619 0.819667 -0.056715
v -0.012148 0.819667 -0.057184
v -0.008677 0.819667 -0.057653
v -0.005206 0.819667 -0.058122
v -0.001735 0.819667 -0.058590
v 0.001735 0.819667 -0.058590
v 0.005206 0.819667 -0.058122
v 0.008677 0.819667 -0.057653
v 0.012148 0.819667 -0.057184
v 0.015619 0.819667 -0.056715
v -0.012241 0.810000 -0.048266
v -0.009521 0.810000 -0.048664
v -0.006800 0.810000 -0.049063
v -0.004080 0.810000 -0.049461
v -0.001360 0.810000 -0.049859
v 0.001360 0.810000 -0.049859
v 0.004080 0.810000 -0.049461
v 0.006800 0.810000 -0.049063
v 0.009521 0.810000 -0.048664
v 0.012241 0.810000 -0.048266
v -0.009262 0.800333 -0.039534
v -0.007204 0.800333 -0.039857
v -0.005145 0.800333 -0.040180
v -0.003087 0.800333 -0.040503
v -0.001029 0.800333 -0.040826
v 0.001029 0.800333 -0.040826
v 0.003087 0.800333 -0.040503
v 0.005145 0.800333 -0.040180
v 0.007204 0.800333 -0.039857
v 0.009262 0.800333 -0.039534
v -0.006681 0.790667 -0.030526
v -0.005197 0.790667 -0.030773
v -0.003712 0.790667 -0.031021
v -0.002227 0.790667 -0.031269
v -0.000742 0.790667 -0.031516
v 0.000742 0.790667 -0.031516
v 0.002227 0.790667 -0.031269
v 0.003712 0.790667 -0.031021
v 0.005197 0.790667 -0.030773
v 0.006681 0.790667 -0.030526
v -0.004500 0.781000 -0.021260
v -0.003500 0.781000 -0.021436
v -0.002500 0.781000 -0.021613
v -0.001500 0.781000 -0.021789
v -0.000500 0.781000 -0.021965
v 0.000500 0.781000 -0.021965
v 0.001500 0.781000 -0.021789
v 0.002500 0.781000 -0.021613
v 0.003500 0.781000 -0.021436
v 0.004500 0.781000 -0.021260
vn 0.000000 0.574270 0.818666
vn 0.002562 0.569392 0.822062
vn 0.002583 0.559833 0.828602
vn 0.002603 0.550044 0.835131
vn 0.002623 0.540024 0.841646
vn 0.000000 0.536467 0.843922
vn -0.002617 0.543390 0.839476
vn -0.002596 0.553333 0.832956
vn -0.002576 0.563044 0.826423
vn -0.003902 0.571608 0.820518
vn 0.005287 0.573209 0.819392
vn 0.008076 0.567867 0.823081
vn 0.008141 0.558187 0.829675
vn 0.008205 0.548273 0.836259
vn 0.005448 0.539775 0.841792
vn -0.002811 0.539835 0.841766
vn -0.008203 0.548690 0.835986
vn -0.008138 0.558594 0.829401
vn -0.008073 0.568264 0.822807
vn -0.010971 0.575644 0.817627
vn 0.013938 0.576274 0.817138
vn 0.016970 0.571501 0.820426
vn 0.017102 0.562197 0.826827
vn 0.017234 0.552674 0.833219
vn 0.009929 0.544319 0.838820
vn -0.007420 0.544448 0.838762
vn -0.017227 0.553170 0.832890
vn -0.017095 0.562682 0.826497
vn -0.016963 0.571974 0.820096
vn -0.020036 0.579466 0.814750
vn 0.023171 0.581431 0.813266
vn 0.026390 0.577351 0.816070
vn 0.026586 0.568670 0.822136
vn 0.026782 0.559795 0.828198
vn 0.014616 0.551858 0.833810
vn -0.012346 0.552048 0.833721
vn -0.026770 0.560346 0.827826
vn -0.026574 0.569209 0.821763
vn -0.026378 0.577878 0.815697
vn -0.029577 0.585287 0.810287
vn 0.032807 0.588534 0.807806
vn 0.036152 0.585222 0.810067
vn 0.036402 0.577353 0.815683
vn 0.036653 0.569320 0.821299
vn 0.019405 0.562039 0.826883
vn -0.017494 0.562278 0.826763
vn -0.036635 0.569900 0.820897
vn -0.036384 0.577921 0.815281
vn -0.036134 0.585778 0.809666
vn -0.039407 0.592935 0.804286
vn 0.042655 0.597347 0.800847
vn 0.046058 0.594827 0.802534
vn 0.046350 0.587893 0.807609
vn 0.046641 0.580828 0.812689
vn 0.024190 0.574395 0.818221
vn -0.022764 0.574670 0.818069
vn -0.046617 0.581412 0.812273
vn -0.046326 0.588466 0.807194
vn -0.046034 0.595389 0.802118
vn -0.049332 0.602151 0.796857
vn 0.052523 0.607560 0.792535
vn 0.055917 0.605806 0.793645
vn 0.056232 0.599868 0.798120
vn 0.056548 0.593830 0.802601
vn 0.028867 0.588384 0.808066
vn -0.028059 0.588680 0.807879
vn -0.056518 0.594396 0.802184
vn -0.056203 0.600425 0.797704
vn -0.055887 0.606353 0.793229
vn -0.059162 0.612615 0.788164
vn 0.062225 0.618808 0.783074
vn 0.065544 0.617756 0.783634
vn 0.065866 0.612814 0.787477
vn 0.066188 0.607800 0.791327
vn 0.033339 0.603429 0.796720
vn -0.033290 0.603729 0.796494
vn -0.066154 0.608330 0.790922
vn -0.065832 0.613337 0.787073
vn -0.065511 0.618270 0.783231
vn -0.068718 0.623960 0.778429
vn 0.071595 0.630700 0.772717
vn 0.074780 0.630254 0.772779
vn 0.075090 0.626261 0.775989
vn 0.075401 0.622218 0.779204
vn 0.037522 0.618959 0.784527
vn -0.038382 0.619247 0.784258
vn -0.075365 0.622699 0.778824
vn -0.075053 0.626736 0.775609
vn -0.074743 0.630723 0.772400
vn -0.077845 0.635801 0.767917
vn 0.080490 0.642842 0.761758
vn 0.083490 0.642888 0.761396
vn 0.083775 0.639757 0.763998
vn 0.084061 0.636594 0.766604
vn 0.041343 0.634444 0.771863
vn -0.043277 0.634702 0.771544
vn -0.084023 0.637017 0.766257
vn -0.083737 0.640176 0.763651
vn -0.083452 0.643302 0.761051
vn -0.086417 0.647759 0.756928
vn 0.088800 0.654855 0.750520
vn 0.091577 0.655270 0.749823
vn 0.091826 0.652893 0.751864
vn 0.092076 0.650496 0.753908
vn 0.044745 0.649415 0.759116
vn -0.047943 0.649626 0.758741
vn -0.092039 0.650856 0.753601
vn -0.091789 0.653250 0.751558
vn -0.091540 0.655625 0.749517
vn -0.094344 0.659475 0.745783
vn 0.096452 0.666397 0.739332
vn 0.098983 0.667059 0.738400
vn 0.099190 0.665313 0.739946
vn 0.099398 0.663557 0.741493
vn 0.047684 0.663483 0.746670
vn -0.052376 0.663628 0.746227
vn -0.099363 0.663855 0.741232
vn -0.099155 0.665609 0.739684
vn -0.098948 0.667353 0.738139
vn -0.101576 0.670627 0.734808
vn 0.103417 0.677169 0.728523
vn 0.105695 0.677962 0.727459
vn 0.105859 0.676725 0.728585
vn 0.106023 0.675483 0.729714
vn 0.050123 0.676339 0.734883
vn -0.056610 0.676396 0.734359
vn -0.105991 0.675721 0.729498
vn -0.105827 0.676962 0.728370
vn -0.105664 0.678198 0.727243
vn -0.108112 0.680936 0.724319
vn 0.109717 0.686920 0.718404
vn 0.111755 0.687739 0.717305
vn 0.111878 0.686894 0.718094
vn 0.112001 0.686047 0.718885
vn 0.052026 0.687751 0.724080
vn -0.060732 0.687696 0.723454
vn -0.111974 0.686230 0.718714
vn -0.111851 0.687077 0.717924
vn -0.111728 0.687921 0.717134
vn -0.114016 0.690170 0.714609
vn 0.115445 0.695439 0.709251
vn 0.117289 0.696194 0.708207
vn 0.117377 0.695635 0.708741
vn 0.117466 0.695075 0.709276
vn 0.053346 0.697555 0.714543
vn -0.064923 0.697352 0.713782
vn -0.117444 0.695211 0.709147
vn -0.117356 0.695770 0.708612
vn -0.117267 0.696329 0.708078
vn -0.119455 0.698132 0.705934
vn 0.120007 0.700750 0.703241
vn 0.121181 0.700394 0.703394
vn 0.121256 0.699943 0.703830
vn 0.121331 0.699491 0.704267
vn 0.035949 0.702849 0.710430
vn -0.086084 0.701479 0.707472
vn -0.121281 0.699792 0.703976
vn -0.121206 0.700244 0.703539
vn -0.121131 0.700695 0.703103
vn -0.123832 0.701077 0.702251
vt 0.020000 0.673333
vt 0.020000 0.707407
vt 0.020000 0.741481
vt 0.020000 0.775556
vt 0.020000 0.809630
vt 0.020000 0.843704
vt 0.020000 0.877778
vt 0.020000 0.911852
vt 0.020000 0.945926
vt 0.020000 0.980000
vt 0.040444 0.673333
vt 0.040444 0.707407
vt 0.040444 0.741481
vt 0.040444 0.775556
vt 0.040444 0.809630
vt 0.040444 0.843704
vt 0.040444 0.877778
vt 0.040444 0.911852
vt 0.040444 0.945926
vt 0.040444 0.980000
vt 0.060889 0.673333
vt 0.060889 0.707407
vt 0.060889 0.741481
vt 0.060889 0.775556
vt 0.060889 0.809630
vt 0.060889 0.843704
vt 0.060889 0.877778
vt 0.060889 0.911852
vt 0.060889 0.945926
vt 0.060889 0.980000
vt 0.081333 0.673333
vt 0.081333 0.707407
vt 0.081333 0.741481
vt 0.081333 0.775556
vt 0.081333 0.809630
vt 0.081333 0.843704
vt 0.081333 0.877778
vt 0.081333 0.911852
vt 0.081333 0.945926
vt 0.081333 0.980000
vt 0.101778 0.673333
vt 0.101778 0.707407
vt 0.101778 0.741481
vt 0.101778 0.775556
vt 0.101778 0.809630
vt 0.101778 0.843704
vt 0.101778 0.877778
vt 0.101778 0.911852
vt 0.101778 0.945926
vt 0.101778 0.980000
vt 0.122222 0.673333
vt 0.122222 0.707407
vt 0.122222 0.741481
vt 0.122222 0.775556
vt 0.122222 0.809630
vt 0.122222 0.843704
vt 0.122222 0.877778
vt 0.122222 0.911852
vt 0.122222 0.945926
vt 0.122222 0.980000
vt 0.142667 0.673333
vt 0.142667 0.707407
vt 0.142667 0.741481
vt 0.142667 0.775556
vt 0.142667 0.809630
vt 0.142667 0.843704
vt 0.142667 0.877778
vt 0.142667 0.911852
vt 0.142667 0.945926
vt 0.142667 0.980000
vt 0.163111 0.673333
vt 0.163111 0.707407
vt 0.163111 0.741481
vt 0.163111 0.775556
vt 0.163111 0.809630
vt 0.163111 0.843704
vt 0.163111 0.877778
vt 0.163111 0.911852
vt 0.163111 0.945926
vt 0.163111 0.980000
vt 0.183556 0.673333
vt 0.183556 0.707407
vt 0.183556 0.741481
vt 0.183556 0.775556
vt 0.183556 0.809630
vt 0.183556 0.843704
vt 0.183556 0.877778
vt 0.183556 0.911852
vt 0.183556 0.945926
vt 0.183556 0.980000
vt 0.204000 0.673333
vt 0.204000 0.707407
vt 0.204000 0.741481
vt 0.204000 0.775556
vt 0.204000 0.809630
vt 0.204000 0.843704
vt 0.204000 0.877778
vt 0.204000 0.911852
vt 0.204000 0.945926
vt 0.204000 0.980000
vt 0.224444 0.673333
vt 0.224444 0.707407
vt 0.224444 0.741481
vt 0.224444 0.775556
vt 0.224444 0.809630
vt 0.224444 0.843704
vt 0.224444 0.877778
vt 0.224444 0.911852
vt 0.224444 0.945926
vt 0.224444 0.980000
vt 0.244889 0.673333
vt 0.244889 0.707407
vt 0.244889 0.741481
vt 0.244889 0.775556
vt 0.244889 0.809630
vt 0.244889 0.843704
vt 0.244889 0.877778
vt 0.244889 0.911852
vt 0.244889 0.945926
vt 0.244889 0.980000
vt 0.265333 0.673333
vt 0.265333 0.707407
vt 0.265333 0.741481
vt 0.265333 0.775556
vt 0.265333 0.809630
vt 0.265333 0.843704
vt 0.265333 0.877778
vt 0.265333 0.911852
vt 0.265333 0.945926
vt 0.265333 0.980000
vt 0.285778 0.673333
vt 0.285778 0.707407
vt 0.285778 0.741481
vt 0.285778 0.775556
vt 0.285778 0.809630
vt 0.285778 0.843704
vt 0.285778 0.877778
vt 0.285778 0.911852
vt 0.285778 0.945926
vt 0.285778 0.980000
vt 0.306222 0.673333
vt 0.306222 0.707407
vt 0.306222 0.741481
vt 0.306222 0.775556
vt 0.306222 0.809630
vt 0.306222 0.843704
vt 0.306222 0.877778
vt 0.306222 0.911852
vt 0.306222 0.945926
vt 0.306222 0.980000
vt 0.326667 0.673333
vt 0.326667 0.707407
vt 0.326667 0.741481
vt 0.326667 0.775556
vt 0.326667 0.809630
vt 0.326667 0.843704
vt 0.326667 0.877778
vt 0.326667 0.911852
vt 0.326667 0.945926
vt 0.326667 0.980000
f 1369/1369/1369 1379/1379/1379 1370/1370/1370
f 1370/1370/1370 1379/1379/1379 1380/1380/1380
f 1370/1370/1370 1380/1380/1380 1371/1371/1371
f 1371/1371/1371 1380/1380/1380 1381/1381/1381
f 1371/1371/1371 1381/1381/1381 1372/1372/1372
f 1372/1372/1372 1381/1381/1381 1382/1382/1382
f 1372/1372/1372 1382/1382/1382 1373/1373/1373
f 1373/1373/1373 1382/1382/1382 1383/1383/1383
f 1373/1373/1373 1383/1383/1383 1374/1374/1374
f 1374/1374/1374 1383/1383/1383 1384/1384/1384
f 1374/1374/1374 1384/1384/1384 1375/1375/1375
f 1375/1375/1375 1384/1384/1384 1385/1385/1385
f 1375/1375/1375 1385/1385/1385 1376/1376/1376
f 1376/1376/1376 1385/1385/1385 1386/1386/1386
f 1376/1376/1376 1386/1386/1386 1377/1377/1377
f 1377/1377/1377 1386/1386/1386 1387/1387/1387
f 1377/1377/1377 1387/1387/1387 1378/1378/1378
f 1378/1378/1378 1387/1387/1387 1388/1388/1388
f 1379/1379/1379 1389/1389/1389 1380/1380/1380
f 1380/1380/1380 1389/1389/1389 1390/1390/1390
f 1380/1380/1380 1390/1390/1390 1381/1381/1381
f 1381/1381/1381 1390/1390/1390 1391/1391/1391
f 1381/1381/1381 1391/1391/1391 1382/1382/1382
f 1382/1382/1382 1391/1391/1391 1392/1392/1392
f 1382/1382/1382 1392/1392/1392 1383/1383/1383
f 1383/1383/1383 1392/1392/1392 1393/1393/1393
f 1383/1383/1383 1393/1393/1393 1384/1384/1384
f 1384/1384/1384 1393/1393/1393 1394/1394/1394
f 1384/1384/1384 1394/1394/1394 1385/1385/1385
f 1385/1385/1385 1394/1394/1394 1395/1395/1395
f 1385/1385/1385 1395/1395/1395 1386/1386/1386
f 1386/1386/1386 1395/1395/1395 1396/1396/1396
f 1386/1386/1386 1396/1396/1396 1387/1387/1387
f 1387/1387/1387 1396/1396/1396 1397/1397/1397
f 1387/1387/1387 1397/1397/1397 1388/1388/1388
f 1388/1388/1388 1397/1397/1397 1398/1398/1398
f 1389/1389/1389 1399/1399/1399 1390/1390/1390
f 1390/1390/1390 1399/1399/1399 1400/1400/1400
f 1390/1390/1390 1400/1400/1400 1391/1391/1391
f 1391/1391/1391 1400/1400/1400 1401/1401/1401
f 1391/1391/1391 1401/1401/1401 1392/1392/1392
f 1392/1392/1392 1401/1401/1401 1402/1402/1402
f 1392/1392/1392 1402/1402/1402 1393/1393/1393
f 1393/1393/1393 1402/1402/1402 1403/1403/1403
f 1393/1393/1393 1403/1403/1403 1394/1394/1394
f 1394/1394/1394 1403/1403/1403 1404/1404/1404
f 1394/1394/1394 1404/1404/1404 1395/1395/1395
f 1395/1395/1395 1404/1404/1404 1405/1405/1405
f 1395/1395/1395 1405/1405/1405 1396/1396/1396
f 1396/1396/1396 1405/1405/1405 1406/1406/1406
f 1396/1396/1396 1406/1406/1406 1397/1397/1397
f 1397/1397/1397 1406/1406/1406 1407/1407/1407
f 1397/1397/1397 1407/1407/1407 1398/1398/1398
f 1398/1398/1398 1407/1407/1407 1408/1408/1408
f 1399/1399/1399 1409/1409/1409 1400/1400/1400
f 1400/1400/1400 1409/1409/1409 1410/1410/1410
f 1400/1400/1400 1410/1410/1410 1401/1401/1401
f 1401/1401/1401 1410/1410/1410 1411/1411/1411
f 1401/1401/1401 1411/1411/1411 1402/1402/1402
f 1402/1402/1402 1411/1411/1411 1412/1412/1412
f 1402/1402/1402 1412/1412/1412 1403/1403/1403
f 1403/1403/1403 1412/1412/1412 1413/1413/1413
f 1403/1403/1403 1413/1413/1413 1404/1404/1404
f 1404/1404/1404 1413/1413/1413 1414/1414/1414
f 1404/1404/1404 1414/1414/1414 1405/1405/1405
f 1405/1405/1405 1414/1414/1414 1415/1415/1415
f 1405/1405/1405 1415/1415/1415 1406/1406/1406
f 1406/1406/1406 1415/1415/1415 1416/1416/1416
f 1406/1406/1406 1416/1416/1416 1407/1407/1407
f 1407/1407/1407 1416/1416/1416 1417/1417/1417
f 1407/1407/1407 1417/1417/1417 1408/1408/1408
f 1408/1408/1408 1417/1417/1417 1418/1418/1418
f 1409/1409/1409 1419/1419/1419 1410/1410/1410
f 1410/1410/1410 1419/1419/1419 1420/1420/1420
f 1410/1410/1410 1420/1420/1420 1411/1411/1411
f 1411/1411/1411 1420/1420/1420 1421/1421/1421
f 1411/1411/1411 1421/1421/1421 1412/1412/1412
f 1412/1412/1412 1421/1421/1421 1422/1422/1422
f 1412/1412/1412 1422/1422/1422 1413/1413/1413
f 1413/1413/1413 1422/1422/1422 1423/1423/1423
f 1413/1413/1413 1423/1423/1423 1414/1414/1414
f 1414/1414/1414 1423/1423/1423 1424/1424/1424
f 1414/1414/1414 1424/1424/1424 1415/1415/1415
f 1415/1415/1415 1424/1424/1424 1425/1425/1425
f 1415/1415/1415 1425/1425/1425 1416/1416/1416
f 1416/1416/1416 1425/1425/1425 1426/1426/1426
f 1416/1416/1416 1426/1426/1426 1417/1417/1417
f 1417/1417/1417 1426/1426/1426 1427/1427/1427
f 1417/1417/1417 1427/1427/1427 1418/1418/1418
f 1418/1418/1418 1427/1427/1427 1428/1428/1428
f 1419/1419/1419 1429/1429/1429 1420/1420/1420
f 1420/1420/1420 1429/1429/1429 1430/1430/1430
f 1420/1420/1420 1430/1430/1430 1421/1421/1421
f 1421/1421/1421 1430/1430/1430 1431/1431/1431
f 1421/1421/1421 1431/1431/1431 1422/1422/1422
f 1422/1422/1422 1431/1431/1431 1432/1432/1432
f 1422/1422/1422 1432/1432/1432 1423/1423/1423
f 1423/1423/1423 1432/1432/1432 1433/1433/1433
f 1423/1423/1423 1433/1433/1433 1424/1424/1424
f 1424/1424/1424 1433/1433/1433 1434/1434/1434
f 1424/1424/1424 1434/1434/1434 1425/1425/1425
f 1425/1425/1425 1434/1434/1434 1435/1435/1435
f 1425/1425/1425 1435/1435/1435 1426/1426/1426
f 1426/1426/1426 1435/1435/1435 1436/1436/1436
f 1426/1426/1426 1436/1436/1436 1427/1427/1427
f 1427/1427/1427 1436/1436/1436 1437/1437/1437
f 1427/1427/1427 1437/1437/1437 1428/1428/1428
f 1428/1428/1428 1437/1437/1437 1438/1438/1438
f 1429/1429/1429 1439/1439/1439 1430/1430/1430
f 1430/1430/1430 1439/1439/1439 1440/1440/1440
f 1430/1430/1430 1440/1440/1440 1431/1431/1431
f 1431/1431/1431 1440/1440/1440 1441/1441/1441
f 1431/1431/1431 1441/1441/1441 1432/1432/1432
f 1432/1432/1432 1441/1441/1441 1442/1442/1442
f 1432/1432/1432 1442/1442/1442 1433/1433/1433
f 1433/1433/1433 1442/1442/1442 1443/1443/1443
f 1433/1433/1433 1443/1443/1443 1434/1434/1434
f 1434/1434/1434 1443/1443/1443 1444/1444/1444
f 1434/1434/1434 1444/1444/1444 1435/1435/1435
f 1435/1435/1435 1444/1444/1444 1445/1445/1445
f 1435/1435/1435 1445/1445/1445 1436/1436/1436
f 1436/1436/1436 1445/1445/1445 1446/1446/1446
f 1436/1436/1436 1446/1446/1446 1437/1437/1437
f 1437/1437/1437 1446/1446/1446 1447/1447/1447
f 1437/1437/1437 1447/1447/1447 1438/1438/1438
f 1438/1438/1438 1447/1447/1447 1448/1448/1448
f 1439/1439/1439 1449/1449/1449 1440/1440/1440
f 1440/1440/1440 1449/1449/1449 1450/1450/1450
f 1440/1440/1440 1450/1450/1450 1441/1441/1441
f 1441/1441/1441 1450/1450/1450 1451/1451/1451
f 1441/1441/1441 1451/1451/1451 1442/1442/1442
f 1442/1442/1442 1451/1451/1451 1452/1452/1452
f 1442/1442/1442 1452/1452/1452 1443/1443/1443
f 1443/1443/1443 1452/1452/1452 1453/1453/1453
f 1443/1443/1443 1453/1453/1453 1444/1444/1444
f 1444/1444/1444 1453/1453/1453 1454/1454/1454
f 1444/1444/1444 1454/1454/1454 1445/1445/1445
f 1445/1445/1445 1454/1454/1454 1455/1455/1455
f 1445/1445/1445 1455/1455/1455 1446/1446/1446
f 1446/1446/1446 1455/1455/1455 1456/1456/1456
f 1446/1446/1446 1456/1456/1456 1447/1447/1447
f 1447/1447/1447 1456/1456/1456 1457/1457/1457
f 1447/1447/1447 1457/1457/1457 1448/1448/1448
f 1448/1448/1448 1457/1457/1457 1458/1458/1458
f 1449/1449/1449 1459/1459/1459 1450/1450/1450
f 1450/1450/1450 1459/1459/1459 1460/1460/1460
f 1450/1450/1450 1460/1460/1460 1451/1451/1451
f 1451/1451/1451 1460/1460/1460 1461/1461/1461
f 1451/1451/1451 1461/1461/1461 1452/1452/1452
f 1452/1452/1452 1461/1461/1461 1462/1462/1462
f 1452/1452/1452 1462/1462/1462 1453/1453/1453
f 1453/1453/1453 1462/1462/1462 1463/1463/1463
f 1453/1453/1453 1463/1463/1463 1454/1454/1454
f 1454/1454/1454 1463/1463/1463 1464/1464/1464
f 1454/1454/1454 1464/1464/1464 1455/1455/1455
f 1455/1455/1455 1464/1464/1464 1465/1465/1465
f 1455/1455/1455 1465/1465/1465 1456/1456/1456
f 1456/1456/1456 1465/1465/1465 1466/1466/1466
f 1456/1456/1456 1466/1466/1466 1457/1457/1457
f 1457/1457/1457 1466/1466/1466 1467/1467/1467
f 1457/1457/1457 1467/1467/1467 1458/1458/1458
f 1458/1458/1458 1467/1467/1467 1468/1468/1468
f 1459/1459/1459 1469/1469/1469 1460/1460/1460
f 1460/1460/1460 1469/1469/1469 1470/1470/1470
f 1460/1460/1460 1470/1470/1470 1461/1461/1461
f 1461/1461/1461 1470/1470/1470 1471/1471/1471
f 1461/1461/1461 1471/1471/1471 1462/1462/1462
f 1462/1462/1462 1471/1471/1471 1472/1472/1472
f 1462/1462/1462 1472/1472/1472 1463/1463/1463
f 1463/1463/1463 1472/1472/1472 1473/1473/1473
f 1463/1463/1463 1473/1473/1473 1464/1464/1464
f 1464/1464/1464 1473/1473/1473 1474/1474/1474
f 1464/1464/1464 1474/1474/1474 1465/1465/1465
f 1465/1465/1465 1474/1474/1474 1475/1475/1475
f 1465/1465/1465 1475/1475/1475 1466/1466/1466
f 1466/1466/1466 1475/1475/1475 1476/1476/1476
f 1466/1466/1466 1476/1476/1476 1467/1467/1467
f 1467/1467/1467 1476/1476/1476 1477/1477/1477
f 1467/1467/1467 1477/1477/1477 1468/1468/1468
f 1468/1468/1468 1477/1477/1477 1478/1478/1478
f 1469/1469/1469 1479/1479/1479 1470/1470/1470
f 1470/1470/1470 1479/1479/1479 1480/1480/1480
f 1470/1470/1470 1480/1480/1480 1471/1471/1471
f 1471/1471/1471 1480/1480/1480 1481/1481/1481
f 1471/1471/1471 1481/1481/1481 1472/1472/1472
f 1472/1472/1472 1481/1481/1481 1482/1482/1482
f 1472/1472/1472 1482/1482/1482 1473/1473/1473
f 1473/1473/1473 1482/1482/1482 1483/1483/1483
f 1473/1473/1473 1483/1483/1483 1474/1474/1474
f 1474/1474/1474 1483/1483/1483 1484/1484/1484
f 1474/1474/1474 1484/1484/1484 1475/1475/1475
f 1475/1475/1475 1484/1484/1484 1485/1485/1485
f 1475/1475/1475 1485/1485/1485 1476/1476/1476
f 1476/1476/1476 1485/1485/1485 1486/1486/1486
f 1476/1476/1476 1486/1486/1486 1477/1477/1477
f 1477/1477/1477 1486/1486/1486 1487/1487/1487
f 1477/1477/1477 1487/1487/1487 1478/1478/1478
f 1478/1478/1478 1487/1487/1487 1488/1488/1488
f 1479/1479/1479 1489/1489/1489 1480/1480/1480
f 1480/1480/1480 1489/1489/1489 1490/1490/1490
f 1480/1480/1480 1490/1490/1490 1481/1481/1481
f 1481/1481/1481 1490/1490/1490 1491/1491/1491
f 1481/1481/1481 1491/1491/1491 1482/1482/1482
f 1482/1482/1482 1491/1491/1491 1492/1492/1492
f 1482/1482/1482 1492/1492/1492 1483/1483/1483
f 1483/1483/1483 1492/1492/1492 1493/1493/1493
f 1483/1483/1483 1493/1493/1493 1484/1484/1484
f 1484/1484/1484 1493/1493/1493 1494/1494/1494
f 1484/1484/1484 1494/1494/1494 1485/1485/1485
f 1485/1485/1485 1494/1494/1494 1495/1495/1495
f 1485/1485/1485 1495/1495/1495 1486/1486/1486
f 1486/1486/1486 1495/1495/1495 1496/1496/1496
f 1486/1486/1486 1496/1496/1496 1487/1487/1487
f 1487/1487/1487 1496/1496/1496 1497/1497/1497
f 1487/1487/1487 1497/1497/1497 1488/1488/1488
f 1488/1488/1488 1497/1497/1497 1498/1498/1498
f 1489/1489/1489 1499/1499/1499 1490/1490/1490
f 1490/1490/1490 1499/1499/1499 1500/1500/1500
f 1490/1490/1490 1500/1500/1500 1491/1491/1491
f 1491/1491/1491 1500/1500/1500 1501/1501/1501
f 1491/1491/1491 1501/1501/1501 1492/1492/1492
f 1492/1492/1492 1501/1501/1501 1502/1502/1502
f 1492/1492/1492 1502/1502/1502 1493/1493/1493
f 1493/1493/1493 1502/1502/1502 1503/1503/1503
f 1493/1493/1493 1503/1503/1503 1494/1494/1494
f 1494/1494/1494 1503/1503/1503 1504/1504/1504
f 1494/1494/1494 1504/1504/1504 1495/1495/1495
f 1495/1495/1495 1504/1504/1504 1505/1505/1505
f 1495/1495/1495 1505/1505/1505 1496/1496/1496
f 1496/1496/1496 1505/1505/1505 1506/1506/1506
f 1496/1496/1496 1506/1506/1506 1497/1497/1497
f 1497/1497/1497 1506/1506/1506 1507/1507/1507
f 1497/1497/1497 1507/1507/1507 1498/1498/1498
f 1498/1498/1498 1507/1507/1507 1508/1508/1508
f 1499/1499/1499 1509/1509/1509 1500/1500/1500
f 1500/1500/1500 1509/1509/1509 1510/1510/1510
f 1500/1500/1500 1510/1510/1510 1501/1501/1501
f 1501/1501/1501 1510/1510/1510 1511/1511/1511
f 1501/1501/1501 1511/1511/1511 1502/1502/1502
f 1502/1502/1502 1511/1511/1511 1512/1512/1512
f 1502/1502/1502 1512/1512/1512 1503/1503/1503
f 1503/1503/1503 1512/1512/1512 1513/1513/1513
f 1503/1503/1503 1513/1513/1513 1504/1504/1504
f 1504/1504/1504 1513/1513/1513 1514/1514/1514
f 1504/1504/1504 1514/1514/1514 1505/1505/1505
f 1505/1505/1505 1514/1514/1514 1515/1515/1515
f 1505/1505/1505 1515/1515/1515 1506/1506/1506
f 1506/1506/1506 1515/1515/1515 1516/1516/1516
f 1506/1506/1506 1516/1516/1516 1507/1507/1507
f 1507/1507/1507 1516/1516/1516 1517/1517/1517
f 1507/1507/1507 1517/1517/1517 1508/1508/1508
f 1508/1508/1508 1517/1517/1517 1518/1518/1518
f 1509/1509/1509 1519/1519/1519 1510/1510/1510
f 1510/1510/1510 1519/1519/1519 1520/1520/1520
f 1510/1510/1510 1520/1520/1520 1511/1511/1511
f 1511/1511/1511 1520/1520/1520 1521/1521/1521
f 1511/1511/1511 1521/1521/1521 1512/1512/1512
f 1512/1512/1512 1521/1521/1521 1522/1522/1522
f 1512/1512/1512 1522/1522/1522 1513/1513/1513
f 1513/1513/1513 1522/1522/1522 1523/1523/1523
f 1513/1513/1513 1523/1523/1523 1514/1514/1514
f 1514/1514/1514 1523/1523/1523 1524/1524/1524
f 1514/1514/1514 1524/1524/1524 1515/1515/1515
f 1515/1515/1515 1524/1524/1524 1525/1525/1525
f 1515/1515/1515 1525/1525/1525 1516/1516/1516
f 1516/1516/1516 1525/1525/1525 1526/1526/1526
f 1516/1516/1516 1526/1526/1526 1517/1517/1517
f 1517/1517/1517 1526/1526/1526 1527/1527/1527
f 1517/1517/1517 1527/1527/1527 1518/1518/1518
f 1518/1518/1518 1527/1527/1527 1528/1528/1528

# Patch: bottom_strap_left_tie
o bottom_strap_left_tie
usemtl bikini_b4712973_material
v -0.113065 0.996000 0.096531
v -0.111515 0.996000 0.092844
v -0.109965 0.996000 0.089156
v -0.108415 0.996000 0.085469
v -0.118590 0.996000 0.094209
v -0.117040 0.996000 0.090521
v -0.115490 0.996000 0.086834
v -0.113940 0.996000 0.083146
v -0.124115 0.996000 0.091887
v -0.122565 0.996000 0.088199
v -0.121015 0.996000 0.084512
v -0.119465 0.996000 0.080824
v -0.129640 0.996000 0.089564
v -0.128090 0.996000 0.085877
v -0.126540 0.996000 0.082189
v -0.124990 0.996000 0.078502
v -0.135826 0.996000 0.086915
v -0.133835 0.996000 0.083445
v -0.131844 0.996000 0.079976
v -0.129853 0.996000 0.076507
v -0.156508 0.996000 0.074196
v -0.154412 0.996000 0.070789
v -0.152316 0.996000 0.067382
v -0.150221 0.996000 0.063975
v -0.177033 0.996000 0.061571
v -0.174937 0.996000 0.058164
v -0.172841 0.996000 0.054757
v -0.170746 0.996000 0.051350
v -0.197558 0.996000 0.048946
v -0.195462 0.996000 0.045539
v -0.193366 0.996000 0.042132
v -0.191270 0.996000 0.038725
v -0.219993 0.996000 0.034443
v -0.216624 0.996000 0.032288
v -0.213254 0.996000 0.030133
v -0.209884 0.996000 0.027978
v -0.220939 0.996000 0.011743
v -0.216939 0.996000 0.011743
v -0.212939 0.996000 0.011743
v -0.208939 0.996000 0.011743
v -0.220939 0.996000 -0.007725
v -0.216939 0.996000 -0.007725
v -0.212939 0.996000 -0.007725
v -0.208939 0.996000 -0.007725
v -0.220939 0.996000 -0.027193
v -0.216939 0.996000 -0.027193
v -0.212939 0.996000 -0.027193
v -0.208939 0.996000 -0.027193
v -0.220229 0.996000 -0.049493
v -0.216702 0.996000 -0.047605
v -0.213176 0.996000 -0.045718
v -0.209649 0.996000 -0.043830
v -0.198475 0.996000 -0.069953
v -0.195768 0.996000 -0.067009
v -0.193060 0.996000 -0.064064
v -0.190353 0.996000 -0.061120
v -0.177951 0.996000 -0.088828
v -0.175243 0.996000 -0.085884
v -0.172535 0.996000 -0.082939
v -0.169828 0.996000 -0.079995
v -0.157426 0.996000 -0.107703
v -0.154718 0.996000 -0.104759
v -0.152010 0.996000 -0.101814
v -0.149303 0.996000 -0.098870
v -0.136465 0.996000 -0.126942
v -0.134048 0.996000 -0.123755
v -0.131631 0.996000 -0.120568
v -0.129214 0.996000 -0.117381
v -0.122869 0.972667 -0.133814
v -0.121089 0.972667 -0.130232
v -0.119310 0.972667 -0.126650
v -0.117530 0.972667 -0.123068
v -0.110229 0.949333 -0.140094
v -0.108450 0.949333 -0.136512
v -0.106670 0.949333 -0.132929
v -0.104890 0.949333 -0.129347
v -0.097590 0.926000 -0.146373
v -0.095810 0.926000 -0.142791
v -0.094030 0.926000 -0.139209
v -0.092250 0.926000 -0.135627
vn 0.000000 -1.000000 0.000000
vn 0.000000 -1.000000 0.000000
vn 0.000000 -1.000000 0.000000
vn 0.000000 -1.000000 0.000000
vn 0.000000 -1.000000 0.000000
vn 0.000000 -1.000000 0.000000
vn 0.000000 -1.000000 0.000000
vn 0.000000 -1.000000 0.000000
vn 0.000000 -1.000000 0.000000
vn 0.000000 -1.000000 0.000000
vn 0.000000 -1.000000 0.000000
vn 0.000000 -1.000000 0.000000
vn 0.000000 -1.000000 0.000000
vn 0.000000 -1.000000 0.000000
vn 0.000000 -1.000000 0.000000
vn 0.000000 -1.000000 0.000000
vn 0.000000 -1.000000 0.000000
vn 0.000000 -1.000000 0.000000
vn 0.000000 -1.000000 0.000000
vn 0.000000 -1.000000 0.000000
vn 0.000000 -1.000000 0.000000
vn 0.000000 -1.000000 0.000000
vn 0.000000 -1.000000 0.000000
vn 0.000000 -1.000000 0.000000
vn 0.000000 -1.000000 0.000000
vn 0.000000 -1.000000 0.000000
vn 0.000000 -1.000000 0.000000
vn 0.000000 -1.000000 0.000000
vn 0.000000 -1.000000 0.000000
vn 0.000000 -1.000000 0.000000
vn 0.000000 -1.000000 0.000000
vn 0.000000 -1.000000 0.000000
vn 0.000000 -1.000000 0.000000
vn 0.000000 -1.000000 0.000000
vn 0.000000 -1.000000 0.000000
vn 0.000000 -1.000000 0.000000
vn 0.000000 -1.000000 0.000000
vn 0.000000 -1.000000 0.000000
vn 0.000000 -1.000000 0.000000
vn 0.000000 -1.000000 0.000000
vn 0.000000 -1.000000 0.000000
vn 0.000000 -1.000000 0.000000
vn 0.000000 -1.000000 0.000000
vn 0.000000 -1.000000 0.000000
vn 0.000000 -1.000000 0.000000
vn 0.000000 -1.000000 0.000000
vn 0.000000 -1.000000 0.000000
vn 0.000000 -1.000000 0.000000
vn 0.000000 -1.000000 0.000000
vn 0.000000 -1.000000 0.000000
vn 0.000000 -1.000000 0.000000
vn 0.000000 -1.000000 0.000000
vn 0.000000 -1.000000 0.000000
vn 0.000000 -1.000000 0.000000
vn 0.000000 -1.000000 0.000000
vn 0.000000 -1.000000 0.000000
vn 0.000000 -1.000000 0.000000
vn 0.000000 -1.000000 0.000000
vn 0.000000 -1.000000 0.000000
vn 0.000000 -1.000000 0.000000
vn 0.000000 -1.000000 0.000000
vn 0.000000 -1.000000 0.000000
vn 0.000000 -1.000000 0.000000
vn 0.000000 -1.000000 0.000000
vn -0.247540 -0.950512 0.187752
vn -0.400130 -0.877062 0.265815
vn -0.408432 -0.871529 0.271331
vn -0.556219 -0.756106 0.344854
vn -0.734346 -0.530069 0.423985
vn -0.753249 -0.519047 0.403988
vn -0.758596 -0.508921 0.406856
vn -0.771709 -0.507426 0.383386
vn -0.766293 -0.517559 0.380695
vn -0.766293 -0.517559 0.380695
vn -0.766293 -0.517559 0.380695
vn -0.766293 -0.517559 0.380695
vn -0.766293 -0.517559 0.380695
vn -0.766293 -0.517559 0.380695
vn -0.766293 -0.517559 0.380695
vn -0.766293 -0.517559 0.380695
vt 0.346667 0.673333
vt 0.346667 0.775556
vt 0.346667 0.877778
vt 0.346667 0.980000
vt 0.362807 0.673333
vt 0.362807 0.775556
vt 0.362807 0.877778
vt 0.362807 0.980000
vt 0.378947 0.673333
vt 0.378947 0.775556
vt 0.378947 0.877778
vt 0.378947 0.980000
vt 0.395088 0.673333
vt 0.395088 0.775556
vt 0.395088 0.877778
vt 0.395088 0.980000
vt 0.411228 0.673333
vt 0.411228 0.775556
vt 0.411228 0.877778
vt 0.411228 0.980000
vt 0.427368 0.673333
vt 0.427368 0.775556
vt 0.427368 0.877778
vt 0.427368 0.980000
vt 0.443509 0.673333
vt 0.443509 0.775556
vt 0.443509 0.877778
vt 0.443509 0.980000
vt 0.459649 0.673333
vt 0.459649 0.775556
vt 0.459649 0.877778
vt 0.459649 0.980000
vt 0.475789 0.673333
vt 0.475789 0.775556
vt 0.475789 0.877778
vt 0.475789 0.980000
vt 0.491930 0.673333
vt 0.491930 0.775556
vt 0.491930 0.877778
vt 0.491930 0.980000
vt 0.508070 0.673333
vt 0.508070 0.775556
vt 0.508070 0.877778
vt 0.508070 0.980000
vt 0.524211 0.673333
vt 0.524211 0.775556
vt 0.524211 0.877778
vt 0.524211 0.980000
vt 0.540351 0.673333
vt 0.540351 0.775556
vt 0.540351 0.877778
vt 0.540351 0.980000
vt 0.556491 0.673333
vt 0.556491 0.775556
vt 0.556491 0.877778
vt 0.556491 0.980000
vt 0.572632 0.673333
vt 0.572632 0.775556
vt 0.572632 0.877778
vt 0.572632 0.980000
vt 0.588772 0.673333
vt 0.588772 0.775556
vt 0.588772 0.877778
vt 0.588772 0.980000
vt 0.604912 0.673333
vt 0.604912 0.775556
vt 0.604912 0.877778
vt 0.604912 0.980000
vt 0.621053 0.673333
vt 0.621053 0.775556
vt 0.621053 0.877778
vt 0.621053 0.980000
vt 0.637193 0.673333
vt 0.637193 0.775556
vt 0.637193 0.877778
vt 0.637193 0.980000
vt 0.653333 0.673333
vt 0.653333 0.775556
vt 0.653333 0.877778
vt 0.653333 0.980000
f 1529/1529/1529 1533/1533/1533 1530/1530/1530
f 1530/1530/1530 1533/1533/1533 1534/1534/1534
f 1530/1530/1530 1534/1534/1534 1531/1531/1531
f 1531/1531/1531 1534/1534/1534 1535/1535/1535
f 1531/1531/1531 1535/1535/1535 1532/1532/1532
f 1532/1532/1532 1535/1535/1535 1536/1536/1536
f 1533/1533/1533 1537/1537/1537 1534/1534/1534
f 1534/1534/1534 1537/1537/1537 1538/1538/1538
f 1534/1534/1534 1538/1538/1538 1535/1535/1535
f 1535/1535/1535 1538/1538/1538 1539/1539/1539
f 1535/1535/1535 1539/1539/1539 1536/1536/1536
f 1536/1536/1536 1539/1539/1539 1540/1540/1540
f 1537/1537/1537 1541/1541/1541 1538/1538/1538
f 1538/1538/1538 1541/1541/1541 1542/1542/1542
f 1538/1538/1538 1542/1542/1542 1539/1539/1539
f 1539/1539/1539 1542/1542/1542 1543/1543/1543
f 1539/1539/1539 1543/1543/1543 1540/1540/1540
f 1540/1540/1540 1543/1543/1543 1544/1544/1544
f 1541/1541/1541 1545/1545/1545 1542/1542/1542
f 1542/1542/1542 1545/1545/1545 1546/1546/1546
f 1542/1542/1542 1546/1546/1546 1543/1543/1543
f 1543/1543/1543 1546/1546/1546 1547/1547/1547
f 1543/1543/1543 1547/1547/1547 1544/1544/1544
f 1544/1544/1544 1547/1547/1547 1548/1548/1548
f 1545/1545/1545 1549/1549/1549 1546/1546/1546
f 1546/1546/1546 1549/1549/1549 1550/1550/1550
f 1546/1546/1546 1550/1550/1550 1547/1547/1547
f 1547/1547/1547 1550/1550/1550 1551/1551/1551
f 1547/1547/1547 1551/1551/1551 1548/1548/1548
f 1548/1548/1548 1551/1551/1551 1552/1552/1552
f 1549/1549/1549 1553/1553/1553 1550/1550/1550
f 1550/1550/1550 1553/1553/1553 1554/1554/1554
f 1550/1550/1550 1554/1554/1554 1551/1551/1551
f 1551/1551/1551 1554/1554/1554 1555/1555/1555
f 1551/1551/1551 1555/1555/1555 1552/1552/1552
f 1552/1552/1552 1555/1555/1555 1556/1556/1556
f 1553/1553/1553 1557/1557/1557 1554/1554/1554
f 1554/1554/1554 1557/1557/1557 1558/1558/1558
f 1554/1554/1554 1558/1558/1558 1555/1555/1555
f 1555/1555/1555 1558/1558/1558 1559/1559/1559
f 1555/1555/1555 1559/1559/1559 1556/1556/1556
f 1556/1556/1556 1559/1559/1559 1560/1560/1560
f 1557/1557/1557 1561/1561/1561 1558/1558/1558
f 1558/1558/1558 1561/1561/1561 1562/1562/1562
f 1558/1558/1558 1562/1562/1562 1559/1559/1559
f 1559/1559/1559 1562/1562/1562 1563/1563/1563
f 1559/1559/1559 1563/1563/1563 1560/1560/1560
f 1560/1560/1560 1563/1563/1563 1564/1564/1564
f 1561/1561/1561 1565/1565/1565 1562/1562/1562
f 1562/1562/1562 1565/1565/1565 1566/1566/1566
f 1562/1562/1562 1566/1566/1566 1563/1563/1563
f 1563/1563/1563 1566/1566/1566 1567/1567/1567
f 1563/1563/1563 1567/1567/1567 1564/1564/1564
f 1564/1564/1564 1567/1567/1567 1568/1568/1568
f 1565/1565/1565 1569/1569/1569 1566/1566/1566
f 1566/1566/1566 1569/1569/1569 1570/1570/1570
f 1566/1566/1566 1570/1570/1570 1567/1567/1567
f 1567/1567/1567 1570/1570/1570 1571/1571/1571
f 1567/1567/1567 1571/1571/1571 1568/1568/1568
f 1568/1568/1568 1571/1571/1571 1572/1572/1572
f 1569/1569/1569 1573/1573/1573 1570/1570/1570
f 1570/1570/1570 1573/1573/1573 1574/1574/1574
f 1570/1570/1570 1574/1574/1574 1571/1571/1571
f 1571/1571/1571 1574/1574/1574 1575/1575/1575
f 1571/1571/1571 1575/1575/1575 1572/1572/1572
f 1572/1572/1572 1575/1575/1575 1576/1576/1576
f 1573/1573/1573 1577/1577/1577 1574/1574/1574
f 1574/1574/1574 1577/1577/1577 1578/1578/1578
f 1574/1574/1574 1578/1578/1578 1575/1575/1575
f 1575/1575/1575 1578/1578/1578 1579/1579/1579
f 1575/1575/1575 1579/1579/1579 1576/1576/1576
f 1576/1576/1576 1579/1579/1579 1580/1580/1580
f 1577/1577/1577 1581/1581/1581 1578/1578/1578
f 1578/1578/1578 1581/1581/1581 1582/1582/1582
f 1578/1578/1578 1582/1582/1582 1579/1579/1579
f 1579/1579/1579 1582/1582/1582 1583/1583/1583
f 1579/1579/1579 1583/1583/1583 1580/1580/1580
f 1580/1580/1580 1583/1583/1583 1584/1584/1584
f 1581/1581/1581 1585/1585/1585 1582/1582/1582
f 1582/1582/1582 1585/1585/1585 1586/1586/1586
f 1582/1582/1582 1586/1586/1586 1583/1583/1583
f 1583/1583/1583 1586/1586/1586 1587/1587/1587
f 1583/1583/1583 1587/1587/1587 1584/1584/1584
f 1584/1584/1584 1587/1587/1587 1588/1588/1588
f 1585/1585/1585 1589/1589/1589 1586/1586/1586
f 1586/1586/1586 1589/1589/1589 1590/1590/1590
f 1586/1586/1586 1590/1590/1590 1587/1587/1587
f 1587/1587/1587 1590/1590/1590 1591/1591/1591
f 1587/1587/1587 1591/1591/1591 1588/1588/1588
f 1588/1588/1588 1591/1591/1591 1592/1592/1592
f 1589/1589/1589 1593/1593/1593 1590/1590/1590
f 1590/1590/1590 1593/1593/1593 1594/1594/1594
f 1590/1590/1590 1594/1594/1594 1591/1591/1591
f 1591/1591/1591 1594/1594/1594 1595/1595/1595
f 1591/1591/1591 1595/1595/1595 1592/1592/1592
f 1592/1592/1592 1595/1595/1595 1596/1596/1596
f 1593/1593/1593 1597/1597/1597 1594/1594/1594
f 1594/1594/1594 1597/1597/1597 1598/1598/1598
f 1594/1594/1594 1598/1598/1598 1595/1595/1595
f 1595/1595/1595 1598/1598/1598 1599/1599/1599
f 1595/1595/1595 1599/1599/1599 1596/1596/1596
f 1596/1596/1596 1599/1599/1599 1600/1600/1600
f 1597/1597/1597 1601/1601/1601 1598/1598/1598
f 1598/1598/1598 1601/1601/1601 1602/1602/1602
f 1598/1598/1598 1602/1602/1602 1599/1599/1599
f 1599/1599/1599 1602/1602/1602 1603/1603/1603
f 1599/1599/1599 1603/1603/1603 1600/1600/1600
f 1600/1600/1600 1603/1603/1603 1604/1604/1604
f 1601/1601/1601 1605/1605/1605 1602/1602/1602
f 1602/1602/1602 1605/1605/1605 1606/1606/1606
f 1602/1602/1602 1606/1606/1606 1603/1603/1603
f 1603/1603/1603 1606/1606/1606 1607/1607/1607
f 1603/1603/1603 1607/1607/1607 1604/1604/1604
f 1604/1604/1604 1607/1607/1607 1608/1608/1608

# Patch: bottom_strap_right_tie
o bottom_strap_right_tie
usemtl bikini_b4712973_material
v 0.108388 0.996000 0.085480
v 0.109956 0.996000 0.089160
v 0.111524 0.996000 0.092840
v 0.113092 0.996000 0.096520
v 0.113840 0.996000 0.083158
v 0.115408 0.996000 0.086838
v 0.116975 0.996000 0.090518
v 0.118543 0.996000 0.094198
v 0.119291 0.996000 0.080835
v 0.120859 0.996000 0.084515
v 0.122427 0.996000 0.088195
v 0.123994 0.996000 0.091875
v 0.124743 0.996000 0.078513
v 0.126310 0.996000 0.082193
v 0.127878 0.996000 0.085873
v 0.129446 0.996000 0.089553
v 0.129549 0.996000 0.076512
v 0.131547 0.996000 0.079978
v 0.133544 0.996000 0.083443
v 0.135542 0.996000 0.086909
v 0.149876 0.996000 0.063978
v 0.151975 0.996000 0.067383
v 0.154075 0.996000 0.070788
v 0.156174 0.996000 0.074193
v 0.170356 0.996000 0.051353
v 0.172455 0.996000 0.054758
v 0.174554 0.996000 0.058163
v 0.176653 0.996000 0.061568
v 0.190835 0.996000 0.038728
v 0.192934 0.996000 0.042133
v 0.195033 0.996000 0.045538
v 0.197132 0.996000 0.048943
v 0.209405 0.996000 0.027983
v 0.212777 0.996000 0.030135
v 0.216149 0.996000 0.032287
v 0.219521 0.996000 0.034438
v 0.208463 0.996000 0.011743
v 0.212463 0.996000 0.011743
v 0.216463 0.996000 0.011743
v 0.220463 0.996000 0.011743
v 0.208463 0.996000 -0.007725
v 0.212463 0.996000 -0.007725
v 0.216463 0.996000 -0.007725
v 0.220463 0.996000 -0.007725
v 0.208463 0.996000 -0.027193
v 0.212463 0.996000 -0.027193
v 0.216463 0.996000 -0.027193
v 0.220463 0.996000 -0.027193
v 0.209171 0.996000 -0.043835
v 0.212699 0.996000 -0.045719
v 0.216227 0.996000 -0.047604
v 0.219756 0.996000 -0.049488
v 0.189918 0.996000 -0.061125
v 0.192628 0.996000 -0.064066
v 0.195339 0.996000 -0.067007
v 0.198050 0.996000 -0.069949
v 0.169438 0.996000 -0.080000
v 0.172149 0.996000 -0.082941
v 0.174860 0.996000 -0.085882
v 0.177571 0.996000 -0.088824
v 0.148959 0.996000 -0.098875
v 0.151670 0.996000 -0.101816
v 0.154380 0.996000 -0.104757
v 0.157091 0.996000 -0.107699
v 0.128910 0.996000 -0.117389
v 0.131334 0.996000 -0.120571
v 0.133758 0.996000 -0.123753
v 0.136181 0.996000 -0.126934
v 0.117318 0.972667 -0.123076
v 0.119108 0.972667 -0.126653
v 0.120899 0.972667 -0.130229
v 0.122690 0.972667 -0.133806
v 0.104776 0.949333 -0.129355
v 0.106566 0.949333 -0.132932
v 0.108357 0.949333 -0.136509
v 0.110148 0.949333 -0.140086
v 0.092234 0.926000 -0.135635
v 0.094025 0.926000 -0.139212
v 0.095815 0.926000 -0.142788
v 0.097606 0.926000 -0.146365
vn 0.000000 -1.000000 0.000000
vn 0.000000 -1.000000 0.000000
vn 0.000000 -1.000000 0.000000
vn 0.000000 -1.000000 0.000000
vn 0.000000 -1.000000 0.000000
vn 0.000000 -1.000000 0.000000
vn 0.000000 -1.000000 0.000000
vn 0.000000 -1.000000 0.000000
vn 0.000000 -1.000000 0.000000
vn 0.000000 -1.000000 0.000000
vn 0.000000 -1.000000 0.000000
vn 0.000000 -1.000000 0.000000
vn 0.000000 -1.000000 0.000000
vn 0.000000 -1.000000 0.000000
vn 0.000000 -1.000000 0.000000
vn 0.000000 -1.000000 0.000000
vn 0.000000 -1.000000 0.000000
vn 0.000000 -1.000000 0.000000
vn 0.000000 -1.000000 0.000000
vn 0.000000 -1.000000 0.000000
vn 0.000000 -1.000000 0.000000
vn 0.000000 -1.000000 0.000000
vn 0.000000 -1.000000 0.000000
vn 0.000000 -1.000000 0.000000
vn 0.000000 -1.000000 0.000000
vn 0.000000 -1.000000 0.000000
vn 0.000000 -1.000000 0.000000
vn 0.000000 -1.000000 0.000000
vn 0.000000 -1.000000 0.000000
vn 0.000000 -1.000000 0.000000
vn 0.000000 -1.000000 0.000000
vn 0.000000 -1.000000 0.000000
vn 0.000000 -1.000000 0.000000
vn 0.000000 -1.000000 0.000000
vn 0.000000 -1.000000 0.000000
vn 0.000000 -1.000000 0.000000
vn 0.000000 -1.000000 0.000000
vn 0.000000 -1.000000 0.000000
vn 0.000000 -1.000000 0.000000
vn 0.000000 -1.000000 0.000000
vn 0.000000 -1.000000 0.000000
vn 0.000000 -1.000000 0.000000
vn 0.000000 -1.000000 0.000000
vn 0.000000 -1.000000 0.000000
vn 0.000000 -1.000000 0.000000
vn 0.000000 -1.000000 0.000000
vn 0.000000 -1.000000 0.000000
vn 0.000000 -1.000000 0.000000
vn 0.000000 -1.000000 0.000000
vn 0.000000 -1.000000 0.000000
vn 0.000000 -1.000000 0.000000
vn 0.000000 -1.000000 0.000000
vn 0.000000 -1.000000 0.000000
vn 0.000000 -1.000000 0.000000
vn 0.000000 -1.000000 0.000000
vn 0.000000 -1.000000 0.000000
vn 0.000000 -1.000000 0.000000
vn 0.000000 -1.000000 0.000000
vn 0.000000 -1.000000 0.000000
vn 0.000000 -1.000000 0.000000
vn 0.000000 -1.000000 0.000000
vn 0.000000 -1.000000 0.000000
vn 0.000000 -1.000000 0.000000
vn 0.000000 -1.000000 0.000000
vn 0.259895 -0.945124 0.197979
vn 0.410488 -0.869684 0.274134
vn 0.402164 -0.875289 0.268575
vn 0.532840 -0.778250 0.332278
vn 0.748373 -0.500842 0.434850
vn 0.755085 -0.513339 0.407835
vn 0.749763 -0.523318 0.404961
vn 0.760978 -0.525115 0.381008
vn 0.766378 -0.515199 0.383711
vn 0.766378 -0.515199 0.383711
vn 0.766378 -0.515199 0.383711
vn 0.766378 -0.515199 0.383711
vn 0.766378 -0.515199 0.383711
vn 0.766378 -0.515199 0.383711
vn 0.766378 -0.515199 0.383711
vn 0.766378 -0.515199 0.383711
vt 0.673333 0.673333
vt 0.673333 0.775556
vt 0.673333 0.877778
vt 0.673333 0.980000
vt 0.689474 0.673333
vt 0.689474 0.775556
vt 0.689474 0.877778
vt 0.689474 0.980000
vt 0.705614 0.673333
vt 0.705614 0.775556
vt 0.705614 0.877778
vt 0.705614 0.980000
vt 0.721754 0.673333
vt 0.721754 0.775556
vt 0.721754 0.877778
vt 0.721754 0.980000
vt 0.737895 0.673333
vt 0.737895 0.775556
vt 0.737895 0.877778
vt 0.737895 0.980000
vt 0.754035 0.673333
vt 0.754035 0.775556
vt 0.754035 0.877778
vt 0.754035 0.980000
vt 0.770175 0.673333
vt 0.770175 0.775556
vt 0.770175 0.877778
vt 0.770175 0.980000
vt 0.786316 0.673333
vt 0.786316 0.775556
vt 0.786316 0.877778
vt 0.786316 0.980000
vt 0.802456 0.673333
vt 0.802456 0.775556
vt 0.802456 0.877778
vt 0.802456 0.980000
vt 0.818596 0.673333
vt 0.818596 0.775556
vt 0.818596 0.877778
vt 0.818596 0.980000
vt 0.834737 0.673333
vt 0.834737 0.775556
vt 0.834737 0.877778
vt 0.834737 0.980000
vt 0.850877 0.673333
vt 0.850877 0.775556
vt 0.850877 0.877778
vt 0.850877 0.980000
vt 0.867018 0.673333
vt 0.867018 0.775556
vt 0.867018 0.877778
vt 0.867018 0.980000
vt 0.883158 0.673333
vt 0.883158 0.775556
vt 0.883158 0.877778
vt 0.883158 0.980000
vt 0.899298 0.673333
vt 0.899298 0.775556
vt 0.899298 0.877778
vt 0.899298 0.980000
vt 0.915439 0.673333
vt 0.915439 0.775556
vt 0.915439 0.877778
vt 0.915439 0.980000
vt 0.931579 0.673333
vt 0.931579 0.775556
vt 0.931579 0.877778
vt 0.931579 0.980000
vt 0.947719 0.673333
vt 0.947719 0.775556
vt 0.947719 0.877778
vt 0.947719 0.980000
vt 0.963860 0.673333
vt 0.963860 0.775556
vt 0.963860 0.877778
vt 0.963860 0.980000
vt 0.980000 0.673333
vt 0.980000 0.775556
vt 0.980000 0.877778
vt 0.980000 0.980000
f 1609/1609/1609 1613/1613/1613 1610/1610/1610
f 1610/1610/1610 1613/1613/1613 1614/1614/1614
f 1610/1610/1610 1614/1614/1614 1611/1611/1611
f 1611/1611/1611 1614/1614/1614 1615/1615/1615
f 1611/1611/1611 1615/1615/1615 1612/1612/1612
f 1612/1612/1612 1615/1615/1615 1616/1616/1616
f 1613/1613/1613 1617/1617/1617 1614/1614/1614
f 1614/1614/1614 1617/1617/1617 1618/1618/1618
f 1614/1614/1614 1618/1618/1618 1615/1615/1615
f 1615/1615/1615 1618/1618/1618 1619/1619/1619
f 1615/1615/1615 1619/1619/1619 1616/1616/1616
f 1616/1616/1616 1619/1619/1619 1620/1620/1620
f 1617/1617/1617 1621/1621/1621 1618/1618/1618
f 1618/1618/1618 1621/1621/1621 1622/1622/1622
f 1618/1618/1618 1622/1622/1622 1619/1619/1619
f 1619/1619/1619 1622/1622/1622 1623/1623/1623
f 1619/1619/1619 1623/1623/1623 1620/1620/1620
f 1620/1620/1620 1623/1623/1623 1624/1624/1624
f 1621/1621/1621 1625/1625/1625 1622/1622/1622
f 1622/1622/1622 1625/1625/1625 1626/1626/1626
f 1622/1622/1622 1626/1626/1626 1623/1623/1623
f 1623/1623/1623 1626/1626/1626 1627/1627/1627
f 1623/1623/1623 1627/1627/1627 1624/1624/1624
f 1624/1624/1624 1627/1627/1627 1628/1628/1628
f 1625/1625/1625 1629/1629/1629 1626/1626/1626
f 1626/1626/1626 1629/1629/1629 1630/1630/1630
f 1626/1626/1626 1630/1630/1630 1627/1627/1627
f 1627/1627/1627 1630/1630/1630 1631/1631/1631
f 1627/1627/1627 1631/1631/1631 1628/1628/1628
f 1628/1628/1628 1631/1631/1631 1632/1632/1632
f 1629/1629/1629 1633/1633/1633 1630/1630/1630
f 1630/1630/1630 1633/1633/1633 1634/1634/1634
f 1630/1630/1630 1634/1634/1634 1631/1631/1631
f 1631/1631/1631 1634/1634/1634 1635/1635/1635
f 1631/1631/1631 1635/1635/1635 1632/1632/1632
f 1632/1632/1632 1635/1635/1635 1636/1636/1636
f 1633/1633/1633 1637/1637/1637 1634/1634/1634
f 1634/1634/1634 1637/1637/1637 1638/1638/1638
f 1634/1634/1634 1638/1638/1638 1635/1635/1635
f 1635/1635/1635 1638/1638/1638 1639/1639/1639
f 1635/1635/1635 1639/1639/1639 1636/1636/1636
f 1636/1636/1636 1639/1639/1639 1640/1640/1640
f 1637/1637/1637 1641/1641/1641 1638/1638/1638
f 1638/1638/1638 1641/1641/1641 1642/1642/1642
f 1638/1638/1638 1642/1642/1642 1639/1639/1639
f 1639/1639/1639 1642/1642/1642 1643/1643/1643
f 1639/1639/1639 1643/1643/1643 1640/1640/1640
f 1640/1640/1640 1643/1643/1643 1644/1644/1644
f 1641/1641/1641 1645/1645/1645 1642/1642/1642
f 1642/1642/1642 1645/1645/1645 1646/1646/1646
f 1642/1642/1642 1646/1646/1646 1643/1643/1643
f 1643/1643/1643 1646/1646/1646 1647/1647/1647
f 1643/1643/1643 1647/1647/1647 1644/1644/1644
f 1644/1644/1644 1647/1647/1647 1648/1648/1648
f 1645/1645/1645 1649/1649/1649 1646/1646/1646
f 1646/1646/1646 1649/1649/1649 1650/1650/1650
f 1646/1646/1646 1650/1650/1650 1647/1647/1647
f 1647/1647/1647 1650/1650/1650 1651/1651/1651
f 1647/1647/1647 1651/1651/1651 1648/1648/1648
f 1648/1648/1648 1651/1651/1651 1652/1652/1652
f 1649/1649/1649 1653/1653/1653 1650/1650/1650
f 1650/1650/1650 1653/1653/1653 1654/1654/1654
f 1650/1650/1650 1654/1654/1654 1651/1651/1651
f 1651/1651/1651 1654/1654/1654 1655/1655/1655
f 1651/1651/1651 1655/1655/1655 1652/1652/1652
f 1652/1652/1652 1655/1655/1655 1656/1656/1656
f 1653/1653/1653 1657/1657/1657 1654/1654/1654
f 1654/1654/1654 1657/1657/1657 1658/1658/1658
f 1654/1654/1654 1658/1658/1658 1655/1655/1655
f 1655/1655/1655 1658/1658/1658 1659/1659/1659
f 1655/1655/1655 1659/1659/1659 1656/1656/1656
f 1656/1656/1656 1659/1659/1659 1660/1660/1660
f 1657/1657/1657 1661/1661/1661 1658/1658/1658
f 1658/1658/1658 1661/1661/1661 1662/1662/1662
f 1658/1658/1658 1662/1662/1662 1659/1659/1659
f 1659/1659/1659 1662/1662/1662 1663/1663/1663
f 1659/1659/1659 1663/1663/1663 1660/1660/1660
f 1660/1660/1660 1663/1663/1663 1664/1664/1664
f 1661/1661/1661 1665/1665/1665 1662/1662/1662
f 1662/1662/1662 1665/1665/1665 1666/1666/1666
f 1662/1662/1662 1666/1666/1666 1663/1663/1663
f 1663/1663/1663 1666/1666/1666 1667/1667/1667
f 1663/1663/1663 1667/1667/1667 1664/1664/1664
f 1664/1664/1664 1667/1667/1667 1668/1668/1668
f 1665/1665/1665 1669/1669/1669 1666/1666/1666
f 1666/1666/1666 1669/1669/1669 1670/1670/1670
f 1666/1666/1666 1670/1670/1670 1667/1667/1667
f 1667/1667/1667 1670/1670/1670 1671/1671/1671
f 1667/1667/1667 1671/1671/1671 1668/1668/1668
f 1668/1668/1668 1671/1671/1671 1672/1672/1672
f 1669/1669/1669 1673/1673/1673 1670/1670/1670
f 1670/1670/1670 1673/1673/1673 1674/1674/1674
f 1670/1670/1670 1674/1674/1674 1671/1671/1671
f 1671/1671/1671 1674/1674/1674 1675/1675/1675
f 1671/1671/1671 1675/1675/1675 1672/1672/1672
f 1672/1672/1672 1675/1675/1675 1676/1676/1676
f 1673/1673/1673 1677/1677/1677 1674/1674/1674
f 1674/1674/1674 1677/1677/1677 1678/1678/1678
f 1674/1674/1674 1678/1678/1678 1675/1675/1675
f 1675/1675/1675 1678/1678/1678 1679/1679/1679
f 1675/1675/1675 1679/1679/1679 1676/1676/1676
f 1676/1676/1676 1679/1679/1679 1680/1680/1680
f 1677/1677/1677 1681/1681/1681 1678/1678/1678
f 1678/1678/1678 1681/1681/1681 1682/1682/1682
f 1678/1678/1678 1682/1682/1682 1679/1679/1679
f 1679/1679/1679 1682/1682/1682 1683/1683/1683
f 1679/1679/1679 1683/1683/1683 1680/1680/1680
f 1680/1680/1680 1683/1683/1683 1684/1684/1684
f 1681/1681/1681 1685/1685/1685 1682/1682/1682
f 1682/1682/1682 1685/1685/1685 1686/1686/1686
f 1682/1682/1682 1686/1686/1686 1683/1683/1683
f 1683/1683/1683 1686/1686/1686 1687/1687/1687
f 1683/1683/1683 1687/1687/1687 1684/1684/1684
f 1684/1684/1684 1687/1687/1687 1688/1688/1688

