# 3D Bikini Generator - bikini_db851116
# Patches: 19
# Total vertices: 2832
# Total faces: 4780

mtllib bikini_db851116.mtl

# Patch: cup_left_cone
o cup_left_cone
usemtl bikini_db851116_material
v -0.075681 1.329708 0.097838
v -0.076203 1.329708 0.098987
v -0.076804 1.329708 0.100108
v -0.077477 1.329708 0.101199
v -0.078214 1.329708 0.102256
v -0.079006 1.329708 0.103276
v -0.079844 1.329708 0.104257
v -0.080719 1.329708 0.105198
v -0.081621 1.329708 0.106095
v -0.082539 1.329708 0.106949
v -0.083461 1.329708 0.106949
v -0.084379 1.329708 0.106095
v -0.085281 1.329708 0.105198
v -0.086156 1.329708 0.104257
v -0.086994 1.329708 0.103276
v -0.087786 1.329708 0.102256
v -0.088523 1.329708 0.101199
v -0.089196 1.329708 0.100108
v -0.089797 1.329708 0.098987
v -0.090319 1.329708 0.097838
v -0.068827 1.329006 0.099653
v -0.069838 1.329006 0.101078
v -0.071002 1.329006 0.102450
v -0.072305 1.329006 0.103763
v -0.073731 1.329006 0.105011
v -0.075266 1.329006 0.106188
v -0.076889 1.329006 0.107290
v -0.078584 1.329006 0.108312
v -0.080330 1.329006 0.109251
v -0.082106 1.329006 0.110106
v -0.083894 1.329006 0.110106
v -0.085670 1.329006 0.109251
v -0.087416 1.329006 0.108312
v -0.089111 1.329006 0.107290
v -0.090734 1.329006 0.106188
v -0.092269 1.329006 0.105011
v -0.093695 1.329006 0.103763
v -0.094998 1.329006 0.102450
v -0.096162 1.329006 0.101078
v -0.097173 1.329006 0.099653
v -0.062127 1.327862 0.101426
v -0.063616 1.327862 0.103120
v -0.065330 1.327862 0.104737
v -0.067249 1.327862 0.106267
v -0.069350 1.327862 0.107701
v -0.071609 1.327862 0.109030
v -0.074001 1.327862 0.110248
v -0.076496 1.327862 0.111348
v -0.079067 1.327862 0.112328
v -0.081684 1.327862 0.113182
v -0.084316 1.327862 0.113182
v -0.086933 1.327862 0.112328
v -0.089504 1.327862 0.111348
v -0.091999 1.327862 0.110248
v -0.094391 1.327862 0.109030
v -0.096650 1.327862 0.107701
v -0.098751 1.327862 0.106267
v -0.100670 1.327862 0.104737
v -0.102384 1.327862 0.103120
v -0.103873 1.327862 0.101426
v -0.055653 1.326289 0.103138
v -0.057604 1.326289 0.105091
v -0.059850 1.326289 0.106943
v -0.062363 1.326289 0.108680
v -0.065116 1.326289 0.110292
v -0.068076 1.326289 0.111767
v -0.071209 1.326289 0.113096
v -0.074479 1.326289 0.114271
v -0.077848 1.326289 0.115288
v -0.081276 1.326289 0.116141
v -0.084724 1.326289 0.116141
v -0.088152 1.326289 0.115288
v -0.091521 1.326289 0.114271
v -0.094791 1.326289 0.113096
v -0.097924 1.326289 0.111767
v -0.100884 1.326289 0.110292
v -0.103637 1.326289 0.108680
v -0.106150 1.326289 0.106943
v -0.108396 1.326289 0.105091
v -0.110347 1.326289 0.103138
v -0.049476 1.324302 0.104770
v -0.051868 1.324302 0.106967
v -0.054620 1.324302 0.109041
v -0.057702 1.324302 0.110976
v -0.061076 1.324302 0.112756
v -0.064705 1.324302 0.114368
v -0.068546 1.324302 0.115801
v -0.072554 1.324302 0.117046
v -0.076684 1.324302 0.118096
v -0.080886 1.324302 0.118946
v -0.085114 1.324302 0.118946
v -0.089316 1.324302 0.118096
v -0.093446 1.324302 0.117046
v -0.097454 1.324302 0.115801
v -0.101295 1.324302 0.114368
v -0.104924 1.324302 0.112756
v -0.108298 1.324302 0.110976
v -0.111380 1.324302 0.109041
v -0.114132 1.324302 0.106967
v -0.116524 1.324302 0.104770
v -0.043662 1.321924 0.106303
v -0.046468 1.321924 0.108728
v -0.049698 1.321924 0.111010
v -0.053314 1.321924 0.113127
v -0.057274 1.321924 0.115062
v -0.061532 1.321924 0.116801
v -0.066039 1.321924 0.118330
v -0.070743 1.321924 0.119638
v -0.075588 1.321924 0.120717
v -0.080520 1.321924 0.121562
v -0.085480 1.321924 0.121562
v -0.090412 1.321924 0.120717
v -0.095257 1.321924 0.119638
v -0.099961 1.321924 0.118330
v -0.104468 1.321924 0.116801
v -0.108726 1.321924 0.115062
v -0.112686 1.321924 0.113127
v -0.116302 1.321924 0.111010
v -0.119532 1.321924 0.108728
v -0.122338 1.321924 0.106303
v -0.038274 1.319180 0.107720
v -0.041465 1.319180 0.110354
v -0.045138 1.319180 0.112824
v -0.049249 1.319180 0.115108
v -0.053751 1.319180 0.117185
v -0.058592 1.319180 0.119038
v -0.063717 1.319180 0.120652
v -0.069064 1.319180 0.122016
v -0.074573 1.319180 0.123119
v -0.080180 1.319180 0.123956
v -0.085820 1.319180 0.123956
v -0.091427 1.319180 0.123119
v -0.096936 1.319180 0.122016
v -0.102283 1.319180 0.120652
v -0.107408 1.319180 0.119038
v -0.112249 1.319180 0.117185
v -0.116751 1.319180 0.115108
v -0.120862 1.319180 0.112824
v -0.124535 1.319180 0.110354
v -0.127726 1.319180 0.107720
v -0.033372 1.316100 0.109006
v -0.036913 1.316100 0.111826
v -0.040987 1.316100 0.114464
v -0.045549 1.316100 0.116896
v -0.050545 1.316100 0.119098
v -0.055917 1.316100 0.121051
v -0.061603 1.316100 0.122740
v -0.067537 1.316100 0.124151
v -0.073650 1.316100 0.125272
v -0.079871 1.316100 0.126099
v -0.086129 1.316100 0.126099
v -0.092350 1.316100 0.125272
v -0.098463 1.316100 0.124151
v -0.104397 1.316100 0.122740
v -0.110083 1.316100 0.121051
v -0.115455 1.316100 0.119098
v -0.120451 1.316100 0.116896
v -0.125013 1.316100 0.114464
v -0.129087 1.316100 0.111826
v -0.132628 1.316100 0.109006
v -0.029007 1.312718 0.110146
v -0.032859 1.312718 0.113128
v -0.037293 1.312718 0.115911
v -0.042256 1.312718 0.118469
v -0.047691 1.312718 0.120778
v -0.053535 1.312718 0.122817
v -0.059721 1.312718 0.124568
v -0.066177 1.312718 0.126015
v -0.072827 1.312718 0.127149
v -0.079596 1.312718 0.127961
v -0.086404 1.312718 0.127961
v -0.093173 1.312718 0.127149
v -0.099823 1.312718 0.126015
v -0.106279 1.312718 0.124568
v -0.112465 1.312718 0.122817
v -0.118309 1.312718 0.120778
v -0.123744 1.312718 0.118469
v -0.128707 1.312718 0.115911
v -0.133141 1.312718 0.113128
v -0.136993 1.312718 0.110146
v -0.025228 1.309070 0.111128
v -0.029350 1.309070 0.114244
v -0.034093 1.309070 0.117147
v -0.039404 1.309070 0.119810
v -0.045219 1.309070 0.122206
v -0.051473 1.309070 0.124313
v -0.058092 1.309070 0.126112
v -0.064999 1.309070 0.127586
v -0.072115 1.309070 0.128725
v -0.079358 1.309070 0.129519
v -0.086642 1.309070 0.129519
v -0.093885 1.309070 0.128725
v -0.101001 1.309070 0.127586
v -0.107908 1.309070 0.126112
v -0.114527 1.309070 0.124313
v -0.120781 1.309070 0.122206
v -0.126596 1.309070 0.119810
v -0.131907 1.309070 0.117147
v -0.136650 1.309070 0.114244
v -0.140772 1.309070 0.111128
v -0.022075 1.305196 0.111939
v -0.026422 1.305196 0.115161
v -0.031424 1.305196 0.118158
v -0.037024 1.305196 0.120901
v -0.043157 1.305196 0.123364
v -0.049752 1.305196 0.125521
v -0.056732 1.305196 0.127353
v -0.064017 1.305196 0.128843
v -0.071521 1.305196 0.129979
v -0.079159 1.305196 0.130752
v -0.086841 1.305196 0.130752
v -0.094479 1.305196 0.129979
v -0.101983 1.305196 0.128843
v -0.109268 1.305196 0.127353
v -0.116248 1.305196 0.125521
v -0.122843 1.305196 0.123364
v -0.128976 1.305196 0.120901
v -0.134576 1.305196 0.118158
v -0.139578 1.305196 0.115161
v -0.143925 1.305196 0.111939
v -0.019583 1.301137 0.112572
v -0.024107 1.301137 0.115868
v -0.029314 1.301137 0.118931
v -0.035144 1.301137 0.121730
v -0.041527 1.301137 0.124236
v -0.048392 1.301137 0.126424
v -0.055658 1.301137 0.128274
v -0.063240 1.301137 0.129768
v -0.071052 1.301137 0.130894
v -0.079002 1.301137 0.131642
v -0.086998 1.301137 0.131642
v -0.094948 1.301137 0.130894
v -0.102760 1.301137 0.129768
v -0.110342 1.301137 0.128274
v -0.117608 1.301137 0.126424
v -0.124473 1.301137 0.124236
v -0.130856 1.301137 0.121730
v -0.136686 1.301137 0.118931
v -0.141893 1.301137 0.115868
v -0.146417 1.301137 0.112572
v -0.017778 1.296939 0.113019
v -0.022431 1.296939 0.116358
v -0.027787 1.296939 0.119457
v -0.033782 1.296939 0.122284
v -0.040347 1.296939 0.124811
v -0.047407 1.296939 0.127011
v -0.054880 1.296939 0.128863
v -0.062678 1.296939 0.130349
v -0.070712 1.296939 0.131455
v -0.078888 1.296939 0.132174
v -0.087112 1.296939 0.132174
v -0.095288 1.296939 0.131455
v -0.103322 1.296939 0.130349
v -0.111120 1.296939 0.128863
v -0.118593 1.296939 0.127011
v -0.125653 1.296939 0.124811
v -0.132218 1.296939 0.122284
v -0.138213 1.296939 0.119457
v -0.143569 1.296939 0.116358
v -0.148222 1.296939 0.113019
v -0.016680 1.292645 0.113274
v -0.021412 1.292645 0.116623
v -0.026857 1.292645 0.119729
v -0.032953 1.292645 0.122558
v -0.039629 1.292645 0.125081
v -0.046808 1.292645 0.127272
v -0.054406 1.292645 0.129109
v -0.062336 1.292645 0.130574
v -0.070505 1.292645 0.131654
v -0.078819 1.292645 0.132338
v -0.087181 1.292645 0.132338
v -0.095495 1.292645 0.131654
v -0.103664 1.292645 0.130574
v -0.111594 1.292645 0.129109
v -0.119192 1.292645 0.127272
v -0.126371 1.292645 0.125081
v -0.133047 1.292645 0.122558
v -0.139143 1.292645 0.119729
v -0.144588 1.292645 0.116623
v -0.149320 1.292645 0.113274
v -0.016302 1.288304 0.113334
v -0.021060 1.288304 0.116660
v -0.026537 1.288304 0.119741
v -0.032667 1.288304 0.122545
v -0.039382 1.288304 0.125040
v -0.046601 1.288304 0.127202
v -0.054243 1.288304 0.129007
v -0.062218 1.288304 0.130439
v -0.070434 1.288304 0.131482
v -0.078795 1.288304 0.132129
v -0.087205 1.288304 0.132129
v -0.095566 1.288304 0.131482
v -0.103782 1.288304 0.130439
v -0.111757 1.288304 0.129007
v -0.119399 1.288304 0.127202
v -0.126618 1.288304 0.125040
v -0.133333 1.288304 0.122545
v -0.139463 1.288304 0.119741
v -0.144940 1.288304 0.116660
v -0.149698 1.288304 0.113334
v -0.016646 1.283961 0.113198
v -0.021380 1.283961 0.116468
v -0.026828 1.283961 0.119494
v -0.032927 1.283961 0.122244
v -0.039607 1.283961 0.124687
v -0.046789 1.283961 0.126799
v -0.054391 1.283961 0.128556
v -0.062325 1.283961 0.129941
v -0.070498 1.283961 0.130940
v -0.078817 1.283961 0.131544
v -0.087183 1.283961 0.131544
v -0.095502 1.283961 0.130940
v -0.103675 1.283961 0.129941
v -0.111609 1.283961 0.128556
v -0.119211 1.283961 0.126799
v -0.126393 1.283961 0.124687
v -0.133073 1.283961 0.122244
v -0.139172 1.283961 0.119494
v -0.144620 1.283961 0.116468
v -0.149354 1.283961 0.113198
v -0.017710 1.279664 0.112867
v -0.022368 1.279664 0.116047
v -0.027729 1.279664 0.118988
v -0.033730 1.279664 0.121657
v -0.040302 1.279664 0.124024
v -0.047370 1.279664 0.126064
v -0.054850 1.279664 0.127756
v -0.062657 1.279664 0.129082
v -0.070699 1.279664 0.130028
v -0.078884 1.279664 0.130585
v -0.087116 1.279664 0.130585
v -0.095301 1.279664 0.130028
v -0.103343 1.279664 0.129082
v -0.111150 1.279664 0.127756
v -0.118630 1.279664 0.126064
v -0.125698 1.279664 0.124024
v -0.132270 1.279664 0.121657
v -0.138271 1.279664 0.118988
v -0.143632 1.279664 0.116047
v -0.148290 1.279664 0.112867
v -0.019481 1.275460 0.112344
v -0.024013 1.275460 0.115402
v -0.029228 1.275460 0.118227
v -0.035067 1.275460 0.120788
v -0.041461 1.275460 0.123055
v -0.048337 1.275460 0.125004
v -0.055614 1.275460 0.126614
v -0.063209 1.275460 0.127867
v -0.071033 1.275460 0.128752
v -0.078995 1.275460 0.129258
v -0.087005 1.275460 0.129258
v -0.094967 1.275460 0.128752
v -0.102791 1.275460 0.127867
v -0.110386 1.275460 0.126614
v -0.117663 1.275460 0.125004
v -0.124539 1.275460 0.123055
v -0.130933 1.275460 0.120788
v -0.136772 1.275460 0.118227
v -0.141987 1.275460 0.115402
v -0.146519 1.275460 0.112344
v -0.021941 1.271394 0.111635
v -0.026298 1.271394 0.114539
v -0.031311 1.271394 0.117219
v -0.036923 1.271394 0.119644
v -0.043070 1.271394 0.121788
v -0.049679 1.271394 0.123626
v -0.056675 1.271394 0.125138
v -0.063975 1.271394 0.126308
v -0.071496 1.271394 0.127122
v -0.079151 1.271394 0.127573
v -0.086849 1.271394 0.127573
v -0.094504 1.271394 0.127122
v -0.102025 1.271394 0.126308
v -0.109325 1.271394 0.125138
v -0.116321 1.271394 0.123626
v -0.122930 1.271394 0.121788
v -0.129077 1.271394 0.119644
v -0.134689 1.271394 0.117219
v -0.139702 1.271394 0.114539
v -0.144059 1.271394 0.111635
v -0.025064 1.267510 0.110746
v -0.029197 1.267510 0.113466
v -0.033954 1.267510 0.115972
v -0.039279 1.267510 0.118238
v -0.045112 1.267510 0.120235
v -0.051383 1.267510 0.121943
v -0.058021 1.267510 0.123342
v -0.064948 1.267510 0.124416
v -0.072084 1.267510 0.125152
v -0.079347 1.267510 0.125544
v -0.086653 1.267510 0.125544
v -0.093916 1.267510 0.125152
v -0.101052 1.267510 0.124416
v -0.107979 1.267510 0.123342
v -0.114617 1.267510 0.121943
v -0.120888 1.267510 0.120235
v -0.126721 1.267510 0.118238
v -0.132046 1.267510 0.115972
v -0.136803 1.267510 0.113466
v -0.140936 1.267510 0.110746
vn 0.090894 0.995002 0.041337
vn 0.090767 0.994490 0.052442
vn 0.092590 0.993712 0.062961
vn 0.094910 0.992704 0.074376
vn 0.097834 0.991396 0.086961
vn 0.101513 0.989686 0.101076
vn 0.106164 0.987416 0.117212
vn 0.112100 0.984336 0.136072
vn 0.119793 0.980035 0.158684
vn 0.090889 0.977106 0.192360
vn -0.049496 0.976400 0.210220
vn -0.127672 0.976056 0.176112
vn -0.118203 0.981607 0.149916
vn -0.110987 0.985477 0.128517
vn -0.105377 0.988271 0.110525
vn -0.100956 0.990343 0.095025
vn -0.097440 0.991908 0.081387
vn -0.094637 0.993106 0.069164
vn -0.092407 0.994029 0.058024
vn -0.089750 0.994527 0.053491
vn 0.108670 0.991565 0.070636
vn 0.117961 0.988763 0.091828
vn 0.118303 0.986963 0.109130
vn 0.118730 0.984712 0.127455
vn 0.119240 0.981917 0.147042
vn 0.119832 0.978447 0.168174
vn 0.120501 0.974128 0.191192
vn 0.121241 0.968722 0.216512
vn 0.122034 0.961902 0.244646
vn 0.069949 0.957555 0.279633
vn -0.059532 0.958217 0.279780
vn -0.119285 0.962016 0.245553
vn -0.118805 0.968705 0.217935
vn -0.118347 0.974030 0.193029
vn -0.117933 0.978302 0.170346
vn -0.117574 0.981749 0.149486
vn -0.117280 0.984537 0.130121
vn -0.117054 0.986793 0.111977
vn -0.116901 0.988607 0.094822
vn -0.123501 0.987637 0.096542
vn 0.158673 0.978402 0.132482
vn 0.166360 0.973022 0.159851
vn 0.163404 0.968543 0.187678
vn 0.159880 0.963192 0.216101
vn 0.155699 0.956893 0.245181
vn 0.150753 0.949565 0.274956
vn 0.144912 0.941125 0.305424
vn 0.138024 0.931500 0.336536
vn 0.129910 0.920639 0.368168
vn 0.068178 0.912425 0.403525
vn -0.061339 0.912881 0.403592
vn -0.127102 0.920702 0.368990
vn -0.135439 0.931383 0.337908
vn -0.142549 0.940882 0.307278
vn -0.148610 0.949242 0.277228
vn -0.153774 0.956526 0.247815
vn -0.158170 0.962809 0.219046
vn -0.161905 0.968167 0.190889
vn -0.165069 0.972671 0.163286
vn -0.173122 0.971729 0.160534
vn 0.207668 0.957409 0.200606
vn 0.213358 0.948653 0.233530
vn 0.206076 0.940143 0.271412
vn 0.197592 0.930342 0.308902
vn 0.187819 0.919292 0.345871
vn 0.176658 0.907060 0.382145
vn 0.164003 0.893759 0.417490
vn 0.149740 0.879559 0.451613
vn 0.133754 0.864704 0.484146
vn 0.066233 0.852875 0.517896
vn -0.061374 0.853240 0.517894
vn -0.131013 0.864735 0.484839
vn -0.147148 0.879369 0.452833
vn -0.161571 0.893401 0.419202
vn -0.174400 0.906582 0.384311
vn -0.185745 0.918738 0.348454
vn -0.195712 0.929752 0.311862
vn -0.204398 0.939551 0.274710
vn -0.211891 0.948089 0.237126
vn -0.221983 0.947668 0.229452
vn 0.256142 0.927520 0.272208
vn 0.259341 0.914657 0.310072
vn 0.246780 0.900973 0.356858
vn 0.232500 0.885737 0.401764
vn 0.216501 0.869198 0.444548
vn 0.198780 0.851650 0.484952
vn 0.179331 0.833440 0.522703
vn 0.158148 0.814974 0.557501
vn 0.135218 0.796723 0.589023
vn 0.064051 0.782073 0.619887
vn -0.060502 0.782398 0.619832
vn -0.132620 0.796751 0.589575
vn -0.155639 0.814757 0.558522
vn -0.176926 0.833022 0.524186
vn -0.196495 0.851075 0.486889
vn -0.214356 0.868511 0.446922
vn -0.230514 0.884984 0.404559
vn -0.244972 0.900197 0.360049
vn -0.257730 0.913900 0.313629
vn -0.270341 0.914437 0.301198
vn 0.304085 0.887730 0.345641
vn 0.304200 0.870165 0.387653
vn 0.285406 0.850573 0.441666
vn 0.264593 0.829465 0.491912
vn 0.241920 0.807352 0.538198
vn 0.217526 0.784760 0.580374
vn 0.191528 0.762230 0.618323
vn 0.164013 0.740317 0.651944
vn 0.135038 0.719598 0.681134
vn 0.061672 0.703103 0.708409
vn -0.059085 0.703414 0.708320
vn -0.132635 0.719647 0.681554
vn -0.161652 0.740119 0.652758
vn -0.189220 0.761814 0.619544
vn -0.215287 0.784162 0.582015
vn -0.239770 0.806609 0.540270
vn -0.262556 0.828621 0.494421
vn -0.283509 0.849675 0.444608
vn -0.302473 0.869262 0.391016
vn -0.318066 0.871034 0.374344
vn 0.351158 0.837044 0.419578
vn 0.347518 0.814414 0.464716
vn 0.321560 0.788765 0.523879
vn 0.293611 0.762021 0.577163
vn 0.264020 0.734932 0.624634
vn 0.233065 0.708185 0.666449
vn 0.200945 0.682407 0.702810
vn 0.167788 0.658176 0.733929
vn 0.133650 0.636042 0.759993
vn 0.059155 0.618659 0.783429
vn -0.057326 0.618966 0.783323
vn -0.131478 0.636128 0.760300
vn -0.165623 0.658032 0.734550
vn -0.198792 0.682048 0.703770
vn -0.230934 0.707633 0.667776
vn -0.261927 0.734214 0.626358
vn -0.291579 0.761170 0.579311
vn -0.319621 0.787826 0.526472
vn -0.345709 0.813437 0.467766
vn -0.364727 0.816475 0.447596
vn 0.396736 0.774527 0.492655
vn 0.388625 0.746813 0.539667
vn 0.354686 0.715675 0.601670
vn 0.319205 0.684240 0.655685
vn 0.282697 0.653392 0.702255
vn 0.245510 0.623845 0.741986
vn 0.207851 0.596177 0.775482
vn 0.169803 0.570869 0.803290
vn 0.131351 0.548344 0.825872
vn 0.056553 0.530903 0.845544
vn -0.055350 0.531208 0.845432
vn -0.129432 0.548475 0.826089
vn -0.167868 0.570800 0.803746
vn -0.205897 0.595912 0.776205
vn -0.243541 0.623394 0.743013
vn -0.280721 0.652769 0.703625
vn -0.317241 0.683466 0.657443
vn -0.352762 0.714783 0.603858
vn -0.386780 0.745848 0.542321
vn -0.409613 0.749868 0.519534
vn 0.439907 0.699428 0.563278
vn 0.426638 0.667058 0.610749
vn 0.384143 0.631782 0.673265
vn 0.341027 0.597254 0.725939
vn 0.297871 0.564330 0.769938
vn 0.254985 0.533606 0.806379
vn 0.212482 0.505497 0.836256
vn 0.170321 0.480310 0.860403
vn 0.128354 0.458295 0.879483
vn 0.053905 0.441446 0.895667
vn -0.053236 0.441747 0.895559
vn -0.126702 0.458469 0.879632
vn -0.168640 0.480323 0.860727
vn -0.210763 0.505347 0.836781
vn -0.253224 0.533292 0.807142
vn -0.296068 0.563854 0.770981
vn -0.339193 0.596626 0.727314
vn -0.382298 0.631019 0.675028
vn -0.424817 0.666193 0.612958
vn -0.451725 0.670554 0.588474
vn 0.479487 0.611362 0.629546
vn 0.460499 0.575285 0.676009
vn 0.409262 0.537960 0.736956
vn 0.358768 0.502435 0.786666
vn 0.309510 0.469381 0.826974
vn 0.261632 0.439169 0.859465
vn 0.215054 0.411999 0.885443
vn 0.169552 0.387982 0.905937
vn 0.124807 0.367202 0.921730
vn 0.051236 0.351420 0.934815
vn -0.051036 0.351712 0.934716
vn -0.123429 0.367414 0.921831
vn -0.168140 0.388073 0.906161
vn -0.213595 0.411966 0.885811
vn -0.260116 0.439005 0.860008
vn -0.307931 0.469080 0.827733
vn -0.357127 0.501997 0.787692
vn -0.407569 0.537389 0.738309
vn -0.458779 0.574600 0.677759
vn -0.489805 0.578316 0.652412
vn 0.514067 0.510541 0.689262
vn 0.489054 0.472233 0.733363
vn 0.429412 0.435501 0.791167
vn 0.372194 0.401336 0.836900
vn 0.317636 0.370131 0.872989
vn 0.265603 0.342011 0.901379
vn 0.215758 0.316974 0.923567
vn 0.167659 0.294973 0.940681
vn 0.120810 0.275971 0.953543
vn 0.048555 0.261569 0.963963
vn -0.048774 0.261845 0.963877
vn -0.119711 0.276208 0.953613
vn -0.166526 0.295130 0.940833
vn -0.214577 0.317045 0.923818
vn -0.264363 0.341988 0.901752
vn -0.316325 0.370006 0.873518
vn -0.370805 0.401102 0.837628
vn -0.427946 0.435155 0.792151
vn -0.487523 0.471779 0.734674
vn -0.522400 0.473607 0.709080
vn 0.542131 0.398000 0.740061
vn 0.511166 0.359356 0.780751
vn 0.444058 0.326095 0.834551
vn 0.381157 0.295621 0.875972
vn 0.322315 0.268066 0.907884
vn 0.267052 0.243372 0.932445
vn 0.214755 0.221410 0.951240
vn 0.164766 0.202048 0.965417
vn 0.116426 0.185188 0.975782
vn 0.045862 0.172347 0.983968
vn -0.046463 0.172602 0.983895
vn -0.115605 0.185438 0.975832
vn -0.163916 0.202251 0.965519
vn -0.213864 0.221561 0.951406
vn -0.266108 0.243465 0.932690
vn -0.321306 0.268094 0.908234
vn -0.380071 0.295575 0.876459
vn -0.442888 0.325969 0.835221
vn -0.509915 0.359148 0.781665
vn -0.547998 0.357763 0.756111
vn 0.562235 0.275745 0.779652
vn 0.525854 0.238854 0.816349
vn 0.452817 0.211764 0.866091
vn 0.385607 0.186993 0.903516
vn 0.323648 0.164536 0.931762
vn 0.266125 0.144270 0.953081
vn 0.212174 0.126044 0.969069
vn 0.160957 0.109725 0.980843
vn 0.111684 0.095217 0.989172
vn 0.043148 0.084009 0.995530
vn -0.044101 0.084237 0.995469
vn -0.111139 0.095465 0.989209
vn -0.160391 0.109951 0.980910
vn -0.211579 0.126246 0.969173
vn -0.265490 0.144443 0.953232
vn -0.322963 0.164675 0.931975
vn -0.384861 0.187092 0.903813
vn -0.452002 0.211818 0.866503
vn -0.524965 0.238858 0.816920
vn -0.565234 0.233103 0.791311
vn 0.573235 0.146733 0.806146
vn 0.532441 0.113562 0.838815
vn 0.455499 0.094743 0.885180
vn 0.385580 0.077133 0.919445
vn 0.321755 0.060749 0.944872
vn 0.262947 0.045538 0.963735
vn 0.208112 0.031426 0.977600
vn 0.156286 0.018350 0.987541
vn 0.106592 0.006269 0.994283
vn 0.040396 -0.003314 0.999178
vn -0.041678 -0.003119 0.999126
vn -0.106319 0.006501 0.994311
vn -0.156003 0.018576 0.987582
vn -0.207814 0.031644 0.977656
vn -0.262628 0.045746 0.963812
vn -0.321408 0.060945 0.944977
vn -0.385200 0.077314 0.919589
vn -0.455079 0.094906 0.885379
vn -0.531976 0.113702 0.839090
vn -0.573110 0.102844 0.812999
vn 0.574499 0.014641 0.818374
vn 0.530666 -0.013290 0.847477
vn 0.452125 -0.022661 0.891667
vn 0.381200 -0.032363 0.923926
vn 0.316769 -0.042223 0.947562
vn 0.257627 -0.052134 0.964837
vn 0.202636 -0.062023 0.977288
vn 0.150777 -0.071836 0.985954
vn 0.101136 -0.081527 0.991526
vn 0.037588 -0.089560 0.995272
vn -0.039180 -0.089403 0.995225
vn -0.101132 -0.081326 0.991543
vn -0.150772 -0.071636 0.985970
vn -0.202632 -0.061824 0.977301
vn -0.257622 -0.051938 0.964849
vn -0.316764 -0.042031 0.947573
vn -0.381193 -0.032175 0.923935
vn -0.452117 -0.022479 0.891675
vn -0.530657 -0.013117 0.847485
vn -0.571192 -0.029199 0.820297
vn 0.566030 -0.116565 0.816102
vn 0.520724 -0.138409 0.842431
vn 0.442918 -0.138226 0.885843
vn 0.372655 -0.140024 0.917345
vn 0.308830 -0.143435 0.940240
vn 0.250247 -0.148159 0.956779
vn 0.195784 -0.153957 0.968486
vn 0.144431 -0.160644 0.976388
vn 0.095291 -0.168078 0.981157
vn 0.034701 -0.174683 0.984013
vn -0.036584 -0.174568 0.983965
vn -0.095549 -0.167921 0.981159
vn -0.144700 -0.160493 0.976373
vn -0.196068 -0.153811 0.968452
vn -0.250551 -0.148020 0.956721
vn -0.309159 -0.143304 0.940151
vn -0.373016 -0.139903 0.917216
vn -0.443317 -0.138119 0.885660
vn -0.521166 -0.138318 0.842172
vn -0.559693 -0.159083 0.813287
vn 0.548465 -0.243127 0.800047
vn 0.503226 -0.258788 0.824495
vn 0.428272 -0.249951 0.868394
vn 0.360190 -0.244536 0.900258
vn 0.298074 -0.242040 0.923346
vn 0.240875 -0.242007 0.939900
vn 0.187571 -0.244058 0.951448
vn 0.137232 -0.247892 0.959019
vn 0.089017 -0.253276 0.963290
vn 0.031708 -0.258614 0.965460
vn -0.033867 -0.258545 0.965405
vn -0.089533 -0.253174 0.963269
vn -0.137768 -0.247809 0.958963
vn -0.188135 -0.243995 0.951353
vn -0.241476 -0.241966 0.939756
vn -0.298724 -0.242025 0.923140
vn -0.360899 -0.244551 0.899970
vn -0.429052 -0.250001 0.867994
vn -0.504085 -0.258878 0.823942
vn -0.539425 -0.283230 0.792970
vn 0.522933 -0.361940 0.771713
vn 0.479093 -0.371968 0.795053
vn 0.408709 -0.356151 0.840306
vn 0.344085 -0.344759 0.873354
vn 0.284638 -0.337275 0.897344
vn 0.229556 -0.333175 0.914494
vn 0.177994 -0.331997 0.926335
vn 0.129146 -0.333360 0.933912
vn 0.082268 -0.336966 0.937916
vn 0.028584 -0.341225 0.939547
vn -0.031003 -0.341202 0.939479
vn -0.083036 -0.336928 0.937862
vn -0.129940 -0.333361 0.933802
vn -0.178827 -0.332040 0.926159
vn -0.230440 -0.333264 0.914239
vn -0.285586 -0.337417 0.896990
vn -0.345112 -0.344960 0.872869
vn -0.409828 -0.356419 0.839647
vn -0.480309 -0.372309 0.794159
vn -0.511632 -0.398813 0.761039
vn 0.490852 -0.470797 0.733086
vn 0.449414 -0.476184 0.755828
vn 0.384822 -0.455507 0.802761
vn 0.324641 -0.439727 0.837406
vn 0.268652 -0.428440 0.862708
vn 0.216327 -0.421154 0.880813
vn 0.167035 -0.417397 0.893241
vn 0.120130 -0.416759 0.901044
vn 0.074992 -0.418907 0.904927
vn 0.025303 -0.422293 0.906106
vn -0.027963 -0.422318 0.906016
vn -0.076006 -0.418939 0.904828
vn -0.121174 -0.416856 0.900860
vn -0.168124 -0.417563 0.892959
vn -0.217475 -0.421396 0.880415
vn -0.269874 -0.428766 0.862165
vn -0.325951 -0.440146 0.836676
vn -0.386229 -0.456027 0.801790
vn -0.450917 -0.476808 0.754539
vn -0.477768 -0.503939 0.719572
vn 0.465444 -0.538271 0.702585
vn 0.421594 -0.522105 0.741394
vn 0.360822 -0.500696 0.786836
vn 0.303794 -0.484185 0.820533
vn 0.250385 -0.472230 0.845167
vn 0.200180 -0.464381 0.862715
vn 0.152647 -0.460194 0.874597
vn 0.107227 -0.459272 0.881800
vn 0.063370 -0.461287 0.884985
vn 0.015583 -0.463593 0.885911
vn -0.033603 -0.461874 0.886309
vn -0.078473 -0.458112 0.885424
vn -0.122864 -0.457087 0.880895
vn -0.169007 -0.459123 0.872148
vn -0.217459 -0.464574 0.858419
vn -0.268776 -0.473859 0.838580
vn -0.323463 -0.487438 0.811034
vn -0.381860 -0.505744 0.773567
vn -0.443918 -0.529046 0.723220
vn -0.464440 -0.534856 0.705850
vt 0.020000 0.020000
vt 0.020000 0.031842
vt 0.020000 0.043684
vt 0.020000 0.055526
vt 0.020000 0.067368
vt 0.020000 0.079211
vt 0.020000 0.091053
vt 0.020000 0.102895
vt 0.020000 0.114737
vt 0.020000 0.126579
vt 0.020000 0.138421
vt 0.020000 0.150263
vt 0.020000 0.162105
vt 0.020000 0.173947
vt 0.020000 0.185789
vt 0.020000 0.197632
vt 0.020000 0.209474
vt 0.020000 0.221316
vt 0.020000 0.233158
vt 0.020000 0.245000
vt 0.029263 0.020000
vt 0.029263 0.031842
vt 0.029263 0.043684
vt 0.029263 0.055526
vt 0.029263 0.067368
vt 0.029263 0.079211
vt 0.029263 0.091053
vt 0.029263 0.102895
vt 0.029263 0.114737
vt 0.029263 0.126579
vt 0.029263 0.138421
vt 0.029263 0.150263
vt 0.029263 0.162105
vt 0.029263 0.173947
vt 0.029263 0.185789
vt 0.029263 0.197632
vt 0.029263 0.209474
vt 0.029263 0.221316
vt 0.029263 0.233158
vt 0.029263 0.245000
vt 0.038526 0.020000
vt 0.038526 0.031842
vt 0.038526 0.043684
vt 0.038526 0.055526
vt 0.038526 0.067368
vt 0.038526 0.079211
vt 0.038526 0.091053
vt 0.038526 0.102895
vt 0.038526 0.114737
vt 0.038526 0.126579
vt 0.038526 0.138421
vt 0.038526 0.150263
vt 0.038526 0.162105
vt 0.038526 0.173947
vt 0.038526 0.185789
vt 0.038526 0.197632
vt 0.038526 0.209474
vt 0.038526 0.221316
vt 0.038526 0.233158
vt 0.038526 0.245000
vt 0.047789 0.020000
vt 0.047789 0.031842
vt 0.047789 0.043684
vt 0.047789 0.055526
vt 0.047789 0.067368
vt 0.047789 0.079211
vt 0.047789 0.091053
vt 0.047789 0.102895
vt 0.047789 0.114737
vt 0.047789 0.126579
vt 0.047789 0.138421
vt 0.047789 0.150263
vt 0.047789 0.162105
vt 0.047789 0.173947
vt 0.047789 0.185789
vt 0.047789 0.197632
vt 0.047789 0.209474
vt 0.047789 0.221316
vt 0.047789 0.233158
vt 0.047789 0.245000
vt 0.057053 0.020000
vt 0.057053 0.031842
vt 0.057053 0.043684
vt 0.057053 0.055526
vt 0.057053 0.067368
vt 0.057053 0.079211
vt 0.057053 0.091053
vt 0.057053 0.102895
vt 0.057053 0.114737
vt 0.057053 0.126579
vt 0.057053 0.138421
vt 0.057053 0.150263
vt 0.057053 0.162105
vt 0.057053 0.173947
vt 0.057053 0.185789
vt 0.057053 0.197632
vt 0.057053 0.209474
vt 0.057053 0.221316
vt 0.057053 0.233158
vt 0.057053 0.245000
vt 0.066316 0.020000
vt 0.066316 0.031842
vt 0.066316 0.043684
vt 0.066316 0.055526
vt 0.066316 0.067368
vt 0.066316 0.079211
vt 0.066316 0.091053
vt 0.066316 0.102895
vt 0.066316 0.114737
vt 0.066316 0.126579
vt 0.066316 0.138421
vt 0.066316 0.150263
vt 0.066316 0.162105
vt 0.066316 0.173947
vt 0.066316 0.185789
vt 0.066316 0.197632
vt 0.066316 0.209474
vt 0.066316 0.221316
vt 0.066316 0.233158
vt 0.066316 0.245000
vt 0.075579 0.020000
vt 0.075579 0.031842
vt 0.075579 0.043684
vt 0.075579 0.055526
vt 0.075579 0.067368
vt 0.075579 0.079211
vt 0.075579 0.091053
vt 0.075579 0.102895
vt 0.075579 0.114737
vt 0.075579 0.126579
vt 0.075579 0.138421
vt 0.075579 0.150263
vt 0.075579 0.162105
vt 0.075579 0.173947
vt 0.075579 0.185789
vt 0.075579 0.197632
vt 0.075579 0.209474
vt 0.075579 0.221316
vt 0.075579 0.233158
vt 0.075579 0.245000
vt 0.084842 0.020000
vt 0.084842 0.031842
vt 0.084842 0.043684
vt 0.084842 0.055526
vt 0.084842 0.067368
vt 0.084842 0.079211
vt 0.084842 0.091053
vt 0.084842 0.102895
vt 0.084842 0.114737
vt 0.084842 0.126579
vt 0.084842 0.138421
vt 0.084842 0.150263
vt 0.084842 0.162105
vt 0.084842 0.173947
vt 0.084842 0.185789
vt 0.084842 0.197632
vt 0.084842 0.209474
vt 0.084842 0.221316
vt 0.084842 0.233158
vt 0.084842 0.245000
vt 0.094105 0.020000
vt 0.094105 0.031842
vt 0.094105 0.043684
vt 0.094105 0.055526
vt 0.094105 0.067368
vt 0.094105 0.079211
vt 0.094105 0.091053
vt 0.094105 0.102895
vt 0.094105 0.114737
vt 0.094105 0.126579
vt 0.094105 0.138421
vt 0.094105 0.150263
vt 0.094105 0.162105
vt 0.094105 0.173947
vt 0.094105 0.185789
vt 0.094105 0.197632
vt 0.094105 0.209474
vt 0.094105 0.221316
vt 0.094105 0.233158
vt 0.094105 0.245000
vt 0.103368 0.020000
vt 0.103368 0.031842
vt 0.103368 0.043684
vt 0.103368 0.055526
vt 0.103368 0.067368
vt 0.103368 0.079211
vt 0.103368 0.091053
vt 0.103368 0.102895
vt 0.103368 0.114737
vt 0.103368 0.126579
vt 0.103368 0.138421
vt 0.103368 0.150263
vt 0.103368 0.162105
vt 0.103368 0.173947
vt 0.103368 0.185789
vt 0.103368 0.197632
vt 0.103368 0.209474
vt 0.103368 0.221316
vt 0.103368 0.233158
vt 0.103368 0.245000
vt 0.112632 0.020000
vt 0.112632 0.031842
vt 0.112632 0.043684
vt 0.112632 0.055526
vt 0.112632 0.067368
vt 0.112632 0.079211
vt 0.112632 0.091053
vt 0.112632 0.102895
vt 0.112632 0.114737
vt 0.112632 0.126579
vt 0.112632 0.138421
vt 0.112632 0.150263
vt 0.112632 0.162105
vt 0.112632 0.173947
vt 0.112632 0.185789
vt 0.112632 0.197632
vt 0.112632 0.209474
vt 0.112632 0.221316
vt 0.112632 0.233158
vt 0.112632 0.245000
vt 0.121895 0.020000
vt 0.121895 0.031842
vt 0.121895 0.043684
vt 0.121895 0.055526
vt 0.121895 0.067368
vt 0.121895 0.079211
vt 0.121895 0.091053
vt 0.121895 0.102895
vt 0.121895 0.114737
vt 0.121895 0.126579
vt 0.121895 0.138421
vt 0.121895 0.150263
vt 0.121895 0.162105
vt 0.121895 0.173947
vt 0.121895 0.185789
vt 0.121895 0.197632
vt 0.121895 0.209474
vt 0.121895 0.221316
vt 0.121895 0.233158
vt 0.121895 0.245000
vt 0.131158 0.020000
vt 0.131158 0.031842
vt 0.131158 0.043684
vt 0.131158 0.055526
vt 0.131158 0.067368
vt 0.131158 0.079211
vt 0.131158 0.091053
vt 0.131158 0.102895
vt 0.131158 0.114737
vt 0.131158 0.126579
vt 0.131158 0.138421
vt 0.131158 0.150263
vt 0.131158 0.162105
vt 0.131158 0.173947
vt 0.131158 0.185789
vt 0.131158 0.197632
vt 0.131158 0.209474
vt 0.131158 0.221316
vt 0.131158 0.233158
vt 0.131158 0.245000
vt 0.140421 0.020000
vt 0.140421 0.031842
vt 0.140421 0.043684
vt 0.140421 0.055526
vt 0.140421 0.067368
vt 0.140421 0.079211
vt 0.140421 0.091053
vt 0.140421 0.102895
vt 0.140421 0.114737
vt 0.140421 0.126579
vt 0.140421 0.138421
vt 0.140421 0.150263
vt 0.140421 0.162105
vt 0.140421 0.173947
vt 0.140421 0.185789
vt 0.140421 0.197632
vt 0.140421 0.209474
vt 0.140421 0.221316
vt 0.140421 0.233158
vt 0.140421 0.245000
vt 0.149684 0.020000
vt 0.149684 0.031842
vt 0.149684 0.043684
vt 0.149684 0.055526
vt 0.149684 0.067368
vt 0.149684 0.079211
vt 0.149684 0.091053
vt 0.149684 0.102895
vt 0.149684 0.114737
vt 0.149684 0.126579
vt 0.149684 0.138421
vt 0.149684 0.150263
vt 0.149684 0.162105
vt 0.149684 0.173947
vt 0.149684 0.185789
vt 0.149684 0.197632
vt 0.149684 0.209474
vt 0.149684 0.221316
vt 0.149684 0.233158
vt 0.149684 0.245000
vt 0.158947 0.020000
vt 0.158947 0.031842
vt 0.158947 0.043684
vt 0.158947 0.055526
vt 0.158947 0.067368
vt 0.158947 0.079211
vt 0.158947 0.091053
vt 0.158947 0.102895
vt 0.158947 0.114737
vt 0.158947 0.126579
vt 0.158947 0.138421
vt 0.158947 0.150263
vt 0.158947 0.162105
vt 0.158947 0.173947
vt 0.158947 0.185789
vt 0.158947 0.197632
vt 0.158947 0.209474
vt 0.158947 0.221316
vt 0.158947 0.233158
vt 0.158947 0.245000
vt 0.168211 0.020000
vt 0.168211 0.031842
vt 0.168211 0.043684
vt 0.168211 0.055526
vt 0.168211 0.067368
vt 0.168211 0.079211
vt 0.168211 0.091053
vt 0.168211 0.102895
vt 0.168211 0.114737
vt 0.168211 0.126579
vt 0.168211 0.138421
vt 0.168211 0.150263
vt 0.168211 0.162105
vt 0.168211 0.173947
vt 0.168211 0.185789
vt 0.168211 0.197632
vt 0.168211 0.209474
vt 0.168211 0.221316
vt 0.168211 0.233158
vt 0.168211 0.245000
vt 0.177474 0.020000
vt 0.177474 0.031842
vt 0.177474 0.043684
vt 0.177474 0.055526
vt 0.177474 0.067368
vt 0.177474 0.079211
vt 0.177474 0.091053
vt 0.177474 0.102895
vt 0.177474 0.114737
vt 0.177474 0.126579
vt 0.177474 0.138421
vt 0.177474 0.150263
vt 0.177474 0.162105
vt 0.177474 0.173947
vt 0.177474 0.185789
vt 0.177474 0.197632
vt 0.177474 0.209474
vt 0.177474 0.221316
vt 0.177474 0.233158
vt 0.177474 0.245000
vt 0.186737 0.020000
vt 0.186737 0.031842
vt 0.186737 0.043684
vt 0.186737 0.055526
vt 0.186737 0.067368
vt 0.186737 0.079211
vt 0.186737 0.091053
vt 0.186737 0.102895
vt 0.186737 0.114737
vt 0.186737 0.126579
vt 0.186737 0.138421
vt 0.186737 0.150263
vt 0.186737 0.162105
vt 0.186737 0.173947
vt 0.186737 0.185789
vt 0.186737 0.197632
vt 0.186737 0.209474
vt 0.186737 0.221316
vt 0.186737 0.233158
vt 0.186737 0.245000
vt 0.196000 0.020000
vt 0.196000 0.031842
vt 0.196000 0.043684
vt 0.196000 0.055526
vt 0.196000 0.067368
vt 0.196000 0.079211
vt 0.196000 0.091053
vt 0.196000 0.102895
vt 0.196000 0.114737
vt 0.196000 0.126579
vt 0.196000 0.138421
vt 0.196000 0.150263
vt 0.196000 0.162105
vt 0.196000 0.173947
vt 0.196000 0.185789
vt 0.196000 0.197632
vt 0.196000 0.209474
vt 0.196000 0.221316
vt 0.196000 0.233158
vt 0.196000 0.245000
f 1/1/1 2/2/2 21/21/21
f 2/2/2 22/22/22 21/21/21
f 2/2/2 3/3/3 22/22/22
f 3/3/3 23/23/23 22/22/22
f 3/3/3 4/4/4 23/23/23
f 4/4/4 24/24/24 23/23/23
f 4/4/4 5/5/5 24/24/24
f 5/5/5 25/25/25 24/24/24
f 5/5/5 6/6/6 25/25/25
f 6/6/6 26/26/26 25/25/25
f 6/6/6 7/7/7 26/26/26
f 7/7/7 27/27/27 26/26/26
f 7/7/7 8/8/8 27/27/27
f 8/8/8 28/28/28 27/27/27
f 8/8/8 9/9/9 28/28/28
f 9/9/9 29/29/29 28/28/28
f 9/9/9 10/10/10 29/29/29
f 10/10/10 30/30/30 29/29/29
f 10/10/10 11/11/11 30/30/30
f 11/11/11 31/31/31 30/30/30
f 11/11/11 12/12/12 31/31/31
f 12/12/12 32/32/32 31/31/31
f 12/12/12 13/13/13 32/32/32
f 13/13/13 33/33/33 32/32/32
f 13/13/13 14/14/14 33/33/33
f 14/14/14 34/34/34 33/33/33
f 14/14/14 15/15/15 34/34/34
f 15/15/15 35/35/35 34/34/34
f 15/15/15 16/16/16 35/35/35
f 16/16/16 36/36/36 35/35/35
f 16/16/16 17/17/17 36/36/36
f 17/17/17 37/37/37 36/36/36
f 17/17/17 18/18/18 37/37/37
f 18/18/18 38/38/38 37/37/37
f 18/18/18 19/19/19 38/38/38
f 19/19/19 39/39/39 38/38/38
f 19/19/19 20/20/20 39/39/39
f 20/20/20 40/40/40 39/39/39
f 21/21/21 22/22/22 41/41/41
f 22/22/22 42/42/42 41/41/41
f 22/22/22 23/23/23 42/42/42
f 23/23/23 43/43/43 42/42/42
f 23/23/23 24/24/24 43/43/43
f 24/24/24 44/44/44 43/43/43
f 24/24/24 25/25/25 44/44/44
f 25/25/25 45/45/45 44/44/44
f 25/25/25 26/26/26 45/45/45
f 26/26/26 46/46/46 45/45/45
f 26/26/26 27/27/27 46/46/46
f 27/27/27 47/47/47 46/46/46
f 27/27/27 28/28/28 47/47/47
f 28/28/28 48/48/48 47/47/47
f 28/28/28 29/29/29 48/48/48
f 29/29/29 49/49/49 48/48/48
f 29/29/29 30/30/30 49/49/49
f 30/30/30 50/50/50 49/49/49
f 30/30/30 31/31/31 50/50/50
f 31/31/31 51/51/51 50/50/50
f 31/31/31 32/32/32 51/51/51
f 32/32/32 52/52/52 51/51/51
f 32/32/32 33/33/33 52/52/52
f 33/33/33 53/53/53 52/52/52
f 33/33/33 34/34/34 53/53/53
f 34/34/34 54/54/54 53/53/53
f 34/34/34 35/35/35 54/54/54
f 35/35/35 55/55/55 54/54/54
f 35/35/35 36/36/36 55/55/55
f 36/36/36 56/56/56 55/55/55
f 36/36/36 37/37/37 56/56/56
f 37/37/37 57/57/57 56/56/56
f 37/37/37 38/38/38 57/57/57
f 38/38/38 58/58/58 57/57/57
f 38/38/38 39/39/39 58/58/58
f 39/39/39 59/59/59 58/58/58
f 39/39/39 40/40/40 59/59/59
f 40/40/40 60/60/60 59/59/59
f 41/41/41 42/42/42 61/61/61
f 42/42/42 62/62/62 61/61/61
f 42/42/42 43/43/43 62/62/62
f 43/43/43 63/63/63 62/62/62
f 43/43/43 44/44/44 63/63/63
f 44/44/44 64/64/64 63/63/63
f 44/44/44 45/45/45 64/64/64
f 45/45/45 65/65/65 64/64/64
f 45/45/45 46/46/46 65/65/65
f 46/46/46 66/66/66 65/65/65
f 46/46/46 47/47/47 66/66/66
f 47/47/47 67/67/67 66/66/66
f 47/47/47 48/48/48 67/67/67
f 48/48/48 68/68/68 67/67/67
f 48/48/48 49/49/49 68/68/68
f 49/49/49 69/69/69 68/68/68
f 49/49/49 50/50/50 69/69/69
f 50/50/50 70/70/70 69/69/69
f 50/50/50 51/51/51 70/70/70
f 51/51/51 71/71/71 70/70/70
f 51/51/51 52/52/52 71/71/71
f 52/52/52 72/72/72 71/71/71
f 52/52/52 53/53/53 72/72/72
f 53/53/53 73/73/73 72/72/72
f 53/53/53 54/54/54 73/73/73
f 54/54/54 74/74/74 73/73/73
f 54/54/54 55/55/55 74/74/74
f 55/55/55 75/75/75 74/74/74
f 55/55/55 56/56/56 75/75/75
f 56/56/56 76/76/76 75/75/75
f 56/56/56 57/57/57 76/76/76
f 57/57/57 77/77/77 76/76/76
f 57/57/57 58/58/58 77/77/77
f 58/58/58 78/78/78 77/77/77
f 58/58/58 59/59/59 78/78/78
f 59/59/59 79/79/79 78/78/78
f 59/59/59 60/60/60 79/79/79
f 60/60/60 80/80/80 79/79/79
f 61/61/61 62/62/62 81/81/81
f 62/62/62 82/82/82 81/81/81
f 62/62/62 63/63/63 82/82/82
f 63/63/63 83/83/83 82/82/82
f 63/63/63 64/64/64 83/83/83
f 64/64/64 84/84/84 83/83/83
f 64/64/64 65/65/65 84/84/84
f 65/65/65 85/85/85 84/84/84
f 65/65/65 66/66/66 85/85/85
f 66/66/66 86/86/86 85/85/85
f 66/66/66 67/67/67 86/86/86
f 67/67/67 87/87/87 86/86/86
f 67/67/67 68/68/68 87/87/87
f 68/68/68 88/88/88 87/87/87
f 68/68/68 69/69/69 88/88/88
f 69/69/69 89/89/89 88/88/88
f 69/69/69 70/70/70 89/89/89
f 70/70/70 90/90/90 89/89/89
f 70/70/70 71/71/71 90/90/90
f 71/71/71 91/91/91 90/90/90
f 71/71/71 72/72/72 91/91/91
f 72/72/72 92/92/92 91/91/91
f 72/72/72 73/73/73 92/92/92
f 73/73/73 93/93/93 92/92/92
f 73/73/73 74/74/74 93/93/93
f 74/74/74 94/94/94 93/93/93
f 74/74/74 75/75/75 94/94/94
f 75/75/75 95/95/95 94/94/94
f 75/75/75 76/76/76 95/95/95
f 76/76/76 96/96/96 95/95/95
f 76/76/76 77/77/77 96/96/96
f 77/77/77 97/97/97 96/96/96
f 77/77/77 78/78/78 97/97/97
f 78/78/78 98/98/98 97/97/97
f 78/78/78 79/79/79 98/98/98
f 79/79/79 99/99/99 98/98/98
f 79/79/79 80/80/80 99/99/99
f 80/80/80 100/100/100 99/99/99
f 81/81/81 82/82/82 101/101/101
f 82/82/82 102/102/102 101/101/101
f 82/82/82 83/83/83 102/102/102
f 83/83/83 103/103/103 102/102/102
f 83/83/83 84/84/84 103/103/103
f 84/84/84 104/104/104 103/103/103
f 84/84/84 85/85/85 104/104/104
f 85/85/85 105/105/105 104/104/104
f 85/85/85 86/86/86 105/105/105
f 86/86/86 106/106/106 105/105/105
f 86/86/86 87/87/87 106/106/106
f 87/87/87 107/107/107 106/106/106
f 87/87/87 88/88/88 107/107/107
f 88/88/88 108/108/108 107/107/107
f 88/88/88 89/89/89 108/108/108
f 89/89/89 109/109/109 108/108/108
f 89/89/89 90/90/90 109/109/109
f 90/90/90 110/110/110 109/109/109
f 90/90/90 91/91/91 110/110/110
f 91/91/91 111/111/111 110/110/110
f 91/91/91 92/92/92 111/111/111
f 92/92/92 112/112/112 111/111/111
f 92/92/92 93/93/93 112/112/112
f 93/93/93 113/113/113 112/112/112
f 93/93/93 94/94/94 113/113/113
f 94/94/94 114/114/114 113/113/113
f 94/94/94 95/95/95 114/114/114
f 95/95/95 115/115/115 114/114/114
f 95/95/95 96/96/96 115/115/115
f 96/96/96 116/116/116 115/115/115
f 96/96/96 97/97/97 116/116/116
f 97/97/97 117/117/117 116/116/116
f 97/97/97 98/98/98 117/117/117
f 98/98/98 118/118/118 117/117/117
f 98/98/98 99/99/99 118/118/118
f 99/99/99 119/119/119 118/118/118
f 99/99/99 100/100/100 119/119/119
f 100/100/100 120/120/120 119/119/119
f 101/101/101 102/102/102 121/121/121
f 102/102/102 122/122/122 121/121/121
f 102/102/102 103/103/103 122/122/122
f 103/103/103 123/123/123 122/122/122
f 103/103/103 104/104/104 123/123/123
f 104/104/104 124/124/124 123/123/123
f 104/104/104 105/105/105 124/124/124
f 105/105/105 125/125/125 124/124/124
f 105/105/105 106/106/106 125/125/125
f 106/106/106 126/126/126 125/125/125
f 106/106/106 107/107/107 126/126/126
f 107/107/107 127/127/127 126/126/126
f 107/107/107 108/108/108 127/127/127
f 108/108/108 128/128/128 127/127/127
f 108/108/108 109/109/109 128/128/128
f 109/109/109 129/129/129 128/128/128
f 109/109/109 110/110/110 129/129/129
f 110/110/110 130/130/130 129/129/129
f 110/110/110 111/111/111 130/130/130
f 111/111/111 131/131/131 130/130/130
f 111/111/111 112/112/112 131/131/131
f 112/112/112 132/132/132 131/131/131
f 112/112/112 113/113/113 132/132/132
f 113/113/113 133/133/133 132/132/132
f 113/113/113 114/114/114 133/133/133
f 114/114/114 134/134/134 133/133/133
f 114/114/114 115/115/115 134/134/134
f 115/115/115 135/135/135 134/134/134
f 115/115/115 116/116/116 135/135/135
f 116/116/116 136/136/136 135/135/135
f 116/116/116 117/117/117 136/136/136
f 117/117/117 137/137/137 136/136/136
f 117/117/117 118/118/118 137/137/137
f 118/118/118 138/138/138 137/137/137
f 118/118/118 119/119/119 138/138/138
f 119/119/119 139/139/139 138/138/138
f 119/119/119 120/120/120 139/139/139
f 120/120/120 140/140/140 139/139/139
f 121/121/121 122/122/122 141/141/141
f 122/122/122 142/142/142 141/141/141
f 122/122/122 123/123/123 142/142/142
f 123/123/123 143/143/143 142/142/142
f 123/123/123 124/124/124 143/143/143
f 124/124/124 144/144/144 143/143/143
f 124/124/124 125/125/125 144/144/144
f 125/125/125 145/145/145 144/144/144
f 125/125/125 126/126/126 145/145/145
f 126/126/126 146/146/146 145/145/145
f 126/126/126 127/127/127 146/146/146
f 127/127/127 147/147/147 146/146/146
f 127/127/127 128/128/128 147/147/147
f 128/128/128 148/148/148 147/147/147
f 128/128/128 129/129/129 148/148/148
f 129/129/129 149/149/149 148/148/148
f 129/129/129 130/130/130 149/149/149
f 130/130/130 150/150/150 149/149/149
f 130/130/130 131/131/131 150/150/150
f 131/131/131 151/151/151 150/150/150
f 131/131/131 132/132/132 151/151/151
f 132/132/132 152/152/152 151/151/151
f 132/132/132 133/133/133 152/152/152
f 133/133/133 153/153/153 152/152/152
f 133/133/133 134/134/134 153/153/153
f 134/134/134 154/154/154 153/153/153
f 134/134/134 135/135/135 154/154/154
f 135/135/135 155/155/155 154/154/154
f 135/135/135 136/136/136 155/155/155
f 136/136/136 156/156/156 155/155/155
f 136/136/136 137/137/137 156/156/156
f 137/137/137 157/157/157 156/156/156
f 137/137/137 138/138/138 157/157/157
f 138/138/138 158/158/158 157/157/157
f 138/138/138 139/139/139 158/158/158
f 139/139/139 159/159/159 158/158/158
f 139/139/139 140/140/140 159/159/159
f 140/140/140 160/160/160 159/159/159
f 141/141/141 142/142/142 161/161/161
f 142/142/142 162/162/162 161/161/161
f 142/142/142 143/143/143 162/162/162
f 143/143/143 163/163/163 162/162/162
f 143/143/143 144/144/144 163/163/163
f 144/144/144 164/164/164 163/163/163
f 144/144/144 145/145/145 164/164/164
f 145/145/145 165/165/165 164/164/164
f 145/145/145 146/146/146 165/165/165
f 146/146/146 166/166/166 165/165/165
f 146/146/146 147/147/147 166/166/166
f 147/147/147 167/167/167 166/166/166
f 147/147/147 148/148/148 167/167/167
f 148/148/148 168/168/168 167/167/167
f 148/148/148 149/149/149 168/168/168
f 149/149/149 169/169/169 168/168/168
f 149/149/149 150/150/150 169/169/169
f 150/150/150 170/170/170 169/169/169
f 150/150/150 151/151/151 170/170/170
f 151/151/151 171/171/171 170/170/170
f 151/151/151 152/152/152 171/171/171
f 152/152/152 172/172/172 171/171/171
f 152/152/152 153/153/153 172/172/172
f 153/153/153 173/173/173 172/172/172
f 153/153/153 154/154/154 173/173/173
f 154/154/154 174/174/174 173/173/173
f 154/154/154 155/155/155 174/174/174
f 155/155/155 175/175/175 174/174/174
f 155/155/155 156/156/156 175/175/175
f 156/156/156 176/176/176 175/175/175
f 156/156/156 157/157/157 176/176/176
f 157/157/157 177/177/177 176/176/176
f 157/157/157 158/158/158 177/177/177
f 158/158/158 178/178/178 177/177/177
f 158/158/158 159/159/159 178/178/178
f 159/159/159 179/179/179 178/178/178
f 159/159/159 160/160/160 179/179/179
f 160/160/160 180/180/180 179/179/179
f 161/161/161 162/162/162 181/181/181
f 162/162/162 182/182/182 181/181/181
f 162/162/162 163/163/163 182/182/182
f 163/163/163 183/183/183 182/182/182
f 163/163/163 164/164/164 183/183/183
f 164/164/164 184/184/184 183/183/183
f 164/164/164 165/165/165 184/184/184
f 165/165/165 185/185/185 184/184/184
f 165/165/165 166/166/166 185/185/185
f 166/166/166 186/186/186 185/185/185
f 166/166/166 167/167/167 186/186/186
f 167/167/167 187/187/187 186/186/186
f 167/167/167 168/168/168 187/187/187
f 168/168/168 188/188/188 187/187/187
f 168/168/168 169/169/169 188/188/188
f 169/169/169 189/189/189 188/188/188
f 169/169/169 170/170/170 189/189/189
f 170/170/170 190/190/190 189/189/189
f 170/170/170 171/171/171 190/190/190
f 171/171/171 191/191/191 190/190/190
f 171/171/171 172/172/172 191/191/191
f 172/172/172 192/192/192 191/191/191
f 172/172/172 173/173/173 192/192/192
f 173/173/173 193/193/193 192/192/192
f 173/173/173 174/174/174 193/193/193
f 174/174/174 194/194/194 193/193/193
f 174/174/174 175/175/175 194/194/194
f 175/175/175 195/195/195 194/194/194
f 175/175/175 176/176/176 195/195/195
f 176/176/176 196/196/196 195/195/195
f 176/176/176 177/177/177 196/196/196
f 177/177/177 197/197/197 196/196/196
f 177/177/177 178/178/178 197/197/197
f 178/178/178 198/198/198 197/197/197
f 178/178/178 179/179/179 198/198/198
f 179/179/179 199/199/199 198/198/198
f 179/179/179 180/180/180 199/199/199
f 180/180/180 200/200/200 199/199/199
f 181/181/181 182/182/182 201/201/201
f 182/182/182 202/202/202 201/201/201
f 182/182/182 183/183/183 202/202/202
f 183/183/183 203/203/203 202/202/202
f 183/183/183 184/184/184 203/203/203
f 184/184/184 204/204/204 203/203/203
f 184/184/184 185/185/185 204/204/204
f 185/185/185 205/205/205 204/204/204
f 185/185/185 186/186/186 205/205/205
f 186/186/186 206/206/206 205/205/205
f 186/186/186 187/187/187 206/206/206
f 187/187/187 207/207/207 206/206/206
f 187/187/187 188/188/188 207/207/207
f 188/188/188 208/208/208 207/207/207
f 188/188/188 189/189/189 208/208/208
f 189/189/189 209/209/209 208/208/208
f 189/189/189 190/190/190 209/209/209
f 190/190/190 210/210/210 209/209/209
f 190/190/190 191/191/191 210/210/210
f 191/191/191 211/211/211 210/210/210
f 191/191/191 192/192/192 211/211/211
f 192/192/192 212/212/212 211/211/211
f 192/192/192 193/193/193 212/212/212
f 193/193/193 213/213/213 212/212/212
f 193/193/193 194/194/194 213/213/213
f 194/194/194 214/214/214 213/213/213
f 194/194/194 195/195/195 214/214/214
f 195/195/195 215/215/215 214/214/214
f 195/195/195 196/196/196 215/215/215
f 196/196/196 216/216/216 215/215/215
f 196/196/196 197/197/197 216/216/216
f 197/197/197 217/217/217 216/216/216
f 197/197/197 198/198/198 217/217/217
f 198/198/198 218/218/218 217/217/217
f 198/198/198 199/199/199 218/218/218
f 199/199/199 219/219/219 218/218/218
f 199/199/199 200/200/200 219/219/219
f 200/200/200 220/220/220 219/219/219
f 201/201/201 202/202/202 221/221/221
f 202/202/202 222/222/222 221/221/221
f 202/202/202 203/203/203 222/222/222
f 203/203/203 223/223/223 222/222/222
f 203/203/203 204/204/204 223/223/223
f 204/204/204 224/224/224 223/223/223
f 204/204/204 205/205/205 224/224/224
f 205/205/205 225/225/225 224/224/224
f 205/205/205 206/206/206 225/225/225
f 206/206/206 226/226/226 225/225/225
f 206/206/206 207/207/207 226/226/226
f 207/207/207 227/227/227 226/226/226
f 207/207/207 208/208/208 227/227/227
f 208/208/208 228/228/228 227/227/227
f 208/208/208 209/209/209 228/228/228
f 209/209/209 229/229/229 228/228/228
f 209/209/209 210/210/210 229/229/229
f 210/210/210 230/230/230 229/229/229
f 210/210/210 211/211/211 230/230/230
f 211/211/211 231/231/231 230/230/230
f 211/211/211 212/212/212 231/231/231
f 212/212/212 232/232/232 231/231/231
f 212/212/212 213/213/213 232/232/232
f 213/213/213 233/233/233 232/232/232
f 213/213/213 214/214/214 233/233/233
f 214/214/214 234/234/234 233/233/233
f 214/214/214 215/215/215 234/234/234
f 215/215/215 235/235/235 234/234/234
f 215/215/215 216/216/216 235/235/235
f 216/216/216 236/236/236 235/235/235
f 216/216/216 217/217/217 236/236/236
f 217/217/217 237/237/237 236/236/236
f 217/217/217 218/218/218 237/237/237
f 218/218/218 238/238/238 237/237/237
f 218/218/218 219/219/219 238/238/238
f 219/219/219 239/239/239 238/238/238
f 219/219/219 220/220/220 239/239/239
f 220/220/220 240/240/240 239/239/239
f 221/221/221 222/222/222 241/241/241
f 222/222/222 242/242/242 241/241/241
f 222/222/222 223/223/223 242/242/242
f 223/223/223 243/243/243 242/242/242
f 223/223/223 224/224/224 243/243/243
f 224/224/224 244/244/244 243/243/243
f 224/224/224 225/225/225 244/244/244
f 225/225/225 245/245/245 244/244/244
f 225/225/225 226/226/226 245/245/245
f 226/226/226 246/246/246 245/245/245
f 226/226/226 227/227/227 246/246/246
f 227/227/227 247/247/247 246/246/246
f 227/227/227 228/228/228 247/247/247
f 228/228/228 248/248/248 247/247/247
f 228/228/228 229/229/229 248/248/248
f 229/229/229 249/249/249 248/248/248
f 229/229/229 230/230/230 249/249/249
f 230/230/230 250/250/250 249/249/249
f 230/230/230 231/231/231 250/250/250
f 231/231/231 251/251/251 250/250/250
f 231/231/231 232/232/232 251/251/251
f 232/232/232 252/252/252 251/251/251
f 232/232/232 233/233/233 252/252/252
f 233/233/233 253/253/253 252/252/252
f 233/233/233 234/234/234 253/253/253
f 234/234/234 254/254/254 253/253/253
f 234/234/234 235/235/235 254/254/254
f 235/235/235 255/255/255 254/254/254
f 235/235/235 236/236/236 255/255/255
f 236/236/236 256/256/256 255/255/255
f 236/236/236 237/237/237 256/256/256
f 237/237/237 257/257/257 256/256/256
f 237/237/237 238/238/238 257/257/257
f 238/238/238 258/258/258 257/257/257
f 238/238/238 239/239/239 258/258/258
f 239/239/239 259/259/259 258/258/258
f 239/239/239 240/240/240 259/259/259
f 240/240/240 260/260/260 259/259/259
f 241/241/241 242/242/242 261/261/261
f 242/242/242 262/262/262 261/261/261
f 242/242/242 243/243/243 262/262/262
f 243/243/243 263/263/263 262/262/262
f 243/243/243 244/244/244 263/263/263
f 244/244/244 264/264/264 263/263/263
f 244/244/244 245/245/245 264/264/264
f 245/245/245 265/265/265 264/264/264
f 245/245/245 246/246/246 265/265/265
f 246/246/246 266/266/266 265/265/265
f 246/246/246 247/247/247 266/266/266
f 247/247/247 267/267/267 266/266/266
f 247/247/247 248/248/248 267/267/267
f 248/248/248 268/268/268 267/267/267
f 248/248/248 249/249/249 268/268/268
f 249/249/249 269/269/269 268/268/268
f 249/249/249 250/250/250 269/269/269
f 250/250/250 270/270/270 269/269/269
f 250/250/250 251/251/251 270/270/270
f 251/251/251 271/271/271 270/270/270
f 251/251/251 252/252/252 271/271/271
f 252/252/252 272/272/272 271/271/271
f 252/252/252 253/253/253 272/272/272
f 253/253/253 273/273/273 272/272/272
f 253/253/253 254/254/254 273/273/273
f 254/254/254 274/274/274 273/273/273
f 254/254/254 255/255/255 274/274/274
f 255/255/255 275/275/275 274/274/274
f 255/255/255 256/256/256 275/275/275
f 256/256/256 276/276/276 275/275/275
f 256/256/256 257/257/257 276/276/276
f 257/257/257 277/277/277 276/276/276
f 257/257/257 258/258/258 277/277/277
f 258/258/258 278/278/278 277/277/277
f 258/258/258 259/259/259 278/278/278
f 259/259/259 279/279/279 278/278/278
f 259/259/259 260/260/260 279/279/279
f 260/260/260 280/280/280 279/279/279
f 261/261/261 262/262/262 281/281/281
f 262/262/262 282/282/282 281/281/281
f 262/262/262 263/263/263 282/282/282
f 263/263/263 283/283/283 282/282/282
f 263/263/263 264/264/264 283/283/283
f 264/264/264 284/284/284 283/283/283
f 264/264/264 265/265/265 284/284/284
f 265/265/265 285/285/285 284/284/284
f 265/265/265 266/266/266 285/285/285
f 266/266/266 286/286/286 285/285/285
f 266/266/266 267/267/267 286/286/286
f 267/267/267 287/287/287 286/286/286
f 267/267/267 268/268/268 287/287/287
f 268/268/268 288/288/288 287/287/287
f 268/268/268 269/269/269 288/288/288
f 269/269/269 289/289/289 288/288/288
f 269/269/269 270/270/270 289/289/289
f 270/270/270 290/290/290 289/289/289
f 270/270/270 271/271/271 290/290/290
f 271/271/271 291/291/291 290/290/290
f 271/271/271 272/272/272 291/291/291
f 272/272/272 292/292/292 291/291/291
f 272/272/272 273/273/273 292/292/292
f 273/273/273 293/293/293 292/292/292
f 273/273/273 274/274/274 293/293/293
f 274/274/274 294/294/294 293/293/293
f 274/274/274 275/275/275 294/294/294
f 275/275/275 295/295/295 294/294/294
f 275/275/275 276/276/276 295/295/295
f 276/276/276 296/296/296 295/295/295
f 276/276/276 277/277/277 296/296/296
f 277/277/277 297/297/297 296/296/296
f 277/277/277 278/278/278 297/297/297
f 278/278/278 298/298/298 297/297/297
f 278/278/278 279/279/279 298/298/298
f 279/279/279 299/299/299 298/298/298
f 279/279/279 280/280/280 299/299/299
f 280/280/280 300/300/300 299/299/299
f 281/281/281 282/282/282 301/301/301
f 282/282/282 302/302/302 301/301/301
f 282/282/282 283/283/283 302/302/302
f 283/283/283 303/303/303 302/302/302
f 283/283/283 284/284/284 303/303/303
f 284/284/284 304/304/304 303/303/303
f 284/284/284 285/285/285 304/304/304
f 285/285/285 305/305/305 304/304/304
f 285/285/285 286/286/286 305/305/305
f 286/286/286 306/306/306 305/305/305
f 286/286/286 287/287/287 306/306/306
f 287/287/287 307/307/307 306/306/306
f 287/287/287 288/288/288 307/307/307
f 288/288/288 308/308/308 307/307/307
f 288/288/288 289/289/289 308/308/308
f 289/289/289 309/309/309 308/308/308
f 289/289/289 290/290/290 309/309/309
f 290/290/290 310/310/310 309/309/309
f 290/290/290 291/291/291 310/310/310
f 291/291/291 311/311/311 310/310/310
f 291/291/291 292/292/292 311/311/311
f 292/292/292 312/312/312 311/311/311
f 292/292/292 293/293/293 312/312/312
f 293/293/293 313/313/313 312/312/312
f 293/293/293 294/294/294 313/313/313
f 294/294/294 314/314/314 313/313/313
f 294/294/294 295/295/295 314/314/314
f 295/295/295 315/315/315 314/314/314
f 295/295/295 296/296/296 315/315/315
f 296/296/296 316/316/316 315/315/315
f 296/296/296 297/297/297 316/316/316
f 297/297/297 317/317/317 316/316/316
f 297/297/297 298/298/298 317/317/317
f 298/298/298 318/318/318 317/317/317
f 298/298/298 299/299/299 318/318/318
f 299/299/299 319/319/319 318/318/318
f 299/299/299 300/300/300 319/319/319
f 300/300/300 320/320/320 319/319/319
f 301/301/301 302/302/302 321/321/321
f 302/302/302 322/322/322 321/321/321
f 302/302/302 303/303/303 322/322/322
f 303/303/303 323/323/323 322/322/322
f 303/303/303 304/304/304 323/323/323
f 304/304/304 324/324/324 323/323/323
f 304/304/304 305/305/305 324/324/324
f 305/305/305 325/325/325 324/324/324
f 305/305/305 306/306/306 325/325/325
f 306/306/306 326/326/326 325/325/325
f 306/306/306 307/307/307 326/326/326
f 307/307/307 327/327/327 326/326/326
f 307/307/307 308/308/308 327/327/327
f 308/308/308 328/328/328 327/327/327
f 308/308/308 309/309/309 328/328/328
f 309/309/309 329/329/329 328/328/328
f 309/309/309 310/310/310 329/329/329
f 310/310/310 330/330/330 329/329/329
f 310/310/310 311/311/311 330/330/330
f 311/311/311 331/331/331 330/330/330
f 311/311/311 312/312/312 331/331/331
f 312/312/312 332/332/332 331/331/331
f 312/312/312 313/313/313 332/332/332
f 313/313/313 333/333/333 332/332/332
f 313/313/313 314/314/314 333/333/333
f 314/314/314 334/334/334 333/333/333
f 314/314/314 315/315/315 334/334/334
f 315/315/315 335/335/335 334/334/334
f 315/315/315 316/316/316 335/335/335
f 316/316/316 336/336/336 335/335/335
f 316/316/316 317/317/317 336/336/336
f 317/317/317 337/337/337 336/336/336
f 317/317/317 318/318/318 337/337/337
f 318/318/318 338/338/338 337/337/337
f 318/318/318 319/319/319 338/338/338
f 319/319/319 339/339/339 338/338/338
f 319/319/319 320/320/320 339/339/339
f 320/320/320 340/340/340 339/339/339
f 321/321/321 322/322/322 341/341/341
f 322/322/322 342/342/342 341/341/341
f 322/322/322 323/323/323 342/342/342
f 323/323/323 343/343/343 342/342/342
f 323/323/323 324/324/324 343/343/343
f 324/324/324 344/344/344 343/343/343
f 324/324/324 325/325/325 344/344/344
f 325/325/325 345/345/345 344/344/344
f 325/325/325 326/326/326 345/345/345
f 326/326/326 346/346/346 345/345/345
f 326/326/326 327/327/327 346/346/346
f 327/327/327 347/347/347 346/346/346
f 327/327/327 328/328/328 347/347/347
f 328/328/328 348/348/348 347/347/347
f 328/328/328 329/329/329 348/348/348
f 329/329/329 349/349/349 348/348/348
f 329/329/329 330/330/330 349/349/349
f 330/330/330 350/350/350 349/349/349
f 330/330/330 331/331/331 350/350/350
f 331/331/331 351/351/351 350/350/350
f 331/331/331 332/332/332 351/351/351
f 332/332/332 352/352/352 351/351/351
f 332/332/332 333/333/333 352/352/352
f 333/333/333 353/353/353 352/352/352
f 333/333/333 334/334/334 353/353/353
f 334/334/334 354/354/354 353/353/353
f 334/334/334 335/335/335 354/354/354
f 335/335/335 355/355/355 354/354/354
f 335/335/335 336/336/336 355/355/355
f 336/336/336 356/356/356 355/355/355
f 336/336/336 337/337/337 356/356/356
f 337/337/337 357/357/357 356/356/356
f 337/337/337 338/338/338 357/357/357
f 338/338/338 358/358/358 357/357/357
f 338/338/338 339/339/339 358/358/358
f 339/339/339 359/359/359 358/358/358
f 339/339/339 340/340/340 359/359/359
f 340/340/340 360/360/360 359/359/359
f 341/341/341 342/342/342 361/361/361
f 342/342/342 362/362/362 361/361/361
f 342/342/342 343/343/343 362/362/362
f 343/343/343 363/363/363 362/362/362
f 343/343/343 344/344/344 363/363/363
f 344/344/344 364/364/364 363/363/363
f 344/344/344 345/345/345 364/364/364
f 345/345/345 365/365/365 364/364/364
f 345/345/345 346/346/346 365/365/365
f 346/346/346 366/366/366 365/365/365
f 346/346/346 347/347/347 366/366/366
f 347/347/347 367/367/367 366/366/366
f 347/347/347 348/348/348 367/367/367
f 348/348/348 368/368/368 367/367/367
f 348/348/348 349/349/349 368/368/368
f 349/349/349 369/369/369 368/368/368
f 349/349/349 350/350/350 369/369/369
f 350/350/350 370/370/370 369/369/369
f 350/350/350 351/351/351 370/370/370
f 351/351/351 371/371/371 370/370/370
f 351/351/351 352/352/352 371/371/371
f 352/352/352 372/372/372 371/371/371
f 352/352/352 353/353/353 372/372/372
f 353/353/353 373/373/373 372/372/372
f 353/353/353 354/354/354 373/373/373
f 354/354/354 374/374/374 373/373/373
f 354/354/354 355/355/355 374/374/374
f 355/355/355 375/375/375 374/374/374
f 355/355/355 356/356/356 375/375/375
f 356/356/356 376/376/376 375/375/375
f 356/356/356 357/357/357 376/376/376
f 357/357/357 377/377/377 376/376/376
f 357/357/357 358/358/358 377/377/377
f 358/358/358 378/378/378 377/377/377
f 358/358/358 359/359/359 378/378/378
f 359/359/359 379/379/379 378/378/378
f 359/359/359 360/360/360 379/379/379
f 360/360/360 380/380/380 379/379/379
f 361/361/361 362/362/362 381/381/381
f 362/362/362 382/382/382 381/381/381
f 362/362/362 363/363/363 382/382/382
f 363/363/363 383/383/383 382/382/382
f 363/363/363 364/364/364 383/383/383
f 364/364/364 384/384/384 383/383/383
f 364/364/364 365/365/365 384/384/384
f 365/365/365 385/385/385 384/384/384
f 365/365/365 366/366/366 385/385/385
f 366/366/366 386/386/386 385/385/385
f 366/366/366 367/367/367 386/386/386
f 367/367/367 387/387/387 386/386/386
f 367/367/367 368/368/368 387/387/387
f 368/368/368 388/388/388 387/387/387
f 368/368/368 369/369/369 388/388/388
f 369/369/369 389/389/389 388/388/388
f 369/369/369 370/370/370 389/389/389
f 370/370/370 390/390/390 389/389/389
f 370/370/370 371/371/371 390/390/390
f 371/371/371 391/391/391 390/390/390
f 371/371/371 372/372/372 391/391/391
f 372/372/372 392/392/392 391/391/391
f 372/372/372 373/373/373 392/392/392
f 373/373/373 393/393/393 392/392/392
f 373/373/373 374/374/374 393/393/393
f 374/374/374 394/394/394 393/393/393
f 374/374/374 375/375/375 394/394/394
f 375/375/375 395/395/395 394/394/394
f 375/375/375 376/376/376 395/395/395
f 376/376/376 396/396/396 395/395/395
f 376/376/376 377/377/377 396/396/396
f 377/377/377 397/397/397 396/396/396
f 377/377/377 378/378/378 397/397/397
f 378/378/378 398/398/398 397/397/397
f 378/378/378 379/379/379 398/398/398
f 379/379/379 399/399/399 398/398/398
f 379/379/379 380/380/380 399/399/399
f 380/380/380 400/400/400 399/399/399

# Patch: cup_right_cone
o cup_right_cone
usemtl bikini_db851116_material
v 0.074681 1.328823 0.097838
v 0.075203 1.328823 0.098987
v 0.075804 1.328823 0.100108
v 0.076477 1.328823 0.101199
v 0.077214 1.328823 0.102256
v 0.078006 1.328823 0.103276
v 0.078844 1.328823 0.104257
v 0.079719 1.328823 0.105198
v 0.080621 1.328823 0.106095
v 0.081539 1.328823 0.106949
v 0.082461 1.328823 0.106949
v 0.083379 1.328823 0.106095
v 0.084281 1.328823 0.105198
v 0.085156 1.328823 0.104257
v 0.085994 1.328823 0.103276
v 0.086786 1.328823 0.102256
v 0.087523 1.328823 0.101199
v 0.088196 1.328823 0.100108
v 0.088797 1.328823 0.098987
v 0.089319 1.328823 0.097838
v 0.067827 1.328110 0.099653
v 0.068838 1.328110 0.101078
v 0.070002 1.328110 0.102450
v 0.071305 1.328110 0.103763
v 0.072731 1.328110 0.105011
v 0.074266 1.328110 0.106188
v 0.075889 1.328110 0.107290
v 0.077584 1.328110 0.108312
v 0.079330 1.328110 0.109251
v 0.081106 1.328110 0.110106
v 0.082894 1.328110 0.110106
v 0.084670 1.328110 0.109251
v 0.086416 1.328110 0.108312
v 0.088111 1.328110 0.107290
v 0.089734 1.328110 0.106188
v 0.091269 1.328110 0.105011
v 0.092695 1.328110 0.103763
v 0.093998 1.328110 0.102450
v 0.095162 1.328110 0.101078
v 0.096173 1.328110 0.099653
v 0.061127 1.326946 0.101426
v 0.062616 1.326946 0.103120
v 0.064330 1.326946 0.104737
v 0.066249 1.326946 0.106267
v 0.068350 1.326946 0.107701
v 0.070609 1.326946 0.109030
v 0.073001 1.326946 0.110248
v 0.075496 1.326946 0.111348
v 0.078067 1.326946 0.112328
v 0.080684 1.326946 0.113182
v 0.083316 1.326946 0.113182
v 0.085933 1.326946 0.112328
v 0.088504 1.326946 0.111348
v 0.090999 1.326946 0.110248
v 0.093391 1.326946 0.109030
v 0.095650 1.326946 0.107701
v 0.097751 1.326946 0.106267
v 0.099670 1.326946 0.104737
v 0.101384 1.326946 0.103120
v 0.102873 1.326946 0.101426
v 0.054653 1.325345 0.103138
v 0.056604 1.325345 0.105091
v 0.058850 1.325345 0.106943
v 0.061363 1.325345 0.108680
v 0.064116 1.325345 0.110292
v 0.067076 1.325345 0.111767
v 0.070209 1.325345 0.113096
v 0.073479 1.325345 0.114271
v 0.076848 1.325345 0.115288
v 0.080276 1.325345 0.116141
v 0.083724 1.325345 0.116141
v 0.087152 1.325345 0.115288
v 0.090521 1.325345 0.114271
v 0.093791 1.325345 0.113096
v 0.096924 1.325345 0.111767
v 0.099884 1.325345 0.110292
v 0.102637 1.325345 0.108680
v 0.105150 1.325345 0.106943
v 0.107396 1.325345 0.105091
v 0.109347 1.325345 0.103138
v 0.048476 1.323324 0.104770
v 0.050868 1.323324 0.106967
v 0.053620 1.323324 0.109041
v 0.056702 1.323324 0.110976
v 0.060076 1.323324 0.112756
v 0.063705 1.323324 0.114368
v 0.067546 1.323324 0.115801
v 0.071554 1.323324 0.117046
v 0.075684 1.323324 0.118096
v 0.079886 1.323324 0.118946
v 0.084114 1.323324 0.118946
v 0.088316 1.323324 0.118096
v 0.092446 1.323324 0.117046
v 0.096454 1.323324 0.115801
v 0.100295 1.323324 0.114368
v 0.103924 1.323324 0.112756
v 0.107298 1.323324 0.110976
v 0.110380 1.323324 0.109041
v 0.113132 1.323324 0.106967
v 0.115524 1.323324 0.104770
v 0.042662 1.320905 0.106303
v 0.045468 1.320905 0.108728
v 0.048698 1.320905 0.111010
v 0.052314 1.320905 0.113127
v 0.056274 1.320905 0.115062
v 0.060532 1.320905 0.116801
v 0.065039 1.320905 0.118330
v 0.069743 1.320905 0.119638
v 0.074588 1.320905 0.120717
v 0.079520 1.320905 0.121562
v 0.084480 1.320905 0.121562
v 0.089412 1.320905 0.120717
v 0.094257 1.320905 0.119638
v 0.098961 1.320905 0.118330
v 0.103468 1.320905 0.116801
v 0.107726 1.320905 0.115062
v 0.111686 1.320905 0.113127
v 0.115302 1.320905 0.111010
v 0.118532 1.320905 0.108728
v 0.121338 1.320905 0.106303
v 0.037274 1.318114 0.107720
v 0.040465 1.318114 0.110354
v 0.044138 1.318114 0.112824
v 0.048249 1.318114 0.115108
v 0.052751 1.318114 0.117185
v 0.057592 1.318114 0.119038
v 0.062717 1.318114 0.120652
v 0.068064 1.318114 0.122016
v 0.073573 1.318114 0.123119
v 0.079180 1.318114 0.123956
v 0.084820 1.318114 0.123956
v 0.090427 1.318114 0.123119
v 0.095936 1.318114 0.122016
v 0.101283 1.318114 0.120652
v 0.106408 1.318114 0.119038
v 0.111249 1.318114 0.117185
v 0.115751 1.318114 0.115108
v 0.119862 1.318114 0.112824
v 0.123535 1.318114 0.110354
v 0.126726 1.318114 0.107720
v 0.032372 1.314981 0.109006
v 0.035913 1.314981 0.111826
v 0.039987 1.314981 0.114464
v 0.044549 1.314981 0.116896
v 0.049545 1.314981 0.119098
v 0.054917 1.314981 0.121051
v 0.060603 1.314981 0.122740
v 0.066537 1.314981 0.124151
v 0.072650 1.314981 0.125272
v 0.078871 1.314981 0.126099
v 0.085129 1.314981 0.126099
v 0.091350 1.314981 0.125272
v 0.097463 1.314981 0.124151
v 0.103397 1.314981 0.122740
v 0.109083 1.314981 0.121051
v 0.114455 1.314981 0.119098
v 0.119451 1.314981 0.116896
v 0.124013 1.314981 0.114464
v 0.128087 1.314981 0.111826
v 0.131628 1.314981 0.109006
v 0.028007 1.311541 0.110146
v 0.031859 1.311541 0.113128
v 0.036293 1.311541 0.115911
v 0.041256 1.311541 0.118469
v 0.046691 1.311541 0.120778
v 0.052535 1.311541 0.122817
v 0.058721 1.311541 0.124568
v 0.065177 1.311541 0.126015
v 0.071827 1.311541 0.127149
v 0.078596 1.311541 0.127961
v 0.085404 1.311541 0.127961
v 0.092173 1.311541 0.127149
v 0.098823 1.311541 0.126015
v 0.105279 1.311541 0.124568
v 0.111465 1.311541 0.122817
v 0.117309 1.311541 0.120778
v 0.122744 1.311541 0.118469
v 0.127707 1.311541 0.115911
v 0.132141 1.311541 0.113128
v 0.135993 1.311541 0.110146
v 0.024228 1.307830 0.111128
v 0.028350 1.307830 0.114244
v 0.033093 1.307830 0.117147
v 0.038404 1.307830 0.119810
v 0.044219 1.307830 0.122206
v 0.050473 1.307830 0.124313
v 0.057092 1.307830 0.126112
v 0.063999 1.307830 0.127586
v 0.071115 1.307830 0.128725
v 0.078358 1.307830 0.129519
v 0.085642 1.307830 0.129519
v 0.092885 1.307830 0.128725
v 0.100001 1.307830 0.127586
v 0.106908 1.307830 0.126112
v 0.113527 1.307830 0.124313
v 0.119781 1.307830 0.122206
v 0.125596 1.307830 0.119810
v 0.130907 1.307830 0.117147
v 0.135650 1.307830 0.114244
v 0.139772 1.307830 0.111128
v 0.021075 1.303889 0.111939
v 0.025422 1.303889 0.115161
v 0.030424 1.303889 0.118158
v 0.036024 1.303889 0.120901
v 0.042157 1.303889 0.123364
v 0.048752 1.303889 0.125521
v 0.055732 1.303889 0.127353
v 0.063017 1.303889 0.128843
v 0.070521 1.303889 0.129979
v 0.078159 1.303889 0.130752
v 0.085841 1.303889 0.130752
v 0.093479 1.303889 0.129979
v 0.100983 1.303889 0.128843
v 0.108268 1.303889 0.127353
v 0.115248 1.303889 0.125521
v 0.121843 1.303889 0.123364
v 0.127976 1.303889 0.120901
v 0.133576 1.303889 0.118158
v 0.138578 1.303889 0.115161
v 0.142925 1.303889 0.111939
v 0.018583 1.299760 0.112572
v 0.023107 1.299760 0.115868
v 0.028314 1.299760 0.118931
v 0.034144 1.299760 0.121730
v 0.040527 1.299760 0.124236
v 0.047392 1.299760 0.126424
v 0.054658 1.299760 0.128274
v 0.062240 1.299760 0.129768
v 0.070052 1.299760 0.130894
v 0.078002 1.299760 0.131642
v 0.085998 1.299760 0.131642
v 0.093948 1.299760 0.130894
v 0.101760 1.299760 0.129768
v 0.109342 1.299760 0.128274
v 0.116608 1.299760 0.126424
v 0.123473 1.299760 0.124236
v 0.129856 1.299760 0.121730
v 0.135686 1.299760 0.118931
v 0.140893 1.299760 0.115868
v 0.145417 1.299760 0.112572
v 0.016778 1.295489 0.113019
v 0.021431 1.295489 0.116358
v 0.026787 1.295489 0.119457
v 0.032782 1.295489 0.122284
v 0.039347 1.295489 0.124811
v 0.046407 1.295489 0.127011
v 0.053880 1.295489 0.128863
v 0.061678 1.295489 0.130349
v 0.069712 1.295489 0.131455
v 0.077888 1.295489 0.132174
v 0.086112 1.295489 0.132174
v 0.094288 1.295489 0.131455
v 0.102322 1.295489 0.130349
v 0.110120 1.295489 0.128863
v 0.117593 1.295489 0.127011
v 0.124653 1.295489 0.124811
v 0.131218 1.295489 0.122284
v 0.137213 1.295489 0.119457
v 0.142569 1.295489 0.116358
v 0.147222 1.295489 0.113019
v 0.015680 1.291122 0.113274
v 0.020412 1.291122 0.116623
v 0.025857 1.291122 0.119729
v 0.031953 1.291122 0.122558
v 0.038629 1.291122 0.125081
v 0.045808 1.291122 0.127272
v 0.053406 1.291122 0.129109
v 0.061336 1.291122 0.130574
v 0.069505 1.291122 0.131654
v 0.077819 1.291122 0.132338
v 0.086181 1.291122 0.132338
v 0.094495 1.291122 0.131654
v 0.102664 1.291122 0.130574
v 0.110594 1.291122 0.129109
v 0.118192 1.291122 0.127272
v 0.125371 1.291122 0.125081
v 0.132047 1.291122 0.122558
v 0.138143 1.291122 0.119729
v 0.143588 1.291122 0.116623
v 0.148320 1.291122 0.113274
v 0.015302 1.286705 0.113334
v 0.020060 1.286705 0.116660
v 0.025537 1.286705 0.119741
v 0.031667 1.286705 0.122545
v 0.038382 1.286705 0.125040
v 0.045601 1.286705 0.127202
v 0.053243 1.286705 0.129007
v 0.061218 1.286705 0.130439
v 0.069434 1.286705 0.131482
v 0.077795 1.286705 0.132129
v 0.086205 1.286705 0.132129
v 0.094566 1.286705 0.131482
v 0.102782 1.286705 0.130439
v 0.110757 1.286705 0.129007
v 0.118399 1.286705 0.127202
v 0.125618 1.286705 0.125040
v 0.132333 1.286705 0.122545
v 0.138463 1.286705 0.119741
v 0.143940 1.286705 0.116660
v 0.148698 1.286705 0.113334
v 0.015646 1.282288 0.113198
v 0.020380 1.282288 0.116468
v 0.025828 1.282288 0.119494
v 0.031927 1.282288 0.122244
v 0.038607 1.282288 0.124687
v 0.045789 1.282288 0.126799
v 0.053391 1.282288 0.128556
v 0.061325 1.282288 0.129941
v 0.069498 1.282288 0.130940
v 0.077817 1.282288 0.131544
v 0.086183 1.282288 0.131544
v 0.094502 1.282288 0.130940
v 0.102675 1.282288 0.129941
v 0.110609 1.282288 0.128556
v 0.118211 1.282288 0.126799
v 0.125393 1.282288 0.124687
v 0.132073 1.282288 0.122244
v 0.138172 1.282288 0.119494
v 0.143620 1.282288 0.116468
v 0.148354 1.282288 0.113198
v 0.016710 1.277917 0.112867
v 0.021368 1.277917 0.116047
v 0.026729 1.277917 0.118988
v 0.032730 1.277917 0.121657
v 0.039302 1.277917 0.124024
v 0.046370 1.277917 0.126064
v 0.053850 1.277917 0.127756
v 0.061657 1.277917 0.129082
v 0.069699 1.277917 0.130028
v 0.077884 1.277917 0.130585
v 0.086116 1.277917 0.130585
v 0.094301 1.277917 0.130028
v 0.102343 1.277917 0.129082
v 0.110150 1.277917 0.127756
v 0.117630 1.277917 0.126064
v 0.124698 1.277917 0.124024
v 0.131270 1.277917 0.121657
v 0.137271 1.277917 0.118988
v 0.142632 1.277917 0.116047
v 0.147290 1.277917 0.112867
v 0.018481 1.273640 0.112344
v 0.023013 1.273640 0.115402
v 0.028228 1.273640 0.118227
v 0.034067 1.273640 0.120788
v 0.040461 1.273640 0.123055
v 0.047337 1.273640 0.125004
v 0.054614 1.273640 0.126614
v 0.062209 1.273640 0.127867
v 0.070033 1.273640 0.128752
v 0.077995 1.273640 0.129258
v 0.086005 1.273640 0.129258
v 0.093967 1.273640 0.128752
v 0.101791 1.273640 0.127867
v 0.109386 1.273640 0.126614
v 0.116663 1.273640 0.125004
v 0.123539 1.273640 0.123055
v 0.129933 1.273640 0.120788
v 0.135772 1.273640 0.118227
v 0.140987 1.273640 0.115402
v 0.145519 1.273640 0.112344
v 0.020941 1.269504 0.111635
v 0.025298 1.269504 0.114539
v 0.030311 1.269504 0.117219
v 0.035923 1.269504 0.119644
v 0.042070 1.269504 0.121788
v 0.048679 1.269504 0.123626
v 0.055675 1.269504 0.125138
v 0.062975 1.269504 0.126308
v 0.070496 1.269504 0.127122
v 0.078151 1.269504 0.127573
v 0.085849 1.269504 0.127573
v 0.093504 1.269504 0.127122
v 0.101025 1.269504 0.126308
v 0.108325 1.269504 0.125138
v 0.115321 1.269504 0.123626
v 0.121930 1.269504 0.121788
v 0.128077 1.269504 0.119644
v 0.133689 1.269504 0.117219
v 0.138702 1.269504 0.114539
v 0.143059 1.269504 0.111635
v 0.024064 1.265553 0.110746
v 0.028197 1.265553 0.113466
v 0.032954 1.265553 0.115972
v 0.038279 1.265553 0.118238
v 0.044112 1.265553 0.120235
v 0.050383 1.265553 0.121943
v 0.057021 1.265553 0.123342
v 0.063948 1.265553 0.124416
v 0.071084 1.265553 0.125152
v 0.078347 1.265553 0.125544
v 0.085653 1.265553 0.125544
v 0.092916 1.265553 0.125152
v 0.100052 1.265553 0.124416
v 0.106979 1.265553 0.123342
v 0.113617 1.265553 0.121943
v 0.119888 1.265553 0.120235
v 0.125721 1.265553 0.118238
v 0.131046 1.265553 0.115972
v 0.135803 1.265553 0.113466
v 0.139936 1.265553 0.110746
vn -0.092445 0.994830 0.042042
vn -0.092314 0.994300 0.053336
vn -0.094166 0.993495 0.064032
vn -0.096521 0.992453 0.075640
vn -0.099491 0.991101 0.088434
vn -0.103227 0.989333 0.102782
vn -0.107948 0.986987 0.119181
vn -0.113971 0.983805 0.138343
vn -0.121774 0.979362 0.161309
vn -0.092384 0.976338 0.195523
vn 0.050309 0.975609 0.213671
vn 0.129766 0.975253 0.179002
vn 0.120165 0.980986 0.152405
vn 0.112844 0.984983 0.130667
vn 0.107150 0.987871 0.112385
vn 0.102662 0.990012 0.096631
vn 0.099093 0.991630 0.082767
vn 0.096245 0.992869 0.070340
vn 0.093980 0.993824 0.059012
vn 0.091280 0.994338 0.054403
vn -0.110511 0.991276 0.071833
vn -0.119948 0.988379 0.093375
vn -0.120289 0.986518 0.110962
vn -0.120713 0.984193 0.129584
vn -0.121220 0.981305 0.149484
vn -0.121808 0.977722 0.170947
vn -0.122470 0.973264 0.194316
vn -0.123199 0.967687 0.220010
vn -0.123977 0.960654 0.248541
vn -0.071053 0.956175 0.284045
vn 0.060472 0.956856 0.284199
vn 0.121185 0.960772 0.249464
vn 0.120724 0.967669 0.221455
vn 0.120280 0.973162 0.196182
vn 0.119877 0.977572 0.173154
vn 0.119526 0.981132 0.151968
vn 0.119238 0.984012 0.132294
vn 0.119018 0.986343 0.113855
vn 0.118869 0.988217 0.096418
vn 0.125577 0.987215 0.098164
vn -0.161289 0.977676 0.134666
vn -0.169072 0.972123 0.162457
vn -0.166043 0.967502 0.190709
vn -0.162433 0.961984 0.219551
vn -0.158152 0.955492 0.249043
vn -0.153091 0.947945 0.279219
vn -0.147119 0.939260 0.310074
vn -0.140082 0.929365 0.341553
vn -0.131801 0.918208 0.373527
vn -0.069152 0.909779 0.409292
vn 0.062216 0.910246 0.409366
vn 0.128952 0.918273 0.374361
vn 0.137458 0.929244 0.342945
vn 0.144718 0.939011 0.311954
vn 0.150913 0.947613 0.281524
vn 0.156195 0.955114 0.251716
vn 0.160693 0.961589 0.222541
vn 0.164517 0.967114 0.193969
vn 0.167758 0.971761 0.165946
vn 0.175937 0.970789 0.163143
vn -0.210943 0.956024 0.203770
vn -0.216660 0.947006 0.237145
vn -0.209207 0.938250 0.275535
vn -0.200531 0.928175 0.313495
vn -0.190545 0.916825 0.350891
vn -0.179152 0.904277 0.387541
vn -0.166250 0.890648 0.423210
vn -0.151726 0.876116 0.457602
vn -0.135467 0.860935 0.490347
vn -0.067058 0.848861 0.524346
vn 0.062139 0.849233 0.524349
vn 0.132691 0.860967 0.491049
vn 0.149098 0.875922 0.458835
vn 0.163783 0.890281 0.424940
vn 0.176860 0.903787 0.389731
vn 0.188437 0.916257 0.353504
vn 0.198619 0.927568 0.316493
vn 0.207500 0.937641 0.278878
vn 0.215167 0.946426 0.240792
vn 0.225411 0.945993 0.232995
vn -0.259928 0.925275 0.276231
vn -0.263066 0.912069 0.314526
vn -0.250217 0.898038 0.361828
vn -0.235628 0.882436 0.407168
vn -0.219303 0.865526 0.450302
vn -0.201248 0.847611 0.490974
vn -0.181462 0.829049 0.528913
vn -0.159944 0.810256 0.563830
vn -0.136684 0.791711 0.595409
vn -0.064720 0.776844 0.626358
vn 0.061134 0.777174 0.626309
vn 0.134058 0.791739 0.595968
vn 0.157405 0.810035 0.564860
vn 0.179026 0.828623 0.530408
vn 0.198932 0.847024 0.492926
vn 0.217126 0.864824 0.452698
vn 0.233609 0.881666 0.409991
vn 0.248377 0.897242 0.365054
vn 0.261425 0.911292 0.318126
vn 0.274222 0.911843 0.305522
vn -0.308194 0.884476 0.350312
vn -0.308146 0.866514 0.392682
vn -0.288941 0.846512 0.447136
vn -0.267707 0.825001 0.497701
vn -0.244614 0.802508 0.544192
vn -0.219813 0.779570 0.586475
vn -0.193426 0.756736 0.624450
vn -0.165545 0.734567 0.658033
vn -0.136229 0.713639 0.687140
vn -0.062191 0.697001 0.714369
vn 0.059583 0.697314 0.714285
vn 0.133805 0.713688 0.687565
vn 0.163161 0.734366 0.658851
vn 0.191093 0.756315 0.625676
vn 0.217547 0.778963 0.588124
vn 0.242435 0.801753 0.546276
vn 0.265639 0.824142 0.500226
vn 0.287013 0.845596 0.450102
vn 0.306389 0.865591 0.396078
vn 0.322200 0.867402 0.379210
vn -0.355367 0.832720 0.424608
vn -0.351457 0.809687 0.469984
vn -0.324976 0.783633 0.529444
vn -0.296518 0.756524 0.582879
vn -0.266450 0.729124 0.630383
vn -0.235054 0.702125 0.672138
vn -0.202536 0.676153 0.708376
vn -0.169023 0.651783 0.739331
vn -0.134568 0.629556 0.765213
vn -0.059539 0.612124 0.788517
vn 0.057699 0.612431 0.788415
vn 0.132381 0.629642 0.765523
vn 0.166841 0.651638 0.739954
vn 0.200364 0.675792 0.709337
vn 0.232902 0.701568 0.673468
vn 0.264333 0.728398 0.632111
vn 0.294460 0.755663 0.585035
vn 0.323008 0.782680 0.532051
vn 0.349619 0.808694 0.473056
vn 0.368883 0.811783 0.452696
vn -0.400797 0.769194 0.497698
vn -0.392320 0.741135 0.544798
vn -0.357779 0.709680 0.606917
vn -0.321747 0.677999 0.660906
vn -0.284747 0.646976 0.707348
vn -0.247132 0.617322 0.746887
vn -0.209103 0.589604 0.780155
vn -0.170741 0.564292 0.807726
vn -0.132020 0.541795 0.830078
vn -0.056823 0.524394 0.849578
vn 0.055614 0.524698 0.849470
vn 0.130091 0.541925 0.830297
vn 0.168795 0.564223 0.808184
vn 0.207137 0.589340 0.780879
vn 0.245147 0.616870 0.747913
vn 0.282753 0.646350 0.708719
vn 0.319761 0.677220 0.662666
vn 0.355830 0.708780 0.609110
vn 0.390447 0.740159 0.547463
vn 0.413539 0.744224 0.524515
vn -0.443569 0.693297 0.567966
vn -0.429864 0.660711 0.615368
vn -0.386746 0.625282 0.677827
vn -0.343090 0.590683 0.730331
vn -0.299478 0.557758 0.774092
vn -0.256214 0.527090 0.810266
vn -0.213400 0.499077 0.839870
vn -0.170985 0.474010 0.863758
vn -0.128809 0.452126 0.882604
vn -0.054083 0.435392 0.898615
vn 0.053412 0.435691 0.898510
vn 0.127152 0.452299 0.882756
vn 0.169298 0.474024 0.864083
vn 0.211673 0.498928 0.840396
vn 0.254443 0.526777 0.811027
vn 0.297663 0.557283 0.775134
vn 0.341240 0.590054 0.731704
vn 0.384882 0.624517 0.679591
vn 0.428022 0.659842 0.617581
vn 0.455178 0.664227 0.592972
vn -0.482528 0.604811 0.633538
vn -0.463082 0.568706 0.679800
vn -0.411267 0.531433 0.740566
vn -0.360300 0.496028 0.790025
vn -0.310662 0.463143 0.830053
vn -0.262484 0.433132 0.862264
vn -0.215670 0.406176 0.887979
vn -0.169982 0.382374 0.908238
vn -0.125090 0.361799 0.923826
vn -0.051343 0.346183 0.936761
vn 0.051142 0.346472 0.936665
vn 0.123710 0.362008 0.923929
vn 0.168567 0.382465 0.908463
vn 0.214207 0.406143 0.888348
vn 0.260963 0.432968 0.862808
vn 0.309076 0.462844 0.830811
vn 0.358650 0.495592 0.791049
vn 0.409562 0.530864 0.741919
vn 0.461346 0.568021 0.681551
vn 0.492582 0.571736 0.656110
vn -0.516334 0.504101 0.692302
vn -0.490898 0.465979 0.736127
vn -0.430787 0.429490 0.793700
vn -0.373205 0.395606 0.839174
vn -0.318370 0.364699 0.875006
vn -0.266126 0.336877 0.903156
vn -0.216123 0.312129 0.925131
vn -0.167905 0.290398 0.942060
vn -0.120965 0.271641 0.954766
vn -0.048611 0.257432 0.965073
vn 0.048830 0.257704 0.964989
vn 0.119865 0.271875 0.954838
vn 0.166770 0.290553 0.942214
vn 0.214941 0.312199 0.925382
vn 0.264884 0.336855 0.903530
vn 0.317055 0.364575 0.875535
vn 0.371812 0.395375 0.839902
vn 0.429314 0.429147 0.794684
vn 0.489357 0.465528 0.737437
vn 0.524380 0.467345 0.711768
vn -0.543580 0.392300 0.742039
vn -0.512279 0.354035 0.782451
vn -0.444853 0.321142 0.836046
vn -0.381719 0.291038 0.877262
vn -0.322705 0.263842 0.908982
vn -0.267319 0.239486 0.933374
vn -0.214932 0.217836 0.952025
vn -0.164879 0.198759 0.966080
vn -0.116493 0.182154 0.976345
vn -0.045885 0.169510 0.984460
vn 0.046486 0.169761 0.984388
vn 0.115672 0.182400 0.976397
vn 0.164029 0.198960 0.966183
vn 0.214041 0.217986 0.952192
vn 0.266374 0.239578 0.933621
vn 0.321694 0.263869 0.909333
vn 0.380631 0.290993 0.877749
vn 0.443681 0.321018 0.836717
vn 0.511024 0.353828 0.783365
vn 0.549181 0.352458 0.757742
vn -0.562954 0.271418 0.780650
vn -0.526359 0.235031 0.817133
vn -0.453158 0.208331 0.866744
vn -0.385833 0.183932 0.904047
vn -0.323795 0.161821 0.932186
vn -0.266218 0.141874 0.953415
vn -0.212230 0.123941 0.969328
vn -0.160990 0.107887 0.981042
vn -0.111701 0.093617 0.989322
vn -0.043153 0.082595 0.995648
vn 0.044106 0.082819 0.995588
vn 0.111156 0.093861 0.989361
vn 0.160424 0.108110 0.981110
vn 0.211635 0.124139 0.969433
vn 0.265583 0.142044 0.953566
vn 0.323110 0.161958 0.932400
vn 0.385088 0.184030 0.904345
vn 0.452343 0.208385 0.867157
vn 0.525469 0.235035 0.817705
vn 0.565751 0.229362 0.792035
vn -0.573443 0.144299 0.806437
vn -0.532557 0.111661 0.838996
vn -0.455568 0.093151 0.885314
vn -0.385619 0.075833 0.919537
vn -0.321775 0.059724 0.944931
vn -0.262957 0.044768 0.963768
vn -0.208116 0.030894 0.977616
vn -0.156287 0.018039 0.987547
vn -0.106592 0.006163 0.994284
vn -0.040396 -0.003258 0.999178
vn 0.041678 -0.003066 0.999126
vn 0.106319 0.006391 0.994312
vn 0.156004 0.018261 0.987588
vn 0.207817 0.031108 0.977673
vn 0.262637 0.044972 0.963846
vn 0.321428 0.059916 0.945036
vn 0.385239 0.076011 0.919681
vn 0.455148 0.093311 0.885513
vn 0.532092 0.111800 0.839273
vn 0.573212 0.101119 0.813144
vn -0.574501 0.014393 0.818377
vn -0.530668 -0.013065 0.847479
vn -0.452129 -0.022277 0.891674
vn -0.381206 -0.031815 0.923942
vn -0.316779 -0.041509 0.947591
vn -0.257638 -0.051253 0.964881
vn -0.202649 -0.060976 0.977351
vn -0.150790 -0.070624 0.986040
vn -0.101148 -0.080154 0.991637
vn -0.037593 -0.088054 0.995406
vn 0.039185 -0.087900 0.995358
vn 0.101143 -0.079957 0.991654
vn 0.150785 -0.070427 0.986055
vn 0.202645 -0.060780 0.977364
vn 0.257634 -0.051060 0.964893
vn 0.316773 -0.041319 0.947601
vn 0.381200 -0.031630 0.923951
vn 0.452121 -0.022098 0.891683
vn 0.530659 -0.012895 0.847488
vn 0.571200 -0.028705 0.820309
vn -0.566160 -0.114615 0.816288
vn -0.520892 -0.136107 0.842702
vn -0.443060 -0.135927 0.886127
vn -0.372778 -0.137696 0.917647
vn -0.308937 -0.141053 0.940565
vn -0.250340 -0.145701 0.957132
vn -0.195862 -0.151408 0.968872
vn -0.144494 -0.157990 0.976811
vn -0.095336 -0.165308 0.981623
vn -0.034718 -0.171811 0.984518
vn 0.036603 -0.171698 0.984469
vn 0.095595 -0.165153 0.981624
vn 0.144763 -0.157841 0.976796
vn 0.196146 -0.151264 0.968837
vn 0.250644 -0.145565 0.957073
vn 0.309266 -0.140924 0.940476
vn 0.373139 -0.137577 0.917518
vn 0.443459 -0.135821 0.885944
vn 0.521334 -0.136017 0.842443
vn 0.559931 -0.156453 0.813633
vn -0.549010 -0.239244 0.800843
vn -0.503793 -0.254689 0.825425
vn -0.428723 -0.245973 0.869307
vn -0.360553 -0.240633 0.901164
vn -0.298368 -0.238172 0.924257
vn -0.241112 -0.238140 0.940826
vn -0.187759 -0.240162 0.952401
vn -0.137374 -0.243943 0.960011
vn -0.089113 -0.249252 0.964330
vn -0.031744 -0.254517 0.966547
vn 0.033905 -0.254449 0.966492
vn 0.089630 -0.249152 0.964308
vn 0.137910 -0.243860 0.959955
vn 0.188323 -0.240100 0.952306
vn 0.241714 -0.238099 0.940682
vn 0.299018 -0.238157 0.924050
vn 0.361262 -0.240648 0.900876
vn 0.429504 -0.246022 0.868907
vn 0.504653 -0.254777 0.824872
vn 0.540154 -0.278806 0.794041
vn -0.524088 -0.356591 0.773417
vn -0.480211 -0.366517 0.796909
vn -0.409583 -0.350863 0.842103
vn -0.344774 -0.339595 0.875103
vn -0.285183 -0.332194 0.899065
vn -0.229985 -0.328141 0.916204
vn -0.178324 -0.326976 0.928056
vn -0.129387 -0.328324 0.935661
vn -0.082425 -0.331889 0.939711
vn -0.028640 -0.336100 0.941391
vn 0.031063 -0.336077 0.941322
vn 0.083195 -0.331851 0.939656
vn 0.130184 -0.328324 0.935551
vn 0.179159 -0.327018 0.927880
vn 0.230871 -0.328229 0.915950
vn 0.286134 -0.332335 0.898711
vn 0.345805 -0.339794 0.874620
vn 0.410706 -0.351128 0.841445
vn 0.481432 -0.366854 0.796016
vn 0.513006 -0.393105 0.763082
vn -0.492690 -0.464551 0.735832
vn -0.451136 -0.469907 0.758725
vn -0.386171 -0.449356 0.805575
vn -0.325702 -0.433685 0.840140
vn -0.269484 -0.422483 0.865382
vn -0.216975 -0.415255 0.883451
vn -0.167526 -0.411529 0.895868
vn -0.120482 -0.410897 0.903686
vn -0.075214 -0.413027 0.907608
vn -0.025379 -0.416385 0.908834
vn 0.028047 -0.416410 0.908744
vn 0.076231 -0.413058 0.907509
vn 0.121530 -0.410992 0.903502
vn 0.168619 -0.411694 0.895587
vn 0.218127 -0.415496 0.883054
vn 0.270711 -0.422807 0.864841
vn 0.327017 -0.434102 0.839414
vn 0.387586 -0.449873 0.804607
vn 0.452649 -0.470528 0.757438
vn 0.479820 -0.497525 0.722663
vn -0.467727 -0.531743 0.706032
vn -0.423539 -0.515623 0.744814
vn -0.362352 -0.494296 0.790172
vn -0.304998 -0.477865 0.823785
vn -0.251329 -0.465975 0.848352
vn -0.200909 -0.458174 0.865859
vn -0.153193 -0.454013 0.877727
vn -0.107609 -0.453096 0.884943
vn -0.063598 -0.455099 0.888167
vn -0.015639 -0.457391 0.889128
vn 0.033724 -0.455682 0.889504
vn 0.078751 -0.451944 0.888563
vn 0.123297 -0.450926 0.884004
vn 0.169609 -0.452948 0.875255
vn 0.218252 -0.458365 0.861549
vn 0.269796 -0.467595 0.841763
vn 0.324763 -0.481101 0.814292
vn 0.383512 -0.499323 0.776914
vn 0.446021 -0.522543 0.726646
vn 0.466689 -0.528337 0.709268
vt 0.216000 0.020000
vt 0.216000 0.031842
vt 0.216000 0.043684
vt 0.216000 0.055526
vt 0.216000 0.067368
vt 0.216000 0.079211
vt 0.216000 0.091053
vt 0.216000 0.102895
vt 0.216000 0.114737
vt 0.216000 0.126579
vt 0.216000 0.138421
vt 0.216000 0.150263
vt 0.216000 0.162105
vt 0.216000 0.173947
vt 0.216000 0.185789
vt 0.216000 0.197632
vt 0.216000 0.209474
vt 0.216000 0.221316
vt 0.216000 0.233158
vt 0.216000 0.245000
vt 0.225263 0.020000
vt 0.225263 0.031842
vt 0.225263 0.043684
vt 0.225263 0.055526
vt 0.225263 0.067368
vt 0.225263 0.079211
vt 0.225263 0.091053
vt 0.225263 0.102895
vt 0.225263 0.114737
vt 0.225263 0.126579
vt 0.225263 0.138421
vt 0.225263 0.150263
vt 0.225263 0.162105
vt 0.225263 0.173947
vt 0.225263 0.185789
vt 0.225263 0.197632
vt 0.225263 0.209474
vt 0.225263 0.221316
vt 0.225263 0.233158
vt 0.225263 0.245000
vt 0.234526 0.020000
vt 0.234526 0.031842
vt 0.234526 0.043684
vt 0.234526 0.055526
vt 0.234526 0.067368
vt 0.234526 0.079211
vt 0.234526 0.091053
vt 0.234526 0.102895
vt 0.234526 0.114737
vt 0.234526 0.126579
vt 0.234526 0.138421
vt 0.234526 0.150263
vt 0.234526 0.162105
vt 0.234526 0.173947
vt 0.234526 0.185789
vt 0.234526 0.197632
vt 0.234526 0.209474
vt 0.234526 0.221316
vt 0.234526 0.233158
vt 0.234526 0.245000
vt 0.243789 0.020000
vt 0.243789 0.031842
vt 0.243789 0.043684
vt 0.243789 0.055526
vt 0.243789 0.067368
vt 0.243789 0.079211
vt 0.243789 0.091053
vt 0.243789 0.102895
vt 0.243789 0.114737
vt 0.243789 0.126579
vt 0.243789 0.138421
vt 0.243789 0.150263
vt 0.243789 0.162105
vt 0.243789 0.173947
vt 0.243789 0.185789
vt 0.243789 0.197632
vt 0.243789 0.209474
vt 0.243789 0.221316
vt 0.243789 0.233158
vt 0.243789 0.245000
vt 0.253053 0.020000
vt 0.253053 0.031842
vt 0.253053 0.043684
vt 0.253053 0.055526
vt 0.253053 0.067368
vt 0.253053 0.079211
vt 0.253053 0.091053
vt 0.253053 0.102895
vt 0.253053 0.114737
vt 0.253053 0.126579
vt 0.253053 0.138421
vt 0.253053 0.150263
vt 0.253053 0.162105
vt 0.253053 0.173947
vt 0.253053 0.185789
vt 0.253053 0.197632
vt 0.253053 0.209474
vt 0.253053 0.221316
vt 0.253053 0.233158
vt 0.253053 0.245000
vt 0.262316 0.020000
vt 0.262316 0.031842
vt 0.262316 0.043684
vt 0.262316 0.055526
vt 0.262316 0.067368
vt 0.262316 0.079211
vt 0.262316 0.091053
vt 0.262316 0.102895
vt 0.262316 0.114737
vt 0.262316 0.126579
vt 0.262316 0.138421
vt 0.262316 0.150263
vt 0.262316 0.162105
vt 0.262316 0.173947
vt 0.262316 0.185789
vt 0.262316 0.197632
vt 0.262316 0.209474
vt 0.262316 0.221316
vt 0.262316 0.233158
vt 0.262316 0.245000
vt 0.271579 0.020000
vt 0.271579 0.031842
vt 0.271579 0.043684
vt 0.271579 0.055526
vt 0.271579 0.067368
vt 0.271579 0.079211
vt 0.271579 0.091053
vt 0.271579 0.102895
vt 0.271579 0.114737
vt 0.271579 0.126579
vt 0.271579 0.138421
vt 0.271579 0.150263
vt 0.271579 0.162105
vt 0.271579 0.173947
vt 0.271579 0.185789
vt 0.271579 0.197632
vt 0.271579 0.209474
vt 0.271579 0.221316
vt 0.271579 0.233158
vt 0.271579 0.245000
vt 0.280842 0.020000
vt 0.280842 0.031842
vt 0.280842 0.043684
vt 0.280842 0.055526
vt 0.280842 0.067368
vt 0.280842 0.079211
vt 0.280842 0.091053
vt 0.280842 0.102895
vt 0.280842 0.114737
vt 0.280842 0.126579
vt 0.280842 0.138421
vt 0.280842 0.150263
vt 0.280842 0.162105
vt 0.280842 0.173947
vt 0.280842 0.185789
vt 0.280842 0.197632
vt 0.280842 0.209474
vt 0.280842 0.221316
vt 0.280842 0.233158
vt 0.280842 0.245000
vt 0.290105 0.020000
vt 0.290105 0.031842
vt 0.290105 0.043684
vt 0.290105 0.055526
vt 0.290105 0.067368
vt 0.290105 0.079211
vt 0.290105 0.091053
vt 0.290105 0.102895
vt 0.290105 0.114737
vt 0.290105 0.126579
vt 0.290105 0.138421
vt 0.290105 0.150263
vt 0.290105 0.162105
vt 0.290105 0.173947
vt 0.290105 0.185789
vt 0.290105 0.197632
vt 0.290105 0.209474
vt 0.290105 0.221316
vt 0.290105 0.233158
vt 0.290105 0.245000
vt 0.299368 0.020000
vt 0.299368 0.031842
vt 0.299368 0.043684
vt 0.299368 0.055526
vt 0.299368 0.067368
vt 0.299368 0.079211
vt 0.299368 0.091053
vt 0.299368 0.102895
vt 0.299368 0.114737
vt 0.299368 0.126579
vt 0.299368 0.138421
vt 0.299368 0.150263
vt 0.299368 0.162105
vt 0.299368 0.173947
vt 0.299368 0.185789
vt 0.299368 0.197632
vt 0.299368 0.209474
vt 0.299368 0.221316
vt 0.299368 0.233158
vt 0.299368 0.245000
vt 0.308632 0.020000
vt 0.308632 0.031842
vt 0.308632 0.043684
vt 0.308632 0.055526
vt 0.308632 0.067368
vt 0.308632 0.079211
vt 0.308632 0.091053
vt 0.308632 0.102895
vt 0.308632 0.114737
vt 0.308632 0.126579
vt 0.308632 0.138421
vt 0.308632 0.150263
vt 0.308632 0.162105
vt 0.308632 0.173947
vt 0.308632 0.185789
vt 0.308632 0.197632
vt 0.308632 0.209474
vt 0.308632 0.221316
vt 0.308632 0.233158
vt 0.308632 0.245000
vt 0.317895 0.020000
vt 0.317895 0.031842
vt 0.317895 0.043684
vt 0.317895 0.055526
vt 0.317895 0.067368
vt 0.317895 0.079211
vt 0.317895 0.091053
vt 0.317895 0.102895
vt 0.317895 0.114737
vt 0.317895 0.126579
vt 0.317895 0.138421
vt 0.317895 0.150263
vt 0.317895 0.162105
vt 0.317895 0.173947
vt 0.317895 0.185789
vt 0.317895 0.197632
vt 0.317895 0.209474
vt 0.317895 0.221316
vt 0.317895 0.233158
vt 0.317895 0.245000
vt 0.327158 0.020000
vt 0.327158 0.031842
vt 0.327158 0.043684
vt 0.327158 0.055526
vt 0.327158 0.067368
vt 0.327158 0.079211
vt 0.327158 0.091053
vt 0.327158 0.102895
vt 0.327158 0.114737
vt 0.327158 0.126579
vt 0.327158 0.138421
vt 0.327158 0.150263
vt 0.327158 0.162105
vt 0.327158 0.173947
vt 0.327158 0.185789
vt 0.327158 0.197632
vt 0.327158 0.209474
vt 0.327158 0.221316
vt 0.327158 0.233158
vt 0.327158 0.245000
vt 0.336421 0.020000
vt 0.336421 0.031842
vt 0.336421 0.043684
vt 0.336421 0.055526
vt 0.336421 0.067368
vt 0.336421 0.079211
vt 0.336421 0.091053
vt 0.336421 0.102895
vt 0.336421 0.114737
vt 0.336421 0.126579
vt 0.336421 0.138421
vt 0.336421 0.150263
vt 0.336421 0.162105
vt 0.336421 0.173947
vt 0.336421 0.185789
vt 0.336421 0.197632
vt 0.336421 0.209474
vt 0.336421 0.221316
vt 0.336421 0.233158
vt 0.336421 0.245000
vt 0.345684 0.020000
vt 0.345684 0.031842
vt 0.345684 0.043684
vt 0.345684 0.055526
vt 0.345684 0.067368
vt 0.345684 0.079211
vt 0.345684 0.091053
vt 0.345684 0.102895
vt 0.345684 0.114737
vt 0.345684 0.126579
vt 0.345684 0.138421
vt 0.345684 0.150263
vt 0.345684 0.162105
vt 0.345684 0.173947
vt 0.345684 0.185789
vt 0.345684 0.197632
vt 0.345684 0.209474
vt 0.345684 0.221316
vt 0.345684 0.233158
vt 0.345684 0.245000
vt 0.354947 0.020000
vt 0.354947 0.031842
vt 0.354947 0.043684
vt 0.354947 0.055526
vt 0.354947 0.067368
vt 0.354947 0.079211
vt 0.354947 0.091053
vt 0.354947 0.102895
vt 0.354947 0.114737
vt 0.354947 0.126579
vt 0.354947 0.138421
vt 0.354947 0.150263
vt 0.354947 0.162105
vt 0.354947 0.173947
vt 0.354947 0.185789
vt 0.354947 0.197632
vt 0.354947 0.209474
vt 0.354947 0.221316
vt 0.354947 0.233158
vt 0.354947 0.245000
vt 0.364211 0.020000
vt 0.364211 0.031842
vt 0.364211 0.043684
vt 0.364211 0.055526
vt 0.364211 0.067368
vt 0.364211 0.079211
vt 0.364211 0.091053
vt 0.364211 0.102895
vt 0.364211 0.114737
vt 0.364211 0.126579
vt 0.364211 0.138421
vt 0.364211 0.150263
vt 0.364211 0.162105
vt 0.364211 0.173947
vt 0.364211 0.185789
vt 0.364211 0.197632
vt 0.364211 0.209474
vt 0.364211 0.221316
vt 0.364211 0.233158
vt 0.364211 0.245000
vt 0.373474 0.020000
vt 0.373474 0.031842
vt 0.373474 0.043684
vt 0.373474 0.055526
vt 0.373474 0.067368
vt 0.373474 0.079211
vt 0.373474 0.091053
vt 0.373474 0.102895
vt 0.373474 0.114737
vt 0.373474 0.126579
vt 0.373474 0.138421
vt 0.373474 0.150263
vt 0.373474 0.162105
vt 0.373474 0.173947
vt 0.373474 0.185789
vt 0.373474 0.197632
vt 0.373474 0.209474
vt 0.373474 0.221316
vt 0.373474 0.233158
vt 0.373474 0.245000
vt 0.382737 0.020000
vt 0.382737 0.031842
vt 0.382737 0.043684
vt 0.382737 0.055526
vt 0.382737 0.067368
vt 0.382737 0.079211
vt 0.382737 0.091053
vt 0.382737 0.102895
vt 0.382737 0.114737
vt 0.382737 0.126579
vt 0.382737 0.138421
vt 0.382737 0.150263
vt 0.382737 0.162105
vt 0.382737 0.173947
vt 0.382737 0.185789
vt 0.382737 0.197632
vt 0.382737 0.209474
vt 0.382737 0.221316
vt 0.382737 0.233158
vt 0.382737 0.245000
vt 0.392000 0.020000
vt 0.392000 0.031842
vt 0.392000 0.043684
vt 0.392000 0.055526
vt 0.392000 0.067368
vt 0.392000 0.079211
vt 0.392000 0.091053
vt 0.392000 0.102895
vt 0.392000 0.114737
vt 0.392000 0.126579
vt 0.392000 0.138421
vt 0.392000 0.150263
vt 0.392000 0.162105
vt 0.392000 0.173947
vt 0.392000 0.185789
vt 0.392000 0.197632
vt 0.392000 0.209474
vt 0.392000 0.221316
vt 0.392000 0.233158
vt 0.392000 0.245000
f 401/401/401 421/421/421 402/402/402
f 402/402/402 421/421/421 422/422/422
f 402/402/402 422/422/422 403/403/403
f 403/403/403 422/422/422 423/423/423
f 403/403/403 423/423/423 404/404/404
f 404/404/404 423/423/423 424/424/424
f 404/404/404 424/424/424 405/405/405
f 405/405/405 424/424/424 425/425/425
f 405/405/405 425/425/425 406/406/406
f 406/406/406 425/425/425 426/426/426
f 406/406/406 426/426/426 407/407/407
f 407/407/407 426/426/426 427/427/427
f 407/407/407 427/427/427 408/408/408
f 408/408/408 427/427/427 428/428/428
f 408/408/408 428/428/428 409/409/409
f 409/409/409 428/428/428 429/429/429
f 409/409/409 429/429/429 410/410/410
f 410/410/410 429/429/429 430/430/430
f 410/410/410 430/430/430 411/411/411
f 411/411/411 430/430/430 431/431/431
f 411/411/411 431/431/431 412/412/412
f 412/412/412 431/431/431 432/432/432
f 412/412/412 432/432/432 413/413/413
f 413/413/413 432/432/432 433/433/433
f 413/413/413 433/433/433 414/414/414
f 414/414/414 433/433/433 434/434/434
f 414/414/414 434/434/434 415/415/415
f 415/415/415 434/434/434 435/435/435
f 415/415/415 435/435/435 416/416/416
f 416/416/416 435/435/435 436/436/436
f 416/416/416 436/436/436 417/417/417
f 417/417/417 436/436/436 437/437/437
f 417/417/417 437/437/437 418/418/418
f 418/418/418 437/437/437 438/438/438
f 418/418/418 438/438/438 419/419/419
f 419/419/419 438/438/438 439/439/439
f 419/419/419 439/439/439 420/420/420
f 420/420/420 439/439/439 440/440/440
f 421/421/421 441/441/441 422/422/422
f 422/422/422 441/441/441 442/442/442
f 422/422/422 442/442/442 423/423/423
f 423/423/423 442/442/442 443/443/443
f 423/423/423 443/443/443 424/424/424
f 424/424/424 443/443/443 444/444/444
f 424/424/424 444/444/444 425/425/425
f 425/425/425 444/444/444 445/445/445
f 425/425/425 445/445/445 426/426/426
f 426/426/426 445/445/445 446/446/446
f 426/426/426 446/446/446 427/427/427
f 427/427/427 446/446/446 447/447/447
f 427/427/427 447/447/447 428/428/428
f 428/428/428 447/447/447 448/448/448
f 428/428/428 448/448/448 429/429/429
f 429/429/429 448/448/448 449/449/449
f 429/429/429 449/449/449 430/430/430
f 430/430/430 449/449/449 450/450/450
f 430/430/430 450/450/450 431/431/431
f 431/431/431 450/450/450 451/451/451
f 431/431/431 451/451/451 432/432/432
f 432/432/432 451/451/451 452/452/452
f 432/432/432 452/452/452 433/433/433
f 433/433/433 452/452/452 453/453/453
f 433/433/433 453/453/453 434/434/434
f 434/434/434 453/453/453 454/454/454
f 434/434/434 454/454/454 435/435/435
f 435/435/435 454/454/454 455/455/455
f 435/435/435 455/455/455 436/436/436
f 436/436/436 455/455/455 456/456/456
f 436/436/436 456/456/456 437/437/437
f 437/437/437 456/456/456 457/457/457
f 437/437/437 457/457/457 438/438/438
f 438/438/438 457/457/457 458/458/458
f 438/438/438 458/458/458 439/439/439
f 439/439/439 458/458/458 459/459/459
f 439/439/439 459/459/459 440/440/440
f 440/440/440 459/459/459 460/460/460
f 441/441/441 461/461/461 442/442/442
f 442/442/442 461/461/461 462/462/462
f 442/442/442 462/462/462 443/443/443
f 443/443/443 462/462/462 463/463/463
f 443/443/443 463/463/463 444/444/444
f 444/444/444 463/463/463 464/464/464
f 444/444/444 464/464/464 445/445/445
f 445/445/445 464/464/464 465/465/465
f 445/445/445 465/465/465 446/446/446
f 446/446/446 465/465/465 466/466/466
f 446/446/446 466/466/466 447/447/447
f 447/447/447 466/466/466 467/467/467
f 447/447/447 467/467/467 448/448/448
f 448/448/448 467/467/467 468/468/468
f 448/448/448 468/468/468 449/449/449
f 449/449/449 468/468/468 469/469/469
f 449/449/449 469/469/469 450/450/450
f 450/450/450 469/469/469 470/470/470
f 450/450/450 470/470/470 451/451/451
f 451/451/451 470/470/470 471/471/471
f 451/451/451 471/471/471 452/452/452
f 452/452/452 471/471/471 472/472/472
f 452/452/452 472/472/472 453/453/453
f 453/453/453 472/472/472 473/473/473
f 453/453/453 473/473/473 454/454/454
f 454/454/454 473/473/473 474/474/474
f 454/454/454 474/474/474 455/455/455
f 455/455/455 474/474/474 475/475/475
f 455/455/455 475/475/475 456/456/456
f 456/456/456 475/475/475 476/476/476
f 456/456/456 476/476/476 457/457/457
f 457/457/457 476/476/476 477/477/477
f 457/457/457 477/477/477 458/458/458
f 458/458/458 477/477/477 478/478/478
f 458/458/458 478/478/478 459/459/459
f 459/459/459 478/478/478 479/479/479
f 459/459/459 479/479/479 460/460/460
f 460/460/460 479/479/479 480/480/480
f 461/461/461 481/481/481 462/462/462
f 462/462/462 481/481/481 482/482/482
f 462/462/462 482/482/482 463/463/463
f 463/463/463 482/482/482 483/483/483
f 463/463/463 483/483/483 464/464/464
f 464/464/464 483/483/483 484/484/484
f 464/464/464 484/484/484 465/465/465
f 465/465/465 484/484/484 485/485/485
f 465/465/465 485/485/485 466/466/466
f 466/466/466 485/485/485 486/486/486
f 466/466/466 486/486/486 467/467/467
f 467/467/467 486/486/486 487/487/487
f 467/467/467 487/487/487 468/468/468
f 468/468/468 487/487/487 488/488/488
f 468/468/468 488/488/488 469/469/469
f 469/469/469 488/488/488 489/489/489
f 469/469/469 489/489/489 470/470/470
f 470/470/470 489/489/489 490/490/490
f 470/470/470 490/490/490 471/471/471
f 471/471/471 490/490/490 491/491/491
f 471/471/471 491/491/491 472/472/472
f 472/472/472 491/491/491 492/492/492
f 472/472/472 492/492/492 473/473/473
f 473/473/473 492/492/492 493/493/493
f 473/473/473 493/493/493 474/474/474
f 474/474/474 493/493/493 494/494/494
f 474/474/474 494/494/494 475/475/475
f 475/475/475 494/494/494 495/495/495
f 475/475/475 495/495/495 476/476/476
f 476/476/476 495/495/495 496/496/496
f 476/476/476 496/496/496 477/477/477
f 477/477/477 496/496/496 497/497/497
f 477/477/477 497/497/497 478/478/478
f 478/478/478 497/497/497 498/498/498
f 478/478/478 498/498/498 479/479/479
f 479/479/479 498/498/498 499/499/499
f 479/479/479 499/499/499 480/480/480
f 480/480/480 499/499/499 500/500/500
f 481/481/481 501/501/501 482/482/482
f 482/482/482 501/501/501 502/502/502
f 482/482/482 502/502/502 483/483/483
f 483/483/483 502/502/502 503/503/503
f 483/483/483 503/503/503 484/484/484
f 484/484/484 503/503/503 504/504/504
f 484/484/484 504/504/504 485/485/485
f 485/485/485 504/504/504 505/505/505
f 485/485/485 505/505/505 486/486/486
f 486/486/486 505/505/505 506/506/506
f 486/486/486 506/506/506 487/487/487
f 487/487/487 506/506/506 507/507/507
f 487/487/487 507/507/507 488/488/488
f 488/488/488 507/507/507 508/508/508
f 488/488/488 508/508/508 489/489/489
f 489/489/489 508/508/508 509/509/509
f 489/489/489 509/509/509 490/490/490
f 490/490/490 509/509/509 510/510/510
f 490/490/490 510/510/510 491/491/491
f 491/491/491 510/510/510 511/511/511
f 491/491/491 511/511/511 492/492/492
f 492/492/492 511/511/511 512/512/512
f 492/492/492 512/512/512 493/493/493
f 493/493/493 512/512/512 513/513/513
f 493/493/493 513/513/513 494/494/494
f 494/494/494 513/513/513 514/514/514
f 494/494/494 514/514/514 495/495/495
f 495/495/495 514/514/514 515/515/515
f 495/495/495 515/515/515 496/496/496
f 496/496/496 515/515/515 516/516/516
f 496/496/496 516/516/516 497/497/497
f 497/497/497 516/516/516 517/517/517
f 497/497/497 517/517/517 498/498/498
f 498/498/498 517/517/517 518/518/518
f 498/498/498 518/518/518 499/499/499
f 499/499/499 518/518/518 519/519/519
f 499/499/499 519/519/519 500/500/500
f 500/500/500 519/519/519 520/520/520
f 501/501/501 521/521/521 502/502/502
f 502/502/502 521/521/521 522/522/522
f 502/502/502 522/522/522 503/503/503
f 503/503/503 522/522/522 523/523/523
f 503/503/503 523/523/523 504/504/504
f 504/504/504 523/523/523 524/524/524
f 504/504/504 524/524/524 505/505/505
f 505/505/505 524/524/524 525/525/525
f 505/505/505 525/525/525 506/506/506
f 506/506/506 525/525/525 526/526/526
f 506/506/506 526/526/526 507/507/507
f 507/507/507 526/526/526 527/527/527
f 507/507/507 527/527/527 508/508/508
f 508/508/508 527/527/527 528/528/528
f 508/508/508 528/528/528 509/509/509
f 509/509/509 528/528/528 529/529/529
f 509/509/509 529/529/529 510/510/510
f 510/510/510 529/529/529 530/530/530
f 510/510/510 530/530/530 511/511/511
f 511/511/511 530/530/530 531/531/531
f 511/511/511 531/531/531 512/512/512
f 512/512/512 531/531/531 532/532/532
f 512/512/512 532/532/532 513/513/513
f 513/513/513 532/532/532 533/533/533
f 513/513/513 533/533/533 514/514/514
f 514/514/514 533/533/533 534/534/534
f 514/514/514 534/534/534 515/515/515
f 515/515/515 534/534/534 535/535/535
f 515/515/515 535/535/535 516/516/516
f 516/516/516 535/535/535 536/536/536
f 516/516/516 536/536/536 517/517/517
f 517/517/517 536/536/536 537/537/537
f 517/517/517 537/537/537 518/518/518
f 518/518/518 537/537/537 538/538/538
f 518/518/518 538/538/538 519/519/519
f 519/519/519 538/538/538 539/539/539
f 519/519/519 539/539/539 520/520/520
f 520/520/520 539/539/539 540/540/540
f 521/521/521 541/541/541 522/522/522
f 522/522/522 541/541/541 542/542/542
f 522/522/522 542/542/542 523/523/523
f 523/523/523 542/542/542 543/543/543
f 523/523/523 543/543/543 524/524/524
f 524/524/524 543/543/543 544/544/544
f 524/524/524 544/544/544 525/525/525
f 525/525/525 544/544/544 545/545/545
f 525/525/525 545/545/545 526/526/526
f 526/526/526 545/545/545 546/546/546
f 526/526/526 546/546/546 527/527/527
f 527/527/527 546/546/546 547/547/547
f 527/527/527 547/547/547 528/528/528
f 528/528/528 547/547/547 548/548/548
f 528/528/528 548/548/548 529/529/529
f 529/529/529 548/548/548 549/549/549
f 529/529/529 549/549/549 530/530/530
f 530/530/530 549/549/549 550/550/550
f 530/530/530 550/550/550 531/531/531
f 531/531/531 550/550/550 551/551/551
f 531/531/531 551/551/551 532/532/532
f 532/532/532 551/551/551 552/552/552
f 532/532/532 552/552/552 533/533/533
f 533/533/533 552/552/552 553/553/553
f 533/533/533 553/553/553 534/534/534
f 534/534/534 553/553/553 554/554/554
f 534/534/534 554/554/554 535/535/535
f 535/535/535 554/554/554 555/555/555
f 535/535/535 555/555/555 536/536/536
f 536/536/536 555/555/555 556/556/556
f 536/536/536 556/556/556 537/537/537
f 537/537/537 556/556/556 557/557/557
f 537/537/537 557/557/557 538/538/538
f 538/538/538 557/557/557 558/558/558
f 538/538/538 558/558/558 539/539/539
f 539/539/539 558/558/558 559/559/559
f 539/539/539 559/559/559 540/540/540
f 540/540/540 559/559/559 560/560/560
f 541/541/541 561/561/561 542/542/542
f 542/542/542 561/561/561 562/562/562
f 542/542/542 562/562/562 543/543/543
f 543/543/543 562/562/562 563/563/563
f 543/543/543 563/563/563 544/544/544
f 544/544/544 563/563/563 564/564/564
f 544/544/544 564/564/564 545/545/545
f 545/545/545 564/564/564 565/565/565
f 545/545/545 565/565/565 546/546/546
f 546/546/546 565/565/565 566/566/566
f 546/546/546 566/566/566 547/547/547
f 547/547/547 566/566/566 567/567/567
f 547/547/547 567/567/567 548/548/548
f 548/548/548 567/567/567 568/568/568
f 548/548/548 568/568/568 549/549/549
f 549/549/549 568/568/568 569/569/569
f 549/549/549 569/569/569 550/550/550
f 550/550/550 569/569/569 570/570/570
f 550/550/550 570/570/570 551/551/551
f 551/551/551 570/570/570 571/571/571
f 551/551/551 571/571/571 552/552/552
f 552/552/552 571/571/571 572/572/572
f 552/552/552 572/572/572 553/553/553
f 553/553/553 572/572/572 573/573/573
f 553/553/553 573/573/573 554/554/554
f 554/554/554 573/573/573 574/574/574
f 554/554/554 574/574/574 555/555/555
f 555/555/555 574/574/574 575/575/575
f 555/555/555 575/575/575 556/556/556
f 556/556/556 575/575/575 576/576/576
f 556/556/556 576/576/576 557/557/557
f 557/557/557 576/576/576 577/577/577
f 557/557/557 577/577/577 558/558/558
f 558/558/558 577/577/577 578/578/578
f 558/558/558 578/578/578 559/559/559
f 559/559/559 578/578/578 579/579/579
f 559/559/559 579/579/579 560/560/560
f 560/560/560 579/579/579 580/580/580
f 561/561/561 581/581/581 562/562/562
f 562/562/562 581/581/581 582/582/582
f 562/562/562 582/582/582 563/563/563
f 563/563/563 582/582/582 583/583/583
f 563/563/563 583/583/583 564/564/564
f 564/564/564 583/583/583 584/584/584
f 564/564/564 584/584/584 565/565/565
f 565/565/565 584/584/584 585/585/585
f 565/565/565 585/585/585 566/566/566
f 566/566/566 585/585/585 586/586/586
f 566/566/566 586/586/586 567/567/567
f 567/567/567 586/586/586 587/587/587
f 567/567/567 587/587/587 568/568/568
f 568/568/568 587/587/587 588/588/588
f 568/568/568 588/588/588 569/569/569
f 569/569/569 588/588/588 589/589/589
f 569/569/569 589/589/589 570/570/570
f 570/570/570 589/589/589 590/590/590
f 570/570/570 590/590/590 571/571/571
f 571/571/571 590/590/590 591/591/591
f 571/571/571 591/591/591 572/572/572
f 572/572/572 591/591/591 592/592/592
f 572/572/572 592/592/592 573/573/573
f 573/573/573 592/592/592 593/593/593
f 573/573/573 593/593/593 574/574/574
f 574/574/574 593/593/593 594/594/594
f 574/574/574 594/594/594 575/575/575
f 575/575/575 594/594/594 595/595/595
f 575/575/575 595/595/595 576/576/576
f 576/576/576 595/595/595 596/596/596
f 576/576/576 596/596/596 577/577/577
f 577/577/577 596/596/596 597/597/597
f 577/577/577 597/597/597 578/578/578
f 578/578/578 597/597/597 598/598/598
f 578/578/578 598/598/598 579/579/579
f 579/579/579 598/598/598 599/599/599
f 579/579/579 599/599/599 580/580/580
f 580/580/580 599/599/599 600/600/600
f 581/581/581 601/601/601 582/582/582
f 582/582/582 601/601/601 602/602/602
f 582/582/582 602/602/602 583/583/583
f 583/583/583 602/602/602 603/603/603
f 583/583/583 603/603/603 584/584/584
f 584/584/584 603/603/603 604/604/604
f 584/584/584 604/604/604 585/585/585
f 585/585/585 604/604/604 605/605/605
f 585/585/585 605/605/605 586/586/586
f 586/586/586 605/605/605 606/606/606
f 586/586/586 606/606/606 587/587/587
f 587/587/587 606/606/606 607/607/607
f 587/587/587 607/607/607 588/588/588
f 588/588/588 607/607/607 608/608/608
f 588/588/588 608/608/608 589/589/589
f 589/589/589 608/608/608 609/609/609
f 589/589/589 609/609/609 590/590/590
f 590/590/590 609/609/609 610/610/610
f 590/590/590 610/610/610 591/591/591
f 591/591/591 610/610/610 611/611/611
f 591/591/591 611/611/611 592/592/592
f 592/592/592 611/611/611 612/612/612
f 592/592/592 612/612/612 593/593/593
f 593/593/593 612/612/612 613/613/613
f 593/593/593 613/613/613 594/594/594
f 594/594/594 613/613/613 614/614/614
f 594/594/594 614/614/614 595/595/595
f 595/595/595 614/614/614 615/615/615
f 595/595/595 615/615/615 596/596/596
f 596/596/596 615/615/615 616/616/616
f 596/596/596 616/616/616 597/597/597
f 597/597/597 616/616/616 617/617/617
f 597/597/597 617/617/617 598/598/598
f 598/598/598 617/617/617 618/618/618
f 598/598/598 618/618/618 599/599/599
f 599/599/599 618/618/618 619/619/619
f 599/599/599 619/619/619 600/600/600
f 600/600/600 619/619/619 620/620/620
f 601/601/601 621/621/621 602/602/602
f 602/602/602 621/621/621 622/622/622
f 602/602/602 622/622/622 603/603/603
f 603/603/603 622/622/622 623/623/623
f 603/603/603 623/623/623 604/604/604
f 604/604/604 623/623/623 624/624/624
f 604/604/604 624/624/624 605/605/605
f 605/605/605 624/624/624 625/625/625
f 605/605/605 625/625/625 606/606/606
f 606/606/606 625/625/625 626/626/626
f 606/606/606 626/626/626 607/607/607
f 607/607/607 626/626/626 627/627/627
f 607/607/607 627/627/627 608/608/608
f 608/608/608 627/627/627 628/628/628
f 608/608/608 628/628/628 609/609/609
f 609/609/609 628/628/628 629/629/629
f 609/609/609 629/629/629 610/610/610
f 610/610/610 629/629/629 630/630/630
f 610/610/610 630/630/630 611/611/611
f 611/611/611 630/630/630 631/631/631
f 611/611/611 631/631/631 612/612/612
f 612/612/612 631/631/631 632/632/632
f 612/612/612 632/632/632 613/613/613
f 613/613/613 632/632/632 633/633/633
f 613/613/613 633/633/633 614/614/614
f 614/614/614 633/633/633 634/634/634
f 614/614/614 634/634/634 615/615/615
f 615/615/615 634/634/634 635/635/635
f 615/615/615 635/635/635 616/616/616
f 616/616/616 635/635/635 636/636/636
f 616/616/616 636/636/636 617/617/617
f 617/617/617 636/636/636 637/637/637
f 617/617/617 637/637/637 618/618/618
f 618/618/618 637/637/637 638/638/638
f 618/618/618 638/638/638 619/619/619
f 619/619/619 638/638/638 639/639/639
f 619/619/619 639/639/639 620/620/620
f 620/620/620 639/639/639 640/640/640
f 621/621/621 641/641/641 622/622/622
f 622/622/622 641/641/641 642/642/642
f 622/622/622 642/642/642 623/623/623
f 623/623/623 642/642/642 643/643/643
f 623/623/623 643/643/643 624/624/624
f 624/624/624 643/643/643 644/644/644
f 624/624/624 644/644/644 625/625/625
f 625/625/625 644/644/644 645/645/645
f 625/625/625 645/645/645 626/626/626
f 626/626/626 645/645/645 646/646/646
f 626/626/626 646/646/646 627/627/627
f 627/627/627 646/646/646 647/647/647
f 627/627/627 647/647/647 628/628/628
f 628/628/628 647/647/647 648/648/648
f 628/628/628 648/648/648 629/629/629
f 629/629/629 648/648/648 649/649/649
f 629/629/629 649/649/649 630/630/630
f 630/630/630 649/649/649 650/650/650
f 630/630/630 650/650/650 631/631/631
f 631/631/631 650/650/650 651/651/651
f 631/631/631 651/651/651 632/632/632
f 632/632/632 651/651/651 652/652/652
f 632/632/632 652/652/652 633/633/633
f 633/633/633 652/652/652 653/653/653
f 633/633/633 653/653/653 634/634/634
f 634/634/634 653/653/653 654/654/654
f 634/634/634 654/654/654 635/635/635
f 635/635/635 654/654/654 655/655/655
f 635/635/635 655/655/655 636/636/636
f 636/636/636 655/655/655 656/656/656
f 636/636/636 656/656/656 637/637/637
f 637/637/637 656/656/656 657/657/657
f 637/637/637 657/657/657 638/638/638
f 638/638/638 657/657/657 658/658/658
f 638/638/638 658/658/658 639/639/639
f 639/639/639 658/658/658 659/659/659
f 639/639/639 659/659/659 640/640/640
f 640/640/640 659/659/659 660/660/660
f 641/641/641 661/661/661 642/642/642
f 642/642/642 661/661/661 662/662/662
f 642/642/642 662/662/662 643/643/643
f 643/643/643 662/662/662 663/663/663
f 643/643/643 663/663/663 644/644/644
f 644/644/644 663/663/663 664/664/664
f 644/644/644 664/664/664 645/645/645
f 645/645/645 664/664/664 665/665/665
f 645/645/645 665/665/665 646/646/646
f 646/646/646 665/665/665 666/666/666
f 646/646/646 666/666/666 647/647/647
f 647/647/647 666/666/666 667/667/667
f 647/647/647 667/667/667 648/648/648
f 648/648/648 667/667/667 668/668/668
f 648/648/648 668/668/668 649/649/649
f 649/649/649 668/668/668 669/669/669
f 649/649/649 669/669/669 650/650/650
f 650/650/650 669/669/669 670/670/670
f 650/650/650 670/670/670 651/651/651
f 651/651/651 670/670/670 671/671/671
f 651/651/651 671/671/671 652/652/652
f 652/652/652 671/671/671 672/672/672
f 652/652/652 672/672/672 653/653/653
f 653/653/653 672/672/672 673/673/673
f 653/653/653 673/673/673 654/654/654
f 654/654/654 673/673/673 674/674/674
f 654/654/654 674/674/674 655/655/655
f 655/655/655 674/674/674 675/675/675
f 655/655/655 675/675/675 656/656/656
f 656/656/656 675/675/675 676/676/676
f 656/656/656 676/676/676 657/657/657
f 657/657/657 676/676/676 677/677/677
f 657/657/657 677/677/677 658/658/658
f 658/658/658 677/677/677 678/678/678
f 658/658/658 678/678/678 659/659/659
f 659/659/659 678/678/678 679/679/679
f 659/659/659 679/679/679 660/660/660
f 660/660/660 679/679/679 680/680/680
f 661/661/661 681/681/681 662/662/662
f 662/662/662 681/681/681 682/682/682
f 662/662/662 682/682/682 663/663/663
f 663/663/663 682/682/682 683/683/683
f 663/663/663 683/683/683 664/664/664
f 664/664/664 683/683/683 684/684/684
f 664/664/664 684/684/684 665/665/665
f 665/665/665 684/684/684 685/685/685
f 665/665/665 685/685/685 666/666/666
f 666/666/666 685/685/685 686/686/686
f 666/666/666 686/686/686 667/667/667
f 667/667/667 686/686/686 687/687/687
f 667/667/667 687/687/687 668/668/668
f 668/668/668 687/687/687 688/688/688
f 668/668/668 688/688/688 669/669/669
f 669/669/669 688/688/688 689/689/689
f 669/669/669 689/689/689 670/670/670
f 670/670/670 689/689/689 690/690/690
f 670/670/670 690/690/690 671/671/671
f 671/671/671 690/690/690 691/691/691
f 671/671/671 691/691/691 672/672/672
f 672/672/672 691/691/691 692/692/692
f 672/672/672 692/692/692 673/673/673
f 673/673/673 692/692/692 693/693/693
f 673/673/673 693/693/693 674/674/674
f 674/674/674 693/693/693 694/694/694
f 674/674/674 694/694/694 675/675/675
f 675/675/675 694/694/694 695/695/695
f 675/675/675 695/695/695 676/676/676
f 676/676/676 695/695/695 696/696/696
f 676/676/676 696/696/696 677/677/677
f 677/677/677 696/696/696 697/697/697
f 677/677/677 697/697/697 678/678/678
f 678/678/678 697/697/697 698/698/698
f 678/678/678 698/698/698 679/679/679
f 679/679/679 698/698/698 699/699/699
f 679/679/679 699/699/699 680/680/680
f 680/680/680 699/699/699 700/700/700
f 681/681/681 701/701/701 682/682/682
f 682/682/682 701/701/701 702/702/702
f 682/682/682 702/702/702 683/683/683
f 683/683/683 702/702/702 703/703/703
f 683/683/683 703/703/703 684/684/684
f 684/684/684 703/703/703 704/704/704
f 684/684/684 704/704/704 685/685/685
f 685/685/685 704/704/704 705/705/705
f 685/685/685 705/705/705 686/686/686
f 686/686/686 705/705/705 706/706/706
f 686/686/686 706/706/706 687/687/687
f 687/687/687 706/706/706 707/707/707
f 687/687/687 707/707/707 688/688/688
f 688/688/688 707/707/707 708/708/708
f 688/688/688 708/708/708 689/689/689
f 689/689/689 708/708/708 709/709/709
f 689/689/689 709/709/709 690/690/690
f 690/690/690 709/709/709 710/710/710
f 690/690/690 710/710/710 691/691/691
f 691/691/691 710/710/710 711/711/711
f 691/691/691 711/711/711 692/692/692
f 692/692/692 711/711/711 712/712/712
f 692/692/692 712/712/712 693/693/693
f 693/693/693 712/712/712 713/713/713
f 693/693/693 713/713/713 694/694/694
f 694/694/694 713/713/713 714/714/714
f 694/694/694 714/714/714 695/695/695
f 695/695/695 714/714/714 715/715/715
f 695/695/695 715/715/715 696/696/696
f 696/696/696 715/715/715 716/716/716
f 696/696/696 716/716/716 697/697/697
f 697/697/697 716/716/716 717/717/717
f 697/697/697 717/717/717 698/698/698
f 698/698/698 717/717/717 718/718/718
f 698/698/698 718/718/718 699/699/699
f 699/699/699 718/718/718 719/719/719
f 699/699/699 719/719/719 700/700/700
f 700/700/700 719/719/719 720/720/720
f 701/701/701 721/721/721 702/702/702
f 702/702/702 721/721/721 722/722/722
f 702/702/702 722/722/722 703/703/703
f 703/703/703 722/722/722 723/723/723
f 703/703/703 723/723/723 704/704/704
f 704/704/704 723/723/723 724/724/724
f 704/704/704 724/724/724 705/705/705
f 705/705/705 724/724/724 725/725/725
f 705/705/705 725/725/725 706/706/706
f 706/706/706 725/725/725 726/726/726
f 706/706/706 726/726/726 707/707/707
f 707/707/707 726/726/726 727/727/727
f 707/707/707 727/727/727 708/708/708
f 708/708/708 727/727/727 728/728/728
f 708/708/708 728/728/728 709/709/709
f 709/709/709 728/728/728 729/729/729
f 709/709/709 729/729/729 710/710/710
f 710/710/710 729/729/729 730/730/730
f 710/710/710 730/730/730 711/711/711
f 711/711/711 730/730/730 731/731/731
f 711/711/711 731/731/731 712/712/712
f 712/712/712 731/731/731 732/732/732
f 712/712/712 732/732/732 713/713/713
f 713/713/713 732/732/732 733/733/733
f 713/713/713 733/733/733 714/714/714
f 714/714/714 733/733/733 734/734/734
f 714/714/714 734/734/734 715/715/715
f 715/715/715 734/734/734 735/735/735
f 715/715/715 735/735/735 716/716/716
f 716/716/716 735/735/735 736/736/736
f 716/716/716 736/736/736 717/717/717
f 717/717/717 736/736/736 737/737/737
f 717/717/717 737/737/737 718/718/718
f 718/718/718 737/737/737 738/738/738
f 718/718/718 738/738/738 719/719/719
f 719/719/719 738/738/738 739/739/739
f 719/719/719 739/739/739 720/720/720
f 720/720/720 739/739/739 740/740/740
f 721/721/721 741/741/741 722/722/722
f 722/722/722 741/741/741 742/742/742
f 722/722/722 742/742/742 723/723/723
f 723/723/723 742/742/742 743/743/743
f 723/723/723 743/743/743 724/724/724
f 724/724/724 743/743/743 744/744/744
f 724/724/724 744/744/744 725/725/725
f 725/725/725 744/744/744 745/745/745
f 725/725/725 745/745/745 726/726/726
f 726/726/726 745/745/745 746/746/746
f 726/726/726 746/746/746 727/727/727
f 727/727/727 746/746/746 747/747/747
f 727/727/727 747/747/747 728/728/728
f 728/728/728 747/747/747 748/748/748
f 728/728/728 748/748/748 729/729/729
f 729/729/729 748/748/748 749/749/749
f 729/729/729 749/749/749 730/730/730
f 730/730/730 749/749/749 750/750/750
f 730/730/730 750/750/750 731/731/731
f 731/731/731 750/750/750 751/751/751
f 731/731/731 751/751/751 732/732/732
f 732/732/732 751/751/751 752/752/752
f 732/732/732 752/752/752 733/733/733
f 733/733/733 752/752/752 753/753/753
f 733/733/733 753/753/753 734/734/734
f 734/734/734 753/753/753 754/754/754
f 734/734/734 754/754/754 735/735/735
f 735/735/735 754/754/754 755/755/755
f 735/735/735 755/755/755 736/736/736
f 736/736/736 755/755/755 756/756/756
f 736/736/736 756/756/756 737/737/737
f 737/737/737 756/756/756 757/757/757
f 737/737/737 757/757/757 738/738/738
f 738/738/738 757/757/757 758/758/758
f 738/738/738 758/758/758 739/739/739
f 739/739/739 758/758/758 759/759/759
f 739/739/739 759/759/759 740/740/740
f 740/740/740 759/759/759 760/760/760
f 741/741/741 761/761/761 742/742/742
f 742/742/742 761/761/761 762/762/762
f 742/742/742 762/762/762 743/743/743
f 743/743/743 762/762/762 763/763/763
f 743/743/743 763/763/763 744/744/744
f 744/744/744 763/763/763 764/764/764
f 744/744/744 764/764/764 745/745/745
f 745/745/745 764/764/764 765/765/765
f 745/745/745 765/765/765 746/746/746
f 746/746/746 765/765/765 766/766/766
f 746/746/746 766/766/766 747/747/747
f 747/747/747 766/766/766 767/767/767
f 747/747/747 767/767/767 748/748/748
f 748/748/748 767/767/767 768/768/768
f 748/748/748 768/768/768 749/749/749
f 749/749/749 768/768/768 769/769/769
f 749/749/749 769/769/769 750/750/750
f 750/750/750 769/769/769 770/770/770
f 750/750/750 770/770/770 751/751/751
f 751/751/751 770/770/770 771/771/771
f 751/751/751 771/771/771 752/752/752
f 752/752/752 771/771/771 772/772/772
f 752/752/752 772/772/772 753/753/753
f 753/753/753 772/772/772 773/773/773
f 753/753/753 773/773/773 754/754/754
f 754/754/754 773/773/773 774/774/774
f 754/754/754 774/774/774 755/755/755
f 755/755/755 774/774/774 775/775/775
f 755/755/755 775/775/775 756/756/756
f 756/756/756 775/775/775 776/776/776
f 756/756/756 776/776/776 757/757/757
f 757/757/757 776/776/776 777/777/777
f 757/757/757 777/777/777 758/758/758
f 758/758/758 777/777/777 778/778/778
f 758/758/758 778/778/778 759/759/759
f 759/759/759 778/778/778 779/779/779
f 759/759/759 779/779/779 760/760/760
f 760/760/760 779/779/779 780/780/780
f 761/761/761 781/781/781 762/762/762
f 762/762/762 781/781/781 782/782/782
f 762/762/762 782/782/782 763/763/763
f 763/763/763 782/782/782 783/783/783
f 763/763/763 783/783/783 764/764/764
f 764/764/764 783/783/783 784/784/784
f 764/764/764 784/784/784 765/765/765
f 765/765/765 784/784/784 785/785/785
f 765/765/765 785/785/785 766/766/766
f 766/766/766 785/785/785 786/786/786
f 766/766/766 786/786/786 767/767/767
f 767/767/767 786/786/786 787/787/787
f 767/767/767 787/787/787 768/768/768
f 768/768/768 787/787/787 788/788/788
f 768/768/768 788/788/788 769/769/769
f 769/769/769 788/788/788 789/789/789
f 769/769/769 789/789/789 770/770/770
f 770/770/770 789/789/789 790/790/790
f 770/770/770 790/790/790 771/771/771
f 771/771/771 790/790/790 791/791/791
f 771/771/771 791/791/791 772/772/772
f 772/772/772 791/791/791 792/792/792
f 772/772/772 792/792/792 773/773/773
f 773/773/773 792/792/792 793/793/793
f 773/773/773 793/793/793 774/774/774
f 774/774/774 793/793/793 794/794/794
f 774/774/774 794/794/794 775/775/775
f 775/775/775 794/794/794 795/795/795
f 775/775/775 795/795/795 776/776/776
f 776/776/776 795/795/795 796/796/796
f 776/776/776 796/796/796 777/777/777
f 777/777/777 796/796/796 797/797/797
f 777/777/777 797/797/797 778/778/778
f 778/778/778 797/797/797 798/798/798
f 778/778/778 798/798/798 779/779/779
f 779/779/779 798/798/798 799/799/799
f 779/779/779 799/799/799 780/780/780
f 780/780/780 799/799/799 800/800/800

# Patch: connector_cross
o connector_cross
usemtl bikini_db851116_material
v -0.060000 1.327000 0.100000
v -0.060000 1.327000 0.103000
v -0.060000 1.327000 0.106000
v -0.048571 1.315571 0.100000
v -0.048571 1.315571 0.103000
v -0.048571 1.315571 0.106000
v -0.037143 1.304143 0.100000
v -0.037143 1.304143 0.103000
v -0.037143 1.304143 0.106000
v -0.025714 1.292714 0.100000
v -0.025714 1.292714 0.103000
v -0.025714 1.292714 0.106000
v -0.014286 1.281286 0.100000
v -0.014286 1.281286 0.103000
v -0.014286 1.281286 0.106000
v -0.002857 1.269857 0.100000
v -0.002857 1.269857 0.103000
v -0.002857 1.269857 0.106000
v 0.008571 1.258429 0.100000
v 0.008571 1.258429 0.103000
v 0.008571 1.258429 0.106000
v 0.020000 1.247000 0.100000
v 0.020000 1.247000 0.103000
v 0.020000 1.247000 0.106000
v -0.060000 1.247000 0.100000
v -0.060000 1.247000 0.103000
v -0.060000 1.247000 0.106000
v -0.048571 1.258429 0.100000
v -0.048571 1.258429 0.103000
v -0.048571 1.258429 0.106000
v -0.037143 1.269857 0.100000
v -0.037143 1.269857 0.103000
v -0.037143 1.269857 0.106000
v -0.025714 1.281286 0.100000
v -0.025714 1.281286 0.103000
v -0.025714 1.281286 0.106000
v -0.014286 1.292714 0.100000
v -0.014286 1.292714 0.103000
v -0.014286 1.292714 0.106000
v -0.002857 1.304143 0.100000
v -0.002857 1.304143 0.103000
v -0.002857 1.304143 0.106000
v 0.008571 1.315571 0.100000
v 0.008571 1.315571 0.103000
v 0.008571 1.315571 0.106000
v 0.020000 1.327000 0.100000
v 0.020000 1.327000 0.103000
v 0.020000 1.327000 0.106000
vn -0.707107 -0.707107 0.000000
vn -0.707107 -0.707107 0.000000
vn -0.707107 -0.707107 0.000000
vn -0.707107 -0.707107 0.000000
vn -0.707107 -0.707107 0.000000
vn -0.707107 -0.707107 0.000000
vn -0.707107 -0.707107 0.000000
vn -0.707107 -0.707107 0.000000
vn -0.707107 -0.707107 0.000000
vn -0.707107 -0.707107 0.000000
vn -0.707107 -0.707107 0.000000
vn -0.707107 -0.707107 0.000000
vn -0.707107 -0.707107 0.000000
vn -0.707107 -0.707107 0.000000
vn -0.707107 -0.707107 0.000000
vn -0.707107 -0.707107 0.000000
vn -0.707107 -0.707107 0.000000
vn -0.707107 -0.707107 0.000000
vn -0.707107 -0.707107 0.000000
vn -0.707107 -0.707107 0.000000
vn -0.707107 -0.707107 0.000000
vn -0.707107 -0.707107 0.000000
vn -0.707107 -0.707107 0.000000
vn -0.707107 -0.707107 0.000000
vn 0.707107 -0.707107 0.000000
vn 0.707107 -0.707107 0.000000
vn 0.707107 -0.707107 0.000000
vn 0.707107 -0.707107 0.000000
vn 0.707107 -0.707107 0.000000
vn 0.707107 -0.707107 0.000000
vn 0.707107 -0.707107 0.000000
vn 0.707107 -0.707107 0.000000
vn 0.707107 -0.707107 0.000000
vn 0.707107 -0.707107 0.000000
vn 0.707107 -0.707107 0.000000
vn 0.707107 -0.707107 0.000000
vn 0.707107 -0.707107 0.000000
vn 0.707107 -0.707107 0.000000
vn 0.707107 -0.707107 0.000000
vn 0.707107 -0.707107 0.000000
vn 0.707107 -0.707107 0.000000
vn 0.707107 -0.707107 0.000000
vn 0.707107 -0.707107 0.000000
vn 0.707107 -0.707107 0.000000
vn 0.707107 -0.707107 0.000000
vn 0.707107 -0.707107 0.000000
vn 0.707107 -0.707107 0.000000
vn 0.707107 -0.707107 0.000000
vt 0.412000 0.020000
vt 0.412000 0.132500
vt 0.412000 0.245000
vt 0.437143 0.020000
vt 0.437143 0.132500
vt 0.437143 0.245000
vt 0.462286 0.020000
vt 0.462286 0.132500
vt 0.462286 0.245000
vt 0.487429 0.020000
vt 0.487429 0.132500
vt 0.487429 0.245000
vt 0.512571 0.020000
vt 0.512571 0.132500
vt 0.512571 0.245000
vt 0.537714 0.020000
vt 0.537714 0.132500
vt 0.537714 0.245000
vt 0.562857 0.020000
vt 0.562857 0.132500
vt 0.562857 0.245000
vt 0.588000 0.020000
vt 0.588000 0.132500
vt 0.588000 0.245000
vt 0.412000 0.020000
vt 0.412000 0.132500
vt 0.412000 0.245000
vt 0.437143 0.020000
vt 0.437143 0.132500
vt 0.437143 0.245000
vt 0.462286 0.020000
vt 0.462286 0.132500
vt 0.462286 0.245000
vt 0.487429 0.020000
vt 0.487429 0.132500
vt 0.487429 0.245000
vt 0.512571 0.020000
vt 0.512571 0.132500
vt 0.512571 0.245000
vt 0.537714 0.020000
vt 0.537714 0.132500
vt 0.537714 0.245000
vt 0.562857 0.020000
vt 0.562857 0.132500
vt 0.562857 0.245000
vt 0.588000 0.020000
vt 0.588000 0.132500
vt 0.588000 0.245000
f 801/801/801 804/804/804 802/802/802
f 802/802/802 804/804/804 805/805/805
f 802/802/802 805/805/805 803/803/803
f 803/803/803 805/805/805 806/806/806
f 804/804/804 807/807/807 805/805/805
f 805/805/805 807/807/807 808/808/808
f 805/805/805 808/808/808 806/806/806
f 806/806/806 808/808/808 809/809/809
f 807/807/807 810/810/810 808/808/808
f 808/808/808 810/810/810 811/811/811
f 808/808/808 811/811/811 809/809/809
f 809/809/809 811/811/811 812/812/812
f 810/810/810 813/813/813 811/811/811
f 811/811/811 813/813/813 814/814/814
f 811/811/811 814/814/814 812/812/812
f 812/812/812 814/814/814 815/815/815
f 813/813/813 816/816/816 814/814/814
f 814/814/814 816/816/816 817/817/817
f 814/814/814 817/817/817 815/815/815
f 815/815/815 817/817/817 818/818/818
f 816/816/816 819/819/819 817/817/817
f 817/817/817 819/819/819 820/820/820
f 817/817/817 820/820/820 818/818/818
f 818/818/818 820/820/820 821/821/821
f 819/819/819 822/822/822 820/820/820
f 820/820/820 822/822/822 823/823/823
f 820/820/820 823/823/823 821/821/821
f 821/821/821 823/823/823 824/824/824
f 825/825/825 828/828/828 826/826/826
f 826/826/826 828/828/828 829/829/829
f 826/826/826 829/829/829 827/827/827
f 827/827/827 829/829/829 830/830/830
f 828/828/828 831/831/831 829/829/829
f 829/829/829 831/831/831 832/832/832
f 829/829/829 832/832/832 830/830/830
f 830/830/830 832/832/832 833/833/833
f 831/831/831 834/834/834 832/832/832
f 832/832/832 834/834/834 835/835/835
f 832/832/832 835/835/835 833/833/833
f 833/833/833 835/835/835 836/836/836
f 834/834/834 837/837/837 835/835/835
f 835/835/835 837/837/837 838/838/838
f 835/835/835 838/838/838 836/836/836
f 836/836/836 838/838/838 839/839/839
f 837/837/837 840/840/840 838/838/838
f 838/838/838 840/840/840 841/841/841
f 838/838/838 841/841/841 839/839/839
f 839/839/839 841/841/841 842/842/842
f 840/840/840 843/843/843 841/841/841
f 841/841/841 843/843/843 844/844/844
f 841/841/841 844/844/844 842/842/842
f 842/842/842 844/844/844 845/845/845
f 843/843/843 846/846/846 844/844/844
f 844/844/844 846/846/846 847/847/847
f 844/844/844 847/847/847 845/845/845
f 845/845/845 847/847/847 848/848/848

# Patch: strap_left_web_a
o strap_left_web_a
usemtl bikini_db851116_material
v -0.075564 1.328000 0.119557
v -0.073855 1.328000 0.118519
v -0.072145 1.328000 0.117481
v -0.070436 1.328000 0.116443
v -0.080689 1.335875 0.111120
v -0.078980 1.335875 0.110082
v -0.077270 1.335875 0.109043
v -0.075561 1.335875 0.108005
v -0.085814 1.343750 0.102682
v -0.084105 1.343750 0.101644
v -0.082395 1.343750 0.100606
v -0.080686 1.343750 0.099568
v -0.090939 1.351625 0.094245
v -0.089230 1.351625 0.093207
v -0.087520 1.351625 0.092168
v -0.085811 1.351625 0.091130
v -0.096064 1.359500 0.085807
v -0.094355 1.359500 0.084769
v -0.092645 1.359500 0.083731
v -0.090936 1.359500 0.082693
v -0.101189 1.367375 0.077370
v -0.099480 1.367375 0.076332
v -0.097770 1.367375 0.075293
v -0.096061 1.367375 0.074255
v -0.106314 1.375250 0.068932
v -0.104605 1.375250 0.067894
v -0.102895 1.375250 0.066856
v -0.101186 1.375250 0.065818
v -0.111439 1.383125 0.060495
v -0.109730 1.383125 0.059457
v -0.108020 1.383125 0.058418
v -0.106311 1.383125 0.057380
v -0.116657 1.391000 0.051894
v -0.114886 1.391000 0.050965
v -0.113114 1.391000 0.050035
v -0.111343 1.391000 0.049106
v -0.122574 1.395714 0.039273
v -0.120763 1.395714 0.038424
v -0.118952 1.395714 0.037576
v -0.117141 1.395714 0.036727
v -0.128431 1.400429 0.026773
v -0.126620 1.400429 0.025924
v -0.124809 1.400429 0.025076
v -0.122998 1.400429 0.024227
v -0.134288 1.405143 0.014273
v -0.132477 1.405143 0.013424
v -0.130666 1.405143 0.012576
v -0.128855 1.405143 0.011727
v -0.140145 1.409857 0.001773
v -0.138334 1.409857 0.000924
v -0.136523 1.409857 0.000076
v -0.134712 1.409857 -0.000773
v -0.146002 1.414571 -0.010727
v -0.144191 1.414571 -0.011576
v -0.142380 1.414571 -0.012424
v -0.140569 1.414571 -0.013273
v -0.151859 1.419286 -0.023227
v -0.150048 1.419286 -0.024076
v -0.148237 1.419286 -0.024924
v -0.146426 1.419286 -0.025773
v -0.157717 1.424000 -0.035727
v -0.155906 1.424000 -0.036576
v -0.154094 1.424000 -0.037424
v -0.152283 1.424000 -0.038273
vn -0.323739 -0.781742 -0.532985
vn -0.323739 -0.781742 -0.532985
vn -0.323739 -0.781742 -0.532985
vn -0.323739 -0.781742 -0.532985
vn -0.323739 -0.781742 -0.532985
vn -0.323739 -0.781742 -0.532985
vn -0.323739 -0.781742 -0.532985
vn -0.323739 -0.781742 -0.532985
vn -0.323739 -0.781742 -0.532985
vn -0.323739 -0.781742 -0.532985
vn -0.323739 -0.781742 -0.532985
vn -0.323739 -0.781742 -0.532985
vn -0.323739 -0.781742 -0.532985
vn -0.323739 -0.781742 -0.532985
vn -0.323739 -0.781742 -0.532985
vn -0.323739 -0.781742 -0.532985
vn -0.323739 -0.781742 -0.532985
vn -0.323739 -0.781742 -0.532985
vn -0.323739 -0.781742 -0.532985
vn -0.323739 -0.781742 -0.532985
vn -0.323739 -0.781742 -0.532985
vn -0.323739 -0.781742 -0.532985
vn -0.323739 -0.781742 -0.532985
vn -0.323739 -0.781742 -0.532985
vn -0.323739 -0.781742 -0.532985
vn -0.323739 -0.781742 -0.532985
vn -0.323739 -0.781742 -0.532985
vn -0.323739 -0.781742 -0.532985
vn -0.322485 -0.783663 -0.530920
vn -0.317130 -0.783328 -0.534627
vn -0.318363 -0.781403 -0.536707
vn -0.314184 -0.779077 -0.542519
vn -0.250951 -0.856215 -0.451575
vn -0.220560 -0.883641 -0.412954
vn -0.222130 -0.881868 -0.415894
vn -0.191804 -0.906217 -0.376805
vn -0.140957 -0.946751 -0.289471
vn -0.139248 -0.946387 -0.291482
vn -0.139654 -0.946065 -0.292333
vn -0.137528 -0.946013 -0.293504
vn -0.137127 -0.946336 -0.292650
vn -0.137127 -0.946336 -0.292650
vn -0.137127 -0.946336 -0.292650
vn -0.137127 -0.946336 -0.292650
vn -0.137127 -0.946336 -0.292650
vn -0.137127 -0.946336 -0.292650
vn -0.137127 -0.946336 -0.292650
vn -0.137127 -0.946336 -0.292650
vn -0.137127 -0.946336 -0.292650
vn -0.137127 -0.946336 -0.292650
vn -0.137127 -0.946336 -0.292650
vn -0.137127 -0.946336 -0.292650
vn -0.137127 -0.946336 -0.292650
vn -0.137127 -0.946336 -0.292650
vn -0.137127 -0.946336 -0.292650
vn -0.137127 -0.946336 -0.292650
vn -0.137127 -0.946336 -0.292650
vn -0.137127 -0.946336 -0.292650
vn -0.137127 -0.946336 -0.292650
vn -0.137127 -0.946336 -0.292650
vn -0.137127 -0.946336 -0.292650
vn -0.137127 -0.946336 -0.292650
vn -0.137127 -0.946336 -0.292650
vn -0.137127 -0.946336 -0.292650
vt 0.608000 0.020000
vt 0.608000 0.095000
vt 0.608000 0.170000
vt 0.608000 0.245000
vt 0.619733 0.020000
vt 0.619733 0.095000
vt 0.619733 0.170000
vt 0.619733 0.245000
vt 0.631467 0.020000
vt 0.631467 0.095000
vt 0.631467 0.170000
vt 0.631467 0.245000
vt 0.643200 0.020000
vt 0.643200 0.095000
vt 0.643200 0.170000
vt 0.643200 0.245000
vt 0.654933 0.020000
vt 0.654933 0.095000
vt 0.654933 0.170000
vt 0.654933 0.245000
vt 0.666667 0.020000
vt 0.666667 0.095000
vt 0.666667 0.170000
vt 0.666667 0.245000
vt 0.678400 0.020000
vt 0.678400 0.095000
vt 0.678400 0.170000
vt 0.678400 0.245000
vt 0.690133 0.020000
vt 0.690133 0.095000
vt 0.690133 0.170000
vt 0.690133 0.245000
vt 0.701867 0.020000
vt 0.701867 0.095000
vt 0.701867 0.170000
vt 0.701867 0.245000
vt 0.713600 0.020000
vt 0.713600 0.095000
vt 0.713600 0.170000
vt 0.713600 0.245000
vt 0.725333 0.020000
vt 0.725333 0.095000
vt 0.725333 0.170000
vt 0.725333 0.245000
vt 0.737067 0.020000
vt 0.737067 0.095000
vt 0.737067 0.170000
vt 0.737067 0.245000
vt 0.748800 0.020000
vt 0.748800 0.095000
vt 0.748800 0.170000
vt 0.748800 0.245000
vt 0.760533 0.020000
vt 0.760533 0.095000
vt 0.760533 0.170000
vt 0.760533 0.245000
vt 0.772267 0.020000
vt 0.772267 0.095000
vt 0.772267 0.170000
vt 0.772267 0.245000
vt 0.784000 0.020000
vt 0.784000 0.095000
vt 0.784000 0.170000
vt 0.784000 0.245000
f 849/849/849 853/853/853 850/850/850
f 850/850/850 853/853/853 854/854/854
f 850/850/850 854/854/854 851/851/851
f 851/851/851 854/854/854 855/855/855
f 851/851/851 855/855/855 852/852/852
f 852/852/852 855/855/855 856/856/856
f 853/853/853 857/857/857 854/854/854
f 854/854/854 857/857/857 858/858/858
f 854/854/854 858/858/858 855/855/855
f 855/855/855 858/858/858 859/859/859
f 855/855/855 859/859/859 856/856/856
f 856/856/856 859/859/859 860/860/860
f 857/857/857 861/861/861 858/858/858
f 858/858/858 861/861/861 862/862/862
f 858/858/858 862/862/862 859/859/859
f 859/859/859 862/862/862 863/863/863
f 859/859/859 863/863/863 860/860/860
f 860/860/860 863/863/863 864/864/864
f 861/861/861 865/865/865 862/862/862
f 862/862/862 865/865/865 866/866/866
f 862/862/862 866/866/866 863/863/863
f 863/863/863 866/866/866 867/867/867
f 863/863/863 867/867/867 864/864/864
f 864/864/864 867/867/867 868/868/868
f 865/865/865 869/869/869 866/866/866
f 866/866/866 869/869/869 870/870/870
f 866/866/866 870/870/870 867/867/867
f 867/867/867 870/870/870 871/871/871
f 867/867/867 871/871/871 868/868/868
f 868/868/868 871/871/871 872/872/872
f 869/869/869 873/873/873 870/870/870
f 870/870/870 873/873/873 874/874/874
f 870/870/870 874/874/874 871/871/871
f 871/871/871 874/874/874 875/875/875
f 871/871/871 875/875/875 872/872/872
f 872/872/872 875/875/875 876/876/876
f 873/873/873 877/877/877 874/874/874
f 874/874/874 877/877/877 878/878/878
f 874/874/874 878/878/878 875/875/875
f 875/875/875 878/878/878 879/879/879
f 875/875/875 879/879/879 876/876/876
f 876/876/876 879/879/879 880/880/880
f 877/877/877 881/881/881 878/878/878
f 878/878/878 881/881/881 882/882/882
f 878/878/878 882/882/882 879/879/879
f 879/879/879 882/882/882 883/883/883
f 879/879/879 883/883/883 880/880/880
f 880/880/880 883/883/883 884/884/884
f 881/881/881 885/885/885 882/882/882
f 882/882/882 885/885/885 886/886/886
f 882/882/882 886/886/886 883/883/883
f 883/883/883 886/886/886 887/887/887
f 883/883/883 887/887/887 884/884/884
f 884/884/884 887/887/887 888/888/888
f 885/885/885 889/889/889 886/886/886
f 886/886/886 889/889/889 890/890/890
f 886/886/886 890/890/890 887/887/887
f 887/887/887 890/890/890 891/891/891
f 887/887/887 891/891/891 888/888/888
f 888/888/888 891/891/891 892/892/892
f 889/889/889 893/893/893 890/890/890
f 890/890/890 893/893/893 894/894/894
f 890/890/890 894/894/894 891/891/891
f 891/891/891 894/894/894 895/895/895
f 891/891/891 895/895/895 892/892/892
f 892/892/892 895/895/895 896/896/896
f 893/893/893 897/897/897 894/894/894
f 894/894/894 897/897/897 898/898/898
f 894/894/894 898/898/898 895/895/895
f 895/895/895 898/898/898 899/899/899
f 895/895/895 899/899/899 896/896/896
f 896/896/896 899/899/899 900/900/900
f 897/897/897 901/901/901 898/898/898
f 898/898/898 901/901/901 902/902/902
f 898/898/898 902/902/902 899/899/899
f 899/899/899 902/902/902 903/903/903
f 899/899/899 903/903/903 900/900/900
f 900/900/900 903/903/903 904/904/904
f 901/901/901 905/905/905 902/902/902
f 902/902/902 905/905/905 906/906/906
f 902/902/902 906/906/906 903/903/903
f 903/903/903 906/906/906 907/907/907
f 903/903/903 907/907/907 904/904/904
f 904/904/904 907/907/907 908/908/908
f 905/905/905 909/909/909 906/906/906
f 906/906/906 909/909/909 910/910/910
f 906/906/906 910/910/910 907/907/907
f 907/907/907 910/910/910 911/911/911
f 907/907/907 911/911/911 908/908/908
f 908/908/908 911/911/911 912/912/912

# Patch: strap_left_web_b
o strap_left_web_b
usemtl bikini_db851116_material
v -0.118851 1.303000 0.082934
v -0.116950 1.303000 0.082311
v -0.115050 1.303000 0.081689
v -0.113149 1.303000 0.081066
v -0.121451 1.311067 0.075001
v -0.119550 1.311067 0.074378
v -0.117650 1.311067 0.073755
v -0.115749 1.311067 0.073132
v -0.124051 1.319133 0.067068
v -0.122150 1.319133 0.066445
v -0.120250 1.319133 0.065822
v -0.118349 1.319133 0.065199
v -0.126651 1.327200 0.059134
v -0.124750 1.327200 0.058511
v -0.122850 1.327200 0.057889
v -0.120949 1.327200 0.057266
v -0.129251 1.335267 0.051201
v -0.127350 1.335267 0.050578
v -0.125450 1.335267 0.049955
v -0.123549 1.335267 0.049332
v -0.131851 1.343333 0.043268
v -0.129950 1.343333 0.042645
v -0.128050 1.343333 0.042022
v -0.126149 1.343333 0.041399
v -0.134451 1.351400 0.035334
v -0.132550 1.351400 0.034711
v -0.130650 1.351400 0.034089
v -0.128749 1.351400 0.033466
v -0.137051 1.359467 0.027401
v -0.135150 1.359467 0.026778
v -0.133250 1.359467 0.026155
v -0.131349 1.359467 0.025532
v -0.139651 1.367533 0.019468
v -0.137750 1.367533 0.018845
v -0.135850 1.367533 0.018222
v -0.133949 1.367533 0.017599
v -0.142251 1.375600 0.011534
v -0.140350 1.375600 0.010911
v -0.138450 1.375600 0.010289
v -0.136549 1.375600 0.009666
v -0.144851 1.383667 0.003601
v -0.142950 1.383667 0.002978
v -0.141050 1.383667 0.002355
v -0.139149 1.383667 0.001732
v -0.147451 1.391733 -0.004332
v -0.145550 1.391733 -0.004955
v -0.143650 1.391733 -0.005578
v -0.141749 1.391733 -0.006201
v -0.150051 1.399800 -0.012266
v -0.148150 1.399800 -0.012889
v -0.146250 1.399800 -0.013511
v -0.144349 1.399800 -0.014134
v -0.152651 1.407867 -0.020199
v -0.150750 1.407867 -0.020822
v -0.148850 1.407867 -0.021445
v -0.146949 1.407867 -0.022068
v -0.155251 1.415933 -0.028132
v -0.153350 1.415933 -0.028755
v -0.151450 1.415933 -0.029378
v -0.149549 1.415933 -0.030001
v -0.157851 1.424000 -0.036066
v -0.155950 1.424000 -0.036689
v -0.154050 1.424000 -0.037311
v -0.152149 1.424000 -0.037934
vn -0.216403 -0.719142 -0.660306
vn -0.216403 -0.719142 -0.660306
vn -0.216403 -0.719142 -0.660306
vn -0.216403 -0.719142 -0.660306
vn -0.216403 -0.719142 -0.660306
vn -0.216403 -0.719142 -0.660306
vn -0.216403 -0.719142 -0.660306
vn -0.216403 -0.719142 -0.660306
vn -0.216403 -0.719142 -0.660306
vn -0.216403 -0.719142 -0.660306
vn -0.216403 -0.719142 -0.660306
vn -0.216403 -0.719142 -0.660306
vn -0.216403 -0.719142 -0.660306
vn -0.216403 -0.719142 -0.660306
vn -0.216403 -0.719142 -0.660306
vn -0.216403 -0.719142 -0.660306
vn -0.216403 -0.719142 -0.660306
vn -0.216403 -0.719142 -0.660306
vn -0.216403 -0.719142 -0.660306
vn -0.216403 -0.719142 -0.660306
vn -0.216403 -0.719142 -0.660306
vn -0.216403 -0.719142 -0.660306
vn -0.216403 -0.719142 -0.660306
vn -0.216403 -0.719142 -0.660306
vn -0.216403 -0.719142 -0.660306
vn -0.216403 -0.719142 -0.660306
vn -0.216403 -0.719142 -0.660306
vn -0.216403 -0.719142 -0.660306
vn -0.216403 -0.719142 -0.660306
vn -0.216403 -0.719142 -0.660306
vn -0.216403 -0.719142 -0.660306
vn -0.216403 -0.719142 -0.660306
vn -0.216403 -0.719142 -0.660306
vn -0.216403 -0.719142 -0.660306
vn -0.216403 -0.719142 -0.660306
vn -0.216403 -0.719142 -0.660306
vn -0.216403 -0.719142 -0.660306
vn -0.216403 -0.719142 -0.660306
vn -0.216403 -0.719142 -0.660306
vn -0.216403 -0.719142 -0.660306
vn -0.216403 -0.719142 -0.660306
vn -0.216403 -0.719142 -0.660306
vn -0.216403 -0.719142 -0.660306
vn -0.216403 -0.719142 -0.660306
vn -0.216403 -0.719142 -0.660306
vn -0.216403 -0.719142 -0.660306
vn -0.216403 -0.719142 -0.660306
vn -0.216403 -0.719142 -0.660306
vn -0.216403 -0.719142 -0.660306
vn -0.216403 -0.719142 -0.660306
vn -0.216403 -0.719142 -0.660306
vn -0.216403 -0.719142 -0.660306
vn -0.216403 -0.719142 -0.660306
vn -0.216403 -0.719142 -0.660306
vn -0.216403 -0.719142 -0.660306
vn -0.216403 -0.719142 -0.660306
vn -0.216403 -0.719142 -0.660306
vn -0.216403 -0.719142 -0.660306
vn -0.216403 -0.719142 -0.660306
vn -0.216403 -0.719142 -0.660306
vn -0.216403 -0.719142 -0.660306
vn -0.216403 -0.719142 -0.660306
vn -0.216403 -0.719142 -0.660306
vn -0.216403 -0.719142 -0.660306
vt 0.804000 0.020000
vt 0.804000 0.095000
vt 0.804000 0.170000
vt 0.804000 0.245000
vt 0.815733 0.020000
vt 0.815733 0.095000
vt 0.815733 0.170000
vt 0.815733 0.245000
vt 0.827467 0.020000
vt 0.827467 0.095000
vt 0.827467 0.170000
vt 0.827467 0.245000
vt 0.839200 0.020000
vt 0.839200 0.095000
vt 0.839200 0.170000
vt 0.839200 0.245000
vt 0.850933 0.020000
vt 0.850933 0.095000
vt 0.850933 0.170000
vt 0.850933 0.245000
vt 0.862667 0.020000
vt 0.862667 0.095000
vt 0.862667 0.170000
vt 0.862667 0.245000
vt 0.874400 0.020000
vt 0.874400 0.095000
vt 0.874400 0.170000
vt 0.874400 0.245000
vt 0.886133 0.020000
vt 0.886133 0.095000
vt 0.886133 0.170000
vt 0.886133 0.245000
vt 0.897867 0.020000
vt 0.897867 0.095000
vt 0.897867 0.170000
vt 0.897867 0.245000
vt 0.909600 0.020000
vt 0.909600 0.095000
vt 0.909600 0.170000
vt 0.909600 0.245000
vt 0.921333 0.020000
vt 0.921333 0.095000
vt 0.921333 0.170000
vt 0.921333 0.245000
vt 0.933067 0.020000
vt 0.933067 0.095000
vt 0.933067 0.170000
vt 0.933067 0.245000
vt 0.944800 0.020000
vt 0.944800 0.095000
vt 0.944800 0.170000
vt 0.944800 0.245000
vt 0.956533 0.020000
vt 0.956533 0.095000
vt 0.956533 0.170000
vt 0.956533 0.245000
vt 0.968267 0.020000
vt 0.968267 0.095000
vt 0.968267 0.170000
vt 0.968267 0.245000
vt 0.980000 0.020000
vt 0.980000 0.095000
vt 0.980000 0.170000
vt 0.980000 0.245000
f 913/913/913 917/917/917 914/914/914
f 914/914/914 917/917/917 918/918/918
f 914/914/914 918/918/918 915/915/915
f 915/915/915 918/918/918 919/919/919
f 915/915/915 919/919/919 916/916/916
f 916/916/916 919/919/919 920/920/920
f 917/917/917 921/921/921 918/918/918
f 918/918/918 921/921/921 922/922/922
f 918/918/918 922/922/922 919/919/919
f 919/919/919 922/922/922 923/923/923
f 919/919/919 923/923/923 920/920/920
f 920/920/920 923/923/923 924/924/924
f 921/921/921 925/925/925 922/922/922
f 922/922/922 925/925/925 926/926/926
f 922/922/922 926/926/926 923/923/923
f 923/923/923 926/926/926 927/927/927
f 923/923/923 927/927/927 924/924/924
f 924/924/924 927/927/927 928/928/928
f 925/925/925 929/929/929 926/926/926
f 926/926/926 929/929/929 930/930/930
f 926/926/926 930/930/930 927/927/927
f 927/927/927 930/930/930 931/931/931
f 927/927/927 931/931/931 928/928/928
f 928/928/928 931/931/931 932/932/932
f 929/929/929 933/933/933 930/930/930
f 930/930/930 933/933/933 934/934/934
f 930/930/930 934/934/934 931/931/931
f 931/931/931 934/934/934 935/935/935
f 931/931/931 935/935/935 932/932/932
f 932/932/932 935/935/935 936/936/936
f 933/933/933 937/937/937 934/934/934
f 934/934/934 937/937/937 938/938/938
f 934/934/934 938/938/938 935/935/935
f 935/935/935 938/938/938 939/939/939
f 935/935/935 939/939/939 936/936/936
f 936/936/936 939/939/939 940/940/940
f 937/937/937 941/941/941 938/938/938
f 938/938/938 941/941/941 942/942/942
f 938/938/938 942/942/942 939/939/939
f 939/939/939 942/942/942 943/943/943
f 939/939/939 943/943/943 940/940/940
f 940/940/940 943/943/943 944/944/944
f 941/941/941 945/945/945 942/942/942
f 942/942/942 945/945/945 946/946/946
f 942/942/942 946/946/946 943/943/943
f 943/943/943 946/946/946 947/947/947
f 943/943/943 947/947/947 944/944/944
f 944/944/944 947/947/947 948/948/948
f 945/945/945 949/949/949 946/946/946
f 946/946/946 949/949/949 950/950/950
f 946/946/946 950/950/950 947/947/947
f 947/947/947 950/950/950 951/951/951
f 947/947/947 951/951/951 948/948/948
f 948/948/948 951/951/951 952/952/952
f 949/949/949 953/953/953 950/950/950
f 950/950/950 953/953/953 954/954/954
f 950/950/950 954/954/954 951/951/951
f 951/951/951 954/954/954 955/955/955
f 951/951/951 955/955/955 952/952/952
f 952/952/952 955/955/955 956/956/956
f 953/953/953 957/957/957 954/954/954
f 954/954/954 957/957/957 958/958/958
f 954/954/954 958/958/958 955/955/955
f 955/955/955 958/958/958 959/959/959
f 955/955/955 959/959/959 956/956/956
f 956/956/956 959/959/959 960/960/960
f 957/957/957 961/961/961 958/958/958
f 958/958/958 961/961/961 962/962/962
f 958/958/958 962/962/962 959/959/959
f 959/959/959 962/962/962 963/963/963
f 959/959/959 963/963/963 960/960/960
f 960/960/960 963/963/963 964/964/964
f 961/961/961 965/965/965 962/962/962
f 962/962/962 965/965/965 966/966/966
f 962/962/962 966/966/966 963/963/963
f 963/963/963 966/966/966 967/967/967
f 963/963/963 967/967/967 964/964/964
f 964/964/964 967/967/967 968/968/968
f 965/965/965 969/969/969 966/966/966
f 966/966/966 969/969/969 970/970/970
f 966/966/966 970/970/970 967/967/967
f 967/967/967 970/970/970 971/971/971
f 967/967/967 971/971/971 968/968/968
f 968/968/968 971/971/971 972/972/972
f 969/969/969 973/973/973 970/970/970
f 970/970/970 973/973/973 974/974/974
f 970/970/970 974/974/974 971/971/971
f 971/971/971 974/974/974 975/975/975
f 971/971/971 975/975/975 972/972/972
f 972/972/972 975/975/975 976/976/976

# Patch: strap_left_web_c
o strap_left_web_c
usemtl bikini_db851116_material
v -0.075652 1.328000 0.119403
v -0.073884 1.328000 0.118468
v -0.072116 1.328000 0.117532
v -0.070348 1.328000 0.116597
v -0.085902 1.340000 0.100028
v -0.084134 1.340000 0.099093
v -0.082366 1.340000 0.098157
v -0.080598 1.340000 0.097222
v -0.096152 1.352000 0.080653
v -0.094384 1.352000 0.079718
v -0.092616 1.352000 0.078782
v -0.090848 1.352000 0.077847
v -0.106402 1.364000 0.061278
v -0.104634 1.364000 0.060343
v -0.102866 1.364000 0.059407
v -0.101098 1.364000 0.058472
v -0.116652 1.376000 0.041903
v -0.114884 1.376000 0.040968
v -0.113116 1.376000 0.040032
v -0.111348 1.376000 0.039097
v -0.126902 1.388000 0.022528
v -0.125134 1.388000 0.021593
v -0.123366 1.388000 0.020657
v -0.121598 1.388000 0.019722
v -0.137152 1.400000 0.003153
v -0.135384 1.400000 0.002218
v -0.133616 1.400000 0.001282
v -0.131848 1.400000 0.000347
v -0.147402 1.412000 -0.016222
v -0.145634 1.412000 -0.017157
v -0.143866 1.412000 -0.018093
v -0.142098 1.412000 -0.019028
v -0.157995 1.424000 -0.037168
v -0.155998 1.424000 -0.037056
v -0.154002 1.424000 -0.036944
v -0.152005 1.424000 -0.036832
v -0.144993 1.414143 -0.048648
v -0.143759 1.414143 -0.047073
v -0.142526 1.414143 -0.045498
v -0.141293 1.414143 -0.043924
v -0.133135 1.404286 -0.057933
v -0.131902 1.404286 -0.056359
v -0.130669 1.404286 -0.054784
v -0.129436 1.404286 -0.053210
v -0.121278 1.394429 -0.067219
v -0.120045 1.394429 -0.065644
v -0.118812 1.394429 -0.064070
v -0.117579 1.394429 -0.062495
v -0.109421 1.384571 -0.076505
v -0.108188 1.384571 -0.074930
v -0.106955 1.384571 -0.073356
v -0.105722 1.384571 -0.071781
v -0.097564 1.374714 -0.085790
v -0.096331 1.374714 -0.084216
v -0.095098 1.374714 -0.082641
v -0.093865 1.374714 -0.081067
v -0.085707 1.364857 -0.095076
v -0.084474 1.364857 -0.093502
v -0.083241 1.364857 -0.091927
v -0.082007 1.364857 -0.090352
v -0.073850 1.355000 -0.104362
v -0.072617 1.355000 -0.102787
v -0.071383 1.355000 -0.101213
v -0.070150 1.355000 -0.099638
vn -0.224559 -0.877153 -0.424471
vn -0.224559 -0.877153 -0.424471
vn -0.224559 -0.877153 -0.424471
vn -0.224559 -0.877153 -0.424471
vn -0.224559 -0.877153 -0.424471
vn -0.224559 -0.877153 -0.424471
vn -0.224559 -0.877153 -0.424471
vn -0.224559 -0.877153 -0.424471
vn -0.224559 -0.877153 -0.424471
vn -0.224559 -0.877153 -0.424471
vn -0.224559 -0.877153 -0.424471
vn -0.224559 -0.877153 -0.424471
vn -0.224559 -0.877153 -0.424471
vn -0.224559 -0.877153 -0.424471
vn -0.224559 -0.877153 -0.424471
vn -0.224559 -0.877153 -0.424471
vn -0.224559 -0.877153 -0.424471
vn -0.224559 -0.877153 -0.424471
vn -0.224559 -0.877153 -0.424471
vn -0.224559 -0.877153 -0.424471
vn -0.224559 -0.877153 -0.424471
vn -0.224559 -0.877153 -0.424471
vn -0.224559 -0.877153 -0.424471
vn -0.224559 -0.877153 -0.424471
vn -0.224559 -0.877153 -0.424471
vn -0.224559 -0.877153 -0.424471
vn -0.224559 -0.877153 -0.424471
vn -0.224559 -0.877153 -0.424471
vn -0.220550 -0.881792 -0.416894
vn -0.184113 -0.880364 -0.437105
vn -0.187543 -0.875547 -0.445248
vn -0.151058 -0.866787 -0.475249
vn -0.096902 -0.969546 -0.224923
vn -0.131421 -0.987399 -0.088152
vn -0.142091 -0.985254 -0.095310
vn -0.190340 -0.976804 0.098103
vn -0.315428 -0.845078 0.431680
vn -0.382948 -0.836726 0.391459
vn -0.397419 -0.822810 0.406253
vn -0.446640 -0.823510 0.349778
vn -0.431157 -0.836716 0.337653
vn -0.431157 -0.836716 0.337653
vn -0.431157 -0.836716 0.337653
vn -0.431157 -0.836716 0.337653
vn -0.431157 -0.836716 0.337653
vn -0.431157 -0.836716 0.337653
vn -0.431157 -0.836716 0.337653
vn -0.431157 -0.836716 0.337653
vn -0.431157 -0.836716 0.337653
vn -0.431157 -0.836716 0.337653
vn -0.431157 -0.836716 0.337653
vn -0.431157 -0.836716 0.337653
vn -0.431157 -0.836716 0.337653
vn -0.431157 -0.836716 0.337653
vn -0.431157 -0.836716 0.337653
vn -0.431157 -0.836716 0.337653
vn -0.431157 -0.836716 0.337653
vn -0.431157 -0.836716 0.337653
vn -0.431157 -0.836716 0.337653
vn -0.431157 -0.836716 0.337653
vn -0.431157 -0.836716 0.337653
vn -0.431157 -0.836716 0.337653
vn -0.431157 -0.836716 0.337653
vn -0.431157 -0.836716 0.337653
vt 0.020000 0.265000
vt 0.020000 0.340000
vt 0.020000 0.415000
vt 0.020000 0.490000
vt 0.031733 0.265000
vt 0.031733 0.340000
vt 0.031733 0.415000
vt 0.031733 0.490000
vt 0.043467 0.265000
vt 0.043467 0.340000
vt 0.043467 0.415000
vt 0.043467 0.490000
vt 0.055200 0.265000
vt 0.055200 0.340000
vt 0.055200 0.415000
vt 0.055200 0.490000
vt 0.066933 0.265000
vt 0.066933 0.340000
vt 0.066933 0.415000
vt 0.066933 0.490000
vt 0.078667 0.265000
vt 0.078667 0.340000
vt 0.078667 0.415000
vt 0.078667 0.490000
vt 0.090400 0.265000
vt 0.090400 0.340000
vt 0.090400 0.415000
vt 0.090400 0.490000
vt 0.102133 0.265000
vt 0.102133 0.340000
vt 0.102133 0.415000
vt 0.102133 0.490000
vt 0.113867 0.265000
vt 0.113867 0.340000
vt 0.113867 0.415000
vt 0.113867 0.490000
vt 0.125600 0.265000
vt 0.125600 0.340000
vt 0.125600 0.415000
vt 0.125600 0.490000
vt 0.137333 0.265000
vt 0.137333 0.340000
vt 0.137333 0.415000
vt 0.137333 0.490000
vt 0.149067 0.265000
vt 0.149067 0.340000
vt 0.149067 0.415000
vt 0.149067 0.490000
vt 0.160800 0.265000
vt 0.160800 0.340000
vt 0.160800 0.415000
vt 0.160800 0.490000
vt 0.172533 0.265000
vt 0.172533 0.340000
vt 0.172533 0.415000
vt 0.172533 0.490000
vt 0.184267 0.265000
vt 0.184267 0.340000
vt 0.184267 0.415000
vt 0.184267 0.490000
vt 0.196000 0.265000
vt 0.196000 0.340000
vt 0.196000 0.415000
vt 0.196000 0.490000
f 977/977/977 981/981/981 978/978/978
f 978/978/978 981/981/981 982/982/982
f 978/978/978 982/982/982 979/979/979
f 979/979/979 982/982/982 983/983/983
f 979/979/979 983/983/983 980/980/980
f 980/980/980 983/983/983 984/984/984
f 981/981/981 985/985/985 982/982/982
f 982/982/982 985/985/985 986/986/986
f 982/982/982 986/986/986 983/983/983
f 983/983/983 986/986/986 987/987/987
f 983/983/983 987/987/987 984/984/984
f 984/984/984 987/987/987 988/988/988
f 985/985/985 989/989/989 986/986/986
f 986/986/986 989/989/989 990/990/990
f 986/986/986 990/990/990 987/987/987
f 987/987/987 990/990/990 991/991/991
f 987/987/987 991/991/991 988/988/988
f 988/988/988 991/991/991 992/992/992
f 989/989/989 993/993/993 990/990/990
f 990/990/990 993/993/993 994/994/994
f 990/990/990 994/994/994 991/991/991
f 991/991/991 994/994/994 995/995/995
f 991/991/991 995/995/995 992/992/992
f 992/992/992 995/995/995 996/996/996
f 993/993/993 997/997/997 994/994/994
f 994/994/994 997/997/997 998/998/998
f 994/994/994 998/998/998 995/995/995
f 995/995/995 998/998/998 999/999/999
f 995/995/995 999/999/999 996/996/996
f 996/996/996 999/999/999 1000/1000/1000
f 997/997/997 1001/1001/1001 998/998/998
f 998/998/998 1001/1001/1001 1002/1002/1002
f 998/998/998 1002/1002/1002 999/999/999
f 999/999/999 1002/1002/1002 1003/1003/1003
f 999/999/999 1003/1003/1003 1000/1000/1000
f 1000/1000/1000 1003/1003/1003 1004/1004/1004
f 1001/1001/1001 1005/1005/1005 1002/1002/1002
f 1002/1002/1002 1005/1005/1005 1006/1006/1006
f 1002/1002/1002 1006/1006/1006 1003/1003/1003
f 1003/1003/1003 1006/1006/1006 1007/1007/1007
f 1003/1003/1003 1007/1007/1007 1004/1004/1004
f 1004/1004/1004 1007/1007/1007 1008/1008/1008
f 1005/1005/1005 1009/1009/1009 1006/1006/1006
f 1006/1006/1006 1009/1009/1009 1010/1010/1010
f 1006/1006/1006 1010/1010/1010 1007/1007/1007
f 1007/1007/1007 1010/1010/1010 1011/1011/1011
f 1007/1007/1007 1011/1011/1011 1008/1008/1008
f 1008/1008/1008 1011/1011/1011 1012/1012/1012
f 1009/1009/1009 1013/1013/1013 1010/1010/1010
f 1010/1010/1010 1013/1013/1013 1014/1014/1014
f 1010/1010/1010 1014/1014/1014 1011/1011/1011
f 1011/1011/1011 1014/1014/1014 1015/1015/1015
f 1011/1011/1011 1015/1015/1015 1012/1012/1012
f 1012/1012/1012 1015/1015/1015 1016/1016/1016
f 1013/1013/1013 1017/1017/1017 1014/1014/1014
f 1014/1014/1014 1017/1017/1017 1018/1018/1018
f 1014/1014/1014 1018/1018/1018 1015/1015/1015
f 1015/1015/1015 1018/1018/1018 1019/1019/1019
f 1015/1015/1015 1019/1019/1019 1016/1016/1016
f 1016/1016/1016 1019/1019/1019 1020/1020/1020
f 1017/1017/1017 1021/1021/1021 1018/1018/1018
f 1018/1018/1018 1021/1021/1021 1022/1022/1022
f 1018/1018/1018 1022/1022/1022 1019/1019/1019
f 1019/1019/1019 1022/1022/1022 1023/1023/1023
f 1019/1019/1019 1023/1023/1023 1020/1020/1020
f 1020/1020/1020 1023/1023/1023 1024/1024/1024
f 1021/1021/1021 1025/1025/1025 1022/1022/1022
f 1022/1022/1022 1025/1025/1025 1026/1026/1026
f 1022/1022/1022 1026/1026/1026 1023/1023/1023
f 1023/1023/1023 1026/1026/1026 1027/1027/1027
f 1023/1023/1023 1027/1027/1027 1024/1024/1024
f 1024/1024/1024 1027/1027/1027 1028/1028/1028
f 1025/1025/1025 1029/1029/1029 1026/1026/1026
f 1026/1026/1026 1029/1029/1029 1030/1030/1030
f 1026/1026/1026 1030/1030/1030 1027/1027/1027
f 1027/1027/1027 1030/1030/1030 1031/1031/1031
f 1027/1027/1027 1031/1031/1031 1028/1028/1028
f 1028/1028/1028 1031/1031/1031 1032/1032/1032
f 1029/1029/1029 1033/1033/1033 1030/1030/1030
f 1030/1030/1030 1033/1033/1033 1034/1034/1034
f 1030/1030/1030 1034/1034/1034 1031/1031/1031
f 1031/1031/1031 1034/1034/1034 1035/1035/1035
f 1031/1031/1031 1035/1035/1035 1032/1032/1032
f 1032/1032/1032 1035/1035/1035 1036/1036/1036
f 1033/1033/1033 1037/1037/1037 1034/1034/1034
f 1034/1034/1034 1037/1037/1037 1038/1038/1038
f 1034/1034/1034 1038/1038/1038 1035/1035/1035
f 1035/1035/1035 1038/1038/1038 1039/1039/1039
f 1035/1035/1035 1039/1039/1039 1036/1036/1036
f 1036/1036/1036 1039/1039/1039 1040/1040/1040

# Patch: strap_right_web_a
o strap_right_web_a
usemtl bikini_db851116_material
v 0.069461 1.327000 0.116402
v 0.071154 1.327000 0.117467
v 0.072846 1.327000 0.118533
v 0.074539 1.327000 0.119598
v 0.075086 1.334750 0.107465
v 0.076779 1.334750 0.108530
v 0.078471 1.334750 0.109595
v 0.080164 1.334750 0.110660
v 0.080711 1.342500 0.098527
v 0.082404 1.342500 0.099592
v 0.084096 1.342500 0.100658
v 0.085789 1.342500 0.101723
v 0.086336 1.350250 0.089590
v 0.088029 1.350250 0.090655
v 0.089721 1.350250 0.091720
v 0.091414 1.350250 0.092785
v 0.091961 1.358000 0.080652
v 0.093654 1.358000 0.081717
v 0.095346 1.358000 0.082783
v 0.097039 1.358000 0.083848
v 0.097586 1.365750 0.071715
v 0.099279 1.365750 0.072780
v 0.100971 1.365750 0.073845
v 0.102664 1.365750 0.074910
v 0.103211 1.373500 0.062777
v 0.104904 1.373500 0.063842
v 0.106596 1.373500 0.064908
v 0.108289 1.373500 0.065973
v 0.108836 1.381250 0.053840
v 0.110529 1.381250 0.054905
v 0.112221 1.381250 0.055970
v 0.113914 1.381250 0.057035
v 0.114369 1.389000 0.045059
v 0.116123 1.389000 0.046020
v 0.117877 1.389000 0.046980
v 0.119631 1.389000 0.047941
v 0.120737 1.393571 0.032105
v 0.122531 1.393571 0.032987
v 0.124326 1.393571 0.033870
v 0.126121 1.393571 0.034753
v 0.127165 1.398143 0.019033
v 0.128960 1.398143 0.019916
v 0.130754 1.398143 0.020798
v 0.132549 1.398143 0.021681
v 0.133594 1.402714 0.005962
v 0.135388 1.402714 0.006844
v 0.137183 1.402714 0.007727
v 0.138978 1.402714 0.008610
v 0.140022 1.407286 -0.007110
v 0.141817 1.407286 -0.006227
v 0.143612 1.407286 -0.005344
v 0.145406 1.407286 -0.004462
v 0.146451 1.411857 -0.020181
v 0.148246 1.411857 -0.019298
v 0.150040 1.411857 -0.018416
v 0.151835 1.411857 -0.017533
v 0.152879 1.416429 -0.033253
v 0.154674 1.416429 -0.032370
v 0.156469 1.416429 -0.031487
v 0.158263 1.416429 -0.030605
v 0.159308 1.421000 -0.046324
v 0.161103 1.421000 -0.045441
v 0.162897 1.421000 -0.044559
v 0.164692 1.421000 -0.043676
vn 0.315147 -0.806194 -0.500733
vn 0.315147 -0.806194 -0.500733
vn 0.315147 -0.806194 -0.500733
vn 0.315147 -0.806194 -0.500733
vn 0.315147 -0.806194 -0.500733
vn 0.315147 -0.806194 -0.500733
vn 0.315147 -0.806194 -0.500733
vn 0.315147 -0.806194 -0.500733
vn 0.315147 -0.806194 -0.500733
vn 0.315147 -0.806194 -0.500733
vn 0.315147 -0.806194 -0.500733
vn 0.315147 -0.806194 -0.500733
vn 0.315147 -0.806194 -0.500733
vn 0.315147 -0.806194 -0.500733
vn 0.315147 -0.806194 -0.500733
vn 0.315147 -0.806194 -0.500733
vn 0.315147 -0.806194 -0.500733
vn 0.315147 -0.806194 -0.500733
vn 0.315147 -0.806194 -0.500733
vn 0.315147 -0.806194 -0.500733
vn 0.315147 -0.806194 -0.500733
vn 0.315147 -0.806194 -0.500733
vn 0.315147 -0.806194 -0.500733
vn 0.315147 -0.806194 -0.500733
vn 0.315147 -0.806194 -0.500733
vn 0.315147 -0.806194 -0.500733
vn 0.315147 -0.806194 -0.500733
vn 0.315147 -0.806194 -0.500733
vn 0.316326 -0.804564 -0.502607
vn 0.311045 -0.804822 -0.505482
vn 0.309885 -0.806450 -0.503597
vn 0.303483 -0.808283 -0.504556
vn 0.247546 -0.869270 -0.427891
vn 0.215010 -0.897137 -0.385896
vn 0.213571 -0.898587 -0.383313
vn 0.182706 -0.921306 -0.343240
vn 0.136582 -0.953763 -0.267733
vn 0.134174 -0.954073 -0.267846
vn 0.133806 -0.954331 -0.267111
vn 0.131782 -0.954376 -0.267956
vn 0.132144 -0.954119 -0.268692
vn 0.132144 -0.954119 -0.268692
vn 0.132144 -0.954119 -0.268692
vn 0.132144 -0.954119 -0.268692
vn 0.132144 -0.954119 -0.268692
vn 0.132144 -0.954119 -0.268692
vn 0.132144 -0.954119 -0.268692
vn 0.132144 -0.954119 -0.268692
vn 0.132144 -0.954119 -0.268692
vn 0.132144 -0.954119 -0.268692
vn 0.132144 -0.954119 -0.268692
vn 0.132144 -0.954119 -0.268692
vn 0.132144 -0.954119 -0.268692
vn 0.132144 -0.954119 -0.268692
vn 0.132144 -0.954119 -0.268692
vn 0.132144 -0.954119 -0.268692
vn 0.132144 -0.954119 -0.268692
vn 0.132144 -0.954119 -0.268692
vn 0.132144 -0.954119 -0.268692
vn 0.132144 -0.954119 -0.268692
vn 0.132144 -0.954119 -0.268692
vn 0.132144 -0.954119 -0.268692
vn 0.132144 -0.954119 -0.268692
vn 0.132144 -0.954119 -0.268692
vt 0.216000 0.265000
vt 0.216000 0.340000
vt 0.216000 0.415000
vt 0.216000 0.490000
vt 0.227733 0.265000
vt 0.227733 0.340000
vt 0.227733 0.415000
vt 0.227733 0.490000
vt 0.239467 0.265000
vt 0.239467 0.340000
vt 0.239467 0.415000
vt 0.239467 0.490000
vt 0.251200 0.265000
vt 0.251200 0.340000
vt 0.251200 0.415000
vt 0.251200 0.490000
vt 0.262933 0.265000
vt 0.262933 0.340000
vt 0.262933 0.415000
vt 0.262933 0.490000
vt 0.274667 0.265000
vt 0.274667 0.340000
vt 0.274667 0.415000
vt 0.274667 0.490000
vt 0.286400 0.265000
vt 0.286400 0.340000
vt 0.286400 0.415000
vt 0.286400 0.490000
vt 0.298133 0.265000
vt 0.298133 0.340000
vt 0.298133 0.415000
vt 0.298133 0.490000
vt 0.309867 0.265000
vt 0.309867 0.340000
vt 0.309867 0.415000
vt 0.309867 0.490000
vt 0.321600 0.265000
vt 0.321600 0.340000
vt 0.321600 0.415000
vt 0.321600 0.490000
vt 0.333333 0.265000
vt 0.333333 0.340000
vt 0.333333 0.415000
vt 0.333333 0.490000
vt 0.345067 0.265000
vt 0.345067 0.340000
vt 0.345067 0.415000
vt 0.345067 0.490000
vt 0.356800 0.265000
vt 0.356800 0.340000
vt 0.356800 0.415000
vt 0.356800 0.490000
vt 0.368533 0.265000
vt 0.368533 0.340000
vt 0.368533 0.415000
vt 0.368533 0.490000
vt 0.380267 0.265000
vt 0.380267 0.340000
vt 0.380267 0.415000
vt 0.380267 0.490000
vt 0.392000 0.265000
vt 0.392000 0.340000
vt 0.392000 0.415000
vt 0.392000 0.490000
f 1041/1041/1041 1045/1045/1045 1042/1042/1042
f 1042/1042/1042 1045/1045/1045 1046/1046/1046
f 1042/1042/1042 1046/1046/1046 1043/1043/1043
f 1043/1043/1043 1046/1046/1046 1047/1047/1047
f 1043/1043/1043 1047/1047/1047 1044/1044/1044
f 1044/1044/1044 1047/1047/1047 1048/1048/1048
f 1045/1045/1045 1049/1049/1049 1046/1046/1046
f 1046/1046/1046 1049/1049/1049 1050/1050/1050
f 1046/1046/1046 1050/1050/1050 1047/1047/1047
f 1047/1047/1047 1050/1050/1050 1051/1051/1051
f 1047/1047/1047 1051/1051/1051 1048/1048/1048
f 1048/1048/1048 1051/1051/1051 1052/1052/1052
f 1049/1049/1049 1053/1053/1053 1050/1050/1050
f 1050/1050/1050 1053/1053/1053 1054/1054/1054
f 1050/1050/1050 1054/1054/1054 1051/1051/1051
f 1051/1051/1051 1054/1054/1054 1055/1055/1055
f 1051/1051/1051 1055/1055/1055 1052/1052/1052
f 1052/1052/1052 1055/1055/1055 1056/1056/1056
f 1053/1053/1053 1057/1057/1057 1054/1054/1054
f 1054/1054/1054 1057/1057/1057 1058/1058/1058
f 1054/1054/1054 1058/1058/1058 1055/1055/1055
f 1055/1055/1055 1058/1058/1058 1059/1059/1059
f 1055/1055/1055 1059/1059/1059 1056/1056/1056
f 1056/1056/1056 1059/1059/1059 1060/1060/1060
f 1057/1057/1057 1061/1061/1061 1058/1058/1058
f 1058/1058/1058 1061/1061/1061 1062/1062/1062
f 1058/1058/1058 1062/1062/1062 1059/1059/1059
f 1059/1059/1059 1062/1062/1062 1063/1063/1063
f 1059/1059/1059 1063/1063/1063 1060/1060/1060
f 1060/1060/1060 1063/1063/1063 1064/1064/1064
f 1061/1061/1061 1065/1065/1065 1062/1062/1062
f 1062/1062/1062 1065/1065/1065 1066/1066/1066
f 1062/1062/1062 1066/1066/1066 1063/1063/1063
f 1063/1063/1063 1066/1066/1066 1067/1067/1067
f 1063/1063/1063 1067/1067/1067 1064/1064/1064
f 1064/1064/1064 1067/1067/1067 1068/1068/1068
f 1065/1065/1065 1069/1069/1069 1066/1066/1066
f 1066/1066/1066 1069/1069/1069 1070/1070/1070
f 1066/1066/1066 1070/1070/1070 1067/1067/1067
f 1067/1067/1067 1070/1070/1070 1071/1071/1071
f 1067/1067/1067 1071/1071/1071 1068/1068/1068
f 1068/1068/1068 1071/1071/1071 1072/1072/1072
f 1069/1069/1069 1073/1073/1073 1070/1070/1070
f 1070/1070/1070 1073/1073/1073 1074/1074/1074
f 1070/1070/1070 1074/1074/1074 1071/1071/1071
f 1071/1071/1071 1074/1074/1074 1075/1075/1075
f 1071/1071/1071 1075/1075/1075 1072/1072/1072
f 1072/1072/1072 1075/1075/1075 1076/1076/1076
f 1073/1073/1073 1077/1077/1077 1074/1074/1074
f 1074/1074/1074 1077/1077/1077 1078/1078/1078
f 1074/1074/1074 1078/1078/1078 1075/1075/1075
f 1075/1075/1075 1078/1078/1078 1079/1079/1079
f 1075/1075/1075 1079/1079/1079 1076/1076/1076
f 1076/1076/1076 1079/1079/1079 1080/1080/1080
f 1077/1077/1077 1081/1081/1081 1078/1078/1078
f 1078/1078/1078 1081/1081/1081 1082/1082/1082
f 1078/1078/1078 1082/1082/1082 1079/1079/1079
f 1079/1079/1079 1082/1082/1082 1083/1083/1083
f 1079/1079/1079 1083/1083/1083 1080/1080/1080
f 1080/1080/1080 1083/1083/1083 1084/1084/1084
f 1081/1081/1081 1085/1085/1085 1082/1082/1082
f 1082/1082/1082 1085/1085/1085 1086/1086/1086
f 1082/1082/1082 1086/1086/1086 1083/1083/1083
f 1083/1083/1083 1086/1086/1086 1087/1087/1087
f 1083/1083/1083 1087/1087/1087 1084/1084/1084
f 1084/1084/1084 1087/1087/1087 1088/1088/1088
f 1085/1085/1085 1089/1089/1089 1086/1086/1086
f 1086/1086/1086 1089/1089/1089 1090/1090/1090
f 1086/1086/1086 1090/1090/1090 1087/1087/1087
f 1087/1087/1087 1090/1090/1090 1091/1091/1091
f 1087/1087/1087 1091/1091/1091 1088/1088/1088
f 1088/1088/1088 1091/1091/1091 1092/1092/1092
f 1089/1089/1089 1093/1093/1093 1090/1090/1090
f 1090/1090/1090 1093/1093/1093 1094/1094/1094
f 1090/1090/1090 1094/1094/1094 1091/1091/1091
f 1091/1091/1091 1094/1094/1094 1095/1095/1095
f 1091/1091/1091 1095/1095/1095 1092/1092/1092
f 1092/1092/1092 1095/1095/1095 1096/1096/1096
f 1093/1093/1093 1097/1097/1097 1094/1094/1094
f 1094/1094/1094 1097/1097/1097 1098/1098/1098
f 1094/1094/1094 1098/1098/1098 1095/1095/1095
f 1095/1095/1095 1098/1098/1098 1099/1099/1099
f 1095/1095/1095 1099/1099/1099 1096/1096/1096
f 1096/1096/1096 1099/1099/1099 1100/1100/1100
f 1097/1097/1097 1101/1101/1101 1098/1098/1098
f 1098/1098/1098 1101/1101/1101 1102/1102/1102
f 1098/1098/1098 1102/1102/1102 1099/1099/1099
f 1099/1099/1099 1102/1102/1102 1103/1103/1103
f 1099/1099/1099 1103/1103/1103 1100/1100/1100
f 1100/1100/1100 1103/1103/1103 1104/1104/1104

# Patch: strap_right_web_b
o strap_right_web_b
usemtl bikini_db851116_material
v 0.113179 1.303000 0.080978
v 0.115060 1.303000 0.081659
v 0.116940 1.303000 0.082341
v 0.118821 1.303000 0.083022
v 0.116246 1.310867 0.072512
v 0.118126 1.310867 0.073193
v 0.120007 1.310867 0.073874
v 0.121887 1.310867 0.074555
v 0.119313 1.318733 0.064045
v 0.121193 1.318733 0.064726
v 0.123074 1.318733 0.065407
v 0.124954 1.318733 0.066088
v 0.122379 1.326600 0.055578
v 0.124260 1.326600 0.056259
v 0.126140 1.326600 0.056941
v 0.128021 1.326600 0.057622
v 0.125446 1.334467 0.047112
v 0.127326 1.334467 0.047793
v 0.129207 1.334467 0.048474
v 0.131087 1.334467 0.049155
v 0.128513 1.342333 0.038645
v 0.130393 1.342333 0.039326
v 0.132274 1.342333 0.040007
v 0.134154 1.342333 0.040688
v 0.131579 1.350200 0.030178
v 0.133460 1.350200 0.030859
v 0.135340 1.350200 0.031541
v 0.137221 1.350200 0.032222
v 0.134646 1.358067 0.021712
v 0.136526 1.358067 0.022393
v 0.138407 1.358067 0.023074
v 0.140287 1.358067 0.023755
v 0.137713 1.365933 0.013245
v 0.139593 1.365933 0.013926
v 0.141474 1.365933 0.014607
v 0.143354 1.365933 0.015288
v 0.140779 1.373800 0.004778
v 0.142660 1.373800 0.005459
v 0.144540 1.373800 0.006141
v 0.146421 1.373800 0.006822
v 0.143846 1.381667 -0.003688
v 0.145726 1.381667 -0.003007
v 0.147607 1.381667 -0.002326
v 0.149487 1.381667 -0.001645
v 0.146913 1.389533 -0.012155
v 0.148793 1.389533 -0.011474
v 0.150674 1.389533 -0.010793
v 0.152554 1.389533 -0.010112
v 0.149979 1.397400 -0.020622
v 0.151860 1.397400 -0.019941
v 0.153740 1.397400 -0.019259
v 0.155621 1.397400 -0.018578
v 0.153046 1.405267 -0.029088
v 0.154926 1.405267 -0.028407
v 0.156807 1.405267 -0.027726
v 0.158687 1.405267 -0.027045
v 0.156113 1.413133 -0.037555
v 0.157993 1.413133 -0.036874
v 0.159874 1.413133 -0.036193
v 0.161754 1.413133 -0.035512
v 0.159179 1.421000 -0.046022
v 0.161060 1.421000 -0.045341
v 0.162940 1.421000 -0.044659
v 0.164821 1.421000 -0.043978
vn 0.224052 -0.753101 -0.618579
vn 0.224052 -0.753101 -0.618579
vn 0.224052 -0.753101 -0.618579
vn 0.224052 -0.753101 -0.618579
vn 0.224052 -0.753101 -0.618579
vn 0.224052 -0.753101 -0.618579
vn 0.224052 -0.753101 -0.618579
vn 0.224052 -0.753101 -0.618579
vn 0.224052 -0.753101 -0.618579
vn 0.224052 -0.753101 -0.618579
vn 0.224052 -0.753101 -0.618579
vn 0.224052 -0.753101 -0.618579
vn 0.224052 -0.753101 -0.618579
vn 0.224052 -0.753101 -0.618579
vn 0.224052 -0.753101 -0.618579
vn 0.224052 -0.753101 -0.618579
vn 0.224052 -0.753101 -0.618579
vn 0.224052 -0.753101 -0.618579
vn 0.224052 -0.753101 -0.618579
vn 0.224052 -0.753101 -0.618579
vn 0.224052 -0.753101 -0.618579
vn 0.224052 -0.753101 -0.618579
vn 0.224052 -0.753101 -0.618579
vn 0.224052 -0.753101 -0.618579
vn 0.224052 -0.753101 -0.618579
vn 0.224052 -0.753101 -0.618579
vn 0.224052 -0.753101 -0.618579
vn 0.224052 -0.753101 -0.618579
vn 0.224052 -0.753101 -0.618579
vn 0.224052 -0.753101 -0.618579
vn 0.224052 -0.753101 -0.618579
vn 0.224052 -0.753101 -0.618579
vn 0.224052 -0.753101 -0.618579
vn 0.224052 -0.753101 -0.618579
vn 0.224052 -0.753101 -0.618579
vn 0.224052 -0.753101 -0.618579
vn 0.224052 -0.753101 -0.618579
vn 0.224052 -0.753101 -0.618579
vn 0.224052 -0.753101 -0.618579
vn 0.224052 -0.753101 -0.618579
vn 0.224052 -0.753101 -0.618579
vn 0.224052 -0.753101 -0.618579
vn 0.224052 -0.753101 -0.618579
vn 0.224052 -0.753101 -0.618579
vn 0.224052 -0.753101 -0.618579
vn 0.224052 -0.753101 -0.618579
vn 0.224052 -0.753101 -0.618579
vn 0.224052 -0.753101 -0.618579
vn 0.224052 -0.753101 -0.618579
vn 0.224052 -0.753101 -0.618579
vn 0.224052 -0.753101 -0.618579
vn 0.224052 -0.753101 -0.618579
vn 0.224052 -0.753101 -0.618579
vn 0.224052 -0.753101 -0.618579
vn 0.224052 -0.753101 -0.618579
vn 0.224052 -0.753101 -0.618579
vn 0.224052 -0.753101 -0.618579
vn 0.224052 -0.753101 -0.618579
vn 0.224052 -0.753101 -0.618579
vn 0.224052 -0.753101 -0.618579
vn 0.224052 -0.753101 -0.618579
vn 0.224052 -0.753101 -0.618579
vn 0.224052 -0.753101 -0.618579
vn 0.224052 -0.753101 -0.618579
vt 0.412000 0.265000
vt 0.412000 0.340000
vt 0.412000 0.415000
vt 0.412000 0.490000
vt 0.423733 0.265000
vt 0.423733 0.340000
vt 0.423733 0.415000
vt 0.423733 0.490000
vt 0.435467 0.265000
vt 0.435467 0.340000
vt 0.435467 0.415000
vt 0.435467 0.490000
vt 0.447200 0.265000
vt 0.447200 0.340000
vt 0.447200 0.415000
vt 0.447200 0.490000
vt 0.458933 0.265000
vt 0.458933 0.340000
vt 0.458933 0.415000
vt 0.458933 0.490000
vt 0.470667 0.265000
vt 0.470667 0.340000
vt 0.470667 0.415000
vt 0.470667 0.490000
vt 0.482400 0.265000
vt 0.482400 0.340000
vt 0.482400 0.415000
vt 0.482400 0.490000
vt 0.494133 0.265000
vt 0.494133 0.340000
vt 0.494133 0.415000
vt 0.494133 0.490000
vt 0.505867 0.265000
vt 0.505867 0.340000
vt 0.505867 0.415000
vt 0.505867 0.490000
vt 0.517600 0.265000
vt 0.517600 0.340000
vt 0.517600 0.415000
vt 0.517600 0.490000
vt 0.529333 0.265000
vt 0.529333 0.340000
vt 0.529333 0.415000
vt 0.529333 0.490000
vt 0.541067 0.265000
vt 0.541067 0.340000
vt 0.541067 0.415000
vt 0.541067 0.490000
vt 0.552800 0.265000
vt 0.552800 0.340000
vt 0.552800 0.415000
vt 0.552800 0.490000
vt 0.564533 0.265000
vt 0.564533 0.340000
vt 0.564533 0.415000
vt 0.564533 0.490000
vt 0.576267 0.265000
vt 0.576267 0.340000
vt 0.576267 0.415000
vt 0.576267 0.490000
vt 0.588000 0.265000
vt 0.588000 0.340000
vt 0.588000 0.415000
vt 0.588000 0.490000
f 1105/1105/1105 1109/1109/1109 1106/1106/1106
f 1106/1106/1106 1109/1109/1109 1110/1110/1110
f 1106/1106/1106 1110/1110/1110 1107/1107/1107
f 1107/1107/1107 1110/1110/1110 1111/1111/1111
f 1107/1107/1107 1111/1111/1111 1108/1108/1108
f 1108/1108/1108 1111/1111/1111 1112/1112/1112
f 1109/1109/1109 1113/1113/1113 1110/1110/1110
f 1110/1110/1110 1113/1113/1113 1114/1114/1114
f 1110/1110/1110 1114/1114/1114 1111/1111/1111
f 1111/1111/1111 1114/1114/1114 1115/1115/1115
f 1111/1111/1111 1115/1115/1115 1112/1112/1112
f 1112/1112/1112 1115/1115/1115 1116/1116/1116
f 1113/1113/1113 1117/1117/1117 1114/1114/1114
f 1114/1114/1114 1117/1117/1117 1118/1118/1118
f 1114/1114/1114 1118/1118/1118 1115/1115/1115
f 1115/1115/1115 1118/1118/1118 1119/1119/1119
f 1115/1115/1115 1119/1119/1119 1116/1116/1116
f 1116/1116/1116 1119/1119/1119 1120/1120/1120
f 1117/1117/1117 1121/1121/1121 1118/1118/1118
f 1118/1118/1118 1121/1121/1121 1122/1122/1122
f 1118/1118/1118 1122/1122/1122 1119/1119/1119
f 1119/1119/1119 1122/1122/1122 1123/1123/1123
f 1119/1119/1119 1123/1123/1123 1120/1120/1120
f 1120/1120/1120 1123/1123/1123 1124/1124/1124
f 1121/1121/1121 1125/1125/1125 1122/1122/1122
f 1122/1122/1122 1125/1125/1125 1126/1126/1126
f 1122/1122/1122 1126/1126/1126 1123/1123/1123
f 1123/1123/1123 1126/1126/1126 1127/1127/1127
f 1123/1123/1123 1127/1127/1127 1124/1124/1124
f 1124/1124/1124 1127/1127/1127 1128/1128/1128
f 1125/1125/1125 1129/1129/1129 1126/1126/1126
f 1126/1126/1126 1129/1129/1129 1130/1130/1130
f 1126/1126/1126 1130/1130/1130 1127/1127/1127
f 1127/1127/1127 1130/1130/1130 1131/1131/1131
f 1127/1127/1127 1131/1131/1131 1128/1128/1128
f 1128/1128/1128 1131/1131/1131 1132/1132/1132
f 1129/1129/1129 1133/1133/1133 1130/1130/1130
f 1130/1130/1130 1133/1133/1133 1134/1134/1134
f 1130/1130/1130 1134/1134/1134 1131/1131/1131
f 1131/1131/1131 1134/1134/1134 1135/1135/1135
f 1131/1131/1131 1135/1135/1135 1132/1132/1132
f 1132/1132/1132 1135/1135/1135 1136/1136/1136
f 1133/1133/1133 1137/1137/1137 1134/1134/1134
f 1134/1134/1134 1137/1137/1137 1138/1138/1138
f 1134/1134/1134 1138/1138/1138 1135/1135/1135
f 1135/1135/1135 1138/1138/1138 1139/1139/1139
f 1135/1135/1135 1139/1139/1139 1136/1136/1136
f 1136/1136/1136 1139/1139/1139 1140/1140/1140
f 1137/1137/1137 1141/1141/1141 1138/1138/1138
f 1138/1138/1138 1141/1141/1141 1142/1142/1142
f 1138/1138/1138 1142/1142/1142 1139/1139/1139
f 1139/1139/1139 1142/1142/1142 1143/1143/1143
f 1139/1139/1139 1143/1143/1143 1140/1140/1140
f 1140/1140/1140 1143/1143/1143 1144/1144/1144
f 1141/1141/1141 1145/1145/1145 1142/1142/1142
f 1142/1142/1142 1145/1145/1145 1146/1146/1146
f 1142/1142/1142 1146/1146/1146 1143/1143/1143
f 1143/1143/1143 1146/1146/1146 1147/1147/1147
f 1143/1143/1143 1147/1147/1147 1144/1144/1144
f 1144/1144/1144 1147/1147/1147 1148/1148/1148
f 1145/1145/1145 1149/1149/1149 1146/1146/1146
f 1146/1146/1146 1149/1149/1149 1150/1150/1150
f 1146/1146/1146 1150/1150/1150 1147/1147/1147
f 1147/1147/1147 1150/1150/1150 1151/1151/1151
f 1147/1147/1147 1151/1151/1151 1148/1148/1148
f 1148/1148/1148 1151/1151/1151 1152/1152/1152
f 1149/1149/1149 1153/1153/1153 1150/1150/1150
f 1150/1150/1150 1153/1153/1153 1154/1154/1154
f 1150/1150/1150 1154/1154/1154 1151/1151/1151
f 1151/1151/1151 1154/1154/1154 1155/1155/1155
f 1151/1151/1151 1155/1155/1155 1152/1152/1152
f 1152/1152/1152 1155/1155/1155 1156/1156/1156
f 1153/1153/1153 1157/1157/1157 1154/1154/1154
f 1154/1154/1154 1157/1157/1157 1158/1158/1158
f 1154/1154/1154 1158/1158/1158 1155/1155/1155
f 1155/1155/1155 1158/1158/1158 1159/1159/1159
f 1155/1155/1155 1159/1159/1159 1156/1156/1156
f 1156/1156/1156 1159/1159/1159 1160/1160/1160
f 1157/1157/1157 1161/1161/1161 1158/1158/1158
f 1158/1158/1158 1161/1161/1161 1162/1162/1162
f 1158/1158/1158 1162/1162/1162 1159/1159/1159
f 1159/1159/1159 1162/1162/1162 1163/1163/1163
f 1159/1159/1159 1163/1163/1163 1160/1160/1160
f 1160/1160/1160 1163/1163/1163 1164/1164/1164
f 1161/1161/1161 1165/1165/1165 1162/1162/1162
f 1162/1162/1162 1165/1165/1165 1166/1166/1166
f 1162/1162/1162 1166/1166/1166 1163/1163/1163
f 1163/1163/1163 1166/1166/1166 1167/1167/1167
f 1163/1163/1163 1167/1167/1167 1164/1164/1164
f 1164/1164/1164 1167/1167/1167 1168/1168/1168

# Patch: strap_right_web_c
o strap_right_web_c
usemtl bikini_db851116_material
v 0.069374 1.327000 0.116550
v 0.071125 1.327000 0.117517
v 0.072875 1.327000 0.118483
v 0.074626 1.327000 0.119450
v 0.080624 1.338750 0.096175
v 0.082375 1.338750 0.097142
v 0.084125 1.338750 0.098108
v 0.085876 1.338750 0.099075
v 0.091874 1.350500 0.075800
v 0.093625 1.350500 0.076767
v 0.095375 1.350500 0.077733
v 0.097126 1.350500 0.078700
v 0.103124 1.362250 0.055425
v 0.104875 1.362250 0.056392
v 0.106625 1.362250 0.057358
v 0.108376 1.362250 0.058325
v 0.114374 1.374000 0.035050
v 0.116125 1.374000 0.036017
v 0.117875 1.374000 0.036983
v 0.119626 1.374000 0.037950
v 0.125624 1.385750 0.014675
v 0.127375 1.385750 0.015642
v 0.129125 1.385750 0.016608
v 0.130876 1.385750 0.017575
v 0.136874 1.397500 -0.005700
v 0.138625 1.397500 -0.004733
v 0.140375 1.397500 -0.003767
v 0.142126 1.397500 -0.002800
v 0.148124 1.409250 -0.026075
v 0.149875 1.409250 -0.025108
v 0.151625 1.409250 -0.024142
v 0.153376 1.409250 -0.023175
v 0.159193 1.421000 -0.043942
v 0.161064 1.421000 -0.044647
v 0.162936 1.421000 -0.045353
v 0.164807 1.421000 -0.046058
v 0.138959 1.411571 -0.050329
v 0.139653 1.411571 -0.052205
v 0.140347 1.411571 -0.054081
v 0.141041 1.411571 -0.055956
v 0.116959 1.402143 -0.058472
v 0.117653 1.402143 -0.060348
v 0.118347 1.402143 -0.062224
v 0.119041 1.402143 -0.064099
v 0.094959 1.392714 -0.066615
v 0.095653 1.392714 -0.068491
v 0.096347 1.392714 -0.070366
v 0.097041 1.392714 -0.072242
v 0.072959 1.383286 -0.074758
v 0.073653 1.383286 -0.076634
v 0.074347 1.383286 -0.078509
v 0.075041 1.383286 -0.080385
v 0.050959 1.373857 -0.082901
v 0.051653 1.373857 -0.084776
v 0.052347 1.373857 -0.086652
v 0.053041 1.373857 -0.088528
v 0.028959 1.364429 -0.091044
v 0.029653 1.364429 -0.092919
v 0.030347 1.364429 -0.094795
v 0.031041 1.364429 -0.096671
v 0.006959 1.355000 -0.099187
v 0.007653 1.355000 -0.101062
v 0.008347 1.355000 -0.102938
v 0.009041 1.355000 -0.104813
vn 0.217836 -0.892691 -0.394526
vn 0.217836 -0.892691 -0.394526
vn 0.217836 -0.892691 -0.394526
vn 0.217836 -0.892691 -0.394526
vn 0.217836 -0.892691 -0.394526
vn 0.217836 -0.892691 -0.394526
vn 0.217836 -0.892691 -0.394526
vn 0.217836 -0.892691 -0.394526
vn 0.217836 -0.892691 -0.394526
vn 0.217836 -0.892691 -0.394526
vn 0.217836 -0.892691 -0.394526
vn 0.217836 -0.892691 -0.394526
vn 0.217836 -0.892691 -0.394526
vn 0.217836 -0.892691 -0.394526
vn 0.217836 -0.892691 -0.394526
vn 0.217836 -0.892691 -0.394526
vn 0.217836 -0.892691 -0.394526
vn 0.217836 -0.892691 -0.394526
vn 0.217836 -0.892691 -0.394526
vn 0.217836 -0.892691 -0.394526
vn 0.217836 -0.892691 -0.394526
vn 0.217836 -0.892691 -0.394526
vn 0.217836 -0.892691 -0.394526
vn 0.217836 -0.892691 -0.394526
vn 0.217836 -0.892691 -0.394526
vn 0.217836 -0.892691 -0.394526
vn 0.217836 -0.892691 -0.394526
vn 0.217836 -0.892691 -0.394526
vn 0.223644 -0.886523 -0.405045
vn 0.168231 -0.885547 -0.433018
vn 0.163624 -0.892105 -0.421160
vn 0.099726 -0.894229 -0.436359
vn 0.096723 -0.963942 -0.247911
vn 0.123211 -0.986419 -0.108614
vn 0.113463 -0.988495 -0.100022
vn 0.134194 -0.990784 0.018408
vn 0.324534 -0.915602 0.237382
vn 0.333677 -0.925962 0.176791
vn 0.324110 -0.930303 0.171722
vn 0.340290 -0.931847 0.125952
vn 0.349741 -0.927860 0.129450
vn 0.349741 -0.927860 0.129450
vn 0.349741 -0.927860 0.129450
vn 0.349741 -0.927860 0.129450
vn 0.349741 -0.927860 0.129450
vn 0.349741 -0.927860 0.129450
vn 0.349741 -0.927860 0.129450
vn 0.349741 -0.927860 0.129450
vn 0.349741 -0.927860 0.129450
vn 0.349741 -0.927860 0.129450
vn 0.349741 -0.927860 0.129450
vn 0.349741 -0.927860 0.129450
vn 0.349741 -0.927860 0.129450
vn 0.349741 -0.927860 0.129450
vn 0.349741 -0.927860 0.129450
vn 0.349741 -0.927860 0.129450
vn 0.349741 -0.927860 0.129450
vn 0.349741 -0.927860 0.129450
vn 0.349741 -0.927860 0.129450
vn 0.349741 -0.927860 0.129450
vn 0.349741 -0.927860 0.129450
vn 0.349741 -0.927860 0.129450
vn 0.349741 -0.927860 0.129450
vn 0.349741 -0.927860 0.129450
vt 0.608000 0.265000
vt 0.608000 0.340000
vt 0.608000 0.415000
vt 0.608000 0.490000
vt 0.619733 0.265000
vt 0.619733 0.340000
vt 0.619733 0.415000
vt 0.619733 0.490000
vt 0.631467 0.265000
vt 0.631467 0.340000
vt 0.631467 0.415000
vt 0.631467 0.490000
vt 0.643200 0.265000
vt 0.643200 0.340000
vt 0.643200 0.415000
vt 0.643200 0.490000
vt 0.654933 0.265000
vt 0.654933 0.340000
vt 0.654933 0.415000
vt 0.654933 0.490000
vt 0.666667 0.265000
vt 0.666667 0.340000
vt 0.666667 0.415000
vt 0.666667 0.490000
vt 0.678400 0.265000
vt 0.678400 0.340000
vt 0.678400 0.415000
vt 0.678400 0.490000
vt 0.690133 0.265000
vt 0.690133 0.340000
vt 0.690133 0.415000
vt 0.690133 0.490000
vt 0.701867 0.265000
vt 0.701867 0.340000
vt 0.701867 0.415000
vt 0.701867 0.490000
vt 0.713600 0.265000
vt 0.713600 0.340000
vt 0.713600 0.415000
vt 0.713600 0.490000
vt 0.725333 0.265000
vt 0.725333 0.340000
vt 0.725333 0.415000
vt 0.725333 0.490000
vt 0.737067 0.265000
vt 0.737067 0.340000
vt 0.737067 0.415000
vt 0.737067 0.490000
vt 0.748800 0.265000
vt 0.748800 0.340000
vt 0.748800 0.415000
vt 0.748800 0.490000
vt 0.760533 0.265000
vt 0.760533 0.340000
vt 0.760533 0.415000
vt 0.760533 0.490000
vt 0.772267 0.265000
vt 0.772267 0.340000
vt 0.772267 0.415000
vt 0.772267 0.490000
vt 0.784000 0.265000
vt 0.784000 0.340000
vt 0.784000 0.415000
vt 0.784000 0.490000
f 1169/1169/1169 1173/1173/1173 1170/1170/1170
f 1170/1170/1170 1173/1173/1173 1174/1174/1174
f 1170/1170/1170 1174/1174/1174 1171/1171/1171
f 1171/1171/1171 1174/1174/1174 1175/1175/1175
f 1171/1171/1171 1175/1175/1175 1172/1172/1172
f 1172/1172/1172 1175/1175/1175 1176/1176/1176
f 1173/1173/1173 1177/1177/1177 1174/1174/1174
f 1174/1174/1174 1177/1177/1177 1178/1178/1178
f 1174/1174/1174 1178/1178/1178 1175/1175/1175
f 1175/1175/1175 1178/1178/1178 1179/1179/1179
f 1175/1175/1175 1179/1179/1179 1176/1176/1176
f 1176/1176/1176 1179/1179/1179 1180/1180/1180
f 1177/1177/1177 1181/1181/1181 1178/1178/1178
f 1178/1178/1178 1181/1181/1181 1182/1182/1182
f 1178/1178/1178 1182/1182/1182 1179/1179/1179
f 1179/1179/1179 1182/1182/1182 1183/1183/1183
f 1179/1179/1179 1183/1183/1183 1180/1180/1180
f 1180/1180/1180 1183/1183/1183 1184/1184/1184
f 1181/1181/1181 1185/1185/1185 1182/1182/1182
f 1182/1182/1182 1185/1185/1185 1186/1186/1186
f 1182/1182/1182 1186/1186/1186 1183/1183/1183
f 1183/1183/1183 1186/1186/1186 1187/1187/1187
f 1183/1183/1183 1187/1187/1187 1184/1184/1184
f 1184/1184/1184 1187/1187/1187 1188/1188/1188
f 1185/1185/1185 1189/1189/1189 1186/1186/1186
f 1186/1186/1186 1189/1189/1189 1190/1190/1190
f 1186/1186/1186 1190/1190/1190 1187/1187/1187
f 1187/1187/1187 1190/1190/1190 1191/1191/1191
f 1187/1187/1187 1191/1191/1191 1188/1188/1188
f 1188/1188/1188 1191/1191/1191 1192/1192/1192
f 1189/1189/1189 1193/1193/1193 1190/1190/1190
f 1190/1190/1190 1193/1193/1193 1194/1194/1194
f 1190/1190/1190 1194/1194/1194 1191/1191/1191
f 1191/1191/1191 1194/1194/1194 1195/1195/1195
f 1191/1191/1191 1195/1195/1195 1192/1192/1192
f 1192/1192/1192 1195/1195/1195 1196/1196/1196
f 1193/1193/1193 1197/1197/1197 1194/1194/1194
f 1194/1194/1194 1197/1197/1197 1198/1198/1198
f 1194/1194/1194 1198/1198/1198 1195/1195/1195
f 1195/1195/1195 1198/1198/1198 1199/1199/1199
f 1195/1195/1195 1199/1199/1199 1196/1196/1196
f 1196/1196/1196 1199/1199/1199 1200/1200/1200
f 1197/1197/1197 1201/1201/1201 1198/1198/1198
f 1198/1198/1198 1201/1201/1201 1202/1202/1202
f 1198/1198/1198 1202/1202/1202 1199/1199/1199
f 1199/1199/1199 1202/1202/1202 1203/1203/1203
f 1199/1199/1199 1203/1203/1203 1200/1200/1200
f 1200/1200/1200 1203/1203/1203 1204/1204/1204
f 1201/1201/1201 1205/1205/1205 1202/1202/1202
f 1202/1202/1202 1205/1205/1205 1206/1206/1206
f 1202/1202/1202 1206/1206/1206 1203/1203/1203
f 1203/1203/1203 1206/1206/1206 1207/1207/1207
f 1203/1203/1203 1207/1207/1207 1204/1204/1204
f 1204/1204/1204 1207/1207/1207 1208/1208/1208
f 1205/1205/1205 1209/1209/1209 1206/1206/1206
f 1206/1206/1206 1209/1209/1209 1210/1210/1210
f 1206/1206/1206 1210/1210/1210 1207/1207/1207
f 1207/1207/1207 1210/1210/1210 1211/1211/1211
f 1207/1207/1207 1211/1211/1211 1208/1208/1208
f 1208/1208/1208 1211/1211/1211 1212/1212/1212
f 1209/1209/1209 1213/1213/1213 1210/1210/1210
f 1210/1210/1210 1213/1213/1213 1214/1214/1214
f 1210/1210/1210 1214/1214/1214 1211/1211/1211
f 1211/1211/1211 1214/1214/1214 1215/1215/1215
f 1211/1211/1211 1215/1215/1215 1212/1212/1212
f 1212/1212/1212 1215/1215/1215 1216/1216/1216
f 1213/1213/1213 1217/1217/1217 1214/1214/1214
f 1214/1214/1214 1217/1217/1217 1218/1218/1218
f 1214/1214/1214 1218/1218/1218 1215/1215/1215
f 1215/1215/1215 1218/1218/1218 1219/1219/1219
f 1215/1215/1215 1219/1219/1219 1216/1216/1216
f 1216/1216/1216 1219/1219/1219 1220/1220/1220
f 1217/1217/1217 1221/1221/1221 1218/1218/1218
f 1218/1218/1218 1221/1221/1221 1222/1222/1222
f 1218/1218/1218 1222/1222/1222 1219/1219/1219
f 1219/1219/1219 1222/1222/1222 1223/1223/1223
f 1219/1219/1219 1223/1223/1223 1220/1220/1220
f 1220/1220/1220 1223/1223/1223 1224/1224/1224
f 1221/1221/1221 1225/1225/1225 1222/1222/1222
f 1222/1222/1222 1225/1225/1225 1226/1226/1226
f 1222/1222/1222 1226/1226/1226 1223/1223/1223
f 1223/1223/1223 1226/1226/1226 1227/1227/1227
f 1223/1223/1223 1227/1227/1227 1224/1224/1224
f 1224/1224/1224 1227/1227/1227 1228/1228/1228
f 1225/1225/1225 1229/1229/1229 1226/1226/1226
f 1226/1226/1226 1229/1229/1229 1230/1230/1230
f 1226/1226/1226 1230/1230/1230 1227/1227/1227
f 1227/1227/1227 1230/1230/1230 1231/1231/1231
f 1227/1227/1227 1231/1231/1231 1228/1228/1228
f 1228/1228/1228 1231/1231/1231 1232/1232/1232

# Patch: bottom_front_ruched
o bottom_front_ruched
usemtl bikini_db851116_material
v -0.095925 0.996000 0.086000
v -0.087583 0.996000 0.086000
v -0.079242 0.996000 0.086000
v -0.070901 0.996000 0.086000
v -0.062560 0.996000 0.086000
v -0.054218 0.996000 0.086000
v -0.045877 0.996000 0.086000
v -0.037536 0.996000 0.086000
v -0.029194 0.996000 0.086000
v -0.020853 0.996000 0.086000
v -0.012512 0.996000 0.086000
v -0.004171 0.996000 0.086000
v 0.004171 0.996000 0.086000
v 0.012512 0.996000 0.086000
v 0.020853 0.996000 0.086000
v 0.029194 0.996000 0.086000
v 0.037536 0.996000 0.086000
v 0.045877 0.996000 0.086000
v 0.054218 0.996000 0.086000
v 0.062560 0.996000 0.086000
v 0.070901 0.996000 0.086000
v 0.079242 0.996000 0.086000
v 0.087583 0.996000 0.086000
v 0.095925 0.996000 0.086000
v -0.092545 0.986652 0.082626
v -0.084498 0.986652 0.084084
v -0.076450 0.986652 0.085308
v -0.068403 0.986652 0.086102
v -0.060355 0.986652 0.086342
v -0.052308 0.986652 0.085995
v -0.044261 0.986652 0.085126
v -0.036213 0.986652 0.083886
v -0.028166 0.986652 0.082487
v -0.020118 0.986652 0.081168
v -0.012071 0.986652 0.080155
v -0.004024 0.986652 0.079623
v 0.004024 0.986652 0.079623
v 0.012071 0.986652 0.080155
v 0.020118 0.986652 0.081168
v 0.028166 0.986652 0.082487
v 0.036213 0.986652 0.083886
v 0.044261 0.986652 0.085126
v 0.052308 0.986652 0.085995
v 0.060355 0.986652 0.086342
v 0.068403 0.986652 0.086102
v 0.076450 0.986652 0.085308
v 0.084498 0.986652 0.084084
v 0.092545 0.986652 0.082626
v -0.089165 0.977304 0.079246
v -0.081412 0.977304 0.080633
v -0.073658 0.977304 0.081805
v -0.065905 0.977304 0.082581
v -0.058151 0.977304 0.082848
v -0.050398 0.977304 0.082574
v -0.042644 0.977304 0.081820
v -0.034891 0.977304 0.080725
v -0.027137 0.977304 0.079484
v -0.019384 0.977304 0.078316
v -0.011630 0.977304 0.077430
v -0.003877 0.977304 0.076985
v 0.003877 0.977304 0.076985
v 0.011630 0.977304 0.077430
v 0.019384 0.977304 0.078316
v 0.027137 0.977304 0.079484
v 0.034891 0.977304 0.080725
v 0.042644 0.977304 0.081820
v 0.050398 0.977304 0.082574
v 0.058151 0.977304 0.082848
v 0.065905 0.977304 0.082581
v 0.073658 0.977304 0.081805
v 0.081412 0.977304 0.080633
v 0.089165 0.977304 0.079246
v -0.085785 0.967957 0.075854
v -0.078326 0.967957 0.075763
v -0.070866 0.967957 0.075708
v -0.063407 0.967957 0.075719
v -0.055947 0.967957 0.075815
v -0.048487 0.967957 0.076001
v -0.041028 0.967957 0.076267
v -0.033568 0.967957 0.076589
v -0.026109 0.967957 0.076936
v -0.018649 0.967957 0.077271
v -0.011189 0.967957 0.077559
v -0.003730 0.967957 0.077774
v 0.003730 0.967957 0.077774
v 0.011189 0.967957 0.077559
v 0.018649 0.967957 0.077271
v 0.026109 0.967957 0.076936
v 0.033568 0.967957 0.076589
v 0.041028 0.967957 0.076267
v 0.048487 0.967957 0.076001
v 0.055947 0.967957 0.075815
v 0.063407 0.967957 0.075719
v 0.070866 0.967957 0.075708
v 0.078326 0.967957 0.075763
v 0.085785 0.967957 0.075854
v -0.082406 0.958609 0.072445
v -0.075240 0.958609 0.071107
v -0.068074 0.958609 0.070019
v -0.060909 0.958609 0.069386
v -0.053743 0.958609 0.069342
v -0.046577 0.958609 0.069920
v -0.039411 0.958609 0.071052
v -0.032246 0.958609 0.072578
v -0.025080 0.958609 0.074273
v -0.017914 0.958609 0.075882
v -0.010749 0.958609 0.077168
v -0.003583 0.958609 0.077943
v 0.003583 0.958609 0.077943
v 0.010749 0.958609 0.077168
v 0.017914 0.958609 0.075882
v 0.025080 0.958609 0.074273
v 0.032246 0.958609 0.072578
v 0.039411 0.958609 0.071052
v 0.046577 0.958609 0.069920
v 0.053743 0.958609 0.069342
v 0.060909 0.958609 0.069386
v 0.068074 0.958609 0.070019
v 0.075240 0.958609 0.071107
v 0.082406 0.958609 0.072445
v -0.079026 0.949261 0.069012
v -0.072154 0.949261 0.068047
v -0.065282 0.949261 0.067275
v -0.058410 0.949261 0.066857
v -0.051539 0.949261 0.066894
v -0.044667 0.949261 0.067415
v -0.037795 0.949261 0.068365
v -0.030923 0.949261 0.069621
v -0.024051 0.949261 0.071008
v -0.017180 0.949261 0.072328
v -0.010308 0.949261 0.073397
v -0.003436 0.949261 0.074071
v 0.003436 0.949261 0.074071
v 0.010308 0.949261 0.073397
v 0.017180 0.949261 0.072328
v 0.024051 0.949261 0.071008
v 0.030923 0.949261 0.069621
v 0.037795 0.949261 0.068365
v 0.044667 0.949261 0.067415
v 0.051539 0.949261 0.066894
v 0.058410 0.949261 0.066857
v 0.065282 0.949261 0.067275
v 0.072154 0.949261 0.068047
v 0.079026 0.949261 0.069012
v -0.075646 0.939913 0.065552
v -0.069068 0.939913 0.066213
v -0.062490 0.939913 0.066803
v -0.055912 0.939913 0.067263
v -0.049334 0.939913 0.067554
v -0.042757 0.939913 0.067666
v -0.036179 0.939913 0.067621
v -0.029601 0.939913 0.067462
v -0.023023 0.939913 0.067255
v -0.016445 0.939913 0.067072
v -0.009867 0.939913 0.066983
v -0.003289 0.939913 0.067039
v 0.003289 0.939913 0.067039
v 0.009867 0.939913 0.066983
v 0.016445 0.939913 0.067072
v 0.023023 0.939913 0.067255
v 0.029601 0.939913 0.067462
v 0.036179 0.939913 0.067621
v 0.042757 0.939913 0.067666
v 0.049334 0.939913 0.067554
v 0.055912 0.939913 0.067263
v 0.062490 0.939913 0.066803
v 0.069068 0.939913 0.066213
v 0.075646 0.939913 0.065552
v -0.072266 0.930565 0.062060
v -0.065982 0.930565 0.063879
v -0.059698 0.930565 0.065439
v -0.053414 0.930565 0.066526
v -0.047130 0.930565 0.067001
v -0.040846 0.930565 0.066830
v -0.034562 0.930565 0.066082
v -0.028278 0.930565 0.064926
v -0.021994 0.930565 0.063594
v -0.015710 0.930565 0.062351
v -0.009426 0.930565 0.061445
v -0.003142 0.930565 0.061069
v 0.003142 0.930565 0.061069
v 0.009426 0.930565 0.061445
v 0.015710 0.930565 0.062351
v 0.021994 0.930565 0.063594
v 0.028278 0.930565 0.064926
v 0.034562 0.930565 0.066082
v 0.040846 0.930565 0.066830
v 0.047130 0.930565 0.067001
v 0.053414 0.930565 0.066526
v 0.059698 0.930565 0.065439
v 0.065982 0.930565 0.063879
v 0.072266 0.930565 0.062060
v -0.068887 0.921217 0.058532
v -0.062897 0.921217 0.059818
v -0.056906 0.921217 0.060939
v -0.050916 0.921217 0.061753
v -0.044926 0.921217 0.062174
v -0.038936 0.921217 0.062178
v -0.032946 0.921217 0.061810
v -0.026956 0.921217 0.061179
v -0.020966 0.921217 0.060435
v -0.014975 0.921217 0.059748
v -0.008985 0.921217 0.059278
v -0.002995 0.921217 0.059150
v 0.002995 0.921217 0.059150
v 0.008985 0.921217 0.059278
v 0.014975 0.921217 0.059748
v 0.020966 0.921217 0.060435
v 0.026956 0.921217 0.061179
v 0.032946 0.921217 0.061810
v 0.038936 0.921217 0.062178
v 0.044926 0.921217 0.062174
v 0.050916 0.921217 0.061753
v 0.056906 0.921217 0.060939
v 0.062897 0.921217 0.059818
v 0.068887 0.921217 0.058532
v -0.065507 0.911870 0.054965
v -0.059811 0.911870 0.054628
v -0.054114 0.911870 0.054396
v -0.048418 0.911870 0.054357
v -0.042722 0.911870 0.054567
v -0.037026 0.911870 0.055040
v -0.031329 0.911870 0.055747
v -0.025633 0.911870 0.056621
v -0.019937 0.911870 0.057566
v -0.014241 0.911870 0.058475
v -0.008544 0.911870 0.059247
v -0.002848 0.911870 0.059804
v 0.002848 0.911870 0.059804
v 0.008544 0.911870 0.059247
v 0.014241 0.911870 0.058475
v 0.019937 0.911870 0.057566
v 0.025633 0.911870 0.056621
v 0.031329 0.911870 0.055747
v 0.037026 0.911870 0.055040
v 0.042722 0.911870 0.054567
v 0.048418 0.911870 0.054357
v 0.054114 0.911870 0.054396
v 0.059811 0.911870 0.054628
v 0.065507 0.911870 0.054965
v -0.062127 0.902522 0.051356
v -0.056725 0.902522 0.050076
v -0.051322 0.902522 0.049059
v -0.045920 0.902522 0.048525
v -0.040518 0.902522 0.048614
v -0.035115 0.902522 0.049361
v -0.029713 0.902522 0.050696
v -0.024311 0.902522 0.052447
v -0.018908 0.902522 0.054377
v -0.013506 0.902522 0.056217
v -0.008104 0.902522 0.057714
v -0.002701 0.902522 0.058670
v 0.002701 0.902522 0.058670
v 0.008104 0.902522 0.057714
v 0.013506 0.902522 0.056217
v 0.018908 0.902522 0.054377
v 0.024311 0.902522 0.052447
v 0.029713 0.902522 0.050696
v 0.035115 0.902522 0.049361
v 0.040518 0.902522 0.048614
v 0.045920 0.902522 0.048525
v 0.051322 0.902522 0.049059
v 0.056725 0.902522 0.050076
v 0.062127 0.902522 0.051356
v -0.058747 0.893174 0.047704
v -0.053639 0.893174 0.047192
v -0.048531 0.893174 0.046817
v -0.043422 0.893174 0.046693
v -0.038314 0.893174 0.046893
v -0.033205 0.893174 0.047437
v -0.028097 0.893174 0.048286
v -0.022988 0.893174 0.049353
v -0.017880 0.893174 0.050512
v -0.012771 0.893174 0.051625
v -0.007663 0.893174 0.052558
v -0.002554 0.893174 0.053211
v 0.002554 0.893174 0.053211
v 0.007663 0.893174 0.052558
v 0.012771 0.893174 0.051625
v 0.017880 0.893174 0.050512
v 0.022988 0.893174 0.049353
v 0.028097 0.893174 0.048286
v 0.033205 0.893174 0.047437
v 0.038314 0.893174 0.046893
v 0.043422 0.893174 0.046693
v 0.048531 0.893174 0.046817
v 0.053639 0.893174 0.047192
v 0.058747 0.893174 0.047704
v -0.055368 0.883826 0.044009
v -0.050553 0.883826 0.045152
v -0.045739 0.883826 0.046159
v -0.040924 0.883826 0.046914
v -0.036109 0.883826 0.047345
v -0.031295 0.883826 0.047432
v -0.026480 0.883826 0.047214
v -0.021666 0.883826 0.046779
v -0.016851 0.883826 0.046251
v -0.012036 0.883826 0.045769
v -0.007222 0.883826 0.045467
v -0.002407 0.883826 0.045446
v 0.002407 0.883826 0.045446
v 0.007222 0.883826 0.045467
v 0.012036 0.883826 0.045769
v 0.016851 0.883826 0.046251
v 0.021666 0.883826 0.046779
v 0.026480 0.883826 0.047214
v 0.031295 0.883826 0.047432
v 0.036109 0.883826 0.047345
v 0.040924 0.883826 0.046914
v 0.045739 0.883826 0.046159
v 0.050553 0.883826 0.045152
v 0.055368 0.883826 0.044009
v -0.051988 0.874478 0.040269
v -0.047467 0.874478 0.042169
v -0.042947 0.874478 0.043805
v -0.038426 0.874478 0.044958
v -0.033905 0.874478 0.045489
v -0.029385 0.874478 0.045361
v -0.024864 0.874478 0.044646
v -0.020343 0.874478 0.043514
v -0.015822 0.874478 0.042204
v -0.011302 0.874478 0.040983
v -0.006781 0.874478 0.040106
v -0.002260 0.874478 0.039769
v 0.002260 0.874478 0.039769
v 0.006781 0.874478 0.040106
v 0.011302 0.874478 0.040983
v 0.015822 0.874478 0.042204
v 0.020343 0.874478 0.043514
v 0.024864 0.874478 0.044646
v 0.029385 0.874478 0.045361
v 0.033905 0.874478 0.045489
v 0.038426 0.874478 0.044958
v 0.042947 0.874478 0.043805
v 0.047467 0.874478 0.042169
v 0.051988 0.874478 0.040269
v -0.048608 0.865130 0.036486
v -0.044381 0.865130 0.037419
v -0.040155 0.865130 0.038247
v -0.035928 0.865130 0.038882
v -0.031701 0.865130 0.039269
v -0.027474 0.865130 0.039392
v -0.023247 0.865130 0.039281
v -0.019021 0.865130 0.039003
v -0.014794 0.865130 0.038654
v -0.010567 0.865130 0.038341
v -0.006340 0.865130 0.038165
v -0.002113 0.865130 0.038205
v 0.002113 0.865130 0.038205
v 0.006340 0.865130 0.038165
v 0.010567 0.865130 0.038341
v 0.014794 0.865130 0.038654
v 0.019021 0.865130 0.039003
v 0.023247 0.865130 0.039281
v 0.027474 0.865130 0.039392
v 0.031701 0.865130 0.039269
v 0.035928 0.865130 0.038882
v 0.040155 0.865130 0.038247
v 0.044381 0.865130 0.037419
v 0.048608 0.865130 0.036486
v -0.045228 0.855783 0.032662
v -0.041296 0.855783 0.031937
v -0.037363 0.855783 0.031379
v -0.033430 0.855783 0.031126
v -0.029497 0.855783 0.031267
v -0.025564 0.855783 0.031825
v -0.021631 0.855783 0.032755
v -0.017698 0.855783 0.033947
v -0.013765 0.855783 0.035253
v -0.009832 0.855783 0.036502
v -0.005899 0.855783 0.037534
v -0.001966 0.855783 0.038224
v 0.001966 0.855783 0.038224
v 0.005899 0.855783 0.037534
v 0.009832 0.855783 0.036502
v 0.013765 0.855783 0.035253
v 0.017698 0.855783 0.033947
v 0.021631 0.855783 0.032755
v 0.025564 0.855783 0.031825
v 0.029497 0.855783 0.031267
v 0.033430 0.855783 0.031126
v 0.037363 0.855783 0.031379
v 0.041296 0.855783 0.031937
v 0.045228 0.855783 0.032662
v -0.041849 0.846435 0.028799
v -0.038210 0.846435 0.027497
v -0.034571 0.846435 0.026454
v -0.030932 0.846435 0.025884
v -0.027293 0.846435 0.025926
v -0.023654 0.846435 0.026614
v -0.020015 0.846435 0.027878
v -0.016376 0.846435 0.029552
v -0.012737 0.846435 0.031400
v -0.009098 0.846435 0.033160
v -0.005459 0.846435 0.034583
v -0.001820 0.846435 0.035477
v 0.001820 0.846435 0.035477
v 0.005459 0.846435 0.034583
v 0.009098 0.846435 0.033160
v 0.012737 0.846435 0.031400
v 0.016376 0.846435 0.029552
v 0.020015 0.846435 0.027878
v 0.023654 0.846435 0.026614
v 0.027293 0.846435 0.025926
v 0.030932 0.846435 0.025884
v 0.034571 0.846435 0.026454
v 0.038210 0.846435 0.027497
v 0.041849 0.846435 0.028799
v -0.038469 0.837087 0.024900
v -0.035124 0.837087 0.024701
v -0.031779 0.837087 0.024574
v -0.028434 0.837087 0.024577
v -0.025088 0.837087 0.024748
v -0.021743 0.837087 0.025098
v -0.018398 0.837087 0.025606
v -0.015053 0.837087 0.026227
v -0.011708 0.837087 0.026897
v -0.008363 0.837087 0.027542
v -0.005018 0.837087 0.028094
v -0.001673 0.837087 0.028500
v 0.001673 0.837087 0.028500
v 0.005018 0.837087 0.028094
v 0.008363 0.837087 0.027542
v 0.011708 0.837087 0.026897
v 0.015053 0.837087 0.026227
v 0.018398 0.837087 0.025606
v 0.021743 0.837087 0.025098
v 0.025088 0.837087 0.024748
v 0.028434 0.837087 0.024577
v 0.031779 0.837087 0.024574
v 0.035124 0.837087 0.024701
v 0.038469 0.837087 0.024900
v -0.035089 0.827739 0.020969
v -0.032038 0.827739 0.022333
v -0.028987 0.827739 0.023505
v -0.025936 0.827739 0.024322
v -0.022884 0.827739 0.024684
v -0.019833 0.827739 0.024563
v -0.016782 0.827739 0.024012
v -0.013731 0.827739 0.023155
v -0.010679 0.827739 0.022168
v -0.007628 0.827739 0.021247
v -0.004577 0.827739 0.020577
v -0.001526 0.827739 0.020303
v 0.001526 0.827739 0.020303
v 0.004577 0.827739 0.020577
v 0.007628 0.827739 0.021247
v 0.010679 0.827739 0.022168
v 0.013731 0.827739 0.023155
v 0.016782 0.827739 0.024012
v 0.019833 0.827739 0.024563
v 0.022884 0.827739 0.024684
v 0.025936 0.827739 0.024322
v 0.028987 0.827739 0.023505
v 0.032038 0.827739 0.022333
v 0.035089 0.827739 0.020969
v -0.031710 0.818391 0.017010
v -0.028952 0.818391 0.018676
v -0.026195 0.818391 0.020093
v -0.023437 0.818391 0.021054
v -0.020680 0.818391 0.021428
v -0.017923 0.818391 0.021178
v -0.015165 0.818391 0.020375
v -0.012408 0.818391 0.019177
v -0.009651 0.818391 0.017812
v -0.006893 0.818391 0.016531
v -0.004136 0.818391 0.015574
v -0.001379 0.818391 0.015128
v 0.001379 0.818391 0.015128
v 0.004136 0.818391 0.015574
v 0.006893 0.818391 0.016531
v 0.009651 0.818391 0.017812
v 0.012408 0.818391 0.019177
v 0.015165 0.818391 0.020375
v 0.017923 0.818391 0.021178
v 0.020680 0.818391 0.021428
v 0.023437 0.818391 0.021054
v 0.026195 0.818391 0.020093
v 0.028952 0.818391 0.018676
v 0.031710 0.818391 0.017010
v -0.028330 0.809043 0.013028
v -0.025866 0.809043 0.013371
v -0.023403 0.809043 0.013678
v -0.020939 0.809043 0.013919
v -0.018476 0.809043 0.014075
v -0.016012 0.809043 0.014142
v -0.013549 0.809043 0.014128
v -0.011086 0.809043 0.014057
v -0.008622 0.809043 0.013962
v -0.006159 0.809043 0.013879
v -0.003695 0.809043 0.013843
v -0.001232 0.809043 0.013881
v 0.001232 0.809043 0.013881
v 0.003695 0.809043 0.013843
v 0.006159 0.809043 0.013879
v 0.008622 0.809043 0.013962
v 0.011086 0.809043 0.014057
v 0.013549 0.809043 0.014128
v 0.016012 0.809043 0.014142
v 0.018476 0.809043 0.014075
v 0.020939 0.809043 0.013919
v 0.023403 0.809043 0.013678
v 0.025866 0.809043 0.013371
v 0.028330 0.809043 0.013028
v -0.024950 0.799696 0.009029
v -0.022780 0.799696 0.007812
v -0.020611 0.799696 0.006811
v -0.018441 0.799696 0.006205
v -0.016272 0.799696 0.006110
v -0.014102 0.799696 0.006554
v -0.011933 0.799696 0.007478
v -0.009763 0.799696 0.008744
v -0.007593 0.799696 0.010156
v -0.005424 0.799696 0.011495
v -0.003254 0.799696 0.012552
v -0.001085 0.799696 0.013167
v 0.001085 0.799696 0.013167
v 0.003254 0.799696 0.012552
v 0.005424 0.799696 0.011495
v 0.007593 0.799696 0.010156
v 0.009763 0.799696 0.008744
v 0.011933 0.799696 0.007478
v 0.014102 0.799696 0.006554
v 0.016272 0.799696 0.006110
v 0.018441 0.799696 0.006205
v 0.020611 0.799696 0.006811
v 0.022780 0.799696 0.007812
v 0.024950 0.799696 0.009029
v -0.021570 0.790348 0.005017
v -0.019695 0.790348 0.003645
v -0.017819 0.790348 0.002508
v -0.015943 0.790348 0.001800
v -0.014068 0.790348 0.001646
v -0.012192 0.790348 0.002079
v -0.010316 0.790348 0.003034
v -0.008441 0.790348 0.004361
v -0.006565 0.790348 0.005845
v -0.004689 0.790348 0.007250
v -0.002814 0.790348 0.008350
v -0.000938 0.790348 0.008968
v 0.000938 0.790348 0.008968
v 0.002814 0.790348 0.008350
v 0.004689 0.790348 0.007250
v 0.006565 0.790348 0.005845
v 0.008441 0.790348 0.004361
v 0.010316 0.790348 0.003034
v 0.012192 0.790348 0.002079
v 0.014068 0.790348 0.001646
v 0.015943 0.790348 0.001800
v 0.017819 0.790348 0.002508
v 0.019695 0.790348 0.003645
v 0.021570 0.790348 0.005017
v -0.018191 0.781000 0.001000
v -0.016609 0.781000 0.001000
v -0.015027 0.781000 0.001000
v -0.013445 0.781000 0.001000
v -0.011863 0.781000 0.001000
v -0.010282 0.781000 0.001000
v -0.008700 0.781000 0.001000
v -0.007118 0.781000 0.001000
v -0.005536 0.781000 0.001000
v -0.003954 0.781000 0.001000
v -0.002373 0.781000 0.001000
v -0.000791 0.781000 0.001000
v 0.000791 0.781000 0.001000
v 0.002373 0.781000 0.001000
v 0.003954 0.781000 0.001000
v 0.005536 0.781000 0.001000
v 0.007118 0.781000 0.001000
v 0.008700 0.781000 0.001000
v 0.010282 0.781000 0.001000
v 0.011863 0.781000 0.001000
v 0.013445 0.781000 0.001000
v 0.015027 0.781000 0.001000
v 0.016609 0.781000 0.001000
v 0.018191 0.781000 0.001000
vn 0.000000 -0.339505 0.940604
vn -0.056726 -0.266556 0.962149
vn -0.048993 -0.131675 0.990081
vn -0.032078 -0.026329 0.999139
vn -0.009696 0.025584 0.999626
vn 0.014022 0.014811 0.999792
vn 0.035061 -0.055971 0.997817
vn 0.049339 -0.171543 0.983940
vn 0.053805 -0.303574 0.951288
vn 0.048292 -0.421230 0.905667
vn 0.035311 -0.505763 0.861949
vn 0.017952 -0.552308 0.833447
vn 0.000000 -0.563574 0.826066
vn -0.018111 -0.541027 0.840810
vn -0.035869 -0.481751 0.875574
vn -0.049146 -0.384824 0.921680
vn -0.054542 -0.259063 0.964319
vn -0.049667 -0.128364 0.990483
vn -0.035105 -0.024717 0.999078
vn -0.014018 0.027315 0.999529
vn 0.009697 0.016936 0.999810
vn 0.032040 -0.054889 0.997978
vn 0.048667 -0.174227 0.983502
vn 0.084581 -0.298266 0.950728
vn -0.111889 -0.329160 0.937622
vn -0.132394 -0.292878 0.946939
vn -0.104294 -0.232068 0.967092
vn -0.057746 -0.188258 0.980421
vn -0.001071 -0.170865 0.985294
vn 0.054986 -0.183261 0.981525
vn 0.099879 -0.221716 0.969982
vn 0.125743 -0.276680 0.952700
vn 0.129007 -0.335828 0.933047
vn 0.110529 -0.387465 0.915235
vn 0.074413 -0.422702 0.903209
vn 0.028119 -0.436469 0.899280
vn -0.019931 -0.428550 0.903298
vn -0.066953 -0.399566 0.914256
vn -0.106927 -0.350972 0.930261
vn -0.129645 -0.290263 0.948124
vn -0.130236 -0.229153 0.964639
vn -0.107576 -0.180970 0.977587
vn -0.065009 -0.157310 0.985407
vn -0.009954 -0.164796 0.986277
vn 0.047279 -0.202917 0.978054
vn 0.095651 -0.263705 0.959849
vn 0.126414 -0.334197 0.933987
vn 0.163697 -0.387585 0.907183
vn -0.163012 -0.387914 0.907166
vn -0.121025 -0.417200 0.900720
vn -0.088043 -0.459690 0.883704
vn -0.043907 -0.483294 0.874356
vn 0.004979 -0.485492 0.874227
vn 0.051992 -0.465501 0.883519
vn 0.090497 -0.424214 0.901029
vn 0.114198 -0.364738 0.924081
vn 0.118064 -0.293231 0.948724
vn 0.099856 -0.219263 0.970542
vn 0.061604 -0.154709 0.986038
vn 0.014407 -0.111708 0.993637
vn -0.030385 -0.101427 0.994379
vn -0.073589 -0.126117 0.989282
vn -0.108030 -0.178526 0.977987
vn -0.121478 -0.249096 0.960830
vn -0.112318 -0.325786 0.938748
vn -0.083415 -0.396404 0.914279
vn -0.040914 -0.451475 0.891345
vn 0.007737 -0.485527 0.874187
vn 0.055398 -0.496572 0.866226
vn 0.095877 -0.484792 0.869359
vn 0.123852 -0.451629 0.883568
vn 0.105714 -0.412695 0.904714
vn -0.048696 -0.398304 0.915960
vn 0.009120 -0.451419 0.892266
vn 0.007596 -0.528888 0.848657
vn 0.002797 -0.571666 0.820482
vn -0.004466 -0.580720 0.814091
vn -0.013512 -0.556152 0.830971
vn -0.023556 -0.495735 0.868154
vn -0.033281 -0.397974 0.916793
vn -0.040644 -0.269885 0.962035
vn -0.043550 -0.133871 0.990041
vn -0.041189 -0.021664 0.998916
vn -0.026869 0.041032 0.998796
vn -0.000352 0.039736 0.999210
vn 0.019955 -0.025573 0.999474
vn 0.030148 -0.139922 0.989704
vn 0.037161 -0.277009 0.960148
vn 0.039578 -0.404884 0.913511
vn 0.037649 -0.501639 0.864257
vn 0.032574 -0.560840 0.827283
vn 0.025519 -0.584175 0.811227
vn 0.017295 -0.573698 0.818884
vn 0.008550 -0.528923 0.848627
vn 0.000134 -0.448477 0.893794
vn -0.064074 -0.358057 0.931499
vn 0.118358 -0.340811 0.932652
vn 0.126062 -0.363385 0.923071
vn 0.089106 -0.401744 0.911407
vn 0.035237 -0.426780 0.903669
vn -0.027046 -0.433433 0.900780
vn -0.088387 -0.419969 0.903224
vn -0.139631 -0.388072 0.910990
vn -0.172776 -0.342598 0.923458
vn -0.181960 -0.291028 0.939252
vn -0.164514 -0.242518 0.956096
vn -0.122038 -0.206404 0.970827
vn -0.050717 -0.190847 0.980309
vn 0.040175 -0.201911 0.978579
vn 0.114057 -0.237053 0.964778
vn 0.158115 -0.286154 0.945048
vn 0.177811 -0.339126 0.923784
vn 0.171742 -0.386964 0.905960
vn 0.142375 -0.422458 0.895131
vn 0.094626 -0.440444 0.892779
vn 0.035183 -0.437848 0.898360
vn -0.027621 -0.414235 0.909751
vn -0.084159 -0.372810 0.924083
vn -0.124786 -0.321027 0.938813
vn -0.162538 -0.277280 0.946941
vn 0.148018 -0.284201 0.947270
vn 0.091323 -0.245763 0.965019
vn 0.057794 -0.173392 0.983156
vn 0.008338 -0.126390 0.991946
vn -0.047792 -0.113668 0.992369
vn -0.100074 -0.137019 0.985500
vn -0.138873 -0.191012 0.971714
vn -0.157392 -0.264378 0.951489
vn -0.153220 -0.342903 0.926791
vn -0.128601 -0.413238 0.901496
vn -0.089062 -0.465735 0.880431
vn -0.029547 -0.495558 0.868072
vn 0.044480 -0.501440 0.864049
vn 0.101793 -0.483237 0.869552
vn 0.135508 -0.441412 0.887014
vn 0.153319 -0.378650 0.912753
vn 0.150781 -0.301659 0.941418
vn 0.126302 -0.221773 0.966884
vn 0.082962 -0.153861 0.984603
vn 0.028541 -0.112392 0.993254
vn -0.026588 -0.106972 0.993906
vn -0.072103 -0.139870 0.987541
vn -0.099683 -0.205527 0.973561
vn -0.059874 -0.277346 0.958903
vn -0.016991 -0.304344 0.952411
vn -0.086929 -0.240399 0.966774
vn -0.081218 -0.122429 0.989149
vn -0.066304 -0.041244 0.996947
vn -0.045643 -0.014788 0.998848
vn -0.023087 -0.047923 0.998584
vn -0.002494 -0.133516 0.991043
vn 0.012292 -0.251347 0.967819
vn 0.018572 -0.372222 0.927958
vn 0.016060 -0.471201 0.881880
vn 0.006405 -0.536627 0.843795
vn 0.005508 -0.567095 0.823634
vn 0.016424 -0.565419 0.824640
vn 0.013425 -0.531582 0.846900
vn -0.002927 -0.462393 0.886670
vn -0.015028 -0.359496 0.933026
vn -0.019861 -0.235917 0.971570
vn -0.015481 -0.118057 0.992886
vn -0.002357 -0.035300 0.999374
vn 0.017065 -0.007078 0.999829
vn 0.039408 -0.039780 0.998431
vn 0.060525 -0.127669 0.989968
vn 0.075737 -0.251116 0.964990
vn 0.148961 -0.357586 0.921923
vn -0.203229 -0.373290 0.905181
vn -0.208689 -0.355062 0.911252
vn -0.169724 -0.322980 0.931063
vn -0.106424 -0.297605 0.948739
vn -0.029015 -0.283676 0.958481
vn 0.047744 -0.283792 0.957697
vn 0.109017 -0.297388 0.948512
vn 0.144338 -0.320870 0.936060
vn 0.149106 -0.348635 0.925322
vn 0.123717 -0.374182 0.919066
vn 0.072488 -0.391062 0.917505
vn 0.021473 -0.394222 0.918764
vn -0.017050 -0.384836 0.922828
vn -0.068568 -0.364095 0.928834
vn -0.122764 -0.333034 0.934889
vn -0.151008 -0.299157 0.942179
vn -0.148286 -0.270936 0.951107
vn -0.114180 -0.255743 0.959979
vn -0.053523 -0.258230 0.964600
vn 0.022984 -0.278932 0.960036
vn 0.100265 -0.313823 0.944173
vn 0.163467 -0.355812 0.920150
vn 0.202695 -0.397440 0.894961
vn 0.231926 -0.426787 0.874107
vn -0.211689 -0.424496 0.880336
vn -0.146903 -0.462071 0.874591
vn -0.111554 -0.516987 0.848693
vn -0.067474 -0.547428 0.834128
vn -0.020582 -0.551851 0.833689
vn 0.023625 -0.529635 0.847897
vn 0.059543 -0.480716 0.874852
vn 0.081200 -0.406976 0.909823
vn 0.083123 -0.314982 0.945451
vn 0.062616 -0.218067 0.973923
vn 0.022072 -0.134513 0.990666
vn -0.008312 -0.081846 0.996610
vn -0.017565 -0.073718 0.997124
vn -0.042708 -0.111846 0.992807
vn -0.075900 -0.186091 0.979596
vn -0.087317 -0.281509 0.955578
vn -0.075989 -0.379187 0.922195
vn -0.046077 -0.462533 0.885404
vn -0.004542 -0.521761 0.853079
vn 0.041601 -0.553522 0.831795
vn 0.086513 -0.557848 0.825422
vn 0.125265 -0.535588 0.835137
vn 0.153062 -0.487663 0.859510
vn 0.113214 -0.431766 0.894853
vn -0.032102 -0.412674 0.910313
vn 0.033701 -0.458546 0.888031
vn 0.018390 -0.533597 0.845539
vn -0.005467 -0.576458 0.817108
vn -0.034500 -0.587217 0.808694
vn -0.065910 -0.566008 0.821761
vn -0.096571 -0.511572 0.853796
vn -0.121993 -0.423725 0.897538
vn -0.136331 -0.309441 0.941095
vn -0.134702 -0.188179 0.972854
vn -0.116509 -0.087827 0.989299
vn -0.060410 -0.032541 0.997643
vn 0.028774 -0.037151 0.998895
vn 0.091129 -0.100912 0.990713
vn 0.118536 -0.207070 0.971119
vn 0.131411 -0.329779 0.934867
vn 0.128271 -0.441415 0.888087
vn 0.112255 -0.524694 0.843857
vn 0.088074 -0.574478 0.813768
vn 0.059629 -0.591403 0.804168
vn 0.029756 -0.576189 0.816775
vn 0.001120 -0.527843 0.849341
vn -0.022706 -0.445872 0.894809
vn -0.108201 -0.350968 0.930115
vn 0.163007 -0.333822 0.928435
vn 0.152525 -0.344925 0.926155
vn 0.100345 -0.366186 0.925116
vn 0.022915 -0.384055 0.923026
vn -0.066401 -0.392681 0.917274
vn -0.151767 -0.389745 0.908331
vn -0.219185 -0.377099 0.899863
vn -0.259264 -0.359309 0.896482
vn -0.267094 -0.341552 0.901112
vn -0.241110 -0.328219 0.913312
vn -0.183277 -0.322220 0.928754
vn -0.074619 -0.325399 0.942628
vn 0.071559 -0.335952 0.939157
vn 0.179471 -0.351339 0.918886
vn 0.236054 -0.370006 0.898540
vn 0.261574 -0.388609 0.883494
vn 0.254657 -0.404165 0.878522
vn 0.216826 -0.413089 0.884502
vn 0.152122 -0.411483 0.898633
vn 0.068534 -0.396463 0.915489
vn -0.020906 -0.368431 0.929420
vn -0.100015 -0.332689 0.937718
vn -0.154189 -0.298400 0.941904
vn -0.182155 -0.277276 0.943365
vn 0.139456 -0.295794 0.945017
vn 0.051930 -0.255283 0.965471
vn 0.016908 -0.166322 0.985927
vn -0.032315 -0.109598 0.993451
vn -0.086278 -0.097185 0.991520
vn -0.134846 -0.131049 0.982162
vn -0.168816 -0.203351 0.964443
vn -0.181793 -0.298051 0.937079
vn -0.172353 -0.395375 0.902205
vn -0.144333 -0.478497 0.866146
vn -0.104456 -0.537668 0.836661
vn -0.034384 -0.569990 0.820932
vn 0.060302 -0.573194 0.817197
vn 0.125411 -0.547930 0.827070
vn 0.156833 -0.496298 0.853869
vn 0.174192 -0.419238 0.891009
vn 0.172268 -0.323525 0.930406
vn 0.148678 -0.223680 0.963256
vn 0.106497 -0.140137 0.984388
vn 0.053997 -0.092159 0.994279
vn 0.001629 -0.091215 0.995830
vn -0.040679 -0.138520 0.989524
vn -0.064995 -0.224658 0.972268
vn 0.007491 -0.319750 0.947472
vn -0.111866 -0.353078 0.928882
vn -0.188424 -0.302034 0.934490
vn -0.168264 -0.199938 0.965252
vn -0.126886 -0.126140 0.983864
vn -0.072525 -0.099346 0.992406
vn -0.015783 -0.126521 0.991838
vn 0.032374 -0.201211 0.979013
vn 0.062502 -0.304202 0.950555
vn 0.069785 -0.409836 0.909486
vn 0.055578 -0.497038 0.865947
vn 0.025093 -0.555276 0.831287
vn 0.010693 -0.581804 0.813259
vn 0.017217 -0.578595 0.815433
vn -0.001480 -0.545656 0.838008
vn -0.040395 -0.480428 0.876103
vn -0.066237 -0.386200 0.920034
vn -0.072013 -0.276215 0.958394
vn -0.054098 -0.174231 0.983218
vn -0.014887 -0.106175 0.994236
vn 0.038192 -0.089529 0.995252
vn 0.094952 -0.128659 0.987133
vn 0.143862 -0.214022 0.966177
vn 0.174613 -0.323690 0.929912
vn 0.258178 -0.414774 0.872529
vn -0.303992 -0.425933 0.852156
vn -0.285569 -0.423829 0.859546
vn -0.231815 -0.419066 0.877864
vn -0.147013 -0.412027 0.899233
vn -0.043113 -0.402410 0.914444
vn 0.060322 -0.391314 0.918278
vn 0.142782 -0.381505 0.913273
vn 0.190288 -0.375656 0.907013
vn 0.196815 -0.374423 0.906130
vn 0.161812 -0.375828 0.912453
vn 0.089286 -0.375824 0.922380
vn 0.021735 -0.369706 0.928895
vn -0.023925 -0.359691 0.932765
vn -0.092584 -0.347353 0.933153
vn -0.165985 -0.333744 0.927935
vn -0.201026 -0.325845 0.923804
vn -0.193211 -0.328680 0.924467
vn -0.143343 -0.344056 0.927943
vn -0.058478 -0.369729 0.927298
vn 0.045862 -0.399846 0.915434
vn 0.148264 -0.427696 0.891681
vn 0.229877 -0.449003 0.863454
vn 0.280437 -0.462473 0.841115
vn 0.296814 -0.468336 0.832203
vn -0.247199 -0.462025 0.851719
vn -0.148940 -0.501870 0.852023
vn -0.113572 -0.563834 0.818042
vn -0.073040 -0.598032 0.798137
vn -0.032379 -0.604545 0.795913
vn 0.004261 -0.583347 0.812212
vn 0.032674 -0.533628 0.845088
vn 0.048034 -0.455590 0.888893
vn 0.045595 -0.354728 0.933857
vn 0.023144 -0.246104 0.968967
vn -0.016451 -0.152720 0.988133
vn -0.030192 -0.096247 0.994900
vn -0.010119 -0.090846 0.995814
vn -0.017926 -0.137668 0.990316
vn -0.044756 -0.225363 0.973246
vn -0.051398 -0.334264 0.941077
vn -0.038180 -0.440285 0.897046
vn -0.010057 -0.525266 0.850879
vn 0.026447 -0.581359 0.813217
vn 0.065774 -0.607827 0.791341
vn 0.103783 -0.605997 0.788668
vn 0.136895 -0.576370 0.805641
vn 0.161043 -0.518392 0.839842
vn 0.082156 -0.445012 0.891748
vn 0.038865 -0.413504 0.909673
vn 0.114305 -0.446960 0.887221
vn 0.073123 -0.522128 0.849727
vn 0.014172 -0.569084 0.822157
vn -0.053594 -0.584936 0.809307
vn -0.122337 -0.569499 0.812837
vn -0.184345 -0.523795 0.831658
vn -0.230952 -0.451070 0.862089
vn -0.252906 -0.359546 0.898201
vn -0.243025 -0.264549 0.933249
vn -0.199982 -0.186749 0.961838
vn -0.094876 -0.146051 0.984717
vn 0.059354 -0.153596 0.986350
vn 0.169879 -0.207315 0.963411
vn 0.223412 -0.292994 0.929646
vn 0.245333 -0.389142 0.887908
vn 0.235778 -0.476235 0.847118
vn 0.200786 -0.542047 0.816009
vn 0.147951 -0.580848 0.800453
vn 0.084152 -0.589973 0.803026
vn 0.015801 -0.567373 0.823309
vn -0.049575 -0.511754 0.857700
vn -0.101984 -0.425739 0.899081
vn -0.220290 -0.320965 0.921116
vn 0.271295 -0.302332 0.913780
vn 0.230223 -0.309117 0.922737
vn 0.154488 -0.318338 0.935304
vn 0.039327 -0.335065 0.941374
vn -0.093395 -0.351547 0.931500
vn -0.215214 -0.363346 0.906456
vn -0.304367 -0.371447 0.877148
vn -0.351535 -0.379838 0.855656
vn -0.355048 -0.392125 0.848634
vn -0.315323 -0.409659 0.856009
vn -0.234512 -0.430638 0.871525
vn -0.089177 -0.451242 0.887935
vn 0.100109 -0.459526 0.882504
vn 0.238631 -0.454337 0.858273
vn 0.313751 -0.444990 0.838776
vn 0.348838 -0.433629 0.830829
vn 0.342540 -0.421181 0.839806
vn 0.294260 -0.405857 0.865269
vn 0.204980 -0.384106 0.900248
vn 0.083239 -0.353246 0.931820
vn -0.049370 -0.315749 0.947558
vn -0.163769 -0.280976 0.945638
vn -0.237551 -0.260717 0.935733
vn -0.245977 -0.264671 0.932440
vn 0.154748 -0.302073 0.940641
vn 0.015903 -0.272151 0.962123
vn -0.017310 -0.174284 0.984543
vn -0.059702 -0.112308 0.991878
vn -0.103151 -0.100832 0.989542
vn -0.139583 -0.142294 0.979933
vn -0.161775 -0.227313 0.960290
vn -0.165061 -0.335981 0.927293
vn -0.149726 -0.443933 0.883462
vn -0.120905 -0.532278 0.837891
vn -0.085415 -0.592523 0.801012
vn -0.020942 -0.623908 0.781217
vn 0.066118 -0.624749 0.778022
vn 0.121192 -0.596386 0.793496
vn 0.143928 -0.540399 0.829008
vn 0.155279 -0.455683 0.876494
vn 0.150614 -0.348146 0.925262
vn 0.128020 -0.234688 0.963604
vn 0.091036 -0.140721 0.985855
vn 0.047701 -0.089445 0.994849
vn 0.006993 -0.093219 0.995621
vn -0.023375 -0.151736 0.988145
vn -0.037723 -0.251828 0.967036
vn 0.091808 -0.368608 0.925040
vn -0.236399 -0.405904 0.882812
vn -0.315660 -0.368787 0.874274
vn -0.270821 -0.288537 0.918369
vn -0.182563 -0.224152 0.957302
vn -0.064368 -0.192950 0.979095
vn 0.057943 -0.205163 0.977011
vn 0.156122 -0.257805 0.953500
vn 0.211299 -0.336465 0.917684
vn 0.218030 -0.422588 0.879706
vn 0.180944 -0.499645 0.847121
vn 0.109773 -0.555537 0.824214
vn 0.044154 -0.581620 0.812262
vn -0.006348 -0.577674 0.816243
vn -0.081363 -0.543169 0.835672
vn -0.164675 -0.477604 0.863004
vn -0.216405 -0.390745 0.894699
vn -0.224552 -0.298607 0.927583
vn -0.183338 -0.221200 0.957840
vn -0.096211 -0.177786 0.979355
vn 0.021628 -0.180754 0.983290
vn 0.143811 -0.229362 0.962658
vn 0.241812 -0.308517 0.919970
vn 0.298241 -0.396967 0.868026
vn 0.393452 -0.464738 0.793230
vn -0.424520 -0.469262 0.774323
vn -0.369599 -0.479240 0.796069
vn -0.291075 -0.494984 0.818698
vn -0.167904 -0.500944 0.849037
vn -0.014878 -0.490718 0.871192
vn 0.137073 -0.463628 0.875363
vn 0.255312 -0.428008 0.866963
vn 0.321688 -0.394795 0.860613
vn 0.330976 -0.370435 0.867890
vn 0.281571 -0.355611 0.891212
vn 0.173641 -0.346618 0.921794
vn 0.048631 -0.336591 0.940394
vn -0.066547 -0.326188 0.942960
vn -0.192953 -0.317412 0.928450
vn -0.296098 -0.314534 0.901883
vn -0.339372 -0.325865 0.882405
vn -0.322420 -0.354640 0.877654
vn -0.246824 -0.398799 0.883197
vn -0.119918 -0.449268 0.885313
vn 0.035524 -0.491627 0.870081
vn 0.184306 -0.515178 0.837032
vn 0.298512 -0.519786 0.800445
vn 0.367958 -0.511267 0.776668
vn 0.362559 -0.499029 0.787097
vn -0.255828 -0.485773 0.835809
vn -0.086520 -0.516405 0.851963
vn -0.057914 -0.583585 0.809984
vn -0.029816 -0.620654 0.783518
vn -0.005247 -0.629266 0.777172
vn 0.013643 -0.610220 0.792114
vn 0.024713 -0.562444 0.826466
vn 0.025512 -0.484936 0.874177
vn 0.014035 -0.381984 0.924062
vn -0.009405 -0.269206 0.963037
vn -0.040891 -0.172486 0.984163
vn -0.046356 -0.116200 0.992143
vn -0.024941 -0.113558 0.993218
vn -0.022532 -0.165147 0.986012
vn -0.030106 -0.259885 0.965170
vn -0.024028 -0.374477 0.926925
vn -0.006937 -0.481760 0.876276
vn 0.016388 -0.563784 0.825760
vn 0.041553 -0.614947 0.787473
vn 0.065643 -0.636265 0.768673
vn 0.086753 -0.629317 0.772292
vn 0.103061 -0.593471 0.798230
vn 0.112076 -0.526206 0.842939
vn -0.067848 -0.414365 0.907578
vn 0.276393 -0.338229 0.899560
vn 0.364740 -0.348874 0.863280
vn 0.269598 -0.445001 0.853985
vn 0.126696 -0.521199 0.843978
vn -0.038764 -0.559188 0.828134
vn -0.196231 -0.553690 0.809272
vn -0.321896 -0.512918 0.795801
vn -0.402981 -0.451011 0.796364
vn -0.433010 -0.381684 0.816590
vn -0.405682 -0.316907 0.857317
vn -0.313588 -0.268324 0.910860
vn -0.136255 -0.247617 0.959229
vn 0.093680 -0.257429 0.961746
vn 0.276065 -0.294213 0.915001
vn 0.381506 -0.350964 0.855148
vn 0.421538 -0.416046 0.805736
vn 0.404792 -0.479958 0.778321
vn 0.338832 -0.533891 0.774696
vn 0.228475 -0.567159 0.791284
vn 0.081008 -0.566599 0.820002
vn -0.085776 -0.521275 0.849067
vn -0.241143 -0.432834 0.868622
vn -0.353081 -0.320831 0.878863
vn -0.513260 -0.183811 0.838319
vn 0.548436 -0.164016 0.819949
vn 0.463168 -0.188996 0.865884
vn 0.348992 -0.206155 0.914169
vn 0.154623 -0.246294 0.956782
vn -0.084879 -0.291795 0.952707
vn -0.295224 -0.326818 0.897793
vn -0.430443 -0.352110 0.831106
vn -0.490893 -0.377087 0.785385
vn -0.487753 -0.409065 0.771208
vn -0.423568 -0.450456 0.785925
vn -0.294030 -0.496399 0.816783
vn -0.092538 -0.532365 0.841442
vn 0.137067 -0.536704 0.832563
vn 0.318612 -0.511556 0.797996
vn 0.431936 -0.476189 0.765947
vn 0.482939 -0.442239 0.755774
vn 0.475575 -0.412424 0.777004
vn 0.404910 -0.382602 0.830460
vn 0.258366 -0.343469 0.902926
vn 0.039375 -0.285997 0.957421
vn -0.197787 -0.217081 0.955906
vn -0.379714 -0.161993 0.910811
vn -0.479851 -0.140302 0.866059
vn -0.450408 -0.175091 0.875486
vn 0.361389 -0.199605 0.910799
vn 0.217227 -0.163852 0.962271
vn 0.138475 -0.094233 0.985873
vn 0.030408 -0.072049 0.996937
vn -0.085150 -0.103007 0.991029
vn -0.183176 -0.180015 0.966458
vn -0.243942 -0.285186 0.926909
vn -0.259407 -0.397090 0.880356
vn -0.232863 -0.498017 0.835317
vn -0.174101 -0.576795 0.798120
vn -0.094865 -0.627889 0.772500
vn -0.000000 -0.648722 0.761026
vn 0.093911 -0.637467 0.764733
vn 0.171144 -0.595959 0.784565
vn 0.228253 -0.526782 0.818780
vn 0.254764 -0.433091 0.864597
vn 0.240920 -0.322420 0.915425
vn 0.182076 -0.209744 0.960654
vn 0.085016 -0.117229 0.989459
vn -0.030419 -0.066928 0.997294
vn -0.138743 -0.070938 0.987784
vn -0.218398 -0.127779 0.967458
vn -0.255947 -0.224883 0.940170
vn -0.000000 -0.394837 0.918751
vt 0.804000 0.265000
vt 0.804000 0.274783
vt 0.804000 0.284565
vt 0.804000 0.294348
vt 0.804000 0.304130
vt 0.804000 0.313913
vt 0.804000 0.323696
vt 0.804000 0.333478
vt 0.804000 0.343261
vt 0.804000 0.353043
vt 0.804000 0.362826
vt 0.804000 0.372609
vt 0.804000 0.382391
vt 0.804000 0.392174
vt 0.804000 0.401957
vt 0.804000 0.411739
vt 0.804000 0.421522
vt 0.804000 0.431304
vt 0.804000 0.441087
vt 0.804000 0.450870
vt 0.804000 0.460652
vt 0.804000 0.470435
vt 0.804000 0.480217
vt 0.804000 0.490000
vt 0.811652 0.265000
vt 0.811652 0.274783
vt 0.811652 0.284565
vt 0.811652 0.294348
vt 0.811652 0.304130
vt 0.811652 0.313913
vt 0.811652 0.323696
vt 0.811652 0.333478
vt 0.811652 0.343261
vt 0.811652 0.353043
vt 0.811652 0.362826
vt 0.811652 0.372609
vt 0.811652 0.382391
vt 0.811652 0.392174
vt 0.811652 0.401957
vt 0.811652 0.411739
vt 0.811652 0.421522
vt 0.811652 0.431304
vt 0.811652 0.441087
vt 0.811652 0.450870
vt 0.811652 0.460652
vt 0.811652 0.470435
vt 0.811652 0.480217
vt 0.811652 0.490000
vt 0.819304 0.265000
vt 0.819304 0.274783
vt 0.819304 0.284565
vt 0.819304 0.294348
vt 0.819304 0.304130
vt 0.819304 0.313913
vt 0.819304 0.323696
vt 0.819304 0.333478
vt 0.819304 0.343261
vt 0.819304 0.353043
vt 0.819304 0.362826
vt 0.819304 0.372609
vt 0.819304 0.382391
vt 0.819304 0.392174
vt 0.819304 0.401957
vt 0.819304 0.411739
vt 0.819304 0.421522
vt 0.819304 0.431304
vt 0.819304 0.441087
vt 0.819304 0.450870
vt 0.819304 0.460652
vt 0.819304 0.470435
vt 0.819304 0.480217
vt 0.819304 0.490000
vt 0.826957 0.265000
vt 0.826957 0.274783
vt 0.826957 0.284565
vt 0.826957 0.294348
vt 0.826957 0.304130
vt 0.826957 0.313913
vt 0.826957 0.323696
vt 0.826957 0.333478
vt 0.826957 0.343261
vt 0.826957 0.353043
vt 0.826957 0.362826
vt 0.826957 0.372609
vt 0.826957 0.382391
vt 0.826957 0.392174
vt 0.826957 0.401957
vt 0.826957 0.411739
vt 0.826957 0.421522
vt 0.826957 0.431304
vt 0.826957 0.441087
vt 0.826957 0.450870
vt 0.826957 0.460652
vt 0.826957 0.470435
vt 0.826957 0.480217
vt 0.826957 0.490000
vt 0.834609 0.265000
vt 0.834609 0.274783
vt 0.834609 0.284565
vt 0.834609 0.294348
vt 0.834609 0.304130
vt 0.834609 0.313913
vt 0.834609 0.323696
vt 0.834609 0.333478
vt 0.834609 0.343261
vt 0.834609 0.353043
vt 0.834609 0.362826
vt 0.834609 0.372609
vt 0.834609 0.382391
vt 0.834609 0.392174
vt 0.834609 0.401957
vt 0.834609 0.411739
vt 0.834609 0.421522
vt 0.834609 0.431304
vt 0.834609 0.441087
vt 0.834609 0.450870
vt 0.834609 0.460652
vt 0.834609 0.470435
vt 0.834609 0.480217
vt 0.834609 0.490000
vt 0.842261 0.265000
vt 0.842261 0.274783
vt 0.842261 0.284565
vt 0.842261 0.294348
vt 0.842261 0.304130
vt 0.842261 0.313913
vt 0.842261 0.323696
vt 0.842261 0.333478
vt 0.842261 0.343261
vt 0.842261 0.353043
vt 0.842261 0.362826
vt 0.842261 0.372609
vt 0.842261 0.382391
vt 0.842261 0.392174
vt 0.842261 0.401957
vt 0.842261 0.411739
vt 0.842261 0.421522
vt 0.842261 0.431304
vt 0.842261 0.441087
vt 0.842261 0.450870
vt 0.842261 0.460652
vt 0.842261 0.470435
vt 0.842261 0.480217
vt 0.842261 0.490000
vt 0.849913 0.265000
vt 0.849913 0.274783
vt 0.849913 0.284565
vt 0.849913 0.294348
vt 0.849913 0.304130
vt 0.849913 0.313913
vt 0.849913 0.323696
vt 0.849913 0.333478
vt 0.849913 0.343261
vt 0.849913 0.353043
vt 0.849913 0.362826
vt 0.849913 0.372609
vt 0.849913 0.382391
vt 0.849913 0.392174
vt 0.849913 0.401957
vt 0.849913 0.411739
vt 0.849913 0.421522
vt 0.849913 0.431304
vt 0.849913 0.441087
vt 0.849913 0.450870
vt 0.849913 0.460652
vt 0.849913 0.470435
vt 0.849913 0.480217
vt 0.849913 0.490000
vt 0.857565 0.265000
vt 0.857565 0.274783
vt 0.857565 0.284565
vt 0.857565 0.294348
vt 0.857565 0.304130
vt 0.857565 0.313913
vt 0.857565 0.323696
vt 0.857565 0.333478
vt 0.857565 0.343261
vt 0.857565 0.353043
vt 0.857565 0.362826
vt 0.857565 0.372609
vt 0.857565 0.382391
vt 0.857565 0.392174
vt 0.857565 0.401957
vt 0.857565 0.411739
vt 0.857565 0.421522
vt 0.857565 0.431304
vt 0.857565 0.441087
vt 0.857565 0.450870
vt 0.857565 0.460652
vt 0.857565 0.470435
vt 0.857565 0.480217
vt 0.857565 0.490000
vt 0.865217 0.265000
vt 0.865217 0.274783
vt 0.865217 0.284565
vt 0.865217 0.294348
vt 0.865217 0.304130
vt 0.865217 0.313913
vt 0.865217 0.323696
vt 0.865217 0.333478
vt 0.865217 0.343261
vt 0.865217 0.353043
vt 0.865217 0.362826
vt 0.865217 0.372609
vt 0.865217 0.382391
vt 0.865217 0.392174
vt 0.865217 0.401957
vt 0.865217 0.411739
vt 0.865217 0.421522
vt 0.865217 0.431304
vt 0.865217 0.441087
vt 0.865217 0.450870
vt 0.865217 0.460652
vt 0.865217 0.470435
vt 0.865217 0.480217
vt 0.865217 0.490000
vt 0.872870 0.265000
vt 0.872870 0.274783
vt 0.872870 0.284565
vt 0.872870 0.294348
vt 0.872870 0.304130
vt 0.872870 0.313913
vt 0.872870 0.323696
vt 0.872870 0.333478
vt 0.872870 0.343261
vt 0.872870 0.353043
vt 0.872870 0.362826
vt 0.872870 0.372609
vt 0.872870 0.382391
vt 0.872870 0.392174
vt 0.872870 0.401957
vt 0.872870 0.411739
vt 0.872870 0.421522
vt 0.872870 0.431304
vt 0.872870 0.441087
vt 0.872870 0.450870
vt 0.872870 0.460652
vt 0.872870 0.470435
vt 0.872870 0.480217
vt 0.872870 0.490000
vt 0.880522 0.265000
vt 0.880522 0.274783
vt 0.880522 0.284565
vt 0.880522 0.294348
vt 0.880522 0.304130
vt 0.880522 0.313913
vt 0.880522 0.323696
vt 0.880522 0.333478
vt 0.880522 0.343261
vt 0.880522 0.353043
vt 0.880522 0.362826
vt 0.880522 0.372609
vt 0.880522 0.382391
vt 0.880522 0.392174
vt 0.880522 0.401957
vt 0.880522 0.411739
vt 0.880522 0.421522
vt 0.880522 0.431304
vt 0.880522 0.441087
vt 0.880522 0.450870
vt 0.880522 0.460652
vt 0.880522 0.470435
vt 0.880522 0.480217
vt 0.880522 0.490000
vt 0.888174 0.265000
vt 0.888174 0.274783
vt 0.888174 0.284565
vt 0.888174 0.294348
vt 0.888174 0.304130
vt 0.888174 0.313913
vt 0.888174 0.323696
vt 0.888174 0.333478
vt 0.888174 0.343261
vt 0.888174 0.353043
vt 0.888174 0.362826
vt 0.888174 0.372609
vt 0.888174 0.382391
vt 0.888174 0.392174
vt 0.888174 0.401957
vt 0.888174 0.411739
vt 0.888174 0.421522
vt 0.888174 0.431304
vt 0.888174 0.441087
vt 0.888174 0.450870
vt 0.888174 0.460652
vt 0.888174 0.470435
vt 0.888174 0.480217
vt 0.888174 0.490000
vt 0.895826 0.265000
vt 0.895826 0.274783
vt 0.895826 0.284565
vt 0.895826 0.294348
vt 0.895826 0.304130
vt 0.895826 0.313913
vt 0.895826 0.323696
vt 0.895826 0.333478
vt 0.895826 0.343261
vt 0.895826 0.353043
vt 0.895826 0.362826
vt 0.895826 0.372609
vt 0.895826 0.382391
vt 0.895826 0.392174
vt 0.895826 0.401957
vt 0.895826 0.411739
vt 0.895826 0.421522
vt 0.895826 0.431304
vt 0.895826 0.441087
vt 0.895826 0.450870
vt 0.895826 0.460652
vt 0.895826 0.470435
vt 0.895826 0.480217
vt 0.895826 0.490000
vt 0.903478 0.265000
vt 0.903478 0.274783
vt 0.903478 0.284565
vt 0.903478 0.294348
vt 0.903478 0.304130
vt 0.903478 0.313913
vt 0.903478 0.323696
vt 0.903478 0.333478
vt 0.903478 0.343261
vt 0.903478 0.353043
vt 0.903478 0.362826
vt 0.903478 0.372609
vt 0.903478 0.382391
vt 0.903478 0.392174
vt 0.903478 0.401957
vt 0.903478 0.411739
vt 0.903478 0.421522
vt 0.903478 0.431304
vt 0.903478 0.441087
vt 0.903478 0.450870
vt 0.903478 0.460652
vt 0.903478 0.470435
vt 0.903478 0.480217
vt 0.903478 0.490000
vt 0.911130 0.265000
vt 0.911130 0.274783
vt 0.911130 0.284565
vt 0.911130 0.294348
vt 0.911130 0.304130
vt 0.911130 0.313913
vt 0.911130 0.323696
vt 0.911130 0.333478
vt 0.911130 0.343261
vt 0.911130 0.353043
vt 0.911130 0.362826
vt 0.911130 0.372609
vt 0.911130 0.382391
vt 0.911130 0.392174
vt 0.911130 0.401957
vt 0.911130 0.411739
vt 0.911130 0.421522
vt 0.911130 0.431304
vt 0.911130 0.441087
vt 0.911130 0.450870
vt 0.911130 0.460652
vt 0.911130 0.470435
vt 0.911130 0.480217
vt 0.911130 0.490000
vt 0.918783 0.265000
vt 0.918783 0.274783
vt 0.918783 0.284565
vt 0.918783 0.294348
vt 0.918783 0.304130
vt 0.918783 0.313913
vt 0.918783 0.323696
vt 0.918783 0.333478
vt 0.918783 0.343261
vt 0.918783 0.353043
vt 0.918783 0.362826
vt 0.918783 0.372609
vt 0.918783 0.382391
vt 0.918783 0.392174
vt 0.918783 0.401957
vt 0.918783 0.411739
vt 0.918783 0.421522
vt 0.918783 0.431304
vt 0.918783 0.441087
vt 0.918783 0.450870
vt 0.918783 0.460652
vt 0.918783 0.470435
vt 0.918783 0.480217
vt 0.918783 0.490000
vt 0.926435 0.265000
vt 0.926435 0.274783
vt 0.926435 0.284565
vt 0.926435 0.294348
vt 0.926435 0.304130
vt 0.926435 0.313913
vt 0.926435 0.323696
vt 0.926435 0.333478
vt 0.926435 0.343261
vt 0.926435 0.353043
vt 0.926435 0.362826
vt 0.926435 0.372609
vt 0.926435 0.382391
vt 0.926435 0.392174
vt 0.926435 0.401957
vt 0.926435 0.411739
vt 0.926435 0.421522
vt 0.926435 0.431304
vt 0.926435 0.441087
vt 0.926435 0.450870
vt 0.926435 0.460652
vt 0.926435 0.470435
vt 0.926435 0.480217
vt 0.926435 0.490000
vt 0.934087 0.265000
vt 0.934087 0.274783
vt 0.934087 0.284565
vt 0.934087 0.294348
vt 0.934087 0.304130
vt 0.934087 0.313913
vt 0.934087 0.323696
vt 0.934087 0.333478
vt 0.934087 0.343261
vt 0.934087 0.353043
vt 0.934087 0.362826
vt 0.934087 0.372609
vt 0.934087 0.382391
vt 0.934087 0.392174
vt 0.934087 0.401957
vt 0.934087 0.411739
vt 0.934087 0.421522
vt 0.934087 0.431304
vt 0.934087 0.441087
vt 0.934087 0.450870
vt 0.934087 0.460652
vt 0.934087 0.470435
vt 0.934087 0.480217
vt 0.934087 0.490000
vt 0.941739 0.265000
vt 0.941739 0.274783
vt 0.941739 0.284565
vt 0.941739 0.294348
vt 0.941739 0.304130
vt 0.941739 0.313913
vt 0.941739 0.323696
vt 0.941739 0.333478
vt 0.941739 0.343261
vt 0.941739 0.353043
vt 0.941739 0.362826
vt 0.941739 0.372609
vt 0.941739 0.382391
vt 0.941739 0.392174
vt 0.941739 0.401957
vt 0.941739 0.411739
vt 0.941739 0.421522
vt 0.941739 0.431304
vt 0.941739 0.441087
vt 0.941739 0.450870
vt 0.941739 0.460652
vt 0.941739 0.470435
vt 0.941739 0.480217
vt 0.941739 0.490000
vt 0.949391 0.265000
vt 0.949391 0.274783
vt 0.949391 0.284565
vt 0.949391 0.294348
vt 0.949391 0.304130
vt 0.949391 0.313913
vt 0.949391 0.323696
vt 0.949391 0.333478
vt 0.949391 0.343261
vt 0.949391 0.353043
vt 0.949391 0.362826
vt 0.949391 0.372609
vt 0.949391 0.382391
vt 0.949391 0.392174
vt 0.949391 0.401957
vt 0.949391 0.411739
vt 0.949391 0.421522
vt 0.949391 0.431304
vt 0.949391 0.441087
vt 0.949391 0.450870
vt 0.949391 0.460652
vt 0.949391 0.470435
vt 0.949391 0.480217
vt 0.949391 0.490000
vt 0.957043 0.265000
vt 0.957043 0.274783
vt 0.957043 0.284565
vt 0.957043 0.294348
vt 0.957043 0.304130
vt 0.957043 0.313913
vt 0.957043 0.323696
vt 0.957043 0.333478
vt 0.957043 0.343261
vt 0.957043 0.353043
vt 0.957043 0.362826
vt 0.957043 0.372609
vt 0.957043 0.382391
vt 0.957043 0.392174
vt 0.957043 0.401957
vt 0.957043 0.411739
vt 0.957043 0.421522
vt 0.957043 0.431304
vt 0.957043 0.441087
vt 0.957043 0.450870
vt 0.957043 0.460652
vt 0.957043 0.470435
vt 0.957043 0.480217
vt 0.957043 0.490000
vt 0.964696 0.265000
vt 0.964696 0.274783
vt 0.964696 0.284565
vt 0.964696 0.294348
vt 0.964696 0.304130
vt 0.964696 0.313913
vt 0.964696 0.323696
vt 0.964696 0.333478
vt 0.964696 0.343261
vt 0.964696 0.353043
vt 0.964696 0.362826
vt 0.964696 0.372609
vt 0.964696 0.382391
vt 0.964696 0.392174
vt 0.964696 0.401957
vt 0.964696 0.411739
vt 0.964696 0.421522
vt 0.964696 0.431304
vt 0.964696 0.441087
vt 0.964696 0.450870
vt 0.964696 0.460652
vt 0.964696 0.470435
vt 0.964696 0.480217
vt 0.964696 0.490000
vt 0.972348 0.265000
vt 0.972348 0.274783
vt 0.972348 0.284565
vt 0.972348 0.294348
vt 0.972348 0.304130
vt 0.972348 0.313913
vt 0.972348 0.323696
vt 0.972348 0.333478
vt 0.972348 0.343261
vt 0.972348 0.353043
vt 0.972348 0.362826
vt 0.972348 0.372609
vt 0.972348 0.382391
vt 0.972348 0.392174
vt 0.972348 0.401957
vt 0.972348 0.411739
vt 0.972348 0.421522
vt 0.972348 0.431304
vt 0.972348 0.441087
vt 0.972348 0.450870
vt 0.972348 0.460652
vt 0.972348 0.470435
vt 0.972348 0.480217
vt 0.972348 0.490000
vt 0.980000 0.265000
vt 0.980000 0.274783
vt 0.980000 0.284565
vt 0.980000 0.294348
vt 0.980000 0.304130
vt 0.980000 0.313913
vt 0.980000 0.323696
vt 0.980000 0.333478
vt 0.980000 0.343261
vt 0.980000 0.353043
vt 0.980000 0.362826
vt 0.980000 0.372609
vt 0.980000 0.382391
vt 0.980000 0.392174
vt 0.980000 0.401957
vt 0.980000 0.411739
vt 0.980000 0.421522
vt 0.980000 0.431304
vt 0.980000 0.441087
vt 0.980000 0.450870
vt 0.980000 0.460652
vt 0.980000 0.470435
vt 0.980000 0.480217
vt 0.980000 0.490000
f 1233/1233/1233 1257/1257/1257 1234/1234/1234
f 1234/1234/1234 1257/1257/1257 1258/1258/1258
f 1234/1234/1234 1258/1258/1258 1235/1235/1235
f 1235/1235/1235 1258/1258/1258 1259/1259/1259
f 1235/1235/1235 1259/1259/1259 1236/1236/1236
f 1236/1236/1236 1259/1259/1259 1260/1260/1260
f 1236/1236/1236 1260/1260/1260 1237/1237/1237
f 1237/1237/1237 1260/1260/1260 1261/1261/1261
f 1237/1237/1237 1261/1261/1261 1238/1238/1238
f 1238/1238/1238 1261/1261/1261 1262/1262/1262
f 1238/1238/1238 1262/1262/1262 1239/1239/1239
f 1239/1239/1239 1262/1262/1262 1263/1263/1263
f 1239/1239/1239 1263/1263/1263 1240/1240/1240
f 1240/1240/1240 1263/1263/1263 1264/1264/1264
f 1240/1240/1240 1264/1264/1264 1241/1241/1241
f 1241/1241/1241 1264/1264/1264 1265/1265/1265
f 1241/1241/1241 1265/1265/1265 1242/1242/1242
f 1242/1242/1242 1265/1265/1265 1266/1266/1266
f 1242/1242/1242 1266/1266/1266 1243/1243/1243
f 1243/1243/1243 1266/1266/1266 1267/1267/1267
f 1243/1243/1243 1267/1267/1267 1244/1244/1244
f 1244/1244/1244 1267/1267/1267 1268/1268/1268
f 1244/1244/1244 1268/1268/1268 1245/1245/1245
f 1245/1245/1245 1268/1268/1268 1269/1269/1269
f 1245/1245/1245 1269/1269/1269 1246/1246/1246
f 1246/1246/1246 1269/1269/1269 1270/1270/1270
f 1246/1246/1246 1270/1270/1270 1247/1247/1247
f 1247/1247/1247 1270/1270/1270 1271/1271/1271
f 1247/1247/1247 1271/1271/1271 1248/1248/1248
f 1248/1248/1248 1271/1271/1271 1272/1272/1272
f 1248/1248/1248 1272/1272/1272 1249/1249/1249
f 1249/1249/1249 1272/1272/1272 1273/1273/1273
f 1249/1249/1249 1273/1273/1273 1250/1250/1250
f 1250/1250/1250 1273/1273/1273 1274/1274/1274
f 1250/1250/1250 1274/1274/1274 1251/1251/1251
f 1251/1251/1251 1274/1274/1274 1275/1275/1275
f 1251/1251/1251 1275/1275/1275 1252/1252/1252
f 1252/1252/1252 1275/1275/1275 1276/1276/1276
f 1252/1252/1252 1276/1276/1276 1253/1253/1253
f 1253/1253/1253 1276/1276/1276 1277/1277/1277
f 1253/1253/1253 1277/1277/1277 1254/1254/1254
f 1254/1254/1254 1277/1277/1277 1278/1278/1278
f 1254/1254/1254 1278/1278/1278 1255/1255/1255
f 1255/1255/1255 1278/1278/1278 1279/1279/1279
f 1255/1255/1255 1279/1279/1279 1256/1256/1256
f 1256/1256/1256 1279/1279/1279 1280/1280/1280
f 1257/1257/1257 1281/1281/1281 1258/1258/1258
f 1258/1258/1258 1281/1281/1281 1282/1282/1282
f 1258/1258/1258 1282/1282/1282 1259/1259/1259
f 1259/1259/1259 1282/1282/1282 1283/1283/1283
f 1259/1259/1259 1283/1283/1283 1260/1260/1260
f 1260/1260/1260 1283/1283/1283 1284/1284/1284
f 1260/1260/1260 1284/1284/1284 1261/1261/1261
f 1261/1261/1261 1284/1284/1284 1285/1285/1285
f 1261/1261/1261 1285/1285/1285 1262/1262/1262
f 1262/1262/1262 1285/1285/1285 1286/1286/1286
f 1262/1262/1262 1286/1286/1286 1263/1263/1263
f 1263/1263/1263 1286/1286/1286 1287/1287/1287
f 1263/1263/1263 1287/1287/1287 1264/1264/1264
f 1264/1264/1264 1287/1287/1287 1288/1288/1288
f 1264/1264/1264 1288/1288/1288 1265/1265/1265
f 1265/1265/1265 1288/1288/1288 1289/1289/1289
f 1265/1265/1265 1289/1289/1289 1266/1266/1266
f 1266/1266/1266 1289/1289/1289 1290/1290/1290
f 1266/1266/1266 1290/1290/1290 1267/1267/1267
f 1267/1267/1267 1290/1290/1290 1291/1291/1291
f 1267/1267/1267 1291/1291/1291 1268/1268/1268
f 1268/1268/1268 1291/1291/1291 1292/1292/1292
f 1268/1268/1268 1292/1292/1292 1269/1269/1269
f 1269/1269/1269 1292/1292/1292 1293/1293/1293
f 1269/1269/1269 1293/1293/1293 1270/1270/1270
f 1270/1270/1270 1293/1293/1293 1294/1294/1294
f 1270/1270/1270 1294/1294/1294 1271/1271/1271
f 1271/1271/1271 1294/1294/1294 1295/1295/1295
f 1271/1271/1271 1295/1295/1295 1272/1272/1272
f 1272/1272/1272 1295/1295/1295 1296/1296/1296
f 1272/1272/1272 1296/1296/1296 1273/1273/1273
f 1273/1273/1273 1296/1296/1296 1297/1297/1297
f 1273/1273/1273 1297/1297/1297 1274/1274/1274
f 1274/1274/1274 1297/1297/1297 1298/1298/1298
f 1274/1274/1274 1298/1298/1298 1275/1275/1275
f 1275/1275/1275 1298/1298/1298 1299/1299/1299
f 1275/1275/1275 1299/1299/1299 1276/1276/1276
f 1276/1276/1276 1299/1299/1299 1300/1300/1300
f 1276/1276/1276 1300/1300/1300 1277/1277/1277
f 1277/1277/1277 1300/1300/1300 1301/1301/1301
f 1277/1277/1277 1301/1301/1301 1278/1278/1278
f 1278/1278/1278 1301/1301/1301 1302/1302/1302
f 1278/1278/1278 1302/1302/1302 1279/1279/1279
f 1279/1279/1279 1302/1302/1302 1303/1303/1303
f 1279/1279/1279 1303/1303/1303 1280/1280/1280
f 1280/1280/1280 1303/1303/1303 1304/1304/1304
f 1281/1281/1281 1305/1305/1305 1282/1282/1282
f 1282/1282/1282 1305/1305/1305 1306/1306/1306
f 1282/1282/1282 1306/1306/1306 1283/1283/1283
f 1283/1283/1283 1306/1306/1306 1307/1307/1307
f 1283/1283/1283 1307/1307/1307 1284/1284/1284
f 1284/1284/1284 1307/1307/1307 1308/1308/1308
f 1284/1284/1284 1308/1308/1308 1285/1285/1285
f 1285/1285/1285 1308/1308/1308 1309/1309/1309
f 1285/1285/1285 1309/1309/1309 1286/1286/1286
f 1286/1286/1286 1309/1309/1309 1310/1310/1310
f 1286/1286/1286 1310/1310/1310 1287/1287/1287
f 1287/1287/1287 1310/1310/1310 1311/1311/1311
f 1287/1287/1287 1311/1311/1311 1288/1288/1288
f 1288/1288/1288 1311/1311/1311 1312/1312/1312
f 1288/1288/1288 1312/1312/1312 1289/1289/1289
f 1289/1289/1289 1312/1312/1312 1313/1313/1313
f 1289/1289/1289 1313/1313/1313 1290/1290/1290
f 1290/1290/1290 1313/1313/1313 1314/1314/1314
f 1290/1290/1290 1314/1314/1314 1291/1291/1291
f 1291/1291/1291 1314/1314/1314 1315/1315/1315
f 1291/1291/1291 1315/1315/1315 1292/1292/1292
f 1292/1292/1292 1315/1315/1315 1316/1316/1316
f 1292/1292/1292 1316/1316/1316 1293/1293/1293
f 1293/1293/1293 1316/1316/1316 1317/1317/1317
f 1293/1293/1293 1317/1317/1317 1294/1294/1294
f 1294/1294/1294 1317/1317/1317 1318/1318/1318
f 1294/1294/1294 1318/1318/1318 1295/1295/1295
f 1295/1295/1295 1318/1318/1318 1319/1319/1319
f 1295/1295/1295 1319/1319/1319 1296/1296/1296
f 1296/1296/1296 1319/1319/1319 1320/1320/1320
f 1296/1296/1296 1320/1320/1320 1297/1297/1297
f 1297/1297/1297 1320/1320/1320 1321/1321/1321
f 1297/1297/1297 1321/1321/1321 1298/1298/1298
f 1298/1298/1298 1321/1321/1321 1322/1322/1322
f 1298/1298/1298 1322/1322/1322 1299/1299/1299
f 1299/1299/1299 1322/1322/1322 1323/1323/1323
f 1299/1299/1299 1323/1323/1323 1300/1300/1300
f 1300/1300/1300 1323/1323/1323 1324/1324/1324
f 1300/1300/1300 1324/1324/1324 1301/1301/1301
f 1301/1301/1301 1324/1324/1324 1325/1325/1325
f 1301/1301/1301 1325/1325/1325 1302/1302/1302
f 1302/1302/1302 1325/1325/1325 1326/1326/1326
f 1302/1302/1302 1326/1326/1326 1303/1303/1303
f 1303/1303/1303 1326/1326/1326 1327/1327/1327
f 1303/1303/1303 1327/1327/1327 1304/1304/1304
f 1304/1304/1304 1327/1327/1327 1328/1328/1328
f 1305/1305/1305 1329/1329/1329 1306/1306/1306
f 1306/1306/1306 1329/1329/1329 1330/1330/1330
f 1306/1306/1306 1330/1330/1330 1307/1307/1307
f 1307/1307/1307 1330/1330/1330 1331/1331/1331
f 1307/1307/1307 1331/1331/1331 1308/1308/1308
f 1308/1308/1308 1331/1331/1331 1332/1332/1332
f 1308/1308/1308 1332/1332/1332 1309/1309/1309
f 1309/1309/1309 1332/1332/1332 1333/1333/1333
f 1309/1309/1309 1333/1333/1333 1310/1310/1310
f 1310/1310/1310 1333/1333/1333 1334/1334/1334
f 1310/1310/1310 1334/1334/1334 1311/1311/1311
f 1311/1311/1311 1334/1334/1334 1335/1335/1335
f 1311/1311/1311 1335/1335/1335 1312/1312/1312
f 1312/1312/1312 1335/1335/1335 1336/1336/1336
f 1312/1312/1312 1336/1336/1336 1313/1313/1313
f 1313/1313/1313 1336/1336/1336 1337/1337/1337
f 1313/1313/1313 1337/1337/1337 1314/1314/1314
f 1314/1314/1314 1337/1337/1337 1338/1338/1338
f 1314/1314/1314 1338/1338/1338 1315/1315/1315
f 1315/1315/1315 1338/1338/1338 1339/1339/1339
f 1315/1315/1315 1339/1339/1339 1316/1316/1316
f 1316/1316/1316 1339/1339/1339 1340/1340/1340
f 1316/1316/1316 1340/1340/1340 1317/1317/1317
f 1317/1317/1317 1340/1340/1340 1341/1341/1341
f 1317/1317/1317 1341/1341/1341 1318/1318/1318
f 1318/1318/1318 1341/1341/1341 1342/1342/1342
f 1318/1318/1318 1342/1342/1342 1319/1319/1319
f 1319/1319/1319 1342/1342/1342 1343/1343/1343
f 1319/1319/1319 1343/1343/1343 1320/1320/1320
f 1320/1320/1320 1343/1343/1343 1344/1344/1344
f 1320/1320/1320 1344/1344/1344 1321/1321/1321
f 1321/1321/1321 1344/1344/1344 1345/1345/1345
f 1321/1321/1321 1345/1345/1345 1322/1322/1322
f 1322/1322/1322 1345/1345/1345 1346/1346/1346
f 1322/1322/1322 1346/1346/1346 1323/1323/1323
f 1323/1323/1323 1346/1346/1346 1347/1347/1347
f 1323/1323/1323 1347/1347/1347 1324/1324/1324
f 1324/1324/1324 1347/1347/1347 1348/1348/1348
f 1324/1324/1324 1348/1348/1348 1325/1325/1325
f 1325/1325/1325 1348/1348/1348 1349/1349/1349
f 1325/1325/1325 1349/1349/1349 1326/1326/1326
f 1326/1326/1326 1349/1349/1349 1350/1350/1350
f 1326/1326/1326 1350/1350/1350 1327/1327/1327
f 1327/1327/1327 1350/1350/1350 1351/1351/1351
f 1327/1327/1327 1351/1351/1351 1328/1328/1328
f 1328/1328/1328 1351/1351/1351 1352/1352/1352
f 1329/1329/1329 1353/1353/1353 1330/1330/1330
f 1330/1330/1330 1353/1353/1353 1354/1354/1354
f 1330/1330/1330 1354/1354/1354 1331/1331/1331
f 1331/1331/1331 1354/1354/1354 1355/1355/1355
f 1331/1331/1331 1355/1355/1355 1332/1332/1332
f 1332/1332/1332 1355/1355/1355 1356/1356/1356
f 1332/1332/1332 1356/1356/1356 1333/1333/1333
f 1333/1333/1333 1356/1356/1356 1357/1357/1357
f 1333/1333/1333 1357/1357/1357 1334/1334/1334
f 1334/1334/1334 1357/1357/1357 1358/1358/1358
f 1334/1334/1334 1358/1358/1358 1335/1335/1335
f 1335/1335/1335 1358/1358/1358 1359/1359/1359
f 1335/1335/1335 1359/1359/1359 1336/1336/1336
f 1336/1336/1336 1359/1359/1359 1360/1360/1360
f 1336/1336/1336 1360/1360/1360 1337/1337/1337
f 1337/1337/1337 1360/1360/1360 1361/1361/1361
f 1337/1337/1337 1361/1361/1361 1338/1338/1338
f 1338/1338/1338 1361/1361/1361 1362/1362/1362
f 1338/1338/1338 1362/1362/1362 1339/1339/1339
f 1339/1339/1339 1362/1362/1362 1363/1363/1363
f 1339/1339/1339 1363/1363/1363 1340/1340/1340
f 1340/1340/1340 1363/1363/1363 1364/1364/1364
f 1340/1340/1340 1364/1364/1364 1341/1341/1341
f 1341/1341/1341 1364/1364/1364 1365/1365/1365
f 1341/1341/1341 1365/1365/1365 1342/1342/1342
f 1342/1342/1342 1365/1365/1365 1366/1366/1366
f 1342/1342/1342 1366/1366/1366 1343/1343/1343
f 1343/1343/1343 1366/1366/1366 1367/1367/1367
f 1343/1343/1343 1367/1367/1367 1344/1344/1344
f 1344/1344/1344 1367/1367/1367 1368/1368/1368
f 1344/1344/1344 1368/1368/1368 1345/1345/1345
f 1345/1345/1345 1368/1368/1368 1369/1369/1369
f 1345/1345/1345 1369/1369/1369 1346/1346/1346
f 1346/1346/1346 1369/1369/1369 1370/1370/1370
f 1346/1346/1346 1370/1370/1370 1347/1347/1347
f 1347/1347/1347 1370/1370/1370 1371/1371/1371
f 1347/1347/1347 1371/1371/1371 1348/1348/1348
f 1348/1348/1348 1371/1371/1371 1372/1372/1372
f 1348/1348/1348 1372/1372/1372 1349/1349/1349
f 1349/1349/1349 1372/1372/1372 1373/1373/1373
f 1349/1349/1349 1373/1373/1373 1350/1350/1350
f 1350/1350/1350 1373/1373/1373 1374/1374/1374
f 1350/1350/1350 1374/1374/1374 1351/1351/1351
f 1351/1351/1351 1374/1374/1374 1375/1375/1375
f 1351/1351/1351 1375/1375/1375 1352/1352/1352
f 1352/1352/1352 1375/1375/1375 1376/1376/1376
f 1353/1353/1353 1377/1377/1377 1354/1354/1354
f 1354/1354/1354 1377/1377/1377 1378/1378/1378
f 1354/1354/1354 1378/1378/1378 1355/1355/1355
f 1355/1355/1355 1378/1378/1378 1379/1379/1379
f 1355/1355/1355 1379/1379/1379 1356/1356/1356
f 1356/1356/1356 1379/1379/1379 1380/1380/1380
f 1356/1356/1356 1380/1380/1380 1357/1357/1357
f 1357/1357/1357 1380/1380/1380 1381/1381/1381
f 1357/1357/1357 1381/1381/1381 1358/1358/1358
f 1358/1358/1358 1381/1381/1381 1382/1382/1382
f 1358/1358/1358 1382/1382/1382 1359/1359/1359
f 1359/1359/1359 1382/1382/1382 1383/1383/1383
f 1359/1359/1359 1383/1383/1383 1360/1360/1360
f 1360/1360/1360 1383/1383/1383 1384/1384/1384
f 1360/1360/1360 1384/1384/1384 1361/1361/1361
f 1361/1361/1361 1384/1384/1384 1385/1385/1385
f 1361/1361/1361 1385/1385/1385 1362/1362/1362
f 1362/1362/1362 1385/1385/1385 1386/1386/1386
f 1362/1362/1362 1386/1386/1386 1363/1363/1363
f 1363/1363/1363 1386/1386/1386 1387/1387/1387
f 1363/1363/1363 1387/1387/1387 1364/1364/1364
f 1364/1364/1364 1387/1387/1387 1388/1388/1388
f 1364/1364/1364 1388/1388/1388 1365/1365/1365
f 1365/1365/1365 1388/1388/1388 1389/1389/1389
f 1365/1365/1365 1389/1389/1389 1366/1366/1366
f 1366/1366/1366 1389/1389/1389 1390/1390/1390
f 1366/1366/1366 1390/1390/1390 1367/1367/1367
f 1367/1367/1367 1390/1390/1390 1391/1391/1391
f 1367/1367/1367 1391/1391/1391 1368/1368/1368
f 1368/1368/1368 1391/1391/1391 1392/1392/1392
f 1368/1368/1368 1392/1392/1392 1369/1369/1369
f 1369/1369/1369 1392/1392/1392 1393/1393/1393
f 1369/1369/1369 1393/1393/1393 1370/1370/1370
f 1370/1370/1370 1393/1393/1393 1394/1394/1394
f 1370/1370/1370 1394/1394/1394 1371/1371/1371
f 1371/1371/1371 1394/1394/1394 1395/1395/1395
f 1371/1371/1371 1395/1395/1395 1372/1372/1372
f 1372/1372/1372 1395/1395/1395 1396/1396/1396
f 1372/1372/1372 1396/1396/1396 1373/1373/1373
f 1373/1373/1373 1396/1396/1396 1397/1397/1397
f 1373/1373/1373 1397/1397/1397 1374/1374/1374
f 1374/1374/1374 1397/1397/1397 1398/1398/1398
f 1374/1374/1374 1398/1398/1398 1375/1375/1375
f 1375/1375/1375 1398/1398/1398 1399/1399/1399
f 1375/1375/1375 1399/1399/1399 1376/1376/1376
f 1376/1376/1376 1399/1399/1399 1400/1400/1400
f 1377/1377/1377 1401/1401/1401 1378/1378/1378
f 1378/1378/1378 1401/1401/1401 1402/1402/1402
f 1378/1378/1378 1402/1402/1402 1379/1379/1379
f 1379/1379/1379 1402/1402/1402 1403/1403/1403
f 1379/1379/1379 1403/1403/1403 1380/1380/1380
f 1380/1380/1380 1403/1403/1403 1404/1404/1404
f 1380/1380/1380 1404/1404/1404 1381/1381/1381
f 1381/1381/1381 1404/1404/1404 1405/1405/1405
f 1381/1381/1381 1405/1405/1405 1382/1382/1382
f 1382/1382/1382 1405/1405/1405 1406/1406/1406
f 1382/1382/1382 1406/1406/1406 1383/1383/1383
f 1383/1383/1383 1406/1406/1406 1407/1407/1407
f 1383/1383/1383 1407/1407/1407 1384/1384/1384
f 1384/1384/1384 1407/1407/1407 1408/1408/1408
f 1384/1384/1384 1408/1408/1408 1385/1385/1385
f 1385/1385/1385 1408/1408/1408 1409/1409/1409
f 1385/1385/1385 1409/1409/1409 1386/1386/1386
f 1386/1386/1386 1409/1409/1409 1410/1410/1410
f 1386/1386/1386 1410/1410/1410 1387/1387/1387
f 1387/1387/1387 1410/1410/1410 1411/1411/1411
f 1387/1387/1387 1411/1411/1411 1388/1388/1388
f 1388/1388/1388 1411/1411/1411 1412/1412/1412
f 1388/1388/1388 1412/1412/1412 1389/1389/1389
f 1389/1389/1389 1412/1412/1412 1413/1413/1413
f 1389/1389/1389 1413/1413/1413 1390/1390/1390
f 1390/1390/1390 1413/1413/1413 1414/1414/1414
f 1390/1390/1390 1414/1414/1414 1391/1391/1391
f 1391/1391/1391 1414/1414/1414 1415/1415/1415
f 1391/1391/1391 1415/1415/1415 1392/1392/1392
f 1392/1392/1392 1415/1415/1415 1416/1416/1416
f 1392/1392/1392 1416/1416/1416 1393/1393/1393
f 1393/1393/1393 1416/1416/1416 1417/1417/1417
f 1393/1393/1393 1417/1417/1417 1394/1394/1394
f 1394/1394/1394 1417/1417/1417 1418/1418/1418
f 1394/1394/1394 1418/1418/1418 1395/1395/1395
f 1395/1395/1395 1418/1418/1418 1419/1419/1419
f 1395/1395/1395 1419/1419/1419 1396/1396/1396
f 1396/1396/1396 1419/1419/1419 1420/1420/1420
f 1396/1396/1396 1420/1420/1420 1397/1397/1397
f 1397/1397/1397 1420/1420/1420 1421/1421/1421
f 1397/1397/1397 1421/1421/1421 1398/1398/1398
f 1398/1398/1398 1421/1421/1421 1422/1422/1422
f 1398/1398/1398 1422/1422/1422 1399/1399/1399
f 1399/1399/1399 1422/1422/1422 1423/1423/1423
f 1399/1399/1399 1423/1423/1423 1400/1400/1400
f 1400/1400/1400 1423/1423/1423 1424/1424/1424
f 1401/1401/1401 1425/1425/1425 1402/1402/1402
f 1402/1402/1402 1425/1425/1425 1426/1426/1426
f 1402/1402/1402 1426/1426/1426 1403/1403/1403
f 1403/1403/1403 1426/1426/1426 1427/1427/1427
f 1403/1403/1403 1427/1427/1427 1404/1404/1404
f 1404/1404/1404 1427/1427/1427 1428/1428/1428
f 1404/1404/1404 1428/1428/1428 1405/1405/1405
f 1405/1405/1405 1428/1428/1428 1429/1429/1429
f 1405/1405/1405 1429/1429/1429 1406/1406/1406
f 1406/1406/1406 1429/1429/1429 1430/1430/1430
f 1406/1406/1406 1430/1430/1430 1407/1407/1407
f 1407/1407/1407 1430/1430/1430 1431/1431/1431
f 1407/1407/1407 1431/1431/1431 1408/1408/1408
f 1408/1408/1408 1431/1431/1431 1432/1432/1432
f 1408/1408/1408 1432/1432/1432 1409/1409/1409
f 1409/1409/1409 1432/1432/1432 1433/1433/1433
f 1409/1409/1409 1433/1433/1433 1410/1410/1410
f 1410/1410/1410 1433/1433/1433 1434/1434/1434
f 1410/1410/1410 1434/1434/1434 1411/1411/1411
f 1411/1411/1411 1434/1434/1434 1435/1435/1435
f 1411/1411/1411 1435/1435/1435 1412/1412/1412
f 1412/1412/1412 1435/1435/1435 1436/1436/1436
f 1412/1412/1412 1436/1436/1436 1413/1413/1413
f 1413/1413/1413 1436/1436/1436 1437/1437/1437
f 1413/1413/1413 1437/1437/1437 1414/1414/1414
f 1414/1414/1414 1437/1437/1437 1438/1438/1438
f 1414/1414/1414 1438/1438/1438 1415/1415/1415
f 1415/1415/1415 1438/1438/1438 1439/1439/1439
f 1415/1415/1415 1439/1439/1439 1416/1416/1416
f 1416/1416/1416 1439/1439/1439 1440/1440/1440
f 1416/1416/1416 1440/1440/1440 1417/1417/1417
f 1417/1417/1417 1440/1440/1440 1441/1441/1441
f 1417/1417/1417 1441/1441/1441 1418/1418/1418
f 1418/1418/1418 1441/1441/1441 1442/1442/1442
f 1418/1418/1418 1442/1442/1442 1419/1419/1419
f 1419/1419/1419 1442/1442/1442 1443/1443/1443
f 1419/1419/1419 1443/1443/1443 1420/1420/1420
f 1420/1420/1420 1443/1443/1443 1444/1444/1444
f 1420/1420/1420 1444/1444/1444 1421/1421/1421
f 1421/1421/1421 1444/1444/1444 1445/1445/1445
f 1421/1421/1421 1445/1445/1445 1422/1422/1422
f 1422/1422/1422 1445/1445/1445 1446/1446/1446
f 1422/1422/1422 1446/1446/1446 1423/1423/1423
f 1423/1423/1423 1446/1446/1446 1447/1447/1447
f 1423/1423/1423 1447/1447/1447 1424/1424/1424
f 1424/1424/1424 1447/1447/1447 1448/1448/1448
f 1425/1425/1425 1449/1449/1449 1426/1426/1426
f 1426/1426/1426 1449/1449/1449 1450/1450/1450
f 1426/1426/1426 1450/1450/1450 1427/1427/1427
f 1427/1427/1427 1450/1450/1450 1451/1451/1451
f 1427/1427/1427 1451/1451/1451 1428/1428/1428
f 1428/1428/1428 1451/1451/1451 1452/1452/1452
f 1428/1428/1428 1452/1452/1452 1429/1429/1429
f 1429/1429/1429 1452/1452/1452 1453/1453/1453
f 1429/1429/1429 1453/1453/1453 1430/1430/1430
f 1430/1430/1430 1453/1453/1453 1454/1454/1454
f 1430/1430/1430 1454/1454/1454 1431/1431/1431
f 1431/1431/1431 1454/1454/1454 1455/1455/1455
f 1431/1431/1431 1455/1455/1455 1432/1432/1432
f 1432/1432/1432 1455/1455/1455 1456/1456/1456
f 1432/1432/1432 1456/1456/1456 1433/1433/1433
f 1433/1433/1433 1456/1456/1456 1457/1457/1457
f 1433/1433/1433 1457/1457/1457 1434/1434/1434
f 1434/1434/1434 1457/1457/1457 1458/1458/1458
f 1434/1434/1434 1458/1458/1458 1435/1435/1435
f 1435/1435/1435 1458/1458/1458 1459/1459/1459
f 1435/1435/1435 1459/1459/1459 1436/1436/1436
f 1436/1436/1436 1459/1459/1459 1460/1460/1460
f 1436/1436/1436 1460/1460/1460 1437/1437/1437
f 1437/1437/1437 1460/1460/1460 1461/1461/1461
f 1437/1437/1437 1461/1461/1461 1438/1438/1438
f 1438/1438/1438 1461/1461/1461 1462/1462/1462
f 1438/1438/1438 1462/1462/1462 1439/1439/1439
f 1439/1439/1439 1462/1462/1462 1463/1463/1463
f 1439/1439/1439 1463/1463/1463 1440/1440/1440
f 1440/1440/1440 1463/1463/1463 1464/1464/1464
f 1440/1440/1440 1464/1464/1464 1441/1441/1441
f 1441/1441/1441 1464/1464/1464 1465/1465/1465
f 1441/1441/1441 1465/1465/1465 1442/1442/1442
f 1442/1442/1442 1465/1465/1465 1466/1466/1466
f 1442/1442/1442 1466/1466/1466 1443/1443/1443
f 1443/1443/1443 1466/1466/1466 1467/1467/1467
f 1443/1443/1443 1467/1467/1467 1444/1444/1444
f 1444/1444/1444 1467/1467/1467 1468/1468/1468
f 1444/1444/1444 1468/1468/1468 1445/1445/1445
f 1445/1445/1445 1468/1468/1468 1469/1469/1469
f 1445/1445/1445 1469/1469/1469 1446/1446/1446
f 1446/1446/1446 1469/1469/1469 1470/1470/1470
f 1446/1446/1446 1470/1470/1470 1447/1447/1447
f 1447/1447/1447 1470/1470/1470 1471/1471/1471
f 1447/1447/1447 1471/1471/1471 1448/1448/1448
f 1448/1448/1448 1471/1471/1471 1472/1472/1472
f 1449/1449/1449 1473/1473/1473 1450/1450/1450
f 1450/1450/1450 1473/1473/1473 1474/1474/1474
f 1450/1450/1450 1474/1474/1474 1451/1451/1451
f 1451/1451/1451 1474/1474/1474 1475/1475/1475
f 1451/1451/1451 1475/1475/1475 1452/1452/1452
f 1452/1452/1452 1475/1475/1475 1476/1476/1476
f 1452/1452/1452 1476/1476/1476 1453/1453/1453
f 1453/1453/1453 1476/1476/1476 1477/1477/1477
f 1453/1453/1453 1477/1477/1477 1454/1454/1454
f 1454/1454/1454 1477/1477/1477 1478/1478/1478
f 1454/1454/1454 1478/1478/1478 1455/1455/1455
f 1455/1455/1455 1478/1478/1478 1479/1479/1479
f 1455/1455/1455 1479/1479/1479 1456/1456/1456
f 1456/1456/1456 1479/1479/1479 1480/1480/1480
f 1456/1456/1456 1480/1480/1480 1457/1457/1457
f 1457/1457/1457 1480/1480/1480 1481/1481/1481
f 1457/1457/1457 1481/1481/1481 1458/1458/1458
f 1458/1458/1458 1481/1481/1481 1482/1482/1482
f 1458/1458/1458 1482/1482/1482 1459/1459/1459
f 1459/1459/1459 1482/1482/1482 1483/1483/1483
f 1459/1459/1459 1483/1483/1483 1460/1460/1460
f 1460/1460/1460 1483/1483/1483 1484/1484/1484
f 1460/1460/1460 1484/1484/1484 1461/1461/1461
f 1461/1461/1461 1484/1484/1484 1485/1485/1485
f 1461/1461/1461 1485/1485/1485 1462/1462/1462
f 1462/1462/1462 1485/1485/1485 1486/1486/1486
f 1462/1462/1462 1486/1486/1486 1463/1463/1463
f 1463/1463/1463 1486/1486/1486 1487/1487/1487
f 1463/1463/1463 1487/1487/1487 1464/1464/1464
f 1464/1464/1464 1487/1487/1487 1488/1488/1488
f 1464/1464/1464 1488/1488/1488 1465/1465/1465
f 1465/1465/1465 1488/1488/1488 1489/1489/1489
f 1465/1465/1465 1489/1489/1489 1466/1466/1466
f 1466/1466/1466 1489/1489/1489 1490/1490/1490
f 1466/1466/1466 1490/1490/1490 1467/1467/1467
f 1467/1467/1467 1490/1490/1490 1491/1491/1491
f 1467/1467/1467 1491/1491/1491 1468/1468/1468
f 1468/1468/1468 1491/1491/1491 1492/1492/1492
f 1468/1468/1468 1492/1492/1492 1469/1469/1469
f 1469/1469/1469 1492/1492/1492 1493/1493/1493
f 1469/1469/1469 1493/1493/1493 1470/1470/1470
f 1470/1470/1470 1493/1493/1493 1494/1494/1494
f 1470/1470/1470 1494/1494/1494 1471/1471/1471
f 1471/1471/1471 1494/1494/1494 1495/1495/1495
f 1471/1471/1471 1495/1495/1495 1472/1472/1472
f 1472/1472/1472 1495/1495/1495 1496/1496/1496
f 1473/1473/1473 1497/1497/1497 1474/1474/1474
f 1474/1474/1474 1497/1497/1497 1498/1498/1498
f 1474/1474/1474 1498/1498/1498 1475/1475/1475
f 1475/1475/1475 1498/1498/1498 1499/1499/1499
f 1475/1475/1475 1499/1499/1499 1476/1476/1476
f 1476/1476/1476 1499/1499/1499 1500/1500/1500
f 1476/1476/1476 1500/1500/1500 1477/1477/1477
f 1477/1477/1477 1500/1500/1500 1501/1501/1501
f 1477/1477/1477 1501/1501/1501 1478/1478/1478
f 1478/1478/1478 1501/1501/1501 1502/1502/1502
f 1478/1478/1478 1502/1502/1502 1479/1479/1479
f 1479/1479/1479 1502/1502/1502 1503/1503/1503
f 1479/1479/1479 1503/1503/1503 1480/1480/1480
f 1480/1480/1480 1503/1503/1503 1504/1504/1504
f 1480/1480/1480 1504/1504/1504 1481/1481/1481
f 1481/1481/1481 1504/1504/1504 1505/1505/1505
f 1481/1481/1481 1505/1505/1505 1482/1482/1482
f 1482/1482/1482 1505/1505/1505 1506/1506/1506
f 1482/1482/1482 1506/1506/1506 1483/1483/1483
f 1483/1483/1483 1506/1506/1506 1507/1507/1507
f 1483/1483/1483 1507/1507/1507 1484/1484/1484
f 1484/1484/1484 1507/1507/1507 1508/1508/1508
f 1484/1484/1484 1508/1508/1508 1485/1485/1485
f 1485/1485/1485 1508/1508/1508 1509/1509/1509
f 1485/1485/1485 1509/1509/1509 1486/1486/1486
f 1486/1486/1486 1509/1509/1509 1510/1510/1510
f 1486/1486/1486 1510/1510/1510 1487/1487/1487
f 1487/1487/1487 1510/1510/1510 1511/1511/1511
f 1487/1487/1487 1511/1511/1511 1488/1488/1488
f 1488/1488/1488 1511/1511/1511 1512/1512/1512
f 1488/1488/1488 1512/1512/1512 1489/1489/1489
f 1489/1489/1489 1512/1512/1512 1513/1513/1513
f 1489/1489/1489 1513/1513/1513 1490/1490/1490
f 1490/1490/1490 1513/1513/1513 1514/1514/1514
f 1490/1490/1490 1514/1514/1514 1491/1491/1491
f 1491/1491/1491 1514/1514/1514 1515/1515/1515
f 1491/1491/1491 1515/1515/1515 1492/1492/1492
f 1492/1492/1492 1515/1515/1515 1516/1516/1516
f 1492/1492/1492 1516/1516/1516 1493/1493/1493
f 1493/1493/1493 1516/1516/1516 1517/1517/1517
f 1493/1493/1493 1517/1517/1517 1494/1494/1494
f 1494/1494/1494 1517/1517/1517 1518/1518/1518
f 1494/1494/1494 1518/1518/1518 1495/1495/1495
f 1495/1495/1495 1518/1518/1518 1519/1519/1519
f 1495/1495/1495 1519/1519/1519 1496/1496/1496
f 1496/1496/1496 1519/1519/1519 1520/1520/1520
f 1497/1497/1497 1521/1521/1521 1498/1498/1498
f 1498/1498/1498 1521/1521/1521 1522/1522/1522
f 1498/1498/1498 1522/1522/1522 1499/1499/1499
f 1499/1499/1499 1522/1522/1522 1523/1523/1523
f 1499/1499/1499 1523/1523/1523 1500/1500/1500
f 1500/1500/1500 1523/1523/1523 1524/1524/1524
f 1500/1500/1500 1524/1524/1524 1501/1501/1501
f 1501/1501/1501 1524/1524/1524 1525/1525/1525
f 1501/1501/1501 1525/1525/1525 1502/1502/1502
f 1502/1502/1502 1525/1525/1525 1526/1526/1526
f 1502/1502/1502 1526/1526/1526 1503/1503/1503
f 1503/1503/1503 1526/1526/1526 1527/1527/1527
f 1503/1503/1503 1527/1527/1527 1504/1504/1504
f 1504/1504/1504 1527/1527/1527 1528/1528/1528
f 1504/1504/1504 1528/1528/1528 1505/1505/1505
f 1505/1505/1505 1528/1528/1528 1529/1529/1529
f 1505/1505/1505 1529/1529/1529 1506/1506/1506
f 1506/1506/1506 1529/1529/1529 1530/1530/1530
f 1506/1506/1506 1530/1530/1530 1507/1507/1507
f 1507/1507/1507 1530/1530/1530 1531/1531/1531
f 1507/1507/1507 1531/1531/1531 1508/1508/1508
f 1508/1508/1508 1531/1531/1531 1532/1532/1532
f 1508/1508/1508 1532/1532/1532 1509/1509/1509
f 1509/1509/1509 1532/1532/1532 1533/1533/1533
f 1509/1509/1509 1533/1533/1533 1510/1510/1510
f 1510/1510/1510 1533/1533/1533 1534/1534/1534
f 1510/1510/1510 1534/1534/1534 1511/1511/1511
f 1511/1511/1511 1534/1534/1534 1535/1535/1535
f 1511/1511/1511 1535/1535/1535 1512/1512/1512
f 1512/1512/1512 1535/1535/1535 1536/1536/1536
f 1512/1512/1512 1536/1536/1536 1513/1513/1513
f 1513/1513/1513 1536/1536/1536 1537/1537/1537
f 1513/1513/1513 1537/1537/1537 1514/1514/1514
f 1514/1514/1514 1537/1537/1537 1538/1538/1538
f 1514/1514/1514 1538/1538/1538 1515/1515/1515
f 1515/1515/1515 1538/1538/1538 1539/1539/1539
f 1515/1515/1515 1539/1539/1539 1516/1516/1516
f 1516/1516/1516 1539/1539/1539 1540/1540/1540
f 1516/1516/1516 1540/1540/1540 1517/1517/1517
f 1517/1517/1517 1540/1540/1540 1541/1541/1541
f 1517/1517/1517 1541/1541/1541 1518/1518/1518
f 1518/1518/1518 1541/1541/1541 1542/1542/1542
f 1518/1518/1518 1542/1542/1542 1519/1519/1519
f 1519/1519/1519 1542/1542/1542 1543/1543/1543
f 1519/1519/1519 1543/1543/1543 1520/1520/1520
f 1520/1520/1520 1543/1543/1543 1544/1544/1544
f 1521/1521/1521 1545/1545/1545 1522/1522/1522
f 1522/1522/1522 1545/1545/1545 1546/1546/1546
f 1522/1522/1522 1546/1546/1546 1523/1523/1523
f 1523/1523/1523 1546/1546/1546 1547/1547/1547
f 1523/1523/1523 1547/1547/1547 1524/1524/1524
f 1524/1524/1524 1547/1547/1547 1548/1548/1548
f 1524/1524/1524 1548/1548/1548 1525/1525/1525
f 1525/1525/1525 1548/1548/1548 1549/1549/1549
f 1525/1525/1525 1549/1549/1549 1526/1526/1526
f 1526/1526/1526 1549/1549/1549 1550/1550/1550
f 1526/1526/1526 1550/1550/1550 1527/1527/1527
f 1527/1527/1527 1550/1550/1550 1551/1551/1551
f 1527/1527/1527 1551/1551/1551 1528/1528/1528
f 1528/1528/1528 1551/1551/1551 1552/1552/1552
f 1528/1528/1528 1552/1552/1552 1529/1529/1529
f 1529/1529/1529 1552/1552/1552 1553/1553/1553
f 1529/1529/1529 1553/1553/1553 1530/1530/1530
f 1530/1530/1530 1553/1553/1553 1554/1554/1554
f 1530/1530/1530 1554/1554/1554 1531/1531/1531
f 1531/1531/1531 1554/1554/1554 1555/1555/1555
f 1531/1531/1531 1555/1555/1555 1532/1532/1532
f 1532/1532/1532 1555/1555/1555 1556/1556/1556
f 1532/1532/1532 1556/1556/1556 1533/1533/1533
f 1533/1533/1533 1556/1556/1556 1557/1557/1557
f 1533/1533/1533 1557/1557/1557 1534/1534/1534
f 1534/1534/1534 1557/1557/1557 1558/1558/1558
f 1534/1534/1534 1558/1558/1558 1535/1535/1535
f 1535/1535/1535 1558/1558/1558 1559/1559/1559
f 1535/1535/1535 1559/1559/1559 1536/1536/1536
f 1536/1536/1536 1559/1559/1559 1560/1560/1560
f 1536/1536/1536 1560/1560/1560 1537/1537/1537
f 1537/1537/1537 1560/1560/1560 1561/1561/1561
f 1537/1537/1537 1561/1561/1561 1538/1538/1538
f 1538/1538/1538 1561/1561/1561 1562/1562/1562
f 1538/1538/1538 1562/1562/1562 1539/1539/1539
f 1539/1539/1539 1562/1562/1562 1563/1563/1563
f 1539/1539/1539 1563/1563/1563 1540/1540/1540
f 1540/1540/1540 1563/1563/1563 1564/1564/1564
f 1540/1540/1540 1564/1564/1564 1541/1541/1541
f 1541/1541/1541 1564/1564/1564 1565/1565/1565
f 1541/1541/1541 1565/1565/1565 1542/1542/1542
f 1542/1542/1542 1565/1565/1565 1566/1566/1566
f 1542/1542/1542 1566/1566/1566 1543/1543/1543
f 1543/1543/1543 1566/1566/1566 1567/1567/1567
f 1543/1543/1543 1567/1567/1567 1544/1544/1544
f 1544/1544/1544 1567/1567/1567 1568/1568/1568
f 1545/1545/1545 1569/1569/1569 1546/1546/1546
f 1546/1546/1546 1569/1569/1569 1570/1570/1570
f 1546/1546/1546 1570/1570/1570 1547/1547/1547
f 1547/1547/1547 1570/1570/1570 1571/1571/1571
f 1547/1547/1547 1571/1571/1571 1548/1548/1548
f 1548/1548/1548 1571/1571/1571 1572/1572/1572
f 1548/1548/1548 1572/1572/1572 1549/1549/1549
f 1549/1549/1549 1572/1572/1572 1573/1573/1573
f 1549/1549/1549 1573/1573/1573 1550/1550/1550
f 1550/1550/1550 1573/1573/1573 1574/1574/1574
f 1550/1550/1550 1574/1574/1574 1551/1551/1551
f 1551/1551/1551 1574/1574/1574 1575/1575/1575
f 1551/1551/1551 1575/1575/1575 1552/1552/1552
f 1552/1552/1552 1575/1575/1575 1576/1576/1576
f 1552/1552/1552 1576/1576/1576 1553/1553/1553
f 1553/1553/1553 1576/1576/1576 1577/1577/1577
f 1553/1553/1553 1577/1577/1577 1554/1554/1554
f 1554/1554/1554 1577/1577/1577 1578/1578/1578
f 1554/1554/1554 1578/1578/1578 1555/1555/1555
f 1555/1555/1555 1578/1578/1578 1579/1579/1579
f 1555/1555/1555 1579/1579/1579 1556/1556/1556
f 1556/1556/1556 1579/1579/1579 1580/1580/1580
f 1556/1556/1556 1580/1580/1580 1557/1557/1557
f 1557/1557/1557 1580/1580/1580 1581/1581/1581
f 1557/1557/1557 1581/1581/1581 1558/1558/1558
f 1558/1558/1558 1581/1581/1581 1582/1582/1582
f 1558/1558/1558 1582/1582/1582 1559/1559/1559
f 1559/1559/1559 1582/1582/1582 1583/1583/1583
f 1559/1559/1559 1583/1583/1583 1560/1560/1560
f 1560/1560/1560 1583/1583/1583 1584/1584/1584
f 1560/1560/1560 1584/1584/1584 1561/1561/1561
f 1561/1561/1561 1584/1584/1584 1585/1585/1585
f 1561/1561/1561 1585/1585/1585 1562/1562/1562
f 1562/1562/1562 1585/1585/1585 1586/1586/1586
f 1562/1562/1562 1586/1586/1586 1563/1563/1563
f 1563/1563/1563 1586/1586/1586 1587/1587/1587
f 1563/1563/1563 1587/1587/1587 1564/1564/1564
f 1564/1564/1564 1587/1587/1587 1588/1588/1588
f 1564/1564/1564 1588/1588/1588 1565/1565/1565
f 1565/1565/1565 1588/1588/1588 1589/1589/1589
f 1565/1565/1565 1589/1589/1589 1566/1566/1566
f 1566/1566/1566 1589/1589/1589 1590/1590/1590
f 1566/1566/1566 1590/1590/1590 1567/1567/1567
f 1567/1567/1567 1590/1590/1590 1591/1591/1591
f 1567/1567/1567 1591/1591/1591 1568/1568/1568
f 1568/1568/1568 1591/1591/1591 1592/1592/1592
f 1569/1569/1569 1593/1593/1593 1570/1570/1570
f 1570/1570/1570 1593/1593/1593 1594/1594/1594
f 1570/1570/1570 1594/1594/1594 1571/1571/1571
f 1571/1571/1571 1594/1594/1594 1595/1595/1595
f 1571/1571/1571 1595/1595/1595 1572/1572/1572
f 1572/1572/1572 1595/1595/1595 1596/1596/1596
f 1572/1572/1572 1596/1596/1596 1573/1573/1573
f 1573/1573/1573 1596/1596/1596 1597/1597/1597
f 1573/1573/1573 1597/1597/1597 1574/1574/1574
f 1574/1574/1574 1597/1597/1597 1598/1598/1598
f 1574/1574/1574 1598/1598/1598 1575/1575/1575
f 1575/1575/1575 1598/1598/1598 1599/1599/1599
f 1575/1575/1575 1599/1599/1599 1576/1576/1576
f 1576/1576/1576 1599/1599/1599 1600/1600/1600
f 1576/1576/1576 1600/1600/1600 1577/1577/1577
f 1577/1577/1577 1600/1600/1600 1601/1601/1601
f 1577/1577/1577 1601/1601/1601 1578/1578/1578
f 1578/1578/1578 1601/1601/1601 1602/1602/1602
f 1578/1578/1578 1602/1602/1602 1579/1579/1579
f 1579/1579/1579 1602/1602/1602 1603/1603/1603
f 1579/1579/1579 1603/1603/1603 1580/1580/1580
f 1580/1580/1580 1603/1603/1603 1604/1604/1604
f 1580/1580/1580 1604/1604/1604 1581/1581/1581
f 1581/1581/1581 1604/1604/1604 1605/1605/1605
f 1581/1581/1581 1605/1605/1605 1582/1582/1582
f 1582/1582/1582 1605/1605/1605 1606/1606/1606
f 1582/1582/1582 1606/1606/1606 1583/1583/1583
f 1583/1583/1583 1606/1606/1606 1607/1607/1607
f 1583/1583/1583 1607/1607/1607 1584/1584/1584
f 1584/1584/1584 1607/1607/1607 1608/1608/1608
f 1584/1584/1584 1608/1608/1608 1585/1585/1585
f 1585/1585/1585 1608/1608/1608 1609/1609/1609
f 1585/1585/1585 1609/1609/1609 1586/1586/1586
f 1586/1586/1586 1609/1609/1609 1610/1610/1610
f 1586/1586/1586 1610/1610/1610 1587/1587/1587
f 1587/1587/1587 1610/1610/1610 1611/1611/1611
f 1587/1587/1587 1611/1611/1611 1588/1588/1588
f 1588/1588/1588 1611/1611/1611 1612/1612/1612
f 1588/1588/1588 1612/1612/1612 1589/1589/1589
f 1589/1589/1589 1612/1612/1612 1613/1613/1613
f 1589/1589/1589 1613/1613/1613 1590/1590/1590
f 1590/1590/1590 1613/1613/1613 1614/1614/1614
f 1590/1590/1590 1614/1614/1614 1591/1591/1591
f 1591/1591/1591 1614/1614/1614 1615/1615/1615
f 1591/1591/1591 1615/1615/1615 1592/1592/1592
f 1592/1592/1592 1615/1615/1615 1616/1616/1616
f 1593/1593/1593 1617/1617/1617 1594/1594/1594
f 1594/1594/1594 1617/1617/1617 1618/1618/1618
f 1594/1594/1594 1618/1618/1618 1595/1595/1595
f 1595/1595/1595 1618/1618/1618 1619/1619/1619
f 1595/1595/1595 1619/1619/1619 1596/1596/1596
f 1596/1596/1596 1619/1619/1619 1620/1620/1620
f 1596/1596/1596 1620/1620/1620 1597/1597/1597
f 1597/1597/1597 1620/1620/1620 1621/1621/1621
f 1597/1597/1597 1621/1621/1621 1598/1598/1598
f 1598/1598/1598 1621/1621/1621 1622/1622/1622
f 1598/1598/1598 1622/1622/1622 1599/1599/1599
f 1599/1599/1599 1622/1622/1622 1623/1623/1623
f 1599/1599/1599 1623/1623/1623 1600/1600/1600
f 1600/1600/1600 1623/1623/1623 1624/1624/1624
f 1600/1600/1600 1624/1624/1624 1601/1601/1601
f 1601/1601/1601 1624/1624/1624 1625/1625/1625
f 1601/1601/1601 1625/1625/1625 1602/1602/1602
f 1602/1602/1602 1625/1625/1625 1626/1626/1626
f 1602/1602/1602 1626/1626/1626 1603/1603/1603
f 1603/1603/1603 1626/1626/1626 1627/1627/1627
f 1603/1603/1603 1627/1627/1627 1604/1604/1604
f 1604/1604/1604 1627/1627/1627 1628/1628/1628
f 1604/1604/1604 1628/1628/1628 1605/1605/1605
f 1605/1605/1605 1628/1628/1628 1629/1629/1629
f 1605/1605/1605 1629/1629/1629 1606/1606/1606
f 1606/1606/1606 1629/1629/1629 1630/1630/1630
f 1606/1606/1606 1630/1630/1630 1607/1607/1607
f 1607/1607/1607 1630/1630/1630 1631/1631/1631
f 1607/1607/1607 1631/1631/1631 1608/1608/1608
f 1608/1608/1608 1631/1631/1631 1632/1632/1632
f 1608/1608/1608 1632/1632/1632 1609/1609/1609
f 1609/1609/1609 1632/1632/1632 1633/1633/1633
f 1609/1609/1609 1633/1633/1633 1610/1610/1610
f 1610/1610/1610 1633/1633/1633 1634/1634/1634
f 1610/1610/1610 1634/1634/1634 1611/1611/1611
f 1611/1611/1611 1634/1634/1634 1635/1635/1635
f 1611/1611/1611 1635/1635/1635 1612/1612/1612
f 1612/1612/1612 1635/1635/1635 1636/1636/1636
f 1612/1612/1612 1636/1636/1636 1613/1613/1613
f 1613/1613/1613 1636/1636/1636 1637/1637/1637
f 1613/1613/1613 1637/1637/1637 1614/1614/1614
f 1614/1614/1614 1637/1637/1637 1638/1638/1638
f 1614/1614/1614 1638/1638/1638 1615/1615/1615
f 1615/1615/1615 1638/1638/1638 1639/1639/1639
f 1615/1615/1615 1639/1639/1639 1616/1616/1616
f 1616/1616/1616 1639/1639/1639 1640/1640/1640
f 1617/1617/1617 1641/1641/1641 1618/1618/1618
f 1618/1618/1618 1641/1641/1641 1642/1642/1642
f 1618/1618/1618 1642/1642/1642 1619/1619/1619
f 1619/1619/1619 1642/1642/1642 1643/1643/1643
f 1619/1619/1619 1643/1643/1643 1620/1620/1620
f 1620/1620/1620 1643/1643/1643 1644/1644/1644
f 1620/1620/1620 1644/1644/1644 1621/1621/1621
f 1621/1621/1621 1644/1644/1644 1645/1645/1645
f 1621/1621/1621 1645/1645/1645 1622/1622/1622
f 1622/1622/1622 1645/1645/1645 1646/1646/1646
f 1622/1622/1622 1646/1646/1646 1623/1623/1623
f 1623/1623/1623 1646/1646/1646 1647/1647/1647
f 1623/1623/1623 1647/1647/1647 1624/1624/1624
f 1624/1624/1624 1647/1647/1647 1648/1648/1648
f 1624/1624/1624 1648/1648/1648 1625/1625/1625
f 1625/1625/1625 1648/1648/1648 1649/1649/1649
f 1625/1625/1625 1649/1649/1649 1626/1626/1626
f 1626/1626/1626 1649/1649/1649 1650/1650/1650
f 1626/1626/1626 1650/1650/1650 1627/1627/1627
f 1627/1627/1627 1650/1650/1650 1651/1651/1651
f 1627/1627/1627 1651/1651/1651 1628/1628/1628
f 1628/1628/1628 1651/1651/1651 1652/1652/1652
f 1628/1628/1628 1652/1652/1652 1629/1629/1629
f 1629/1629/1629 1652/1652/1652 1653/1653/1653
f 1629/1629/1629 1653/1653/1653 1630/1630/1630
f 1630/1630/1630 1653/1653/1653 1654/1654/1654
f 1630/1630/1630 1654/1654/1654 1631/1631/1631
f 1631/1631/1631 1654/1654/1654 1655/1655/1655
f 1631/1631/1631 1655/1655/1655 1632/1632/1632
f 1632/1632/1632 1655/1655/1655 1656/1656/1656
f 1632/1632/1632 1656/1656/1656 1633/1633/1633
f 1633/1633/1633 1656/1656/1656 1657/1657/1657
f 1633/1633/1633 1657/1657/1657 1634/1634/1634
f 1634/1634/1634 1657/1657/1657 1658/1658/1658
f 1634/1634/1634 1658/1658/1658 1635/1635/1635
f 1635/1635/1635 1658/1658/1658 1659/1659/1659
f 1635/1635/1635 1659/1659/1659 1636/1636/1636
f 1636/1636/1636 1659/1659/1659 1660/1660/1660
f 1636/1636/1636 1660/1660/1660 1637/1637/1637
f 1637/1637/1637 1660/1660/1660 1661/1661/1661
f 1637/1637/1637 1661/1661/1661 1638/1638/1638
f 1638/1638/1638 1661/1661/1661 1662/1662/1662
f 1638/1638/1638 1662/1662/1662 1639/1639/1639
f 1639/1639/1639 1662/1662/1662 1663/1663/1663
f 1639/1639/1639 1663/1663/1663 1640/1640/1640
f 1640/1640/1640 1663/1663/1663 1664/1664/1664
f 1641/1641/1641 1665/1665/1665 1642/1642/1642
f 1642/1642/1642 1665/1665/1665 1666/1666/1666
f 1642/1642/1642 1666/1666/1666 1643/1643/1643
f 1643/1643/1643 1666/1666/1666 1667/1667/1667
f 1643/1643/1643 1667/1667/1667 1644/1644/1644
f 1644/1644/1644 1667/1667/1667 1668/1668/1668
f 1644/1644/1644 1668/1668/1668 1645/1645/1645
f 1645/1645/1645 1668/1668/1668 1669/1669/1669
f 1645/1645/1645 1669/1669/1669 1646/1646/1646
f 1646/1646/1646 1669/1669/1669 1670/1670/1670
f 1646/1646/1646 1670/1670/1670 1647/1647/1647
f 1647/1647/1647 1670/1670/1670 1671/1671/1671
f 1647/1647/1647 1671/1671/1671 1648/1648/1648
f 1648/1648/1648 1671/1671/1671 1672/1672/1672
f 1648/1648/1648 1672/1672/1672 1649/1649/1649
f 1649/1649/1649 1672/1672/1672 1673/1673/1673
f 1649/1649/1649 1673/1673/1673 1650/1650/1650
f 1650/1650/1650 1673/1673/1673 1674/1674/1674
f 1650/1650/1650 1674/1674/1674 1651/1651/1651
f 1651/1651/1651 1674/1674/1674 1675/1675/1675
f 1651/1651/1651 1675/1675/1675 1652/1652/1652
f 1652/1652/1652 1675/1675/1675 1676/1676/1676
f 1652/1652/1652 1676/1676/1676 1653/1653/1653
f 1653/1653/1653 1676/1676/1676 1677/1677/1677
f 1653/1653/1653 1677/1677/1677 1654/1654/1654
f 1654/1654/1654 1677/1677/1677 1678/1678/1678
f 1654/1654/1654 1678/1678/1678 1655/1655/1655
f 1655/1655/1655 1678/1678/1678 1679/1679/1679
f 1655/1655/1655 1679/1679/1679 1656/1656/1656
f 1656/1656/1656 1679/1679/1679 1680/1680/1680
f 1656/1656/1656 1680/1680/1680 1657/1657/1657
f 1657/1657/1657 1680/1680/1680 1681/1681/1681
f 1657/1657/1657 1681/1681/1681 1658/1658/1658
f 1658/1658/1658 1681/1681/1681 1682/1682/1682
f 1658/1658/1658 1682/1682/1682 1659/1659/1659
f 1659/1659/1659 1682/1682/1682 1683/1683/1683
f 1659/1659/1659 1683/1683/1683 1660/1660/1660
f 1660/1660/1660 1683/1683/1683 1684/1684/1684
f 1660/1660/1660 1684/1684/1684 1661/1661/1661
f 1661/1661/1661 1684/1684/1684 1685/1685/1685
f 1661/1661/1661 1685/1685/1685 1662/1662/1662
f 1662/1662/1662 1685/1685/1685 1686/1686/1686
f 1662/1662/1662 1686/1686/1686 1663/1663/1663
f 1663/1663/1663 1686/1686/1686 1687/1687/1687
f 1663/1663/1663 1687/1687/1687 1664/1664/1664
f 1664/1664/1664 1687/1687/1687 1688/1688/1688
f 1665/1665/1665 1689/1689/1689 1666/1666/1666
f 1666/1666/1666 1689/1689/1689 1690/1690/1690
f 1666/1666/1666 1690/1690/1690 1667/1667/1667
f 1667/1667/1667 1690/1690/1690 1691/1691/1691
f 1667/1667/1667 1691/1691/1691 1668/1668/1668
f 1668/1668/1668 1691/1691/1691 1692/1692/1692
f 1668/1668/1668 1692/1692/1692 1669/1669/1669
f 1669/1669/1669 1692/1692/1692 1693/1693/1693
f 1669/1669/1669 1693/1693/1693 1670/1670/1670
f 1670/1670/1670 1693/1693/1693 1694/1694/1694
f 1670/1670/1670 1694/1694/1694 1671/1671/1671
f 1671/1671/1671 1694/1694/1694 1695/1695/1695
f 1671/1671/1671 1695/1695/1695 1672/1672/1672
f 1672/1672/1672 1695/1695/1695 1696/1696/1696
f 1672/1672/1672 1696/1696/1696 1673/1673/1673
f 1673/1673/1673 1696/1696/1696 1697/1697/1697
f 1673/1673/1673 1697/1697/1697 1674/1674/1674
f 1674/1674/1674 1697/1697/1697 1698/1698/1698
f 1674/1674/1674 1698/1698/1698 1675/1675/1675
f 1675/1675/1675 1698/1698/1698 1699/1699/1699
f 1675/1675/1675 1699/1699/1699 1676/1676/1676
f 1676/1676/1676 1699/1699/1699 1700/1700/1700
f 1676/1676/1676 1700/1700/1700 1677/1677/1677
f 1677/1677/1677 1700/1700/1700 1701/1701/1701
f 1677/1677/1677 1701/1701/1701 1678/1678/1678
f 1678/1678/1678 1701/1701/1701 1702/1702/1702
f 1678/1678/1678 1702/1702/1702 1679/1679/1679
f 1679/1679/1679 1702/1702/1702 1703/1703/1703
f 1679/1679/1679 1703/1703/1703 1680/1680/1680
f 1680/1680/1680 1703/1703/1703 1704/1704/1704
f 1680/1680/1680 1704/1704/1704 1681/1681/1681
f 1681/1681/1681 1704/1704/1704 1705/1705/1705
f 1681/1681/1681 1705/1705/1705 1682/1682/1682
f 1682/1682/1682 1705/1705/1705 1706/1706/1706
f 1682/1682/1682 1706/1706/1706 1683/1683/1683
f 1683/1683/1683 1706/1706/1706 1707/1707/1707
f 1683/1683/1683 1707/1707/1707 1684/1684/1684
f 1684/1684/1684 1707/1707/1707 1708/1708/1708
f 1684/1684/1684 1708/1708/1708 1685/1685/1685
f 1685/1685/1685 1708/1708/1708 1709/1709/1709
f 1685/1685/1685 1709/1709/1709 1686/1686/1686
f 1686/1686/1686 1709/1709/1709 1710/1710/1710
f 1686/1686/1686 1710/1710/1710 1687/1687/1687
f 1687/1687/1687 1710/1710/1710 1711/1711/1711
f 1687/1687/1687 1711/1711/1711 1688/1688/1688
f 1688/1688/1688 1711/1711/1711 1712/1712/1712
f 1689/1689/1689 1713/1713/1713 1690/1690/1690
f 1690/1690/1690 1713/1713/1713 1714/1714/1714
f 1690/1690/1690 1714/1714/1714 1691/1691/1691
f 1691/1691/1691 1714/1714/1714 1715/1715/1715
f 1691/1691/1691 1715/1715/1715 1692/1692/1692
f 1692/1692/1692 1715/1715/1715 1716/1716/1716
f 1692/1692/1692 1716/1716/1716 1693/1693/1693
f 1693/1693/1693 1716/1716/1716 1717/1717/1717
f 1693/1693/1693 1717/1717/1717 1694/1694/1694
f 1694/1694/1694 1717/1717/1717 1718/1718/1718
f 1694/1694/1694 1718/1718/1718 1695/1695/1695
f 1695/1695/1695 1718/1718/1718 1719/1719/1719
f 1695/1695/1695 1719/1719/1719 1696/1696/1696
f 1696/1696/1696 1719/1719/1719 1720/1720/1720
f 1696/1696/1696 1720/1720/1720 1697/1697/1697
f 1697/1697/1697 1720/1720/1720 1721/1721/1721
f 1697/1697/1697 1721/1721/1721 1698/1698/1698
f 1698/1698/1698 1721/1721/1721 1722/1722/1722
f 1698/1698/1698 1722/1722/1722 1699/1699/1699
f 1699/1699/1699 1722/1722/1722 1723/1723/1723
f 1699/1699/1699 1723/1723/1723 1700/1700/1700
f 1700/1700/1700 1723/1723/1723 1724/1724/1724
f 1700/1700/1700 1724/1724/1724 1701/1701/1701
f 1701/1701/1701 1724/1724/1724 1725/1725/1725
f 1701/1701/1701 1725/1725/1725 1702/1702/1702
f 1702/1702/1702 1725/1725/1725 1726/1726/1726
f 1702/1702/1702 1726/1726/1726 1703/1703/1703
f 1703/1703/1703 1726/1726/1726 1727/1727/1727
f 1703/1703/1703 1727/1727/1727 1704/1704/1704
f 1704/1704/1704 1727/1727/1727 1728/1728/1728
f 1704/1704/1704 1728/1728/1728 1705/1705/1705
f 1705/1705/1705 1728/1728/1728 1729/1729/1729
f 1705/1705/1705 1729/1729/1729 1706/1706/1706
f 1706/1706/1706 1729/1729/1729 1730/1730/1730
f 1706/1706/1706 1730/1730/1730 1707/1707/1707
f 1707/1707/1707 1730/1730/1730 1731/1731/1731
f 1707/1707/1707 1731/1731/1731 1708/1708/1708
f 1708/1708/1708 1731/1731/1731 1732/1732/1732
f 1708/1708/1708 1732/1732/1732 1709/1709/1709
f 1709/1709/1709 1732/1732/1732 1733/1733/1733
f 1709/1709/1709 1733/1733/1733 1710/1710/1710
f 1710/1710/1710 1733/1733/1733 1734/1734/1734
f 1710/1710/1710 1734/1734/1734 1711/1711/1711
f 1711/1711/1711 1734/1734/1734 1735/1735/1735
f 1711/1711/1711 1735/1735/1735 1712/1712/1712
f 1712/1712/1712 1735/1735/1735 1736/1736/1736
f 1713/1713/1713 1737/1737/1737 1714/1714/1714
f 1714/1714/1714 1737/1737/1737 1738/1738/1738
f 1714/1714/1714 1738/1738/1738 1715/1715/1715
f 1715/1715/1715 1738/1738/1738 1739/1739/1739
f 1715/1715/1715 1739/1739/1739 1716/1716/1716
f 1716/1716/1716 1739/1739/1739 1740/1740/1740
f 1716/1716/1716 1740/1740/1740 1717/1717/1717
f 1717/1717/1717 1740/1740/1740 1741/1741/1741
f 1717/1717/1717 1741/1741/1741 1718/1718/1718
f 1718/1718/1718 1741/1741/1741 1742/1742/1742
f 1718/1718/1718 1742/1742/1742 1719/1719/1719
f 1719/1719/1719 1742/1742/1742 1743/1743/1743
f 1719/1719/1719 1743/1743/1743 1720/1720/1720
f 1720/1720/1720 1743/1743/1743 1744/1744/1744
f 1720/1720/1720 1744/1744/1744 1721/1721/1721
f 1721/1721/1721 1744/1744/1744 1745/1745/1745
f 1721/1721/1721 1745/1745/1745 1722/1722/1722
f 1722/1722/1722 1745/1745/1745 1746/1746/1746
f 1722/1722/1722 1746/1746/1746 1723/1723/1723
f 1723/1723/1723 1746/1746/1746 1747/1747/1747
f 1723/1723/1723 1747/1747/1747 1724/1724/1724
f 1724/1724/1724 1747/1747/1747 1748/1748/1748
f 1724/1724/1724 1748/1748/1748 1725/1725/1725
f 1725/1725/1725 1748/1748/1748 1749/1749/1749
f 1725/1725/1725 1749/1749/1749 1726/1726/1726
f 1726/1726/1726 1749/1749/1749 1750/1750/1750
f 1726/1726/1726 1750/1750/1750 1727/1727/1727
f 1727/1727/1727 1750/1750/1750 1751/1751/1751
f 1727/1727/1727 1751/1751/1751 1728/1728/1728
f 1728/1728/1728 1751/1751/1751 1752/1752/1752
f 1728/1728/1728 1752/1752/1752 1729/1729/1729
f 1729/1729/1729 1752/1752/1752 1753/1753/1753
f 1729/1729/1729 1753/1753/1753 1730/1730/1730
f 1730/1730/1730 1753/1753/1753 1754/1754/1754
f 1730/1730/1730 1754/1754/1754 1731/1731/1731
f 1731/1731/1731 1754/1754/1754 1755/1755/1755
f 1731/1731/1731 1755/1755/1755 1732/1732/1732
f 1732/1732/1732 1755/1755/1755 1756/1756/1756
f 1732/1732/1732 1756/1756/1756 1733/1733/1733
f 1733/1733/1733 1756/1756/1756 1757/1757/1757
f 1733/1733/1733 1757/1757/1757 1734/1734/1734
f 1734/1734/1734 1757/1757/1757 1758/1758/1758
f 1734/1734/1734 1758/1758/1758 1735/1735/1735
f 1735/1735/1735 1758/1758/1758 1759/1759/1759
f 1735/1735/1735 1759/1759/1759 1736/1736/1736
f 1736/1736/1736 1759/1759/1759 1760/1760/1760
f 1737/1737/1737 1761/1761/1761 1738/1738/1738
f 1738/1738/1738 1761/1761/1761 1762/1762/1762
f 1738/1738/1738 1762/1762/1762 1739/1739/1739
f 1739/1739/1739 1762/1762/1762 1763/1763/1763
f 1739/1739/1739 1763/1763/1763 1740/1740/1740
f 1740/1740/1740 1763/1763/1763 1764/1764/1764
f 1740/1740/1740 1764/1764/1764 1741/1741/1741
f 1741/1741/1741 1764/1764/1764 1765/1765/1765
f 1741/1741/1741 1765/1765/1765 1742/1742/1742
f 1742/1742/1742 1765/1765/1765 1766/1766/1766
f 1742/1742/1742 1766/1766/1766 1743/1743/1743
f 1743/1743/1743 1766/1766/1766 1767/1767/1767
f 1743/1743/1743 1767/1767/1767 1744/1744/1744
f 1744/1744/1744 1767/1767/1767 1768/1768/1768
f 1744/1744/1744 1768/1768/1768 1745/1745/1745
f 1745/1745/1745 1768/1768/1768 1769/1769/1769
f 1745/1745/1745 1769/1769/1769 1746/1746/1746
f 1746/1746/1746 1769/1769/1769 1770/1770/1770
f 1746/1746/1746 1770/1770/1770 1747/1747/1747
f 1747/1747/1747 1770/1770/1770 1771/1771/1771
f 1747/1747/1747 1771/1771/1771 1748/1748/1748
f 1748/1748/1748 1771/1771/1771 1772/1772/1772
f 1748/1748/1748 1772/1772/1772 1749/1749/1749
f 1749/1749/1749 1772/1772/1772 1773/1773/1773
f 1749/1749/1749 1773/1773/1773 1750/1750/1750
f 1750/1750/1750 1773/1773/1773 1774/1774/1774
f 1750/1750/1750 1774/1774/1774 1751/1751/1751
f 1751/1751/1751 1774/1774/1774 1775/1775/1775
f 1751/1751/1751 1775/1775/1775 1752/1752/1752
f 1752/1752/1752 1775/1775/1775 1776/1776/1776
f 1752/1752/1752 1776/1776/1776 1753/1753/1753
f 1753/1753/1753 1776/1776/1776 1777/1777/1777
f 1753/1753/1753 1777/1777/1777 1754/1754/1754
f 1754/1754/1754 1777/1777/1777 1778/1778/1778
f 1754/1754/1754 1778/1778/1778 1755/1755/1755
f 1755/1755/1755 1778/1778/1778 1779/1779/1779
f 1755/1755/1755 1779/1779/1779 1756/1756/1756
f 1756/1756/1756 1779/1779/1779 1780/1780/1780
f 1756/1756/1756 1780/1780/1780 1757/1757/1757
f 1757/1757/1757 1780/1780/1780 1781/1781/1781
f 1757/1757/1757 1781/1781/1781 1758/1758/1758
f 1758/1758/1758 1781/1781/1781 1782/1782/1782
f 1758/1758/1758 1782/1782/1782 1759/1759/1759
f 1759/1759/1759 1782/1782/1782 1783/1783/1783
f 1759/1759/1759 1783/1783/1783 1760/1760/1760
f 1760/1760/1760 1783/1783/1783 1784/1784/1784
f 1761/1761/1761 1785/1785/1785 1762/1762/1762
f 1762/1762/1762 1785/1785/1785 1786/1786/1786
f 1762/1762/1762 1786/1786/1786 1763/1763/1763
f 1763/1763/1763 1786/1786/1786 1787/1787/1787
f 1763/1763/1763 1787/1787/1787 1764/1764/1764
f 1764/1764/1764 1787/1787/1787 1788/1788/1788
f 1764/1764/1764 1788/1788/1788 1765/1765/1765
f 1765/1765/1765 1788/1788/1788 1789/1789/1789
f 1765/1765/1765 1789/1789/1789 1766/1766/1766
f 1766/1766/1766 1789/1789/1789 1790/1790/1790
f 1766/1766/1766 1790/1790/1790 1767/1767/1767
f 1767/1767/1767 1790/1790/1790 1791/1791/1791
f 1767/1767/1767 1791/1791/1791 1768/1768/1768
f 1768/1768/1768 1791/1791/1791 1792/1792/1792
f 1768/1768/1768 1792/1792/1792 1769/1769/1769
f 1769/1769/1769 1792/1792/1792 1793/1793/1793
f 1769/1769/1769 1793/1793/1793 1770/1770/1770
f 1770/1770/1770 1793/1793/1793 1794/1794/1794
f 1770/1770/1770 1794/1794/1794 1771/1771/1771
f 1771/1771/1771 1794/1794/1794 1795/1795/1795
f 1771/1771/1771 1795/1795/1795 1772/1772/1772
f 1772/1772/1772 1795/1795/1795 1796/1796/1796
f 1772/1772/1772 1796/1796/1796 1773/1773/1773
f 1773/1773/1773 1796/1796/1796 1797/1797/1797
f 1773/1773/1773 1797/1797/1797 1774/1774/1774
f 1774/1774/1774 1797/1797/1797 1798/1798/1798
f 1774/1774/1774 1798/1798/1798 1775/1775/1775
f 1775/1775/1775 1798/1798/1798 1799/1799/1799
f 1775/1775/1775 1799/1799/1799 1776/1776/1776
f 1776/1776/1776 1799/1799/1799 1800/1800/1800
f 1776/1776/1776 1800/1800/1800 1777/1777/1777
f 1777/1777/1777 1800/1800/1800 1801/1801/1801
f 1777/1777/1777 1801/1801/1801 1778/1778/1778
f 1778/1778/1778 1801/1801/1801 1802/1802/1802
f 1778/1778/1778 1802/1802/1802 1779/1779/1779
f 1779/1779/1779 1802/1802/1802 1803/1803/1803
f 1779/1779/1779 1803/1803/1803 1780/1780/1780
f 1780/1780/1780 1803/1803/1803 1804/1804/1804
f 1780/1780/1780 1804/1804/1804 1781/1781/1781
f 1781/1781/1781 1804/1804/1804 1805/1805/1805
f 1781/1781/1781 1805/1805/1805 1782/1782/1782
f 1782/1782/1782 1805/1805/1805 1806/1806/1806
f 1782/1782/1782 1806/1806/1806 1783/1783/1783
f 1783/1783/1783 1806/1806/1806 1807/1807/1807
f 1783/1783/1783 1807/1807/1807 1784/1784/1784
f 1784/1784/1784 1807/1807/1807 1808/1808/1808

# Patch: bottom_back_classic
o bottom_back_classic
usemtl bikini_db851116_material
v -0.133745 0.926000 -0.136000
v -0.119667 0.926000 -0.136000
v -0.105588 0.926000 -0.136000
v -0.091510 0.926000 -0.136000
v -0.077432 0.926000 -0.136000
v -0.063353 0.926000 -0.136000
v -0.049275 0.926000 -0.136000
v -0.035196 0.926000 -0.136000
v -0.021118 0.926000 -0.136000
v -0.007039 0.926000 -0.136000
v 0.007039 0.926000 -0.136000
v 0.021118 0.926000 -0.136000
v 0.035196 0.926000 -0.136000
v 0.049275 0.926000 -0.136000
v 0.063353 0.926000 -0.136000
v 0.077432 0.926000 -0.136000
v 0.091510 0.926000 -0.136000
v 0.105588 0.926000 -0.136000
v 0.119667 0.926000 -0.136000
v 0.133745 0.926000 -0.136000
v -0.126019 0.918368 -0.130227
v -0.112754 0.918368 -0.130331
v -0.099489 0.918368 -0.130435
v -0.086224 0.918368 -0.130538
v -0.072959 0.918368 -0.130642
v -0.059693 0.918368 -0.130746
v -0.046428 0.918368 -0.130850
v -0.033163 0.918368 -0.130954
v -0.019898 0.918368 -0.131058
v -0.006633 0.918368 -0.131162
v 0.006633 0.918368 -0.131162
v 0.019898 0.918368 -0.131058
v 0.033163 0.918368 -0.130954
v 0.046428 0.918368 -0.130850
v 0.059693 0.918368 -0.130746
v 0.072959 0.918368 -0.130642
v 0.086224 0.918368 -0.130538
v 0.099489 0.918368 -0.130435
v 0.112754 0.918368 -0.130331
v 0.126019 0.918368 -0.130227
v -0.118473 0.910737 -0.124474
v -0.106002 0.910737 -0.124677
v -0.093532 0.910737 -0.124880
v -0.081061 0.910737 -0.125083
v -0.068590 0.910737 -0.125285
v -0.056119 0.910737 -0.125488
v -0.043648 0.910737 -0.125691
v -0.031177 0.910737 -0.125894
v -0.018706 0.910737 -0.126097
v -0.006235 0.910737 -0.126300
v 0.006235 0.910737 -0.126300
v 0.018706 0.910737 -0.126097
v 0.031177 0.910737 -0.125894
v 0.043648 0.910737 -0.125691
v 0.056119 0.910737 -0.125488
v 0.068590 0.910737 -0.125285
v 0.081061 0.910737 -0.125083
v 0.093532 0.910737 -0.124880
v 0.106002 0.910737 -0.124677
v 0.118473 0.910737 -0.124474
v -0.111108 0.903105 -0.118731
v -0.099412 0.903105 -0.119026
v -0.087717 0.903105 -0.119321
v -0.076021 0.903105 -0.119616
v -0.064325 0.903105 -0.119911
v -0.052630 0.903105 -0.120206
v -0.040934 0.903105 -0.120501
v -0.029239 0.903105 -0.120795
v -0.017543 0.903105 -0.121090
v -0.005848 0.903105 -0.121385
v 0.005848 0.903105 -0.121385
v 0.017543 0.903105 -0.121090
v 0.029239 0.903105 -0.120795
v 0.040934 0.903105 -0.120501
v 0.052630 0.903105 -0.120206
v 0.064325 0.903105 -0.119911
v 0.076021 0.903105 -0.119616
v 0.087717 0.903105 -0.119321
v 0.099412 0.903105 -0.119026
v 0.111108 0.903105 -0.118731
v -0.103922 0.895474 -0.112985
v -0.092983 0.895474 -0.113364
v -0.082044 0.895474 -0.113743
v -0.071104 0.895474 -0.114122
v -0.060165 0.895474 -0.114500
v -0.049226 0.895474 -0.114879
v -0.038287 0.895474 -0.115258
v -0.027348 0.895474 -0.115637
v -0.016409 0.895474 -0.116015
v -0.005470 0.895474 -0.116394
v 0.005470 0.895474 -0.116394
v 0.016409 0.895474 -0.116015
v 0.027348 0.895474 -0.115637
v 0.038287 0.895474 -0.115258
v 0.049226 0.895474 -0.114879
v 0.060165 0.895474 -0.114500
v 0.071104 0.895474 -0.114122
v 0.082044 0.895474 -0.113743
v 0.092983 0.895474 -0.113364
v 0.103922 0.895474 -0.112985
v -0.096916 0.887842 -0.107224
v -0.086715 0.887842 -0.107677
v -0.076513 0.887842 -0.108130
v -0.066311 0.887842 -0.108583
v -0.056110 0.887842 -0.109036
v -0.045908 0.887842 -0.109489
v -0.035706 0.887842 -0.109943
v -0.025504 0.887842 -0.110396
v -0.015303 0.887842 -0.110849
v -0.005101 0.887842 -0.111302
v 0.005101 0.887842 -0.111302
v 0.015303 0.887842 -0.110849
v 0.025504 0.887842 -0.110396
v 0.035706 0.887842 -0.109943
v 0.045908 0.887842 -0.109489
v 0.056110 0.887842 -0.109036
v 0.066311 0.887842 -0.108583
v 0.076513 0.887842 -0.108130
v 0.086715 0.887842 -0.107677
v 0.096916 0.887842 -0.107224
v -0.090091 0.880211 -0.101434
v -0.080608 0.880211 -0.101951
v -0.071125 0.880211 -0.102468
v -0.061641 0.880211 -0.102985
v -0.052158 0.880211 -0.103502
v -0.042675 0.880211 -0.104019
v -0.033191 0.880211 -0.104535
v -0.023708 0.880211 -0.105052
v -0.014225 0.880211 -0.105569
v -0.004742 0.880211 -0.106086
v 0.004742 0.880211 -0.106086
v 0.014225 0.880211 -0.105569
v 0.023708 0.880211 -0.105052
v 0.033191 0.880211 -0.104535
v 0.042675 0.880211 -0.104019
v 0.052158 0.880211 -0.103502
v 0.061641 0.880211 -0.102985
v 0.071125 0.880211 -0.102468
v 0.080608 0.880211 -0.101951
v 0.090091 0.880211 -0.101434
v -0.083446 0.872579 -0.095603
v -0.074662 0.872579 -0.096172
v -0.065878 0.872579 -0.096741
v -0.057095 0.872579 -0.097311
v -0.048311 0.872579 -0.097880
v -0.039527 0.872579 -0.098449
v -0.030743 0.872579 -0.099019
v -0.021959 0.872579 -0.099588
v -0.013176 0.872579 -0.100157
v -0.004392 0.872579 -0.100727
v 0.004392 0.872579 -0.100727
v 0.013176 0.872579 -0.100157
v 0.021959 0.872579 -0.099588
v 0.030743 0.872579 -0.099019
v 0.039527 0.872579 -0.098449
v 0.048311 0.872579 -0.097880
v 0.057095 0.872579 -0.097311
v 0.065878 0.872579 -0.096741
v 0.074662 0.872579 -0.096172
v 0.083446 0.872579 -0.095603
v -0.076981 0.864947 -0.089717
v -0.068878 0.864947 -0.090327
v -0.060774 0.864947 -0.090937
v -0.052671 0.864947 -0.091547
v -0.044568 0.864947 -0.092156
v -0.036465 0.864947 -0.092766
v -0.028361 0.864947 -0.093376
v -0.020258 0.864947 -0.093986
v -0.012155 0.864947 -0.094596
v -0.004052 0.864947 -0.095206
v 0.004052 0.864947 -0.095206
v 0.012155 0.864947 -0.094596
v 0.020258 0.864947 -0.093986
v 0.028361 0.864947 -0.093376
v 0.036465 0.864947 -0.092766
v 0.044568 0.864947 -0.092156
v 0.052671 0.864947 -0.091547
v 0.060774 0.864947 -0.090937
v 0.068878 0.864947 -0.090327
v 0.076981 0.864947 -0.089717
v -0.070696 0.857316 -0.083766
v -0.063254 0.857316 -0.084404
v -0.055812 0.857316 -0.085042
v -0.048371 0.857316 -0.085680
v -0.040929 0.857316 -0.086318
v -0.033487 0.857316 -0.086956
v -0.026046 0.857316 -0.087594
v -0.018604 0.857316 -0.088232
v -0.011162 0.857316 -0.088870
v -0.003721 0.857316 -0.089508
v 0.003721 0.857316 -0.089508
v 0.011162 0.857316 -0.088870
v 0.018604 0.857316 -0.088232
v 0.026046 0.857316 -0.087594
v 0.033487 0.857316 -0.086956
v 0.040929 0.857316 -0.086318
v 0.048371 0.857316 -0.085680
v 0.055812 0.857316 -0.085042
v 0.063254 0.857316 -0.084404
v 0.070696 0.857316 -0.083766
v -0.064591 0.849684 -0.077737
v -0.057792 0.849684 -0.078391
v -0.050993 0.849684 -0.079045
v -0.044194 0.849684 -0.079699
v -0.037395 0.849684 -0.080353
v -0.030596 0.849684 -0.081006
v -0.023797 0.849684 -0.081660
v -0.016998 0.849684 -0.082314
v -0.010199 0.849684 -0.082968
v -0.003400 0.849684 -0.083622
v 0.003400 0.849684 -0.083622
v 0.010199 0.849684 -0.082968
v 0.016998 0.849684 -0.082314
v 0.023797 0.849684 -0.081660
v 0.030596 0.849684 -0.081006
v 0.037395 0.849684 -0.080353
v 0.044194 0.849684 -0.079699
v 0.050993 0.849684 -0.079045
v 0.057792 0.849684 -0.078391
v 0.064591 0.849684 -0.077737
v -0.058666 0.842053 -0.071622
v -0.052491 0.842053 -0.072279
v -0.046315 0.842053 -0.072937
v -0.040140 0.842053 -0.073594
v -0.033965 0.842053 -0.074251
v -0.027789 0.842053 -0.074909
v -0.021614 0.842053 -0.075566
v -0.015438 0.842053 -0.076224
v -0.009263 0.842053 -0.076881
v -0.003088 0.842053 -0.077538
v 0.003088 0.842053 -0.077538
v 0.009263 0.842053 -0.076881
v 0.015438 0.842053 -0.076224
v 0.021614 0.842053 -0.075566
v 0.027789 0.842053 -0.074909
v 0.033965 0.842053 -0.074251
v 0.040140 0.842053 -0.073594
v 0.046315 0.842053 -0.072937
v 0.052491 0.842053 -0.072279
v 0.058666 0.842053 -0.071622
v -0.052922 0.834421 -0.065411
v -0.047351 0.834421 -0.066060
v -0.041780 0.834421 -0.066709
v -0.036210 0.834421 -0.067358
v -0.030639 0.834421 -0.068007
v -0.025068 0.834421 -0.068656
v -0.019497 0.834421 -0.069306
v -0.013927 0.834421 -0.069955
v -0.008356 0.834421 -0.070604
v -0.002785 0.834421 -0.071253
v 0.002785 0.834421 -0.071253
v 0.008356 0.834421 -0.070604
v 0.013927 0.834421 -0.069955
v 0.019497 0.834421 -0.069306
v 0.025068 0.834421 -0.068656
v 0.030639 0.834421 -0.068007
v 0.036210 0.834421 -0.067358
v 0.041780 0.834421 -0.066709
v 0.047351 0.834421 -0.066060
v 0.052922 0.834421 -0.065411
v -0.047357 0.826789 -0.059098
v -0.042372 0.826789 -0.059727
v -0.037387 0.826789 -0.060357
v -0.032402 0.826789 -0.060986
v -0.027417 0.826789 -0.061616
v -0.022432 0.826789 -0.062245
v -0.017447 0.826789 -0.062875
v -0.012462 0.826789 -0.063504
v -0.007477 0.826789 -0.064134
v -0.002492 0.826789 -0.064763
v 0.002492 0.826789 -0.064763
v 0.007477 0.826789 -0.064134
v 0.012462 0.826789 -0.063504
v 0.017447 0.826789 -0.062875
v 0.022432 0.826789 -0.062245
v 0.027417 0.826789 -0.061616
v 0.032402 0.826789 -0.060986
v 0.037387 0.826789 -0.060357
v 0.042372 0.826789 -0.059727
v 0.047357 0.826789 -0.059098
v -0.041973 0.819158 -0.052677
v -0.037555 0.819158 -0.053276
v -0.033137 0.819158 -0.053876
v -0.028718 0.819158 -0.054475
v -0.024300 0.819158 -0.055074
v -0.019882 0.819158 -0.055674
v -0.015464 0.819158 -0.056273
v -0.011046 0.819158 -0.056873
v -0.006627 0.819158 -0.057472
v -0.002209 0.819158 -0.058071
v 0.002209 0.819158 -0.058071
v 0.006627 0.819158 -0.057472
v 0.011046 0.819158 -0.056873
v 0.015464 0.819158 -0.056273
v 0.019882 0.819158 -0.055674
v 0.024300 0.819158 -0.055074
v 0.028718 0.819158 -0.054475
v 0.033137 0.819158 -0.053876
v 0.037555 0.819158 -0.053276
v 0.041973 0.819158 -0.052677
v -0.036769 0.811526 -0.046145
v -0.032899 0.811526 -0.046705
v -0.029028 0.811526 -0.047265
v -0.025158 0.811526 -0.047825
v -0.021287 0.811526 -0.048384
v -0.017417 0.811526 -0.048944
v -0.013546 0.811526 -0.049504
v -0.009676 0.811526 -0.050064
v -0.005806 0.811526 -0.050623
v -0.001935 0.811526 -0.051183
v 0.001935 0.811526 -0.051183
v 0.005806 0.811526 -0.050623
v 0.009676 0.811526 -0.050064
v 0.013546 0.811526 -0.049504
v 0.017417 0.811526 -0.048944
v 0.021287 0.811526 -0.048384
v 0.025158 0.811526 -0.047825
v 0.029028 0.811526 -0.047265
v 0.032899 0.811526 -0.046705
v 0.036769 0.811526 -0.046145
v -0.031745 0.803895 -0.039502
v -0.028403 0.803895 -0.040014
v -0.025062 0.803895 -0.040525
v -0.021720 0.803895 -0.041037
v -0.018379 0.803895 -0.041549
v -0.015037 0.803895 -0.042060
v -0.011696 0.803895 -0.042572
v -0.008354 0.803895 -0.043084
v -0.005012 0.803895 -0.043595
v -0.001671 0.803895 -0.044107
v 0.001671 0.803895 -0.044107
v 0.005012 0.803895 -0.043595
v 0.008354 0.803895 -0.043084
v 0.011696 0.803895 -0.042572
v 0.015037 0.803895 -0.042060
v 0.018379 0.803895 -0.041549
v 0.021720 0.803895 -0.041037
v 0.025062 0.803895 -0.040525
v 0.028403 0.803895 -0.040014
v 0.031745 0.803895 -0.039502
v -0.026901 0.796263 -0.032748
v -0.024069 0.796263 -0.033204
v -0.021238 0.796263 -0.033661
v -0.018406 0.796263 -0.034117
v -0.015574 0.796263 -0.034573
v -0.012743 0.796263 -0.035030
v -0.009911 0.796263 -0.035486
v -0.007079 0.796263 -0.035942
v -0.004248 0.796263 -0.036399
v -0.001416 0.796263 -0.036855
v 0.001416 0.796263 -0.036855
v 0.004248 0.796263 -0.036399
v 0.007079 0.796263 -0.035942
v 0.009911 0.796263 -0.035486
v 0.012743 0.796263 -0.035030
v 0.015574 0.796263 -0.034573
v 0.018406 0.796263 -0.034117
v 0.021238 0.796263 -0.033661
v 0.024069 0.796263 -0.033204
v 0.026901 0.796263 -0.032748
v -0.022237 0.788632 -0.025886
v -0.019897 0.788632 -0.026281
v -0.017556 0.788632 -0.026677
v -0.015215 0.788632 -0.027072
v -0.012874 0.788632 -0.027467
v -0.010533 0.788632 -0.027862
v -0.008193 0.788632 -0.028257
v -0.005852 0.788632 -0.028653
v -0.003511 0.788632 -0.029048
v -0.001170 0.788632 -0.029443
v 0.001170 0.788632 -0.029443
v 0.003511 0.788632 -0.029048
v 0.005852 0.788632 -0.028653
v 0.008193 0.788632 -0.028257
v 0.010533 0.788632 -0.027862
v 0.012874 0.788632 -0.027467
v 0.015215 0.788632 -0.027072
v 0.017556 0.788632 -0.026677
v 0.019897 0.788632 -0.026281
v 0.022237 0.788632 -0.025886
v -0.017754 0.781000 -0.018923
v -0.015885 0.781000 -0.019252
v -0.014016 0.781000 -0.019582
v -0.012147 0.781000 -0.019911
v -0.010279 0.781000 -0.020241
v -0.008410 0.781000 -0.020570
v -0.006541 0.781000 -0.020900
v -0.004672 0.781000 -0.021230
v -0.002803 0.781000 -0.021559
v -0.000934 0.781000 -0.021889
v 0.000934 0.781000 -0.021889
v 0.002803 0.781000 -0.021559
v 0.004672 0.781000 -0.021230
v 0.006541 0.781000 -0.020900
v 0.008410 0.781000 -0.020570
v 0.010279 0.781000 -0.020241
v 0.012147 0.781000 -0.019911
v 0.014016 0.781000 -0.019582
v 0.015885 0.781000 -0.019252
v 0.017754 0.781000 -0.018923
vn 0.000000 0.603320 0.797499
vn 0.002008 0.599894 0.800077
vn 0.002022 0.592709 0.805414
vn 0.002035 0.585379 0.810758
vn 0.002048 0.577902 0.816104
vn 0.002062 0.570277 0.821450
vn 0.002075 0.562502 0.826793
vn 0.002089 0.554575 0.832131
vn 0.002102 0.546494 0.837461
vn 0.002115 0.538257 0.842778
vn 0.000000 0.535397 0.844601
vn -0.002111 0.541020 0.841007
vn -0.002098 0.549204 0.835685
vn -0.002084 0.557234 0.830353
vn -0.002071 0.565111 0.825013
vn -0.002057 0.572835 0.819668
vn -0.002044 0.580411 0.814321
vn -0.002030 0.587838 0.808976
vn -0.002017 0.595120 0.803634
vn -0.003037 0.601709 0.798710
vn 0.004084 0.603062 0.797684
vn 0.006221 0.599316 0.800489
vn 0.006263 0.592004 0.805911
vn 0.006305 0.584543 0.811338
vn 0.006347 0.576931 0.816768
vn 0.006390 0.569165 0.822198
vn 0.006432 0.561244 0.827625
vn 0.006474 0.553166 0.833046
vn 0.006516 0.544929 0.838457
vn 0.004349 0.537900 0.842997
vn -0.002202 0.537893 0.843010
vn -0.006515 0.545064 0.838369
vn -0.006473 0.553299 0.832958
vn -0.006431 0.561375 0.827537
vn -0.006389 0.569293 0.822110
vn -0.006347 0.577056 0.816680
vn -0.006305 0.584666 0.811250
vn -0.006262 0.592124 0.805822
vn -0.006220 0.599434 0.800400
vn -0.008383 0.605310 0.795946
vn 0.010610 0.605876 0.795488
vn 0.012905 0.602292 0.798171
vn 0.012993 0.595007 0.803615
vn 0.013081 0.587572 0.809066
vn 0.013169 0.579985 0.814521
vn 0.013258 0.572244 0.819976
vn 0.013346 0.564347 0.825430
vn 0.013434 0.556292 0.830878
vn 0.013522 0.548078 0.836318
vn 0.007871 0.540979 0.840999
vn -0.005726 0.541003 0.841001
vn -0.013520 0.548258 0.836200
vn -0.013432 0.556470 0.830759
vn -0.013344 0.564521 0.825311
vn -0.013256 0.572415 0.819857
vn -0.013168 0.580152 0.814402
vn -0.013079 0.587736 0.808947
vn -0.012991 0.595167 0.803497
vn -0.012903 0.602449 0.798053
vn -0.015171 0.608459 0.793440
vn 0.017517 0.609510 0.792585
vn 0.019949 0.606150 0.795100
vn 0.020084 0.599009 0.800490
vn 0.020220 0.591723 0.805888
vn 0.020355 0.584289 0.811291
vn 0.020491 0.576704 0.816696
vn 0.020627 0.568968 0.822101
vn 0.020762 0.561078 0.827503
vn 0.020898 0.553031 0.832898
vn 0.011559 0.546011 0.837698
vn -0.009459 0.546064 0.837690
vn -0.020894 0.553251 0.832753
vn -0.020758 0.561293 0.827357
vn -0.020623 0.569179 0.821955
vn -0.020487 0.576912 0.816550
vn -0.020352 0.584492 0.811144
vn -0.020216 0.591922 0.805742
vn -0.020081 0.599204 0.800344
vn -0.019946 0.606341 0.794955
vn -0.022294 0.612392 0.790240
vn 0.024731 0.613919 0.788981
vn 0.027274 0.610833 0.791289
vn 0.027456 0.603945 0.796553
vn 0.027638 0.596918 0.801826
vn 0.027820 0.589751 0.807106
vn 0.028002 0.582441 0.812390
vn 0.028184 0.574988 0.817676
vn 0.028366 0.567389 0.822961
vn 0.028548 0.559642 0.828243
vn 0.015362 0.552844 0.833143
vn -0.013354 0.552924 0.833125
vn -0.028542 0.559894 0.828072
vn -0.028360 0.567636 0.822791
vn -0.028178 0.575231 0.817506
vn -0.027996 0.582679 0.812220
vn -0.027814 0.589984 0.806936
vn -0.027632 0.597146 0.801656
vn -0.027450 0.604169 0.796383
vn -0.027269 0.611053 0.791120
vn -0.029674 0.617058 0.786358
vn 0.032170 0.619040 0.784700
vn 0.034797 0.616268 0.786768
vn 0.035022 0.609722 0.791841
vn 0.035246 0.603050 0.796924
vn 0.035472 0.596249 0.802016
vn 0.035697 0.589317 0.807113
vn 0.035923 0.582252 0.812215
vn 0.036148 0.575052 0.817318
vn 0.036374 0.567717 0.822420
vn 0.019231 0.561272 0.827408
vn -0.017363 0.561376 0.827378
vn -0.036366 0.567994 0.822229
vn -0.036140 0.575324 0.817127
vn -0.035914 0.582519 0.812024
vn -0.035689 0.589578 0.806922
vn -0.035463 0.596506 0.801825
vn -0.035238 0.603302 0.796734
vn -0.035013 0.609970 0.791651
vn -0.034789 0.616510 0.786578
vn -0.037228 0.622389 0.781823
vn 0.039751 0.624791 0.779779
vn 0.042432 0.622358 0.781582
vn 0.042693 0.616232 0.786407
vn 0.042956 0.609992 0.791243
vn 0.043219 0.603636 0.796088
vn 0.043482 0.597164 0.800940
vn 0.043746 0.590572 0.805798
vn 0.044010 0.583860 0.810661
vn 0.044274 0.577026 0.815525
vn 0.023112 0.571053 0.820588
vn -0.021436 0.571177 0.820547
vn -0.044263 0.577321 0.815317
vn -0.043999 0.584149 0.810453
vn -0.043735 0.590856 0.805591
vn -0.043471 0.597443 0.800733
vn -0.043208 0.603910 0.795880
vn -0.042945 0.610261 0.791036
vn -0.042682 0.616496 0.786200
vn -0.042420 0.622617 0.781376
vn -0.044869 0.628296 0.776679
vn 0.047388 0.631075 0.774273
vn 0.050091 0.628994 0.775795
vn 0.050383 0.623345 0.780322
vn 0.050676 0.617596 0.784861
vn 0.050970 0.611747 0.789410
vn 0.051264 0.605795 0.793967
vn 0.051559 0.599740 0.798532
vn 0.051854 0.593581 0.803102
vn 0.052150 0.587315 0.807677
vn 0.026957 0.581912 0.812805
vn -0.025522 0.582053 0.812750
vn -0.052135 0.587619 0.807456
vn -0.051840 0.593880 0.802882
vn -0.051545 0.600035 0.798312
vn -0.051250 0.606085 0.793747
vn -0.050956 0.612031 0.789190
vn -0.050662 0.617875 0.784642
vn -0.050369 0.623619 0.780104
vn -0.050077 0.629264 0.775577
vn -0.052514 0.634683 0.770987
vn 0.054997 0.637782 0.768251
vn 0.057692 0.636056 0.769483
vn 0.058006 0.630922 0.773674
vn 0.058321 0.625705 0.777876
vn 0.058637 0.620402 0.782089
vn 0.058954 0.615013 0.786310
vn 0.059271 0.609536 0.790539
vn 0.059588 0.603971 0.794776
vn 0.059906 0.598315 0.799018
vn 0.030715 0.593563 0.804201
vn -0.029577 0.593715 0.804131
vn -0.059889 0.598622 0.798789
vn -0.059571 0.604273 0.794547
vn -0.059254 0.609834 0.790311
vn -0.058936 0.615306 0.786082
vn -0.058620 0.620690 0.781861
vn -0.058304 0.625988 0.777650
vn -0.057989 0.631201 0.773448
vn -0.057675 0.636330 0.769258
vn -0.060080 0.641438 0.764819
vn 0.062499 0.644795 0.761796
vn 0.065155 0.643415 0.762740
vn 0.065482 0.638820 0.766565
vn 0.065809 0.634155 0.770400
vn 0.066138 0.629420 0.774246
vn 0.066467 0.624613 0.778101
vn 0.066797 0.619735 0.781963
vn 0.067128 0.614784 0.785834
vn 0.067459 0.609759 0.789711
vn 0.034344 0.605716 0.794939
vn -0.033558 0.605874 0.794853
vn -0.067439 0.610062 0.789479
vn -0.067108 0.615082 0.785602
vn -0.066777 0.620029 0.781732
vn -0.066447 0.624903 0.777869
vn -0.066118 0.629705 0.774015
vn -0.065790 0.634436 0.770170
vn -0.065462 0.639097 0.766335
vn -0.065135 0.643688 0.762511
vn -0.067490 0.648446 0.758263
vn 0.069819 0.651996 0.755001
vn 0.072407 0.650942 0.755666
vn 0.072737 0.646890 0.759107
vn 0.073068 0.642782 0.762557
vn 0.073399 0.638617 0.766016
vn 0.073731 0.634396 0.769484
vn 0.074064 0.630118 0.772959
vn 0.074398 0.625781 0.776443
vn 0.074733 0.621385 0.779933
vn 0.037805 0.618091 0.785197
vn -0.037427 0.618249 0.785091
vn -0.074710 0.621679 0.779701
vn -0.074376 0.626071 0.776211
vn -0.074042 0.630404 0.772728
vn -0.073709 0.634678 0.769253
vn -0.073377 0.638896 0.765786
vn -0.073046 0.643056 0.762327
vn -0.072715 0.647161 0.758878
vn -0.072386 0.651210 0.755438
vn -0.074674 0.655591 0.751415
vn 0.076891 0.659262 0.747971
vn 0.079386 0.658509 0.748374
vn 0.079709 0.654990 0.751422
vn 0.080033 0.651428 0.754478
vn 0.080358 0.647822 0.757542
vn 0.080684 0.644172 0.760613
vn 0.081011 0.640478 0.763692
vn 0.081338 0.636738 0.766778
vn 0.081666 0.632953 0.769871
vn 0.041064 0.630426 0.775162
vn -0.041157 0.630578 0.775034
vn -0.081642 0.633233 0.769643
vn -0.081314 0.637014 0.766551
vn -0.080987 0.640751 0.763466
vn -0.080660 0.644442 0.760387
vn -0.080335 0.648088 0.757316
vn -0.080010 0.651691 0.754253
vn -0.079686 0.655250 0.751197
vn -0.079362 0.658766 0.748150
vn -0.081570 0.662755 0.744380
vn 0.083659 0.666478 0.740816
vn 0.086038 0.665993 0.740980
vn 0.086346 0.662985 0.743637
vn 0.086655 0.659945 0.746300
vn 0.086965 0.656872 0.748970
vn 0.087276 0.653766 0.751647
vn 0.087588 0.650626 0.754330
vn 0.087900 0.647453 0.757019
vn 0.088213 0.644246 0.759714
vn 0.044096 0.642486 0.765028
vn -0.044725 0.642625 0.764874
vn -0.088187 0.644508 0.759495
vn -0.087875 0.647712 0.756800
vn -0.087562 0.650883 0.754112
vn -0.087251 0.654019 0.751429
vn -0.086940 0.657123 0.748753
vn -0.086630 0.660193 0.746084
vn -0.086321 0.663230 0.743421
vn -0.086013 0.666235 0.740765
vn -0.088129 0.669827 0.737269
vn 0.090076 0.673532 0.733649
vn 0.092321 0.673278 0.733603
vn 0.092608 0.670749 0.735880
vn 0.092895 0.668197 0.738162
vn 0.093183 0.665621 0.740450
vn 0.093471 0.663021 0.742742
vn 0.093760 0.660397 0.745040
vn 0.094050 0.657748 0.747343
vn 0.094341 0.655075 0.749651
vn 0.046879 0.654065 0.754984
vn -0.048121 0.654186 0.754801
vn -0.094315 0.655316 0.749444
vn -0.094024 0.657987 0.747136
vn -0.093734 0.660633 0.744834
vn -0.093445 0.663255 0.742537
vn -0.093157 0.665853 0.740244
vn -0.092869 0.668427 0.737957
vn -0.092582 0.670977 0.735676
vn -0.092295 0.673503 0.733399
vn -0.094311 0.676701 0.730193
vn 0.096111 0.680323 0.726583
vn 0.098209 0.680260 0.726362
vn 0.098468 0.678170 0.728278
vn 0.098728 0.676064 0.730199
vn 0.098988 0.673941 0.732123
vn 0.099249 0.671801 0.734052
vn 0.099510 0.669645 0.735985
vn 0.099772 0.667471 0.737921
vn 0.100034 0.665280 0.739862
vn 0.049400 0.664993 0.745214
vn -0.051344 0.665089 0.744997
vn -0.100008 0.665498 0.739669
vn -0.099746 0.667687 0.737729
vn -0.099484 0.669859 0.735793
vn -0.099223 0.672014 0.733861
vn -0.098962 0.674152 0.731932
vn -0.098702 0.676274 0.730008
vn -0.098443 0.678378 0.728088
vn -0.098183 0.680466 0.726172
vn -0.100094 0.683282 0.723262
vn 0.101746 0.686758 0.719730
vn 0.103691 0.686846 0.719368
vn 0.103919 0.685149 0.720952
vn 0.104148 0.683441 0.722538
vn 0.104377 0.681722 0.724127
vn 0.104606 0.679992 0.725720
vn 0.104836 0.678250 0.727315
vn 0.105067 0.676496 0.728913
vn 0.105297 0.674731 0.730514
vn 0.051647 0.675127 0.735891
vn -0.054406 0.675190 0.735634
vn -0.105272 0.674925 0.730338
vn -0.105041 0.676689 0.728738
vn -0.104811 0.678441 0.727140
vn -0.104581 0.680182 0.725545
vn -0.104352 0.681911 0.723953
vn -0.104123 0.683629 0.722364
vn -0.103894 0.685336 0.720778
vn -0.103666 0.687031 0.719195
vn -0.105470 0.689483 0.716581
vn 0.106982 0.692758 0.713191
vn 0.108775 0.692956 0.712727
vn 0.108971 0.691602 0.714011
vn 0.109167 0.690241 0.715297
vn 0.109363 0.688872 0.716585
vn 0.109560 0.687496 0.717875
vn 0.109757 0.686113 0.719168
vn 0.109955 0.684722 0.720462
vn 0.110153 0.683324 0.721758
vn 0.053617 0.684358 0.727173
vn -0.057338 0.684381 0.726867
vn -0.110129 0.683494 0.721601
vn -0.109931 0.684891 0.720305
vn -0.109734 0.686281 0.719011
vn -0.109536 0.687663 0.717719
vn -0.109340 0.689038 0.716429
vn -0.109143 0.690406 0.715141
vn -0.108947 0.691766 0.713856
vn -0.108751 0.693119 0.712572
vn -0.110455 0.695232 0.710248
vn 0.111843 0.698254 0.707059
vn 0.113498 0.698522 0.706530
vn 0.113662 0.697458 0.707554
vn 0.113827 0.696390 0.708579
vn 0.113992 0.695317 0.709606
vn 0.114157 0.694239 0.710633
vn 0.114322 0.693157 0.711663
vn 0.114488 0.692070 0.712693
vn 0.114654 0.690978 0.713725
vn 0.055304 0.692600 0.719198
vn -0.060198 0.692573 0.718832
vn -0.114632 0.691123 0.713588
vn -0.114466 0.692215 0.712556
vn -0.114300 0.693301 0.711526
vn -0.114135 0.694383 0.710497
vn -0.113970 0.695460 0.709469
vn -0.113805 0.696532 0.708443
vn -0.113640 0.697600 0.707418
vn -0.113476 0.698663 0.706394
vn -0.115096 0.700466 0.704343
vn 0.116394 0.703192 0.701408
vn 0.117943 0.703493 0.700847
vn 0.118079 0.702664 0.701655
vn 0.118215 0.701832 0.702464
vn 0.118352 0.700998 0.703275
vn 0.118488 0.700160 0.704086
vn 0.118625 0.699320 0.704897
vn 0.118762 0.698476 0.705710
vn 0.118898 0.697630 0.706524
vn 0.056707 0.699793 0.712091
vn -0.063089 0.699701 0.711645
vn -0.118879 0.697751 0.706407
vn -0.118742 0.698597 0.705594
vn -0.118605 0.699440 0.704781
vn -0.118469 0.700280 0.703969
vn -0.118332 0.701118 0.703158
vn -0.118196 0.701952 0.702348
vn -0.118060 0.702783 0.701539
vn -0.117924 0.703612 0.700731
vn -0.119498 0.705142 0.698924
vn 0.120099 0.706362 0.697588
vn 0.121044 0.705917 0.697875
vn 0.121171 0.705173 0.698605
vn 0.121297 0.704426 0.699336
vn 0.121424 0.703677 0.700068
vn 0.121551 0.702926 0.700800
vn 0.121678 0.702172 0.701533
vn 0.121806 0.701416 0.702267
vn 0.121933 0.700658 0.703001
vn 0.038469 0.703584 0.709570
vn -0.084250 0.702570 0.706610
vn -0.121848 0.701164 0.702512
vn -0.121721 0.701920 0.701778
vn -0.121594 0.702675 0.701044
vn -0.121467 0.703427 0.700312
vn -0.121340 0.704177 0.699580
vn -0.121213 0.704924 0.698849
vn -0.121086 0.705669 0.698118
vn -0.120960 0.706412 0.697389
vn -0.122756 0.707323 0.696150
vt 0.020000 0.510000
vt 0.020000 0.521842
vt 0.020000 0.533684
vt 0.020000 0.545526
vt 0.020000 0.557368
vt 0.020000 0.569211
vt 0.020000 0.581053
vt 0.020000 0.592895
vt 0.020000 0.604737
vt 0.020000 0.616579
vt 0.020000 0.628421
vt 0.020000 0.640263
vt 0.020000 0.652105
vt 0.020000 0.663947
vt 0.020000 0.675789
vt 0.020000 0.687632
vt 0.020000 0.699474
vt 0.020000 0.711316
vt 0.020000 0.723158
vt 0.020000 0.735000
vt 0.029263 0.510000
vt 0.029263 0.521842
vt 0.029263 0.533684
vt 0.029263 0.545526
vt 0.029263 0.557368
vt 0.029263 0.569211
vt 0.029263 0.581053
vt 0.029263 0.592895
vt 0.029263 0.604737
vt 0.029263 0.616579
vt 0.029263 0.628421
vt 0.029263 0.640263
vt 0.029263 0.652105
vt 0.029263 0.663947
vt 0.029263 0.675789
vt 0.029263 0.687632
vt 0.029263 0.699474
vt 0.029263 0.711316
vt 0.029263 0.723158
vt 0.029263 0.735000
vt 0.038526 0.510000
vt 0.038526 0.521842
vt 0.038526 0.533684
vt 0.038526 0.545526
vt 0.038526 0.557368
vt 0.038526 0.569211
vt 0.038526 0.581053
vt 0.038526 0.592895
vt 0.038526 0.604737
vt 0.038526 0.616579
vt 0.038526 0.628421
vt 0.038526 0.640263
vt 0.038526 0.652105
vt 0.038526 0.663947
vt 0.038526 0.675789
vt 0.038526 0.687632
vt 0.038526 0.699474
vt 0.038526 0.711316
vt 0.038526 0.723158
vt 0.038526 0.735000
vt 0.047789 0.510000
vt 0.047789 0.521842
vt 0.047789 0.533684
vt 0.047789 0.545526
vt 0.047789 0.557368
vt 0.047789 0.569211
vt 0.047789 0.581053
vt 0.047789 0.592895
vt 0.047789 0.604737
vt 0.047789 0.616579
vt 0.047789 0.628421
vt 0.047789 0.640263
vt 0.047789 0.652105
vt 0.047789 0.663947
vt 0.047789 0.675789
vt 0.047789 0.687632
vt 0.047789 0.699474
vt 0.047789 0.711316
vt 0.047789 0.723158
vt 0.047789 0.735000
vt 0.057053 0.510000
vt 0.057053 0.521842
vt 0.057053 0.533684
vt 0.057053 0.545526
vt 0.057053 0.557368
vt 0.057053 0.569211
vt 0.057053 0.581053
vt 0.057053 0.592895
vt 0.057053 0.604737
vt 0.057053 0.616579
vt 0.057053 0.628421
vt 0.057053 0.640263
vt 0.057053 0.652105
vt 0.057053 0.663947
vt 0.057053 0.675789
vt 0.057053 0.687632
vt 0.057053 0.699474
vt 0.057053 0.711316
vt 0.057053 0.723158
vt 0.057053 0.735000
vt 0.066316 0.510000
vt 0.066316 0.521842
vt 0.066316 0.533684
vt 0.066316 0.545526
vt 0.066316 0.557368
vt 0.066316 0.569211
vt 0.066316 0.581053
vt 0.066316 0.592895
vt 0.066316 0.604737
vt 0.066316 0.616579
vt 0.066316 0.628421
vt 0.066316 0.640263
vt 0.066316 0.652105
vt 0.066316 0.663947
vt 0.066316 0.675789
vt 0.066316 0.687632
vt 0.066316 0.699474
vt 0.066316 0.711316
vt 0.066316 0.723158
vt 0.066316 0.735000
vt 0.075579 0.510000
vt 0.075579 0.521842
vt 0.075579 0.533684
vt 0.075579 0.545526
vt 0.075579 0.557368
vt 0.075579 0.569211
vt 0.075579 0.581053
vt 0.075579 0.592895
vt 0.075579 0.604737
vt 0.075579 0.616579
vt 0.075579 0.628421
vt 0.075579 0.640263
vt 0.075579 0.652105
vt 0.075579 0.663947
vt 0.075579 0.675789
vt 0.075579 0.687632
vt 0.075579 0.699474
vt 0.075579 0.711316
vt 0.075579 0.723158
vt 0.075579 0.735000
vt 0.084842 0.510000
vt 0.084842 0.521842
vt 0.084842 0.533684
vt 0.084842 0.545526
vt 0.084842 0.557368
vt 0.084842 0.569211
vt 0.084842 0.581053
vt 0.084842 0.592895
vt 0.084842 0.604737
vt 0.084842 0.616579
vt 0.084842 0.628421
vt 0.084842 0.640263
vt 0.084842 0.652105
vt 0.084842 0.663947
vt 0.084842 0.675789
vt 0.084842 0.687632
vt 0.084842 0.699474
vt 0.084842 0.711316
vt 0.084842 0.723158
vt 0.084842 0.735000
vt 0.094105 0.510000
vt 0.094105 0.521842
vt 0.094105 0.533684
vt 0.094105 0.545526
vt 0.094105 0.557368
vt 0.094105 0.569211
vt 0.094105 0.581053
vt 0.094105 0.592895
vt 0.094105 0.604737
vt 0.094105 0.616579
vt 0.094105 0.628421
vt 0.094105 0.640263
vt 0.094105 0.652105
vt 0.094105 0.663947
vt 0.094105 0.675789
vt 0.094105 0.687632
vt 0.094105 0.699474
vt 0.094105 0.711316
vt 0.094105 0.723158
vt 0.094105 0.735000
vt 0.103368 0.510000
vt 0.103368 0.521842
vt 0.103368 0.533684
vt 0.103368 0.545526
vt 0.103368 0.557368
vt 0.103368 0.569211
vt 0.103368 0.581053
vt 0.103368 0.592895
vt 0.103368 0.604737
vt 0.103368 0.616579
vt 0.103368 0.628421
vt 0.103368 0.640263
vt 0.103368 0.652105
vt 0.103368 0.663947
vt 0.103368 0.675789
vt 0.103368 0.687632
vt 0.103368 0.699474
vt 0.103368 0.711316
vt 0.103368 0.723158
vt 0.103368 0.735000
vt 0.112632 0.510000
vt 0.112632 0.521842
vt 0.112632 0.533684
vt 0.112632 0.545526
vt 0.112632 0.557368
vt 0.112632 0.569211
vt 0.112632 0.581053
vt 0.112632 0.592895
vt 0.112632 0.604737
vt 0.112632 0.616579
vt 0.112632 0.628421
vt 0.112632 0.640263
vt 0.112632 0.652105
vt 0.112632 0.663947
vt 0.112632 0.675789
vt 0.112632 0.687632
vt 0.112632 0.699474
vt 0.112632 0.711316
vt 0.112632 0.723158
vt 0.112632 0.735000
vt 0.121895 0.510000
vt 0.121895 0.521842
vt 0.121895 0.533684
vt 0.121895 0.545526
vt 0.121895 0.557368
vt 0.121895 0.569211
vt 0.121895 0.581053
vt 0.121895 0.592895
vt 0.121895 0.604737
vt 0.121895 0.616579
vt 0.121895 0.628421
vt 0.121895 0.640263
vt 0.121895 0.652105
vt 0.121895 0.663947
vt 0.121895 0.675789
vt 0.121895 0.687632
vt 0.121895 0.699474
vt 0.121895 0.711316
vt 0.121895 0.723158
vt 0.121895 0.735000
vt 0.131158 0.510000
vt 0.131158 0.521842
vt 0.131158 0.533684
vt 0.131158 0.545526
vt 0.131158 0.557368
vt 0.131158 0.569211
vt 0.131158 0.581053
vt 0.131158 0.592895
vt 0.131158 0.604737
vt 0.131158 0.616579
vt 0.131158 0.628421
vt 0.131158 0.640263
vt 0.131158 0.652105
vt 0.131158 0.663947
vt 0.131158 0.675789
vt 0.131158 0.687632
vt 0.131158 0.699474
vt 0.131158 0.711316
vt 0.131158 0.723158
vt 0.131158 0.735000
vt 0.140421 0.510000
vt 0.140421 0.521842
vt 0.140421 0.533684
vt 0.140421 0.545526
vt 0.140421 0.557368
vt 0.140421 0.569211
vt 0.140421 0.581053
vt 0.140421 0.592895
vt 0.140421 0.604737
vt 0.140421 0.616579
vt 0.140421 0.628421
vt 0.140421 0.640263
vt 0.140421 0.652105
vt 0.140421 0.663947
vt 0.140421 0.675789
vt 0.140421 0.687632
vt 0.140421 0.699474
vt 0.140421 0.711316
vt 0.140421 0.723158
vt 0.140421 0.735000
vt 0.149684 0.510000
vt 0.149684 0.521842
vt 0.149684 0.533684
vt 0.149684 0.545526
vt 0.149684 0.557368
vt 0.149684 0.569211
vt 0.149684 0.581053
vt 0.149684 0.592895
vt 0.149684 0.604737
vt 0.149684 0.616579
vt 0.149684 0.628421
vt 0.149684 0.640263
vt 0.149684 0.652105
vt 0.149684 0.663947
vt 0.149684 0.675789
vt 0.149684 0.687632
vt 0.149684 0.699474
vt 0.149684 0.711316
vt 0.149684 0.723158
vt 0.149684 0.735000
vt 0.158947 0.510000
vt 0.158947 0.521842
vt 0.158947 0.533684
vt 0.158947 0.545526
vt 0.158947 0.557368
vt 0.158947 0.569211
vt 0.158947 0.581053
vt 0.158947 0.592895
vt 0.158947 0.604737
vt 0.158947 0.616579
vt 0.158947 0.628421
vt 0.158947 0.640263
vt 0.158947 0.652105
vt 0.158947 0.663947
vt 0.158947 0.675789
vt 0.158947 0.687632
vt 0.158947 0.699474
vt 0.158947 0.711316
vt 0.158947 0.723158
vt 0.158947 0.735000
vt 0.168211 0.510000
vt 0.168211 0.521842
vt 0.168211 0.533684
vt 0.168211 0.545526
vt 0.168211 0.557368
vt 0.168211 0.569211
vt 0.168211 0.581053
vt 0.168211 0.592895
vt 0.168211 0.604737
vt 0.168211 0.616579
vt 0.168211 0.628421
vt 0.168211 0.640263
vt 0.168211 0.652105
vt 0.168211 0.663947
vt 0.168211 0.675789
vt 0.168211 0.687632
vt 0.168211 0.699474
vt 0.168211 0.711316
vt 0.168211 0.723158
vt 0.168211 0.735000
vt 0.177474 0.510000
vt 0.177474 0.521842
vt 0.177474 0.533684
vt 0.177474 0.545526
vt 0.177474 0.557368
vt 0.177474 0.569211
vt 0.177474 0.581053
vt 0.177474 0.592895
vt 0.177474 0.604737
vt 0.177474 0.616579
vt 0.177474 0.628421
vt 0.177474 0.640263
vt 0.177474 0.652105
vt 0.177474 0.663947
vt 0.177474 0.675789
vt 0.177474 0.687632
vt 0.177474 0.699474
vt 0.177474 0.711316
vt 0.177474 0.723158
vt 0.177474 0.735000
vt 0.186737 0.510000
vt 0.186737 0.521842
vt 0.186737 0.533684
vt 0.186737 0.545526
vt 0.186737 0.557368
vt 0.186737 0.569211
vt 0.186737 0.581053
vt 0.186737 0.592895
vt 0.186737 0.604737
vt 0.186737 0.616579
vt 0.186737 0.628421
vt 0.186737 0.640263
vt 0.186737 0.652105
vt 0.186737 0.663947
vt 0.186737 0.675789
vt 0.186737 0.687632
vt 0.186737 0.699474
vt 0.186737 0.711316
vt 0.186737 0.723158
vt 0.186737 0.735000
vt 0.196000 0.510000
vt 0.196000 0.521842
vt 0.196000 0.533684
vt 0.196000 0.545526
vt 0.196000 0.557368
vt 0.196000 0.569211
vt 0.196000 0.581053
vt 0.196000 0.592895
vt 0.196000 0.604737
vt 0.196000 0.616579
vt 0.196000 0.628421
vt 0.196000 0.640263
vt 0.196000 0.652105
vt 0.196000 0.663947
vt 0.196000 0.675789
vt 0.196000 0.687632
vt 0.196000 0.699474
vt 0.196000 0.711316
vt 0.196000 0.723158
vt 0.196000 0.735000
f 1809/1809/1809 1829/1829/1829 1810/1810/1810
f 1810/1810/1810 1829/1829/1829 1830/1830/1830
f 1810/1810/1810 1830/1830/1830 1811/1811/1811
f 1811/1811/1811 1830/1830/1830 1831/1831/1831
f 1811/1811/1811 1831/1831/1831 1812/1812/1812
f 1812/1812/1812 1831/1831/1831 1832/1832/1832
f 1812/1812/1812 1832/1832/1832 1813/1813/1813
f 1813/1813/1813 1832/1832/1832 1833/1833/1833
f 1813/1813/1813 1833/1833/1833 1814/1814/1814
f 1814/1814/1814 1833/1833/1833 1834/1834/1834
f 1814/1814/1814 1834/1834/1834 1815/1815/1815
f 1815/1815/1815 1834/1834/1834 1835/1835/1835
f 1815/1815/1815 1835/1835/1835 1816/1816/1816
f 1816/1816/1816 1835/1835/1835 1836/1836/1836
f 1816/1816/1816 1836/1836/1836 1817/1817/1817
f 1817/1817/1817 1836/1836/1836 1837/1837/1837
f 1817/1817/1817 1837/1837/1837 1818/1818/1818
f 1818/1818/1818 1837/1837/1837 1838/1838/1838
f 1818/1818/1818 1838/1838/1838 1819/1819/1819
f 1819/1819/1819 1838/1838/1838 1839/1839/1839
f 1819/1819/1819 1839/1839/1839 1820/1820/1820
f 1820/1820/1820 1839/1839/1839 1840/1840/1840
f 1820/1820/1820 1840/1840/1840 1821/1821/1821
f 1821/1821/1821 1840/1840/1840 1841/1841/1841
f 1821/1821/1821 1841/1841/1841 1822/1822/1822
f 1822/1822/1822 1841/1841/1841 1842/1842/1842
f 1822/1822/1822 1842/1842/1842 1823/1823/1823
f 1823/1823/1823 1842/1842/1842 1843/1843/1843
f 1823/1823/1823 1843/1843/1843 1824/1824/1824
f 1824/1824/1824 1843/1843/1843 1844/1844/1844
f 1824/1824/1824 1844/1844/1844 1825/1825/1825
f 1825/1825/1825 1844/1844/1844 1845/1845/1845
f 1825/1825/1825 1845/1845/1845 1826/1826/1826
f 1826/1826/1826 1845/1845/1845 1846/1846/1846
f 1826/1826/1826 1846/1846/1846 1827/1827/1827
f 1827/1827/1827 1846/1846/1846 1847/1847/1847
f 1827/1827/1827 1847/1847/1847 1828/1828/1828
f 1828/1828/1828 1847/1847/1847 1848/1848/1848
f 1829/1829/1829 1849/1849/1849 1830/1830/1830
f 1830/1830/1830 1849/1849/1849 1850/1850/1850
f 1830/1830/1830 1850/1850/1850 1831/1831/1831
f 1831/1831/1831 1850/1850/1850 1851/1851/1851
f 1831/1831/1831 1851/1851/1851 1832/1832/1832
f 1832/1832/1832 1851/1851/1851 1852/1852/1852
f 1832/1832/1832 1852/1852/1852 1833/1833/1833
f 1833/1833/1833 1852/1852/1852 1853/1853/1853
f 1833/1833/1833 1853/1853/1853 1834/1834/1834
f 1834/1834/1834 1853/1853/1853 1854/1854/1854
f 1834/1834/1834 1854/1854/1854 1835/1835/1835
f 1835/1835/1835 1854/1854/1854 1855/1855/1855
f 1835/1835/1835 1855/1855/1855 1836/1836/1836
f 1836/1836/1836 1855/1855/1855 1856/1856/1856
f 1836/1836/1836 1856/1856/1856 1837/1837/1837
f 1837/1837/1837 1856/1856/1856 1857/1857/1857
f 1837/1837/1837 1857/1857/1857 1838/1838/1838
f 1838/1838/1838 1857/1857/1857 1858/1858/1858
f 1838/1838/1838 1858/1858/1858 1839/1839/1839
f 1839/1839/1839 1858/1858/1858 1859/1859/1859
f 1839/1839/1839 1859/1859/1859 1840/1840/1840
f 1840/1840/1840 1859/1859/1859 1860/1860/1860
f 1840/1840/1840 1860/1860/1860 1841/1841/1841
f 1841/1841/1841 1860/1860/1860 1861/1861/1861
f 1841/1841/1841 1861/1861/1861 1842/1842/1842
f 1842/1842/1842 1861/1861/1861 1862/1862/1862
f 1842/1842/1842 1862/1862/1862 1843/1843/1843
f 1843/1843/1843 1862/1862/1862 1863/1863/1863
f 1843/1843/1843 1863/1863/1863 1844/1844/1844
f 1844/1844/1844 1863/1863/1863 1864/1864/1864
f 1844/1844/1844 1864/1864/1864 1845/1845/1845
f 1845/1845/1845 1864/1864/1864 1865/1865/1865
f 1845/1845/1845 1865/1865/1865 1846/1846/1846
f 1846/1846/1846 1865/1865/1865 1866/1866/1866
f 1846/1846/1846 1866/1866/1866 1847/1847/1847
f 1847/1847/1847 1866/1866/1866 1867/1867/1867
f 1847/1847/1847 1867/1867/1867 1848/1848/1848
f 1848/1848/1848 1867/1867/1867 1868/1868/1868
f 1849/1849/1849 1869/1869/1869 1850/1850/1850
f 1850/1850/1850 1869/1869/1869 1870/1870/1870
f 1850/1850/1850 1870/1870/1870 1851/1851/1851
f 1851/1851/1851 1870/1870/1870 1871/1871/1871
f 1851/1851/1851 1871/1871/1871 1852/1852/1852
f 1852/1852/1852 1871/1871/1871 1872/1872/1872
f 1852/1852/1852 1872/1872/1872 1853/1853/1853
f 1853/1853/1853 1872/1872/1872 1873/1873/1873
f 1853/1853/1853 1873/1873/1873 1854/1854/1854
f 1854/1854/1854 1873/1873/1873 1874/1874/1874
f 1854/1854/1854 1874/1874/1874 1855/1855/1855
f 1855/1855/1855 1874/1874/1874 1875/1875/1875
f 1855/1855/1855 1875/1875/1875 1856/1856/1856
f 1856/1856/1856 1875/1875/1875 1876/1876/1876
f 1856/1856/1856 1876/1876/1876 1857/1857/1857
f 1857/1857/1857 1876/1876/1876 1877/1877/1877
f 1857/1857/1857 1877/1877/1877 1858/1858/1858
f 1858/1858/1858 1877/1877/1877 1878/1878/1878
f 1858/1858/1858 1878/1878/1878 1859/1859/1859
f 1859/1859/1859 1878/1878/1878 1879/1879/1879
f 1859/1859/1859 1879/1879/1879 1860/1860/1860
f 1860/1860/1860 1879/1879/1879 1880/1880/1880
f 1860/1860/1860 1880/1880/1880 1861/1861/1861
f 1861/1861/1861 1880/1880/1880 1881/1881/1881
f 1861/1861/1861 1881/1881/1881 1862/1862/1862
f 1862/1862/1862 1881/1881/1881 1882/1882/1882
f 1862/1862/1862 1882/1882/1882 1863/1863/1863
f 1863/1863/1863 1882/1882/1882 1883/1883/1883
f 1863/1863/1863 1883/1883/1883 1864/1864/1864
f 1864/1864/1864 1883/1883/1883 1884/1884/1884
f 1864/1864/1864 1884/1884/1884 1865/1865/1865
f 1865/1865/1865 1884/1884/1884 1885/1885/1885
f 1865/1865/1865 1885/1885/1885 1866/1866/1866
f 1866/1866/1866 1885/1885/1885 1886/1886/1886
f 1866/1866/1866 1886/1886/1886 1867/1867/1867
f 1867/1867/1867 1886/1886/1886 1887/1887/1887
f 1867/1867/1867 1887/1887/1887 1868/1868/1868
f 1868/1868/1868 1887/1887/1887 1888/1888/1888
f 1869/1869/1869 1889/1889/1889 1870/1870/1870
f 1870/1870/1870 1889/1889/1889 1890/1890/1890
f 1870/1870/1870 1890/1890/1890 1871/1871/1871
f 1871/1871/1871 1890/1890/1890 1891/1891/1891
f 1871/1871/1871 1891/1891/1891 1872/1872/1872
f 1872/1872/1872 1891/1891/1891 1892/1892/1892
f 1872/1872/1872 1892/1892/1892 1873/1873/1873
f 1873/1873/1873 1892/1892/1892 1893/1893/1893
f 1873/1873/1873 1893/1893/1893 1874/1874/1874
f 1874/1874/1874 1893/1893/1893 1894/1894/1894
f 1874/1874/1874 1894/1894/1894 1875/1875/1875
f 1875/1875/1875 1894/1894/1894 1895/1895/1895
f 1875/1875/1875 1895/1895/1895 1876/1876/1876
f 1876/1876/1876 1895/1895/1895 1896/1896/1896
f 1876/1876/1876 1896/1896/1896 1877/1877/1877
f 1877/1877/1877 1896/1896/1896 1897/1897/1897
f 1877/1877/1877 1897/1897/1897 1878/1878/1878
f 1878/1878/1878 1897/1897/1897 1898/1898/1898
f 1878/1878/1878 1898/1898/1898 1879/1879/1879
f 1879/1879/1879 1898/1898/1898 1899/1899/1899
f 1879/1879/1879 1899/1899/1899 1880/1880/1880
f 1880/1880/1880 1899/1899/1899 1900/1900/1900
f 1880/1880/1880 1900/1900/1900 1881/1881/1881
f 1881/1881/1881 1900/1900/1900 1901/1901/1901
f 1881/1881/1881 1901/1901/1901 1882/1882/1882
f 1882/1882/1882 1901/1901/1901 1902/1902/1902
f 1882/1882/1882 1902/1902/1902 1883/1883/1883
f 1883/1883/1883 1902/1902/1902 1903/1903/1903
f 1883/1883/1883 1903/1903/1903 1884/1884/1884
f 1884/1884/1884 1903/1903/1903 1904/1904/1904
f 1884/1884/1884 1904/1904/1904 1885/1885/1885
f 1885/1885/1885 1904/1904/1904 1905/1905/1905
f 1885/1885/1885 1905/1905/1905 1886/1886/1886
f 1886/1886/1886 1905/1905/1905 1906/1906/1906
f 1886/1886/1886 1906/1906/1906 1887/1887/1887
f 1887/1887/1887 1906/1906/1906 1907/1907/1907
f 1887/1887/1887 1907/1907/1907 1888/1888/1888
f 1888/1888/1888 1907/1907/1907 1908/1908/1908
f 1889/1889/1889 1909/1909/1909 1890/1890/1890
f 1890/1890/1890 1909/1909/1909 1910/1910/1910
f 1890/1890/1890 1910/1910/1910 1891/1891/1891
f 1891/1891/1891 1910/1910/1910 1911/1911/1911
f 1891/1891/1891 1911/1911/1911 1892/1892/1892
f 1892/1892/1892 1911/1911/1911 1912/1912/1912
f 1892/1892/1892 1912/1912/1912 1893/1893/1893
f 1893/1893/1893 1912/1912/1912 1913/1913/1913
f 1893/1893/1893 1913/1913/1913 1894/1894/1894
f 1894/1894/1894 1913/1913/1913 1914/1914/1914
f 1894/1894/1894 1914/1914/1914 1895/1895/1895
f 1895/1895/1895 1914/1914/1914 1915/1915/1915
f 1895/1895/1895 1915/1915/1915 1896/1896/1896
f 1896/1896/1896 1915/1915/1915 1916/1916/1916
f 1896/1896/1896 1916/1916/1916 1897/1897/1897
f 1897/1897/1897 1916/1916/1916 1917/1917/1917
f 1897/1897/1897 1917/1917/1917 1898/1898/1898
f 1898/1898/1898 1917/1917/1917 1918/1918/1918
f 1898/1898/1898 1918/1918/1918 1899/1899/1899
f 1899/1899/1899 1918/1918/1918 1919/1919/1919
f 1899/1899/1899 1919/1919/1919 1900/1900/1900
f 1900/1900/1900 1919/1919/1919 1920/1920/1920
f 1900/1900/1900 1920/1920/1920 1901/1901/1901
f 1901/1901/1901 1920/1920/1920 1921/1921/1921
f 1901/1901/1901 1921/1921/1921 1902/1902/1902
f 1902/1902/1902 1921/1921/1921 1922/1922/1922
f 1902/1902/1902 1922/1922/1922 1903/1903/1903
f 1903/1903/1903 1922/1922/1922 1923/1923/1923
f 1903/1903/1903 1923/1923/1923 1904/1904/1904
f 1904/1904/1904 1923/1923/1923 1924/1924/1924
f 1904/1904/1904 1924/1924/1924 1905/1905/1905
f 1905/1905/1905 1924/1924/1924 1925/1925/1925
f 1905/1905/1905 1925/1925/1925 1906/1906/1906
f 1906/1906/1906 1925/1925/1925 1926/1926/1926
f 1906/1906/1906 1926/1926/1926 1907/1907/1907
f 1907/1907/1907 1926/1926/1926 1927/1927/1927
f 1907/1907/1907 1927/1927/1927 1908/1908/1908
f 1908/1908/1908 1927/1927/1927 1928/1928/1928
f 1909/1909/1909 1929/1929/1929 1910/1910/1910
f 1910/1910/1910 1929/1929/1929 1930/1930/1930
f 1910/1910/1910 1930/1930/1930 1911/1911/1911
f 1911/1911/1911 1930/1930/1930 1931/1931/1931
f 1911/1911/1911 1931/1931/1931 1912/1912/1912
f 1912/1912/1912 1931/1931/1931 1932/1932/1932
f 1912/1912/1912 1932/1932/1932 1913/1913/1913
f 1913/1913/1913 1932/1932/1932 1933/1933/1933
f 1913/1913/1913 1933/1933/1933 1914/1914/1914
f 1914/1914/1914 1933/1933/1933 1934/1934/1934
f 1914/1914/1914 1934/1934/1934 1915/1915/1915
f 1915/1915/1915 1934/1934/1934 1935/1935/1935
f 1915/1915/1915 1935/1935/1935 1916/1916/1916
f 1916/1916/1916 1935/1935/1935 1936/1936/1936
f 1916/1916/1916 1936/1936/1936 1917/1917/1917
f 1917/1917/1917 1936/1936/1936 1937/1937/1937
f 1917/1917/1917 1937/1937/1937 1918/1918/1918
f 1918/1918/1918 1937/1937/1937 1938/1938/1938
f 1918/1918/1918 1938/1938/1938 1919/1919/1919
f 1919/1919/1919 1938/1938/1938 1939/1939/1939
f 1919/1919/1919 1939/1939/1939 1920/1920/1920
f 1920/1920/1920 1939/1939/1939 1940/1940/1940
f 1920/1920/1920 1940/1940/1940 1921/1921/1921
f 1921/1921/1921 1940/1940/1940 1941/1941/1941
f 1921/1921/1921 1941/1941/1941 1922/1922/1922
f 1922/1922/1922 1941/1941/1941 1942/1942/1942
f 1922/1922/1922 1942/1942/1942 1923/1923/1923
f 1923/1923/1923 1942/1942/1942 1943/1943/1943
f 1923/1923/1923 1943/1943/1943 1924/1924/1924
f 1924/1924/1924 1943/1943/1943 1944/1944/1944
f 1924/1924/1924 1944/1944/1944 1925/1925/1925
f 1925/1925/1925 1944/1944/1944 1945/1945/1945
f 1925/1925/1925 1945/1945/1945 1926/1926/1926
f 1926/1926/1926 1945/1945/1945 1946/1946/1946
f 1926/1926/1926 1946/1946/1946 1927/1927/1927
f 1927/1927/1927 1946/1946/1946 1947/1947/1947
f 1927/1927/1927 1947/1947/1947 1928/1928/1928
f 1928/1928/1928 1947/1947/1947 1948/1948/1948
f 1929/1929/1929 1949/1949/1949 1930/1930/1930
f 1930/1930/1930 1949/1949/1949 1950/1950/1950
f 1930/1930/1930 1950/1950/1950 1931/1931/1931
f 1931/1931/1931 1950/1950/1950 1951/1951/1951
f 1931/1931/1931 1951/1951/1951 1932/1932/1932
f 1932/1932/1932 1951/1951/1951 1952/1952/1952
f 1932/1932/1932 1952/1952/1952 1933/1933/1933
f 1933/1933/1933 1952/1952/1952 1953/1953/1953
f 1933/1933/1933 1953/1953/1953 1934/1934/1934
f 1934/1934/1934 1953/1953/1953 1954/1954/1954
f 1934/1934/1934 1954/1954/1954 1935/1935/1935
f 1935/1935/1935 1954/1954/1954 1955/1955/1955
f 1935/1935/1935 1955/1955/1955 1936/1936/1936
f 1936/1936/1936 1955/1955/1955 1956/1956/1956
f 1936/1936/1936 1956/1956/1956 1937/1937/1937
f 1937/1937/1937 1956/1956/1956 1957/1957/1957
f 1937/1937/1937 1957/1957/1957 1938/1938/1938
f 1938/1938/1938 1957/1957/1957 1958/1958/1958
f 1938/1938/1938 1958/1958/1958 1939/1939/1939
f 1939/1939/1939 1958/1958/1958 1959/1959/1959
f 1939/1939/1939 1959/1959/1959 1940/1940/1940
f 1940/1940/1940 1959/1959/1959 1960/1960/1960
f 1940/1940/1940 1960/1960/1960 1941/1941/1941
f 1941/1941/1941 1960/1960/1960 1961/1961/1961
f 1941/1941/1941 1961/1961/1961 1942/1942/1942
f 1942/1942/1942 1961/1961/1961 1962/1962/1962
f 1942/1942/1942 1962/1962/1962 1943/1943/1943
f 1943/1943/1943 1962/1962/1962 1963/1963/1963
f 1943/1943/1943 1963/1963/1963 1944/1944/1944
f 1944/1944/1944 1963/1963/1963 1964/1964/1964
f 1944/1944/1944 1964/1964/1964 1945/1945/1945
f 1945/1945/1945 1964/1964/1964 1965/1965/1965
f 1945/1945/1945 1965/1965/1965 1946/1946/1946
f 1946/1946/1946 1965/1965/1965 1966/1966/1966
f 1946/1946/1946 1966/1966/1966 1947/1947/1947
f 1947/1947/1947 1966/1966/1966 1967/1967/1967
f 1947/1947/1947 1967/1967/1967 1948/1948/1948
f 1948/1948/1948 1967/1967/1967 1968/1968/1968
f 1949/1949/1949 1969/1969/1969 1950/1950/1950
f 1950/1950/1950 1969/1969/1969 1970/1970/1970
f 1950/1950/1950 1970/1970/1970 1951/1951/1951
f 1951/1951/1951 1970/1970/1970 1971/1971/1971
f 1951/1951/1951 1971/1971/1971 1952/1952/1952
f 1952/1952/1952 1971/1971/1971 1972/1972/1972
f 1952/1952/1952 1972/1972/1972 1953/1953/1953
f 1953/1953/1953 1972/1972/1972 1973/1973/1973
f 1953/1953/1953 1973/1973/1973 1954/1954/1954
f 1954/1954/1954 1973/1973/1973 1974/1974/1974
f 1954/1954/1954 1974/1974/1974 1955/1955/1955
f 1955/1955/1955 1974/1974/1974 1975/1975/1975
f 1955/1955/1955 1975/1975/1975 1956/1956/1956
f 1956/1956/1956 1975/1975/1975 1976/1976/1976
f 1956/1956/1956 1976/1976/1976 1957/1957/1957
f 1957/1957/1957 1976/1976/1976 1977/1977/1977
f 1957/1957/1957 1977/1977/1977 1958/1958/1958
f 1958/1958/1958 1977/1977/1977 1978/1978/1978
f 1958/1958/1958 1978/1978/1978 1959/1959/1959
f 1959/1959/1959 1978/1978/1978 1979/1979/1979
f 1959/1959/1959 1979/1979/1979 1960/1960/1960
f 1960/1960/1960 1979/1979/1979 1980/1980/1980
f 1960/1960/1960 1980/1980/1980 1961/1961/1961
f 1961/1961/1961 1980/1980/1980 1981/1981/1981
f 1961/1961/1961 1981/1981/1981 1962/1962/1962
f 1962/1962/1962 1981/1981/1981 1982/1982/1982
f 1962/1962/1962 1982/1982/1982 1963/1963/1963
f 1963/1963/1963 1982/1982/1982 1983/1983/1983
f 1963/1963/1963 1983/1983/1983 1964/1964/1964
f 1964/1964/1964 1983/1983/1983 1984/1984/1984
f 1964/1964/1964 1984/1984/1984 1965/1965/1965
f 1965/1965/1965 1984/1984/1984 1985/1985/1985
f 1965/1965/1965 1985/1985/1985 1966/1966/1966
f 1966/1966/1966 1985/1985/1985 1986/1986/1986
f 1966/1966/1966 1986/1986/1986 1967/1967/1967
f 1967/1967/1967 1986/1986/1986 1987/1987/1987
f 1967/1967/1967 1987/1987/1987 1968/1968/1968
f 1968/1968/1968 1987/1987/1987 1988/1988/1988
f 1969/1969/1969 1989/1989/1989 1970/1970/1970
f 1970/1970/1970 1989/1989/1989 1990/1990/1990
f 1970/1970/1970 1990/1990/1990 1971/1971/1971
f 1971/1971/1971 1990/1990/1990 1991/1991/1991
f 1971/1971/1971 1991/1991/1991 1972/1972/1972
f 1972/1972/1972 1991/1991/1991 1992/1992/1992
f 1972/1972/1972 1992/1992/1992 1973/1973/1973
f 1973/1973/1973 1992/1992/1992 1993/1993/1993
f 1973/1973/1973 1993/1993/1993 1974/1974/1974
f 1974/1974/1974 1993/1993/1993 1994/1994/1994
f 1974/1974/1974 1994/1994/1994 1975/1975/1975
f 1975/1975/1975 1994/1994/1994 1995/1995/1995
f 1975/1975/1975 1995/1995/1995 1976/1976/1976
f 1976/1976/1976 1995/1995/1995 1996/1996/1996
f 1976/1976/1976 1996/1996/1996 1977/1977/1977
f 1977/1977/1977 1996/1996/1996 1997/1997/1997
f 1977/1977/1977 1997/1997/1997 1978/1978/1978
f 1978/1978/1978 1997/1997/1997 1998/1998/1998
f 1978/1978/1978 1998/1998/1998 1979/1979/1979
f 1979/1979/1979 1998/1998/1998 1999/1999/1999
f 1979/1979/1979 1999/1999/1999 1980/1980/1980
f 1980/1980/1980 1999/1999/1999 2000/2000/2000
f 1980/1980/1980 2000/2000/2000 1981/1981/1981
f 1981/1981/1981 2000/2000/2000 2001/2001/2001
f 1981/1981/1981 2001/2001/2001 1982/1982/1982
f 1982/1982/1982 2001/2001/2001 2002/2002/2002
f 1982/1982/1982 2002/2002/2002 1983/1983/1983
f 1983/1983/1983 2002/2002/2002 2003/2003/2003
f 1983/1983/1983 2003/2003/2003 1984/1984/1984
f 1984/1984/1984 2003/2003/2003 2004/2004/2004
f 1984/1984/1984 2004/2004/2004 1985/1985/1985
f 1985/1985/1985 2004/2004/2004 2005/2005/2005
f 1985/1985/1985 2005/2005/2005 1986/1986/1986
f 1986/1986/1986 2005/2005/2005 2006/2006/2006
f 1986/1986/1986 2006/2006/2006 1987/1987/1987
f 1987/1987/1987 2006/2006/2006 2007/2007/2007
f 1987/1987/1987 2007/2007/2007 1988/1988/1988
f 1988/1988/1988 2007/2007/2007 2008/2008/2008
f 1989/1989/1989 2009/2009/2009 1990/1990/1990
f 1990/1990/1990 2009/2009/2009 2010/2010/2010
f 1990/1990/1990 2010/2010/2010 1991/1991/1991
f 1991/1991/1991 2010/2010/2010 2011/2011/2011
f 1991/1991/1991 2011/2011/2011 1992/1992/1992
f 1992/1992/1992 2011/2011/2011 2012/2012/2012
f 1992/1992/1992 2012/2012/2012 1993/1993/1993
f 1993/1993/1993 2012/2012/2012 2013/2013/2013
f 1993/1993/1993 2013/2013/2013 1994/1994/1994
f 1994/1994/1994 2013/2013/2013 2014/2014/2014
f 1994/1994/1994 2014/2014/2014 1995/1995/1995
f 1995/1995/1995 2014/2014/2014 2015/2015/2015
f 1995/1995/1995 2015/2015/2015 1996/1996/1996
f 1996/1996/1996 2015/2015/2015 2016/2016/2016
f 1996/1996/1996 2016/2016/2016 1997/1997/1997
f 1997/1997/1997 2016/2016/2016 2017/2017/2017
f 1997/1997/1997 2017/2017/2017 1998/1998/1998
f 1998/1998/1998 2017/2017/2017 2018/2018/2018
f 1998/1998/1998 2018/2018/2018 1999/1999/1999
f 1999/1999/1999 2018/2018/2018 2019/2019/2019
f 1999/1999/1999 2019/2019/2019 2000/2000/2000
f 2000/2000/2000 2019/2019/2019 2020/2020/2020
f 2000/2000/2000 2020/2020/2020 2001/2001/2001
f 2001/2001/2001 2020/2020/2020 2021/2021/2021
f 2001/2001/2001 2021/2021/2021 2002/2002/2002
f 2002/2002/2002 2021/2021/2021 2022/2022/2022
f 2002/2002/2002 2022/2022/2022 2003/2003/2003
f 2003/2003/2003 2022/2022/2022 2023/2023/2023
f 2003/2003/2003 2023/2023/2023 2004/2004/2004
f 2004/2004/2004 2023/2023/2023 2024/2024/2024
f 2004/2004/2004 2024/2024/2024 2005/2005/2005
f 2005/2005/2005 2024/2024/2024 2025/2025/2025
f 2005/2005/2005 2025/2025/2025 2006/2006/2006
f 2006/2006/2006 2025/2025/2025 2026/2026/2026
f 2006/2006/2006 2026/2026/2026 2007/2007/2007
f 2007/2007/2007 2026/2026/2026 2027/2027/2027
f 2007/2007/2007 2027/2027/2027 2008/2008/2008
f 2008/2008/2008 2027/2027/2027 2028/2028/2028
f 2009/2009/2009 2029/2029/2029 2010/2010/2010
f 2010/2010/2010 2029/2029/2029 2030/2030/2030
f 2010/2010/2010 2030/2030/2030 2011/2011/2011
f 2011/2011/2011 2030/2030/2030 2031/2031/2031
f 2011/2011/2011 2031/2031/2031 2012/2012/2012
f 2012/2012/2012 2031/2031/2031 2032/2032/2032
f 2012/2012/2012 2032/2032/2032 2013/2013/2013
f 2013/2013/2013 2032/2032/2032 2033/2033/2033
f 2013/2013/2013 2033/2033/2033 2014/2014/2014
f 2014/2014/2014 2033/2033/2033 2034/2034/2034
f 2014/2014/2014 2034/2034/2034 2015/2015/2015
f 2015/2015/2015 2034/2034/2034 2035/2035/2035
f 2015/2015/2015 2035/2035/2035 2016/2016/2016
f 2016/2016/2016 2035/2035/2035 2036/2036/2036
f 2016/2016/2016 2036/2036/2036 2017/2017/2017
f 2017/2017/2017 2036/2036/2036 2037/2037/2037
f 2017/2017/2017 2037/2037/2037 2018/2018/2018
f 2018/2018/2018 2037/2037/2037 2038/2038/2038
f 2018/2018/2018 2038/2038/2038 2019/2019/2019
f 2019/2019/2019 2038/2038/2038 2039/2039/2039
f 2019/2019/2019 2039/2039/2039 2020/2020/2020
f 2020/2020/2020 2039/2039/2039 2040/2040/2040
f 2020/2020/2020 2040/2040/2040 2021/2021/2021
f 2021/2021/2021 2040/2040/2040 2041/2041/2041
f 2021/2021/2021 2041/2041/2041 2022/2022/2022
f 2022/2022/2022 2041/2041/2041 2042/2042/2042
f 2022/2022/2022 2042/2042/2042 2023/2023/2023
f 2023/2023/2023 2042/2042/2042 2043/2043/2043
f 2023/2023/2023 2043/2043/2043 2024/2024/2024
f 2024/2024/2024 2043/2043/2043 2044/2044/2044
f 2024/2024/2024 2044/2044/2044 2025/2025/2025
f 2025/2025/2025 2044/2044/2044 2045/2045/2045
f 2025/2025/2025 2045/2045/2045 2026/2026/2026
f 2026/2026/2026 2045/2045/2045 2046/2046/2046
f 2026/2026/2026 2046/2046/2046 2027/2027/2027
f 2027/2027/2027 2046/2046/2046 2047/2047/2047
f 2027/2027/2027 2047/2047/2047 2028/2028/2028
f 2028/2028/2028 2047/2047/2047 2048/2048/2048
f 2029/2029/2029 2049/2049/2049 2030/2030/2030
f 2030/2030/2030 2049/2049/2049 2050/2050/2050
f 2030/2030/2030 2050/2050/2050 2031/2031/2031
f 2031/2031/2031 2050/2050/2050 2051/2051/2051
f 2031/2031/2031 2051/2051/2051 2032/2032/2032
f 2032/2032/2032 2051/2051/2051 2052/2052/2052
f 2032/2032/2032 2052/2052/2052 2033/2033/2033
f 2033/2033/2033 2052/2052/2052 2053/2053/2053
f 2033/2033/2033 2053/2053/2053 2034/2034/2034
f 2034/2034/2034 2053/2053/2053 2054/2054/2054
f 2034/2034/2034 2054/2054/2054 2035/2035/2035
f 2035/2035/2035 2054/2054/2054 2055/2055/2055
f 2035/2035/2035 2055/2055/2055 2036/2036/2036
f 2036/2036/2036 2055/2055/2055 2056/2056/2056
f 2036/2036/2036 2056/2056/2056 2037/2037/2037
f 2037/2037/2037 2056/2056/2056 2057/2057/2057
f 2037/2037/2037 2057/2057/2057 2038/2038/2038
f 2038/2038/2038 2057/2057/2057 2058/2058/2058
f 2038/2038/2038 2058/2058/2058 2039/2039/2039
f 2039/2039/2039 2058/2058/2058 2059/2059/2059
f 2039/2039/2039 2059/2059/2059 2040/2040/2040
f 2040/2040/2040 2059/2059/2059 2060/2060/2060
f 2040/2040/2040 2060/2060/2060 2041/2041/2041
f 2041/2041/2041 2060/2060/2060 2061/2061/2061
f 2041/2041/2041 2061/2061/2061 2042/2042/2042
f 2042/2042/2042 2061/2061/2061 2062/2062/2062
f 2042/2042/2042 2062/2062/2062 2043/2043/2043
f 2043/2043/2043 2062/2062/2062 2063/2063/2063
f 2043/2043/2043 2063/2063/2063 2044/2044/2044
f 2044/2044/2044 2063/2063/2063 2064/2064/2064
f 2044/2044/2044 2064/2064/2064 2045/2045/2045
f 2045/2045/2045 2064/2064/2064 2065/2065/2065
f 2045/2045/2045 2065/2065/2065 2046/2046/2046
f 2046/2046/2046 2065/2065/2065 2066/2066/2066
f 2046/2046/2046 2066/2066/2066 2047/2047/2047
f 2047/2047/2047 2066/2066/2066 2067/2067/2067
f 2047/2047/2047 2067/2067/2067 2048/2048/2048
f 2048/2048/2048 2067/2067/2067 2068/2068/2068
f 2049/2049/2049 2069/2069/2069 2050/2050/2050
f 2050/2050/2050 2069/2069/2069 2070/2070/2070
f 2050/2050/2050 2070/2070/2070 2051/2051/2051
f 2051/2051/2051 2070/2070/2070 2071/2071/2071
f 2051/2051/2051 2071/2071/2071 2052/2052/2052
f 2052/2052/2052 2071/2071/2071 2072/2072/2072
f 2052/2052/2052 2072/2072/2072 2053/2053/2053
f 2053/2053/2053 2072/2072/2072 2073/2073/2073
f 2053/2053/2053 2073/2073/2073 2054/2054/2054
f 2054/2054/2054 2073/2073/2073 2074/2074/2074
f 2054/2054/2054 2074/2074/2074 2055/2055/2055
f 2055/2055/2055 2074/2074/2074 2075/2075/2075
f 2055/2055/2055 2075/2075/2075 2056/2056/2056
f 2056/2056/2056 2075/2075/2075 2076/2076/2076
f 2056/2056/2056 2076/2076/2076 2057/2057/2057
f 2057/2057/2057 2076/2076/2076 2077/2077/2077
f 2057/2057/2057 2077/2077/2077 2058/2058/2058
f 2058/2058/2058 2077/2077/2077 2078/2078/2078
f 2058/2058/2058 2078/2078/2078 2059/2059/2059
f 2059/2059/2059 2078/2078/2078 2079/2079/2079
f 2059/2059/2059 2079/2079/2079 2060/2060/2060
f 2060/2060/2060 2079/2079/2079 2080/2080/2080
f 2060/2060/2060 2080/2080/2080 2061/2061/2061
f 2061/2061/2061 2080/2080/2080 2081/2081/2081
f 2061/2061/2061 2081/2081/2081 2062/2062/2062
f 2062/2062/2062 2081/2081/2081 2082/2082/2082
f 2062/2062/2062 2082/2082/2082 2063/2063/2063
f 2063/2063/2063 2082/2082/2082 2083/2083/2083
f 2063/2063/2063 2083/2083/2083 2064/2064/2064
f 2064/2064/2064 2083/2083/2083 2084/2084/2084
f 2064/2064/2064 2084/2084/2084 2065/2065/2065
f 2065/2065/2065 2084/2084/2084 2085/2085/2085
f 2065/2065/2065 2085/2085/2085 2066/2066/2066
f 2066/2066/2066 2085/2085/2085 2086/2086/2086
f 2066/2066/2066 2086/2086/2086 2067/2067/2067
f 2067/2067/2067 2086/2086/2086 2087/2087/2087
f 2067/2067/2067 2087/2087/2087 2068/2068/2068
f 2068/2068/2068 2087/2087/2087 2088/2088/2088
f 2069/2069/2069 2089/2089/2089 2070/2070/2070
f 2070/2070/2070 2089/2089/2089 2090/2090/2090
f 2070/2070/2070 2090/2090/2090 2071/2071/2071
f 2071/2071/2071 2090/2090/2090 2091/2091/2091
f 2071/2071/2071 2091/2091/2091 2072/2072/2072
f 2072/2072/2072 2091/2091/2091 2092/2092/2092
f 2072/2072/2072 2092/2092/2092 2073/2073/2073
f 2073/2073/2073 2092/2092/2092 2093/2093/2093
f 2073/2073/2073 2093/2093/2093 2074/2074/2074
f 2074/2074/2074 2093/2093/2093 2094/2094/2094
f 2074/2074/2074 2094/2094/2094 2075/2075/2075
f 2075/2075/2075 2094/2094/2094 2095/2095/2095
f 2075/2075/2075 2095/2095/2095 2076/2076/2076
f 2076/2076/2076 2095/2095/2095 2096/2096/2096
f 2076/2076/2076 2096/2096/2096 2077/2077/2077
f 2077/2077/2077 2096/2096/2096 2097/2097/2097
f 2077/2077/2077 2097/2097/2097 2078/2078/2078
f 2078/2078/2078 2097/2097/2097 2098/2098/2098
f 2078/2078/2078 2098/2098/2098 2079/2079/2079
f 2079/2079/2079 2098/2098/2098 2099/2099/2099
f 2079/2079/2079 2099/2099/2099 2080/2080/2080
f 2080/2080/2080 2099/2099/2099 2100/2100/2100
f 2080/2080/2080 2100/2100/2100 2081/2081/2081
f 2081/2081/2081 2100/2100/2100 2101/2101/2101
f 2081/2081/2081 2101/2101/2101 2082/2082/2082
f 2082/2082/2082 2101/2101/2101 2102/2102/2102
f 2082/2082/2082 2102/2102/2102 2083/2083/2083
f 2083/2083/2083 2102/2102/2102 2103/2103/2103
f 2083/2083/2083 2103/2103/2103 2084/2084/2084
f 2084/2084/2084 2103/2103/2103 2104/2104/2104
f 2084/2084/2084 2104/2104/2104 2085/2085/2085
f 2085/2085/2085 2104/2104/2104 2105/2105/2105
f 2085/2085/2085 2105/2105/2105 2086/2086/2086
f 2086/2086/2086 2105/2105/2105 2106/2106/2106
f 2086/2086/2086 2106/2106/2106 2087/2087/2087
f 2087/2087/2087 2106/2106/2106 2107/2107/2107
f 2087/2087/2087 2107/2107/2107 2088/2088/2088
f 2088/2088/2088 2107/2107/2107 2108/2108/2108
f 2089/2089/2089 2109/2109/2109 2090/2090/2090
f 2090/2090/2090 2109/2109/2109 2110/2110/2110
f 2090/2090/2090 2110/2110/2110 2091/2091/2091
f 2091/2091/2091 2110/2110/2110 2111/2111/2111
f 2091/2091/2091 2111/2111/2111 2092/2092/2092
f 2092/2092/2092 2111/2111/2111 2112/2112/2112
f 2092/2092/2092 2112/2112/2112 2093/2093/2093
f 2093/2093/2093 2112/2112/2112 2113/2113/2113
f 2093/2093/2093 2113/2113/2113 2094/2094/2094
f 2094/2094/2094 2113/2113/2113 2114/2114/2114
f 2094/2094/2094 2114/2114/2114 2095/2095/2095
f 2095/2095/2095 2114/2114/2114 2115/2115/2115
f 2095/2095/2095 2115/2115/2115 2096/2096/2096
f 2096/2096/2096 2115/2115/2115 2116/2116/2116
f 2096/2096/2096 2116/2116/2116 2097/2097/2097
f 2097/2097/2097 2116/2116/2116 2117/2117/2117
f 2097/2097/2097 2117/2117/2117 2098/2098/2098
f 2098/2098/2098 2117/2117/2117 2118/2118/2118
f 2098/2098/2098 2118/2118/2118 2099/2099/2099
f 2099/2099/2099 2118/2118/2118 2119/2119/2119
f 2099/2099/2099 2119/2119/2119 2100/2100/2100
f 2100/2100/2100 2119/2119/2119 2120/2120/2120
f 2100/2100/2100 2120/2120/2120 2101/2101/2101
f 2101/2101/2101 2120/2120/2120 2121/2121/2121
f 2101/2101/2101 2121/2121/2121 2102/2102/2102
f 2102/2102/2102 2121/2121/2121 2122/2122/2122
f 2102/2102/2102 2122/2122/2122 2103/2103/2103
f 2103/2103/2103 2122/2122/2122 2123/2123/2123
f 2103/2103/2103 2123/2123/2123 2104/2104/2104
f 2104/2104/2104 2123/2123/2123 2124/2124/2124
f 2104/2104/2104 2124/2124/2124 2105/2105/2105
f 2105/2105/2105 2124/2124/2124 2125/2125/2125
f 2105/2105/2105 2125/2125/2125 2106/2106/2106
f 2106/2106/2106 2125/2125/2125 2126/2126/2126
f 2106/2106/2106 2126/2126/2126 2107/2107/2107
f 2107/2107/2107 2126/2126/2126 2127/2127/2127
f 2107/2107/2107 2127/2127/2127 2108/2108/2108
f 2108/2108/2108 2127/2127/2127 2128/2128/2128
f 2109/2109/2109 2129/2129/2129 2110/2110/2110
f 2110/2110/2110 2129/2129/2129 2130/2130/2130
f 2110/2110/2110 2130/2130/2130 2111/2111/2111
f 2111/2111/2111 2130/2130/2130 2131/2131/2131
f 2111/2111/2111 2131/2131/2131 2112/2112/2112
f 2112/2112/2112 2131/2131/2131 2132/2132/2132
f 2112/2112/2112 2132/2132/2132 2113/2113/2113
f 2113/2113/2113 2132/2132/2132 2133/2133/2133
f 2113/2113/2113 2133/2133/2133 2114/2114/2114
f 2114/2114/2114 2133/2133/2133 2134/2134/2134
f 2114/2114/2114 2134/2134/2134 2115/2115/2115
f 2115/2115/2115 2134/2134/2134 2135/2135/2135
f 2115/2115/2115 2135/2135/2135 2116/2116/2116
f 2116/2116/2116 2135/2135/2135 2136/2136/2136
f 2116/2116/2116 2136/2136/2136 2117/2117/2117
f 2117/2117/2117 2136/2136/2136 2137/2137/2137
f 2117/2117/2117 2137/2137/2137 2118/2118/2118
f 2118/2118/2118 2137/2137/2137 2138/2138/2138
f 2118/2118/2118 2138/2138/2138 2119/2119/2119
f 2119/2119/2119 2138/2138/2138 2139/2139/2139
f 2119/2119/2119 2139/2139/2139 2120/2120/2120
f 2120/2120/2120 2139/2139/2139 2140/2140/2140
f 2120/2120/2120 2140/2140/2140 2121/2121/2121
f 2121/2121/2121 2140/2140/2140 2141/2141/2141
f 2121/2121/2121 2141/2141/2141 2122/2122/2122
f 2122/2122/2122 2141/2141/2141 2142/2142/2142
f 2122/2122/2122 2142/2142/2142 2123/2123/2123
f 2123/2123/2123 2142/2142/2142 2143/2143/2143
f 2123/2123/2123 2143/2143/2143 2124/2124/2124
f 2124/2124/2124 2143/2143/2143 2144/2144/2144
f 2124/2124/2124 2144/2144/2144 2125/2125/2125
f 2125/2125/2125 2144/2144/2144 2145/2145/2145
f 2125/2125/2125 2145/2145/2145 2126/2126/2126
f 2126/2126/2126 2145/2145/2145 2146/2146/2146
f 2126/2126/2126 2146/2146/2146 2127/2127/2127
f 2127/2127/2127 2146/2146/2146 2147/2147/2147
f 2127/2127/2127 2147/2147/2147 2128/2128/2128
f 2128/2128/2128 2147/2147/2147 2148/2148/2148
f 2129/2129/2129 2149/2149/2149 2130/2130/2130
f 2130/2130/2130 2149/2149/2149 2150/2150/2150
f 2130/2130/2130 2150/2150/2150 2131/2131/2131
f 2131/2131/2131 2150/2150/2150 2151/2151/2151
f 2131/2131/2131 2151/2151/2151 2132/2132/2132
f 2132/2132/2132 2151/2151/2151 2152/2152/2152
f 2132/2132/2132 2152/2152/2152 2133/2133/2133
f 2133/2133/2133 2152/2152/2152 2153/2153/2153
f 2133/2133/2133 2153/2153/2153 2134/2134/2134
f 2134/2134/2134 2153/2153/2153 2154/2154/2154
f 2134/2134/2134 2154/2154/2154 2135/2135/2135
f 2135/2135/2135 2154/2154/2154 2155/2155/2155
f 2135/2135/2135 2155/2155/2155 2136/2136/2136
f 2136/2136/2136 2155/2155/2155 2156/2156/2156
f 2136/2136/2136 2156/2156/2156 2137/2137/2137
f 2137/2137/2137 2156/2156/2156 2157/2157/2157
f 2137/2137/2137 2157/2157/2157 2138/2138/2138
f 2138/2138/2138 2157/2157/2157 2158/2158/2158
f 2138/2138/2138 2158/2158/2158 2139/2139/2139
f 2139/2139/2139 2158/2158/2158 2159/2159/2159
f 2139/2139/2139 2159/2159/2159 2140/2140/2140
f 2140/2140/2140 2159/2159/2159 2160/2160/2160
f 2140/2140/2140 2160/2160/2160 2141/2141/2141
f 2141/2141/2141 2160/2160/2160 2161/2161/2161
f 2141/2141/2141 2161/2161/2161 2142/2142/2142
f 2142/2142/2142 2161/2161/2161 2162/2162/2162
f 2142/2142/2142 2162/2162/2162 2143/2143/2143
f 2143/2143/2143 2162/2162/2162 2163/2163/2163
f 2143/2143/2143 2163/2163/2163 2144/2144/2144
f 2144/2144/2144 2163/2163/2163 2164/2164/2164
f 2144/2144/2144 2164/2164/2164 2145/2145/2145
f 2145/2145/2145 2164/2164/2164 2165/2165/2165
f 2145/2145/2145 2165/2165/2165 2146/2146/2146
f 2146/2146/2146 2165/2165/2165 2166/2166/2166
f 2146/2146/2146 2166/2166/2166 2147/2147/2147
f 2147/2147/2147 2166/2166/2166 2167/2167/2167
f 2147/2147/2147 2167/2167/2167 2148/2148/2148
f 2148/2148/2148 2167/2167/2167 2168/2168/2168
f 2149/2149/2149 2169/2169/2169 2150/2150/2150
f 2150/2150/2150 2169/2169/2169 2170/2170/2170
f 2150/2150/2150 2170/2170/2170 2151/2151/2151
f 2151/2151/2151 2170/2170/2170 2171/2171/2171
f 2151/2151/2151 2171/2171/2171 2152/2152/2152
f 2152/2152/2152 2171/2171/2171 2172/2172/2172
f 2152/2152/2152 2172/2172/2172 2153/2153/2153
f 2153/2153/2153 2172/2172/2172 2173/2173/2173
f 2153/2153/2153 2173/2173/2173 2154/2154/2154
f 2154/2154/2154 2173/2173/2173 2174/2174/2174
f 2154/2154/2154 2174/2174/2174 2155/2155/2155
f 2155/2155/2155 2174/2174/2174 2175/2175/2175
f 2155/2155/2155 2175/2175/2175 2156/2156/2156
f 2156/2156/2156 2175/2175/2175 2176/2176/2176
f 2156/2156/2156 2176/2176/2176 2157/2157/2157
f 2157/2157/2157 2176/2176/2176 2177/2177/2177
f 2157/2157/2157 2177/2177/2177 2158/2158/2158
f 2158/2158/2158 2177/2177/2177 2178/2178/2178
f 2158/2158/2158 2178/2178/2178 2159/2159/2159
f 2159/2159/2159 2178/2178/2178 2179/2179/2179
f 2159/2159/2159 2179/2179/2179 2160/2160/2160
f 2160/2160/2160 2179/2179/2179 2180/2180/2180
f 2160/2160/2160 2180/2180/2180 2161/2161/2161
f 2161/2161/2161 2180/2180/2180 2181/2181/2181
f 2161/2161/2161 2181/2181/2181 2162/2162/2162
f 2162/2162/2162 2181/2181/2181 2182/2182/2182
f 2162/2162/2162 2182/2182/2182 2163/2163/2163
f 2163/2163/2163 2182/2182/2182 2183/2183/2183
f 2163/2163/2163 2183/2183/2183 2164/2164/2164
f 2164/2164/2164 2183/2183/2183 2184/2184/2184
f 2164/2164/2164 2184/2184/2184 2165/2165/2165
f 2165/2165/2165 2184/2184/2184 2185/2185/2185
f 2165/2165/2165 2185/2185/2185 2166/2166/2166
f 2166/2166/2166 2185/2185/2185 2186/2186/2186
f 2166/2166/2166 2186/2186/2186 2167/2167/2167
f 2167/2167/2167 2186/2186/2186 2187/2187/2187
f 2167/2167/2167 2187/2187/2187 2168/2168/2168
f 2168/2168/2168 2187/2187/2187 2188/2188/2188
f 2169/2169/2169 2189/2189/2189 2170/2170/2170
f 2170/2170/2170 2189/2189/2189 2190/2190/2190
f 2170/2170/2170 2190/2190/2190 2171/2171/2171
f 2171/2171/2171 2190/2190/2190 2191/2191/2191
f 2171/2171/2171 2191/2191/2191 2172/2172/2172
f 2172/2172/2172 2191/2191/2191 2192/2192/2192
f 2172/2172/2172 2192/2192/2192 2173/2173/2173
f 2173/2173/2173 2192/2192/2192 2193/2193/2193
f 2173/2173/2173 2193/2193/2193 2174/2174/2174
f 2174/2174/2174 2193/2193/2193 2194/2194/2194
f 2174/2174/2174 2194/2194/2194 2175/2175/2175
f 2175/2175/2175 2194/2194/2194 2195/2195/2195
f 2175/2175/2175 2195/2195/2195 2176/2176/2176
f 2176/2176/2176 2195/2195/2195 2196/2196/2196
f 2176/2176/2176 2196/2196/2196 2177/2177/2177
f 2177/2177/2177 2196/2196/2196 2197/2197/2197
f 2177/2177/2177 2197/2197/2197 2178/2178/2178
f 2178/2178/2178 2197/2197/2197 2198/2198/2198
f 2178/2178/2178 2198/2198/2198 2179/2179/2179
f 2179/2179/2179 2198/2198/2198 2199/2199/2199
f 2179/2179/2179 2199/2199/2199 2180/2180/2180
f 2180/2180/2180 2199/2199/2199 2200/2200/2200
f 2180/2180/2180 2200/2200/2200 2181/2181/2181
f 2181/2181/2181 2200/2200/2200 2201/2201/2201
f 2181/2181/2181 2201/2201/2201 2182/2182/2182
f 2182/2182/2182 2201/2201/2201 2202/2202/2202
f 2182/2182/2182 2202/2202/2202 2183/2183/2183
f 2183/2183/2183 2202/2202/2202 2203/2203/2203
f 2183/2183/2183 2203/2203/2203 2184/2184/2184
f 2184/2184/2184 2203/2203/2203 2204/2204/2204
f 2184/2184/2184 2204/2204/2204 2185/2185/2185
f 2185/2185/2185 2204/2204/2204 2205/2205/2205
f 2185/2185/2185 2205/2205/2205 2186/2186/2186
f 2186/2186/2186 2205/2205/2205 2206/2206/2206
f 2186/2186/2186 2206/2206/2206 2187/2187/2187
f 2187/2187/2187 2206/2206/2206 2207/2207/2207
f 2187/2187/2187 2207/2207/2207 2188/2188/2188
f 2188/2188/2188 2207/2207/2207 2208/2208/2208

# Patch: bottom_strap_left_0
o bottom_strap_left_0
usemtl bikini_db851116_material
v -0.112290 0.984000 0.094687
v -0.111257 0.984000 0.092229
v -0.110223 0.984000 0.089771
v -0.109190 0.984000 0.087313
v -0.117815 0.984000 0.092365
v -0.116782 0.984000 0.089907
v -0.115748 0.984000 0.087449
v -0.114715 0.984000 0.084990
v -0.123340 0.984000 0.090043
v -0.122306 0.984000 0.087585
v -0.121273 0.984000 0.085126
v -0.120240 0.984000 0.082668
v -0.128865 0.984000 0.087721
v -0.127831 0.984000 0.085262
v -0.126798 0.984000 0.082804
v -0.125765 0.984000 0.080346
v -0.134830 0.984000 0.085180
v -0.133503 0.984000 0.082867
v -0.132176 0.984000 0.080554
v -0.130849 0.984000 0.078241
v -0.155460 0.984000 0.072493
v -0.154063 0.984000 0.070221
v -0.152666 0.984000 0.067950
v -0.151269 0.984000 0.065679
v -0.175985 0.984000 0.059868
v -0.174588 0.984000 0.057596
v -0.173191 0.984000 0.055325
v -0.171793 0.984000 0.053054
v -0.196510 0.984000 0.047243
v -0.195113 0.984000 0.044971
v -0.193715 0.984000 0.042700
v -0.192318 0.984000 0.040429
v -0.218309 0.984000 0.033366
v -0.216062 0.984000 0.031929
v -0.213816 0.984000 0.030492
v -0.211569 0.984000 0.029056
v -0.218939 0.984000 0.011743
v -0.216272 0.984000 0.011743
v -0.213605 0.984000 0.011743
v -0.210939 0.984000 0.011743
v -0.218939 0.984000 -0.007725
v -0.216272 0.984000 -0.007725
v -0.213605 0.984000 -0.007725
v -0.210939 0.984000 -0.007725
v -0.218939 0.984000 -0.027193
v -0.216272 0.984000 -0.027193
v -0.213605 0.984000 -0.027193
v -0.210939 0.984000 -0.027193
v -0.218465 0.984000 -0.048549
v -0.216114 0.984000 -0.047291
v -0.213763 0.984000 -0.046032
v -0.211412 0.984000 -0.044774
v -0.197122 0.984000 -0.068481
v -0.195316 0.984000 -0.066518
v -0.193511 0.984000 -0.064555
v -0.191706 0.984000 -0.062592
v -0.176597 0.984000 -0.087356
v -0.174792 0.984000 -0.085393
v -0.172987 0.984000 -0.083430
v -0.171182 0.984000 -0.081467
v -0.156072 0.984000 -0.106231
v -0.154267 0.984000 -0.104268
v -0.152462 0.984000 -0.102305
v -0.150657 0.984000 -0.100342
v -0.135257 0.984000 -0.125349
v -0.133645 0.984000 -0.123224
v -0.132034 0.984000 -0.121099
v -0.130422 0.984000 -0.118975
v -0.121979 0.960667 -0.132023
v -0.120793 0.960667 -0.129635
v -0.119606 0.960667 -0.127247
v -0.118420 0.960667 -0.124859
v -0.109340 0.937333 -0.138303
v -0.108153 0.937333 -0.135915
v -0.106967 0.937333 -0.133526
v -0.105780 0.937333 -0.131138
v -0.096700 0.914000 -0.144582
v -0.095513 0.914000 -0.142194
v -0.094327 0.914000 -0.139806
v -0.093140 0.914000 -0.137418
vn 0.000000 -1.000000 0.000000
vn 0.000000 -1.000000 0.000000
vn 0.000000 -1.000000 0.000000
vn 0.000000 -1.000000 0.000000
vn 0.000000 -1.000000 0.000000
vn 0.000000 -1.000000 0.000000
vn 0.000000 -1.000000 0.000000
vn 0.000000 -1.000000 0.000000
vn 0.000000 -1.000000 0.000000
vn 0.000000 -1.000000 0.000000
vn 0.000000 -1.000000 0.000000
vn 0.000000 -1.000000 0.000000
vn 0.000000 -1.000000 0.000000
vn 0.000000 -1.000000 0.000000
vn 0.000000 -1.000000 0.000000
vn 0.000000 -1.000000 0.000000
vn 0.000000 -1.000000 0.000000
vn 0.000000 -1.000000 0.000000
vn 0.000000 -1.000000 0.000000
vn 0.000000 -1.000000 0.000000
vn 0.000000 -1.000000 0.000000
vn 0.000000 -1.000000 0.000000
vn 0.000000 -1.000000 0.000000
vn 0.000000 -1.000000 0.000000
vn 0.000000 -1.000000 0.000000
vn 0.000000 -1.000000 0.000000
vn 0.000000 -1.000000 0.000000
vn 0.000000 -1.000000 0.000000
vn 0.000000 -1.000000 0.000000
vn 0.000000 -1.000000 0.000000
vn 0.000000 -1.000000 0.000000
vn 0.000000 -1.000000 0.000000
vn 0.000000 -1.000000 0.000000
vn 0.000000 -1.000000 0.000000
vn 0.000000 -1.000000 0.000000
vn 0.000000 -1.000000 0.000000
vn 0.000000 -1.000000 0.000000
vn 0.000000 -1.000000 0.000000
vn 0.000000 -1.000000 0.000000
vn 0.000000 -1.000000 0.000000
vn 0.000000 -1.000000 0.000000
vn 0.000000 -1.000000 0.000000
vn 0.000000 -1.000000 0.000000
vn 0.000000 -1.000000 0.000000
vn 0.000000 -1.000000 0.000000
vn 0.000000 -1.000000 0.000000
vn 0.000000 -1.000000 0.000000
vn 0.000000 -1.000000 0.000000
vn 0.000000 -1.000000 0.000000
vn 0.000000 -1.000000 0.000000
vn 0.000000 -1.000000 0.000000
vn 0.000000 -1.000000 0.000000
vn 0.000000 -1.000000 0.000000
vn 0.000000 -1.000000 0.000000
vn 0.000000 -1.000000 0.000000
vn 0.000000 -1.000000 0.000000
vn 0.000000 -1.000000 0.000000
vn 0.000000 -1.000000 0.000000
vn 0.000000 -1.000000 0.000000
vn 0.000000 -1.000000 0.000000
vn 0.000000 -1.000000 0.000000
vn 0.000000 -1.000000 0.000000
vn 0.000000 -1.000000 0.000000
vn 0.000000 -1.000000 0.000000
vn -0.249514 -0.949699 0.189249
vn -0.401793 -0.875966 0.266920
vn -0.407335 -0.872269 0.270602
vn -0.552168 -0.760205 0.342342
vn -0.736701 -0.525694 0.425344
vn -0.753547 -0.518490 0.404148
vn -0.757114 -0.511755 0.406061
vn -0.769907 -0.510827 0.382491
vn -0.766293 -0.517559 0.380695
vn -0.766293 -0.517559 0.380695
vn -0.766293 -0.517559 0.380695
vn -0.766293 -0.517559 0.380695
vn -0.766293 -0.517559 0.380695
vn -0.766293 -0.517559 0.380695
vn -0.766293 -0.517559 0.380695
vn -0.766293 -0.517559 0.380695
vt 0.216000 0.510000
vt 0.216000 0.585000
vt 0.216000 0.660000
vt 0.216000 0.735000
vt 0.225263 0.510000
vt 0.225263 0.585000
vt 0.225263 0.660000
vt 0.225263 0.735000
vt 0.234526 0.510000
vt 0.234526 0.585000
vt 0.234526 0.660000
vt 0.234526 0.735000
vt 0.243789 0.510000
vt 0.243789 0.585000
vt 0.243789 0.660000
vt 0.243789 0.735000
vt 0.253053 0.510000
vt 0.253053 0.585000
vt 0.253053 0.660000
vt 0.253053 0.735000
vt 0.262316 0.510000
vt 0.262316 0.585000
vt 0.262316 0.660000
vt 0.262316 0.735000
vt 0.271579 0.510000
vt 0.271579 0.585000
vt 0.271579 0.660000
vt 0.271579 0.735000
vt 0.280842 0.510000
vt 0.280842 0.585000
vt 0.280842 0.660000
vt 0.280842 0.735000
vt 0.290105 0.510000
vt 0.290105 0.585000
vt 0.290105 0.660000
vt 0.290105 0.735000
vt 0.299368 0.510000
vt 0.299368 0.585000
vt 0.299368 0.660000
vt 0.299368 0.735000
vt 0.308632 0.510000
vt 0.308632 0.585000
vt 0.308632 0.660000
vt 0.308632 0.735000
vt 0.317895 0.510000
vt 0.317895 0.585000
vt 0.317895 0.660000
vt 0.317895 0.735000
vt 0.327158 0.510000
vt 0.327158 0.585000
vt 0.327158 0.660000
vt 0.327158 0.735000
vt 0.336421 0.510000
vt 0.336421 0.585000
vt 0.336421 0.660000
vt 0.336421 0.735000
vt 0.345684 0.510000
vt 0.345684 0.585000
vt 0.345684 0.660000
vt 0.345684 0.735000
vt 0.354947 0.510000
vt 0.354947 0.585000
vt 0.354947 0.660000
vt 0.354947 0.735000
vt 0.364211 0.510000
vt 0.364211 0.585000
vt 0.364211 0.660000
vt 0.364211 0.735000
vt 0.373474 0.510000
vt 0.373474 0.585000
vt 0.373474 0.660000
vt 0.373474 0.735000
vt 0.382737 0.510000
vt 0.382737 0.585000
vt 0.382737 0.660000
vt 0.382737 0.735000
vt 0.392000 0.510000
vt 0.392000 0.585000
vt 0.392000 0.660000
vt 0.392000 0.735000
f 2209/2209/2209 2213/2213/2213 2210/2210/2210
f 2210/2210/2210 2213/2213/2213 2214/2214/2214
f 2210/2210/2210 2214/2214/2214 2211/2211/2211
f 2211/2211/2211 2214/2214/2214 2215/2215/2215
f 2211/2211/2211 2215/2215/2215 2212/2212/2212
f 2212/2212/2212 2215/2215/2215 2216/2216/2216
f 2213/2213/2213 2217/2217/2217 2214/2214/2214
f 2214/2214/2214 2217/2217/2217 2218/2218/2218
f 2214/2214/2214 2218/2218/2218 2215/2215/2215
f 2215/2215/2215 2218/2218/2218 2219/2219/2219
f 2215/2215/2215 2219/2219/2219 2216/2216/2216
f 2216/2216/2216 2219/2219/2219 2220/2220/2220
f 2217/2217/2217 2221/2221/2221 2218/2218/2218
f 2218/2218/2218 2221/2221/2221 2222/2222/2222
f 2218/2218/2218 2222/2222/2222 2219/2219/2219
f 2219/2219/2219 2222/2222/2222 2223/2223/2223
f 2219/2219/2219 2223/2223/2223 2220/2220/2220
f 2220/2220/2220 2223/2223/2223 2224/2224/2224
f 2221/2221/2221 2225/2225/2225 2222/2222/2222
f 2222/2222/2222 2225/2225/2225 2226/2226/2226
f 2222/2222/2222 2226/2226/2226 2223/2223/2223
f 2223/2223/2223 2226/2226/2226 2227/2227/2227
f 2223/2223/2223 2227/2227/2227 2224/2224/2224
f 2224/2224/2224 2227/2227/2227 2228/2228/2228
f 2225/2225/2225 2229/2229/2229 2226/2226/2226
f 2226/2226/2226 2229/2229/2229 2230/2230/2230
f 2226/2226/2226 2230/2230/2230 2227/2227/2227
f 2227/2227/2227 2230/2230/2230 2231/2231/2231
f 2227/2227/2227 2231/2231/2231 2228/2228/2228
f 2228/2228/2228 2231/2231/2231 2232/2232/2232
f 2229/2229/2229 2233/2233/2233 2230/2230/2230
f 2230/2230/2230 2233/2233/2233 2234/2234/2234
f 2230/2230/2230 2234/2234/2234 2231/2231/2231
f 2231/2231/2231 2234/2234/2234 2235/2235/2235
f 2231/2231/2231 2235/2235/2235 2232/2232/2232
f 2232/2232/2232 2235/2235/2235 2236/2236/2236
f 2233/2233/2233 2237/2237/2237 2234/2234/2234
f 2234/2234/2234 2237/2237/2237 2238/2238/2238
f 2234/2234/2234 2238/2238/2238 2235/2235/2235
f 2235/2235/2235 2238/2238/2238 2239/2239/2239
f 2235/2235/2235 2239/2239/2239 2236/2236/2236
f 2236/2236/2236 2239/2239/2239 2240/2240/2240
f 2237/2237/2237 2241/2241/2241 2238/2238/2238
f 2238/2238/2238 2241/2241/2241 2242/2242/2242
f 2238/2238/2238 2242/2242/2242 2239/2239/2239
f 2239/2239/2239 2242/2242/2242 2243/2243/2243
f 2239/2239/2239 2243/2243/2243 2240/2240/2240
f 2240/2240/2240 2243/2243/2243 2244/2244/2244
f 2241/2241/2241 2245/2245/2245 2242/2242/2242
f 2242/2242/2242 2245/2245/2245 2246/2246/2246
f 2242/2242/2242 2246/2246/2246 2243/2243/2243
f 2243/2243/2243 2246/2246/2246 2247/2247/2247
f 2243/2243/2243 2247/2247/2247 2244/2244/2244
f 2244/2244/2244 2247/2247/2247 2248/2248/2248
f 2245/2245/2245 2249/2249/2249 2246/2246/2246
f 2246/2246/2246 2249/2249/2249 2250/2250/2250
f 2246/2246/2246 2250/2250/2250 2247/2247/2247
f 2247/2247/2247 2250/2250/2250 2251/2251/2251
f 2247/2247/2247 2251/2251/2251 2248/2248/2248
f 2248/2248/2248 2251/2251/2251 2252/2252/2252
f 2249/2249/2249 2253/2253/2253 2250/2250/2250
f 2250/2250/2250 2253/2253/2253 2254/2254/2254
f 2250/2250/2250 2254/2254/2254 2251/2251/2251
f 2251/2251/2251 2254/2254/2254 2255/2255/2255
f 2251/2251/2251 2255/2255/2255 2252/2252/2252
f 2252/2252/2252 2255/2255/2255 2256/2256/2256
f 2253/2253/2253 2257/2257/2257 2254/2254/2254
f 2254/2254/2254 2257/2257/2257 2258/2258/2258
f 2254/2254/2254 2258/2258/2258 2255/2255/2255
f 2255/2255/2255 2258/2258/2258 2259/2259/2259
f 2255/2255/2255 2259/2259/2259 2256/2256/2256
f 2256/2256/2256 2259/2259/2259 2260/2260/2260
f 2257/2257/2257 2261/2261/2261 2258/2258/2258
f 2258/2258/2258 2261/2261/2261 2262/2262/2262
f 2258/2258/2258 2262/2262/2262 2259/2259/2259
f 2259/2259/2259 2262/2262/2262 2263/2263/2263
f 2259/2259/2259 2263/2263/2263 2260/2260/2260
f 2260/2260/2260 2263/2263/2263 2264/2264/2264
f 2261/2261/2261 2265/2265/2265 2262/2262/2262
f 2262/2262/2262 2265/2265/2265 2266/2266/2266
f 2262/2262/2262 2266/2266/2266 2263/2263/2263
f 2263/2263/2263 2266/2266/2266 2267/2267/2267
f 2263/2263/2263 2267/2267/2267 2264/2264/2264
f 2264/2264/2264 2267/2267/2267 2268/2268/2268
f 2265/2265/2265 2269/2269/2269 2266/2266/2266
f 2266/2266/2266 2269/2269/2269 2270/2270/2270
f 2266/2266/2266 2270/2270/2270 2267/2267/2267
f 2267/2267/2267 2270/2270/2270 2271/2271/2271
f 2267/2267/2267 2271/2271/2271 2268/2268/2268
f 2268/2268/2268 2271/2271/2271 2272/2272/2272
f 2269/2269/2269 2273/2273/2273 2270/2270/2270
f 2270/2270/2270 2273/2273/2273 2274/2274/2274
f 2270/2270/2270 2274/2274/2274 2271/2271/2271
f 2271/2271/2271 2274/2274/2274 2275/2275/2275
f 2271/2271/2271 2275/2275/2275 2272/2272/2272
f 2272/2272/2272 2275/2275/2275 2276/2276/2276
f 2273/2273/2273 2277/2277/2277 2274/2274/2274
f 2274/2274/2274 2277/2277/2277 2278/2278/2278
f 2274/2274/2274 2278/2278/2278 2275/2275/2275
f 2275/2275/2275 2278/2278/2278 2279/2279/2279
f 2275/2275/2275 2279/2279/2279 2276/2276/2276
f 2276/2276/2276 2279/2279/2279 2280/2280/2280
f 2277/2277/2277 2281/2281/2281 2278/2278/2278
f 2278/2278/2278 2281/2281/2281 2282/2282/2282
f 2278/2278/2278 2282/2282/2282 2279/2279/2279
f 2279/2279/2279 2282/2282/2282 2283/2283/2283
f 2279/2279/2279 2283/2283/2283 2280/2280/2280
f 2280/2280/2280 2283/2283/2283 2284/2284/2284
f 2281/2281/2281 2285/2285/2285 2282/2282/2282
f 2282/2282/2282 2285/2285/2285 2286/2286/2286
f 2282/2282/2282 2286/2286/2286 2283/2283/2283
f 2283/2283/2283 2286/2286/2286 2287/2287/2287
f 2283/2283/2283 2287/2287/2287 2284/2284/2284
f 2284/2284/2284 2287/2287/2287 2288/2288/2288

# Patch: bottom_strap_left_1
o bottom_strap_left_1
usemtl bikini_db851116_material
v -0.112290 0.996000 0.094687
v -0.111257 0.996000 0.092229
v -0.110223 0.996000 0.089771
v -0.109190 0.996000 0.087313
v -0.117815 0.996000 0.092365
v -0.116782 0.996000 0.089907
v -0.115748 0.996000 0.087449
v -0.114715 0.996000 0.084990
v -0.123340 0.996000 0.090043
v -0.122306 0.996000 0.087585
v -0.121273 0.996000 0.085126
v -0.120240 0.996000 0.082668
v -0.128865 0.996000 0.087721
v -0.127831 0.996000 0.085262
v -0.126798 0.996000 0.082804
v -0.125765 0.996000 0.080346
v -0.134830 0.996000 0.085180
v -0.133503 0.996000 0.082867
v -0.132176 0.996000 0.080554
v -0.130849 0.996000 0.078241
v -0.155460 0.996000 0.072493
v -0.154063 0.996000 0.070221
v -0.152666 0.996000 0.067950
v -0.151269 0.996000 0.065679
v -0.175985 0.996000 0.059868
v -0.174588 0.996000 0.057596
v -0.173191 0.996000 0.055325
v -0.171793 0.996000 0.053054
v -0.196510 0.996000 0.047243
v -0.195113 0.996000 0.044971
v -0.193715 0.996000 0.042700
v -0.192318 0.996000 0.040429
v -0.218309 0.996000 0.033366
v -0.216062 0.996000 0.031929
v -0.213816 0.996000 0.030492
v -0.211569 0.996000 0.029056
v -0.218939 0.996000 0.011743
v -0.216272 0.996000 0.011743
v -0.213605 0.996000 0.011743
v -0.210939 0.996000 0.011743
v -0.218939 0.996000 -0.007725
v -0.216272 0.996000 -0.007725
v -0.213605 0.996000 -0.007725
v -0.210939 0.996000 -0.007725
v -0.218939 0.996000 -0.027193
v -0.216272 0.996000 -0.027193
v -0.213605 0.996000 -0.027193
v -0.210939 0.996000 -0.027193
v -0.218465 0.996000 -0.048549
v -0.216114 0.996000 -0.047291
v -0.213763 0.996000 -0.046032
v -0.211412 0.996000 -0.044774
v -0.197122 0.996000 -0.068481
v -0.195316 0.996000 -0.066518
v -0.193511 0.996000 -0.064555
v -0.191706 0.996000 -0.062592
v -0.176597 0.996000 -0.087356
v -0.174792 0.996000 -0.085393
v -0.172987 0.996000 -0.083430
v -0.171182 0.996000 -0.081467
v -0.156072 0.996000 -0.106231
v -0.154267 0.996000 -0.104268
v -0.152462 0.996000 -0.102305
v -0.150657 0.996000 -0.100342
v -0.135257 0.996000 -0.125349
v -0.133645 0.996000 -0.123224
v -0.132034 0.996000 -0.121099
v -0.130422 0.996000 -0.118975
v -0.121979 0.972667 -0.132023
v -0.120793 0.972667 -0.129635
v -0.119606 0.972667 -0.127247
v -0.118420 0.972667 -0.124859
v -0.109340 0.949333 -0.138303
v -0.108153 0.949333 -0.135915
v -0.106967 0.949333 -0.133526
v -0.105780 0.949333 -0.131138
v -0.096700 0.926000 -0.144582
v -0.095513 0.926000 -0.142194
v -0.094327 0.926000 -0.139806
v -0.093140 0.926000 -0.137418
vn 0.000000 -1.000000 0.000000
vn 0.000000 -1.000000 0.000000
vn 0.000000 -1.000000 0.000000
vn 0.000000 -1.000000 0.000000
vn 0.000000 -1.000000 0.000000
vn 0.000000 -1.000000 0.000000
vn 0.000000 -1.000000 0.000000
vn 0.000000 -1.000000 0.000000
vn 0.000000 -1.000000 0.000000
vn 0.000000 -1.000000 0.000000
vn 0.000000 -1.000000 0.000000
vn 0.000000 -1.000000 0.000000
vn 0.000000 -1.000000 0.000000
vn 0.000000 -1.000000 0.000000
vn 0.000000 -1.000000 0.000000
vn 0.000000 -1.000000 0.000000
vn 0.000000 -1.000000 0.000000
vn 0.000000 -1.000000 0.000000
vn 0.000000 -1.000000 0.000000
vn 0.000000 -1.000000 0.000000
vn 0.000000 -1.000000 0.000000
vn 0.000000 -1.000000 0.000000
vn 0.000000 -1.000000 0.000000
vn 0.000000 -1.000000 0.000000
vn 0.000000 -1.000000 0.000000
vn 0.000000 -1.000000 0.000000
vn 0.000000 -1.000000 0.000000
vn 0.000000 -1.000000 0.000000
vn 0.000000 -1.000000 0.000000
vn 0.000000 -1.000000 0.000000
vn 0.000000 -1.000000 0.000000
vn 0.000000 -1.000000 0.000000
vn 0.000000 -1.000000 0.000000
vn 0.000000 -1.000000 0.000000
vn 0.000000 -1.000000 0.000000
vn 0.000000 -1.000000 0.000000
vn 0.000000 -1.000000 0.000000
vn 0.000000 -1.000000 0.000000
vn 0.000000 -1.000000 0.000000
vn 0.000000 -1.000000 0.000000
vn 0.000000 -1.000000 0.000000
vn 0.000000 -1.000000 0.000000
vn 0.000000 -1.000000 0.000000
vn 0.000000 -1.000000 0.000000
vn 0.000000 -1.000000 0.000000
vn 0.000000 -1.000000 0.000000
vn 0.000000 -1.000000 0.000000
vn 0.000000 -1.000000 0.000000
vn 0.000000 -1.000000 0.000000
vn 0.000000 -1.000000 0.000000
vn 0.000000 -1.000000 0.000000
vn 0.000000 -1.000000 0.000000
vn 0.000000 -1.000000 0.000000
vn 0.000000 -1.000000 0.000000
vn 0.000000 -1.000000 0.000000
vn 0.000000 -1.000000 0.000000
vn 0.000000 -1.000000 0.000000
vn 0.000000 -1.000000 0.000000
vn 0.000000 -1.000000 0.000000
vn 0.000000 -1.000000 0.000000
vn 0.000000 -1.000000 0.000000
vn 0.000000 -1.000000 0.000000
vn 0.000000 -1.000000 0.000000
vn 0.000000 -1.000000 0.000000
vn -0.249514 -0.949699 0.189249
vn -0.401793 -0.875966 0.266920
vn -0.407335 -0.872269 0.270602
vn -0.552168 -0.760205 0.342342
vn -0.736701 -0.525694 0.425344
vn -0.753547 -0.518490 0.404148
vn -0.757114 -0.511755 0.406061
vn -0.769907 -0.510827 0.382491
vn -0.766293 -0.517559 0.380695
vn -0.766293 -0.517559 0.380695
vn -0.766293 -0.517559 0.380695
vn -0.766293 -0.517559 0.380695
vn -0.766293 -0.517559 0.380695
vn -0.766293 -0.517559 0.380695
vn -0.766293 -0.517559 0.380695
vn -0.766293 -0.517559 0.380695
vt 0.412000 0.510000
vt 0.412000 0.585000
vt 0.412000 0.660000
vt 0.412000 0.735000
vt 0.421263 0.510000
vt 0.421263 0.585000
vt 0.421263 0.660000
vt 0.421263 0.735000
vt 0.430526 0.510000
vt 0.430526 0.585000
vt 0.430526 0.660000
vt 0.430526 0.735000
vt 0.439789 0.510000
vt 0.439789 0.585000
vt 0.439789 0.660000
vt 0.439789 0.735000
vt 0.449053 0.510000
vt 0.449053 0.585000
vt 0.449053 0.660000
vt 0.449053 0.735000
vt 0.458316 0.510000
vt 0.458316 0.585000
vt 0.458316 0.660000
vt 0.458316 0.735000
vt 0.467579 0.510000
vt 0.467579 0.585000
vt 0.467579 0.660000
vt 0.467579 0.735000
vt 0.476842 0.510000
vt 0.476842 0.585000
vt 0.476842 0.660000
vt 0.476842 0.735000
vt 0.486105 0.510000
vt 0.486105 0.585000
vt 0.486105 0.660000
vt 0.486105 0.735000
vt 0.495368 0.510000
vt 0.495368 0.585000
vt 0.495368 0.660000
vt 0.495368 0.735000
vt 0.504632 0.510000
vt 0.504632 0.585000
vt 0.504632 0.660000
vt 0.504632 0.735000
vt 0.513895 0.510000
vt 0.513895 0.585000
vt 0.513895 0.660000
vt 0.513895 0.735000
vt 0.523158 0.510000
vt 0.523158 0.585000
vt 0.523158 0.660000
vt 0.523158 0.735000
vt 0.532421 0.510000
vt 0.532421 0.585000
vt 0.532421 0.660000
vt 0.532421 0.735000
vt 0.541684 0.510000
vt 0.541684 0.585000
vt 0.541684 0.660000
vt 0.541684 0.735000
vt 0.550947 0.510000
vt 0.550947 0.585000
vt 0.550947 0.660000
vt 0.550947 0.735000
vt 0.560211 0.510000
vt 0.560211 0.585000
vt 0.560211 0.660000
vt 0.560211 0.735000
vt 0.569474 0.510000
vt 0.569474 0.585000
vt 0.569474 0.660000
vt 0.569474 0.735000
vt 0.578737 0.510000
vt 0.578737 0.585000
vt 0.578737 0.660000
vt 0.578737 0.735000
vt 0.588000 0.510000
vt 0.588000 0.585000
vt 0.588000 0.660000
vt 0.588000 0.735000
f 2289/2289/2289 2293/2293/2293 2290/2290/2290
f 2290/2290/2290 2293/2293/2293 2294/2294/2294
f 2290/2290/2290 2294/2294/2294 2291/2291/2291
f 2291/2291/2291 2294/2294/2294 2295/2295/2295
f 2291/2291/2291 2295/2295/2295 2292/2292/2292
f 2292/2292/2292 2295/2295/2295 2296/2296/2296
f 2293/2293/2293 2297/2297/2297 2294/2294/2294
f 2294/2294/2294 2297/2297/2297 2298/2298/2298
f 2294/2294/2294 2298/2298/2298 2295/2295/2295
f 2295/2295/2295 2298/2298/2298 2299/2299/2299
f 2295/2295/2295 2299/2299/2299 2296/2296/2296
f 2296/2296/2296 2299/2299/2299 2300/2300/2300
f 2297/2297/2297 2301/2301/2301 2298/2298/2298
f 2298/2298/2298 2301/2301/2301 2302/2302/2302
f 2298/2298/2298 2302/2302/2302 2299/2299/2299
f 2299/2299/2299 2302/2302/2302 2303/2303/2303
f 2299/2299/2299 2303/2303/2303 2300/2300/2300
f 2300/2300/2300 2303/2303/2303 2304/2304/2304
f 2301/2301/2301 2305/2305/2305 2302/2302/2302
f 2302/2302/2302 2305/2305/2305 2306/2306/2306
f 2302/2302/2302 2306/2306/2306 2303/2303/2303
f 2303/2303/2303 2306/2306/2306 2307/2307/2307
f 2303/2303/2303 2307/2307/2307 2304/2304/2304
f 2304/2304/2304 2307/2307/2307 2308/2308/2308
f 2305/2305/2305 2309/2309/2309 2306/2306/2306
f 2306/2306/2306 2309/2309/2309 2310/2310/2310
f 2306/2306/2306 2310/2310/2310 2307/2307/2307
f 2307/2307/2307 2310/2310/2310 2311/2311/2311
f 2307/2307/2307 2311/2311/2311 2308/2308/2308
f 2308/2308/2308 2311/2311/2311 2312/2312/2312
f 2309/2309/2309 2313/2313/2313 2310/2310/2310
f 2310/2310/2310 2313/2313/2313 2314/2314/2314
f 2310/2310/2310 2314/2314/2314 2311/2311/2311
f 2311/2311/2311 2314/2314/2314 2315/2315/2315
f 2311/2311/2311 2315/2315/2315 2312/2312/2312
f 2312/2312/2312 2315/2315/2315 2316/2316/2316
f 2313/2313/2313 2317/2317/2317 2314/2314/2314
f 2314/2314/2314 2317/2317/2317 2318/2318/2318
f 2314/2314/2314 2318/2318/2318 2315/2315/2315
f 2315/2315/2315 2318/2318/2318 2319/2319/2319
f 2315/2315/2315 2319/2319/2319 2316/2316/2316
f 2316/2316/2316 2319/2319/2319 2320/2320/2320
f 2317/2317/2317 2321/2321/2321 2318/2318/2318
f 2318/2318/2318 2321/2321/2321 2322/2322/2322
f 2318/2318/2318 2322/2322/2322 2319/2319/2319
f 2319/2319/2319 2322/2322/2322 2323/2323/2323
f 2319/2319/2319 2323/2323/2323 2320/2320/2320
f 2320/2320/2320 2323/2323/2323 2324/2324/2324
f 2321/2321/2321 2325/2325/2325 2322/2322/2322
f 2322/2322/2322 2325/2325/2325 2326/2326/2326
f 2322/2322/2322 2326/2326/2326 2323/2323/2323
f 2323/2323/2323 2326/2326/2326 2327/2327/2327
f 2323/2323/2323 2327/2327/2327 2324/2324/2324
f 2324/2324/2324 2327/2327/2327 2328/2328/2328
f 2325/2325/2325 2329/2329/2329 2326/2326/2326
f 2326/2326/2326 2329/2329/2329 2330/2330/2330
f 2326/2326/2326 2330/2330/2330 2327/2327/2327
f 2327/2327/2327 2330/2330/2330 2331/2331/2331
f 2327/2327/2327 2331/2331/2331 2328/2328/2328
f 2328/2328/2328 2331/2331/2331 2332/2332/2332
f 2329/2329/2329 2333/2333/2333 2330/2330/2330
f 2330/2330/2330 2333/2333/2333 2334/2334/2334
f 2330/2330/2330 2334/2334/2334 2331/2331/2331
f 2331/2331/2331 2334/2334/2334 2335/2335/2335
f 2331/2331/2331 2335/2335/2335 2332/2332/2332
f 2332/2332/2332 2335/2335/2335 2336/2336/2336
f 2333/2333/2333 2337/2337/2337 2334/2334/2334
f 2334/2334/2334 2337/2337/2337 2338/2338/2338
f 2334/2334/2334 2338/2338/2338 2335/2335/2335
f 2335/2335/2335 2338/2338/2338 2339/2339/2339
f 2335/2335/2335 2339/2339/2339 2336/2336/2336
f 2336/2336/2336 2339/2339/2339 2340/2340/2340
f 2337/2337/2337 2341/2341/2341 2338/2338/2338
f 2338/2338/2338 2341/2341/2341 2342/2342/2342
f 2338/2338/2338 2342/2342/2342 2339/2339/2339
f 2339/2339/2339 2342/2342/2342 2343/2343/2343
f 2339/2339/2339 2343/2343/2343 2340/2340/2340
f 2340/2340/2340 2343/2343/2343 2344/2344/2344
f 2341/2341/2341 2345/2345/2345 2342/2342/2342
f 2342/2342/2342 2345/2345/2345 2346/2346/2346
f 2342/2342/2342 2346/2346/2346 2343/2343/2343
f 2343/2343/2343 2346/2346/2346 2347/2347/2347
f 2343/2343/2343 2347/2347/2347 2344/2344/2344
f 2344/2344/2344 2347/2347/2347 2348/2348/2348
f 2345/2345/2345 2349/2349/2349 2346/2346/2346
f 2346/2346/2346 2349/2349/2349 2350/2350/2350
f 2346/2346/2346 2350/2350/2350 2347/2347/2347
f 2347/2347/2347 2350/2350/2350 2351/2351/2351
f 2347/2347/2347 2351/2351/2351 2348/2348/2348
f 2348/2348/2348 2351/2351/2351 2352/2352/2352
f 2349/2349/2349 2353/2353/2353 2350/2350/2350
f 2350/2350/2350 2353/2353/2353 2354/2354/2354
f 2350/2350/2350 2354/2354/2354 2351/2351/2351
f 2351/2351/2351 2354/2354/2354 2355/2355/2355
f 2351/2351/2351 2355/2355/2355 2352/2352/2352
f 2352/2352/2352 2355/2355/2355 2356/2356/2356
f 2353/2353/2353 2357/2357/2357 2354/2354/2354
f 2354/2354/2354 2357/2357/2357 2358/2358/2358
f 2354/2354/2354 2358/2358/2358 2355/2355/2355
f 2355/2355/2355 2358/2358/2358 2359/2359/2359
f 2355/2355/2355 2359/2359/2359 2356/2356/2356
f 2356/2356/2356 2359/2359/2359 2360/2360/2360
f 2357/2357/2357 2361/2361/2361 2358/2358/2358
f 2358/2358/2358 2361/2361/2361 2362/2362/2362
f 2358/2358/2358 2362/2362/2362 2359/2359/2359
f 2359/2359/2359 2362/2362/2362 2363/2363/2363
f 2359/2359/2359 2363/2363/2363 2360/2360/2360
f 2360/2360/2360 2363/2363/2363 2364/2364/2364
f 2361/2361/2361 2365/2365/2365 2362/2362/2362
f 2362/2362/2362 2365/2365/2365 2366/2366/2366
f 2362/2362/2362 2366/2366/2366 2363/2363/2363
f 2363/2363/2363 2366/2366/2366 2367/2367/2367
f 2363/2363/2363 2367/2367/2367 2364/2364/2364
f 2364/2364/2364 2367/2367/2367 2368/2368/2368

# Patch: bottom_strap_left_2
o bottom_strap_left_2
usemtl bikini_db851116_material
v -0.112290 1.008000 0.094687
v -0.111257 1.008000 0.092229
v -0.110223 1.008000 0.089771
v -0.109190 1.008000 0.087313
v -0.117815 1.008000 0.092365
v -0.116782 1.008000 0.089907
v -0.115748 1.008000 0.087449
v -0.114715 1.008000 0.084990
v -0.123340 1.008000 0.090043
v -0.122306 1.008000 0.087585
v -0.121273 1.008000 0.085126
v -0.120240 1.008000 0.082668
v -0.128865 1.008000 0.087721
v -0.127831 1.008000 0.085262
v -0.126798 1.008000 0.082804
v -0.125765 1.008000 0.080346
v -0.134830 1.008000 0.085180
v -0.133503 1.008000 0.082867
v -0.132176 1.008000 0.080554
v -0.130849 1.008000 0.078241
v -0.155460 1.008000 0.072493
v -0.154063 1.008000 0.070221
v -0.152666 1.008000 0.067950
v -0.151269 1.008000 0.065679
v -0.175985 1.008000 0.059868
v -0.174588 1.008000 0.057596
v -0.173191 1.008000 0.055325
v -0.171793 1.008000 0.053054
v -0.196510 1.008000 0.047243
v -0.195113 1.008000 0.044971
v -0.193715 1.008000 0.042700
v -0.192318 1.008000 0.040429
v -0.218309 1.008000 0.033366
v -0.216062 1.008000 0.031929
v -0.213816 1.008000 0.030492
v -0.211569 1.008000 0.029056
v -0.218939 1.008000 0.011743
v -0.216272 1.008000 0.011743
v -0.213605 1.008000 0.011743
v -0.210939 1.008000 0.011743
v -0.218939 1.008000 -0.007725
v -0.216272 1.008000 -0.007725
v -0.213605 1.008000 -0.007725
v -0.210939 1.008000 -0.007725
v -0.218939 1.008000 -0.027193
v -0.216272 1.008000 -0.027193
v -0.213605 1.008000 -0.027193
v -0.210939 1.008000 -0.027193
v -0.218465 1.008000 -0.048549
v -0.216114 1.008000 -0.047291
v -0.213763 1.008000 -0.046032
v -0.211412 1.008000 -0.044774
v -0.197122 1.008000 -0.068481
v -0.195316 1.008000 -0.066518
v -0.193511 1.008000 -0.064555
v -0.191706 1.008000 -0.062592
v -0.176597 1.008000 -0.087356
v -0.174792 1.008000 -0.085393
v -0.172987 1.008000 -0.083430
v -0.171182 1.008000 -0.081467
v -0.156072 1.008000 -0.106231
v -0.154267 1.008000 -0.104268
v -0.152462 1.008000 -0.102305
v -0.150657 1.008000 -0.100342
v -0.135257 1.008000 -0.125349
v -0.133645 1.008000 -0.123224
v -0.132034 1.008000 -0.121099
v -0.130422 1.008000 -0.118975
v -0.121979 0.984667 -0.132023
v -0.120793 0.984667 -0.129635
v -0.119606 0.984667 -0.127247
v -0.118420 0.984667 -0.124859
v -0.109340 0.961333 -0.138303
v -0.108153 0.961333 -0.135915
v -0.106967 0.961333 -0.133526
v -0.105780 0.961333 -0.131138
v -0.096700 0.938000 -0.144582
v -0.095513 0.938000 -0.142194
v -0.094327 0.938000 -0.139806
v -0.093140 0.938000 -0.137418
vn 0.000000 -1.000000 0.000000
vn 0.000000 -1.000000 0.000000
vn 0.000000 -1.000000 0.000000
vn 0.000000 -1.000000 0.000000
vn 0.000000 -1.000000 0.000000
vn 0.000000 -1.000000 0.000000
vn 0.000000 -1.000000 0.000000
vn 0.000000 -1.000000 0.000000
vn 0.000000 -1.000000 0.000000
vn 0.000000 -1.000000 0.000000
vn 0.000000 -1.000000 0.000000
vn 0.000000 -1.000000 0.000000
vn 0.000000 -1.000000 0.000000
vn 0.000000 -1.000000 0.000000
vn 0.000000 -1.000000 0.000000
vn 0.000000 -1.000000 0.000000
vn 0.000000 -1.000000 0.000000
vn 0.000000 -1.000000 0.000000
vn 0.000000 -1.000000 0.000000
vn 0.000000 -1.000000 0.000000
vn 0.000000 -1.000000 0.000000
vn 0.000000 -1.000000 0.000000
vn 0.000000 -1.000000 0.000000
vn 0.000000 -1.000000 0.000000
vn 0.000000 -1.000000 0.000000
vn 0.000000 -1.000000 0.000000
vn 0.000000 -1.000000 0.000000
vn 0.000000 -1.000000 0.000000
vn 0.000000 -1.000000 0.000000
vn 0.000000 -1.000000 0.000000
vn 0.000000 -1.000000 0.000000
vn 0.000000 -1.000000 0.000000
vn 0.000000 -1.000000 0.000000
vn 0.000000 -1.000000 0.000000
vn 0.000000 -1.000000 0.000000
vn 0.000000 -1.000000 0.000000
vn 0.000000 -1.000000 0.000000
vn 0.000000 -1.000000 0.000000
vn 0.000000 -1.000000 0.000000
vn 0.000000 -1.000000 0.000000
vn 0.000000 -1.000000 0.000000
vn 0.000000 -1.000000 0.000000
vn 0.000000 -1.000000 0.000000
vn 0.000000 -1.000000 0.000000
vn 0.000000 -1.000000 0.000000
vn 0.000000 -1.000000 0.000000
vn 0.000000 -1.000000 0.000000
vn 0.000000 -1.000000 0.000000
vn 0.000000 -1.000000 0.000000
vn 0.000000 -1.000000 0.000000
vn 0.000000 -1.000000 0.000000
vn 0.000000 -1.000000 0.000000
vn 0.000000 -1.000000 0.000000
vn 0.000000 -1.000000 0.000000
vn 0.000000 -1.000000 0.000000
vn 0.000000 -1.000000 0.000000
vn 0.000000 -1.000000 0.000000
vn 0.000000 -1.000000 0.000000
vn 0.000000 -1.000000 0.000000
vn 0.000000 -1.000000 0.000000
vn 0.000000 -1.000000 0.000000
vn 0.000000 -1.000000 0.000000
vn 0.000000 -1.000000 0.000000
vn 0.000000 -1.000000 0.000000
vn -0.249514 -0.949699 0.189249
vn -0.401793 -0.875966 0.266920
vn -0.407335 -0.872269 0.270602
vn -0.552168 -0.760205 0.342342
vn -0.736701 -0.525694 0.425344
vn -0.753547 -0.518490 0.404148
vn -0.757114 -0.511755 0.406061
vn -0.769907 -0.510827 0.382491
vn -0.766293 -0.517559 0.380695
vn -0.766293 -0.517559 0.380695
vn -0.766293 -0.517559 0.380695
vn -0.766293 -0.517559 0.380695
vn -0.766293 -0.517559 0.380695
vn -0.766293 -0.517559 0.380695
vn -0.766293 -0.517559 0.380695
vn -0.766293 -0.517559 0.380695
vt 0.608000 0.510000
vt 0.608000 0.585000
vt 0.608000 0.660000
vt 0.608000 0.735000
vt 0.617263 0.510000
vt 0.617263 0.585000
vt 0.617263 0.660000
vt 0.617263 0.735000
vt 0.626526 0.510000
vt 0.626526 0.585000
vt 0.626526 0.660000
vt 0.626526 0.735000
vt 0.635789 0.510000
vt 0.635789 0.585000
vt 0.635789 0.660000
vt 0.635789 0.735000
vt 0.645053 0.510000
vt 0.645053 0.585000
vt 0.645053 0.660000
vt 0.645053 0.735000
vt 0.654316 0.510000
vt 0.654316 0.585000
vt 0.654316 0.660000
vt 0.654316 0.735000
vt 0.663579 0.510000
vt 0.663579 0.585000
vt 0.663579 0.660000
vt 0.663579 0.735000
vt 0.672842 0.510000
vt 0.672842 0.585000
vt 0.672842 0.660000
vt 0.672842 0.735000
vt 0.682105 0.510000
vt 0.682105 0.585000
vt 0.682105 0.660000
vt 0.682105 0.735000
vt 0.691368 0.510000
vt 0.691368 0.585000
vt 0.691368 0.660000
vt 0.691368 0.735000
vt 0.700632 0.510000
vt 0.700632 0.585000
vt 0.700632 0.660000
vt 0.700632 0.735000
vt 0.709895 0.510000
vt 0.709895 0.585000
vt 0.709895 0.660000
vt 0.709895 0.735000
vt 0.719158 0.510000
vt 0.719158 0.585000
vt 0.719158 0.660000
vt 0.719158 0.735000
vt 0.728421 0.510000
vt 0.728421 0.585000
vt 0.728421 0.660000
vt 0.728421 0.735000
vt 0.737684 0.510000
vt 0.737684 0.585000
vt 0.737684 0.660000
vt 0.737684 0.735000
vt 0.746947 0.510000
vt 0.746947 0.585000
vt 0.746947 0.660000
vt 0.746947 0.735000
vt 0.756211 0.510000
vt 0.756211 0.585000
vt 0.756211 0.660000
vt 0.756211 0.735000
vt 0.765474 0.510000
vt 0.765474 0.585000
vt 0.765474 0.660000
vt 0.765474 0.735000
vt 0.774737 0.510000
vt 0.774737 0.585000
vt 0.774737 0.660000
vt 0.774737 0.735000
vt 0.784000 0.510000
vt 0.784000 0.585000
vt 0.784000 0.660000
vt 0.784000 0.735000
f 2369/2369/2369 2373/2373/2373 2370/2370/2370
f 2370/2370/2370 2373/2373/2373 2374/2374/2374
f 2370/2370/2370 2374/2374/2374 2371/2371/2371
f 2371/2371/2371 2374/2374/2374 2375/2375/2375
f 2371/2371/2371 2375/2375/2375 2372/2372/2372
f 2372/2372/2372 2375/2375/2375 2376/2376/2376
f 2373/2373/2373 2377/2377/2377 2374/2374/2374
f 2374/2374/2374 2377/2377/2377 2378/2378/2378
f 2374/2374/2374 2378/2378/2378 2375/2375/2375
f 2375/2375/2375 2378/2378/2378 2379/2379/2379
f 2375/2375/2375 2379/2379/2379 2376/2376/2376
f 2376/2376/2376 2379/2379/2379 2380/2380/2380
f 2377/2377/2377 2381/2381/2381 2378/2378/2378
f 2378/2378/2378 2381/2381/2381 2382/2382/2382
f 2378/2378/2378 2382/2382/2382 2379/2379/2379
f 2379/2379/2379 2382/2382/2382 2383/2383/2383
f 2379/2379/2379 2383/2383/2383 2380/2380/2380
f 2380/2380/2380 2383/2383/2383 2384/2384/2384
f 2381/2381/2381 2385/2385/2385 2382/2382/2382
f 2382/2382/2382 2385/2385/2385 2386/2386/2386
f 2382/2382/2382 2386/2386/2386 2383/2383/2383
f 2383/2383/2383 2386/2386/2386 2387/2387/2387
f 2383/2383/2383 2387/2387/2387 2384/2384/2384
f 2384/2384/2384 2387/2387/2387 2388/2388/2388
f 2385/2385/2385 2389/2389/2389 2386/2386/2386
f 2386/2386/2386 2389/2389/2389 2390/2390/2390
f 2386/2386/2386 2390/2390/2390 2387/2387/2387
f 2387/2387/2387 2390/2390/2390 2391/2391/2391
f 2387/2387/2387 2391/2391/2391 2388/2388/2388
f 2388/2388/2388 2391/2391/2391 2392/2392/2392
f 2389/2389/2389 2393/2393/2393 2390/2390/2390
f 2390/2390/2390 2393/2393/2393 2394/2394/2394
f 2390/2390/2390 2394/2394/2394 2391/2391/2391
f 2391/2391/2391 2394/2394/2394 2395/2395/2395
f 2391/2391/2391 2395/2395/2395 2392/2392/2392
f 2392/2392/2392 2395/2395/2395 2396/2396/2396
f 2393/2393/2393 2397/2397/2397 2394/2394/2394
f 2394/2394/2394 2397/2397/2397 2398/2398/2398
f 2394/2394/2394 2398/2398/2398 2395/2395/2395
f 2395/2395/2395 2398/2398/2398 2399/2399/2399
f 2395/2395/2395 2399/2399/2399 2396/2396/2396
f 2396/2396/2396 2399/2399/2399 2400/2400/2400
f 2397/2397/2397 2401/2401/2401 2398/2398/2398
f 2398/2398/2398 2401/2401/2401 2402/2402/2402
f 2398/2398/2398 2402/2402/2402 2399/2399/2399
f 2399/2399/2399 2402/2402/2402 2403/2403/2403
f 2399/2399/2399 2403/2403/2403 2400/2400/2400
f 2400/2400/2400 2403/2403/2403 2404/2404/2404
f 2401/2401/2401 2405/2405/2405 2402/2402/2402
f 2402/2402/2402 2405/2405/2405 2406/2406/2406
f 2402/2402/2402 2406/2406/2406 2403/2403/2403
f 2403/2403/2403 2406/2406/2406 2407/2407/2407
f 2403/2403/2403 2407/2407/2407 2404/2404/2404
f 2404/2404/2404 2407/2407/2407 2408/2408/2408
f 2405/2405/2405 2409/2409/2409 2406/2406/2406
f 2406/2406/2406 2409/2409/2409 2410/2410/2410
f 2406/2406/2406 2410/2410/2410 2407/2407/2407
f 2407/2407/2407 2410/2410/2410 2411/2411/2411
f 2407/2407/2407 2411/2411/2411 2408/2408/2408
f 2408/2408/2408 2411/2411/2411 2412/2412/2412
f 2409/2409/2409 2413/2413/2413 2410/2410/2410
f 2410/2410/2410 2413/2413/2413 2414/2414/2414
f 2410/2410/2410 2414/2414/2414 2411/2411/2411
f 2411/2411/2411 2414/2414/2414 2415/2415/2415
f 2411/2411/2411 2415/2415/2415 2412/2412/2412
f 2412/2412/2412 2415/2415/2415 2416/2416/2416
f 2413/2413/2413 2417/2417/2417 2414/2414/2414
f 2414/2414/2414 2417/2417/2417 2418/2418/2418
f 2414/2414/2414 2418/2418/2418 2415/2415/2415
f 2415/2415/2415 2418/2418/2418 2419/2419/2419
f 2415/2415/2415 2419/2419/2419 2416/2416/2416
f 2416/2416/2416 2419/2419/2419 2420/2420/2420
f 2417/2417/2417 2421/2421/2421 2418/2418/2418
f 2418/2418/2418 2421/2421/2421 2422/2422/2422
f 2418/2418/2418 2422/2422/2422 2419/2419/2419
f 2419/2419/2419 2422/2422/2422 2423/2423/2423
f 2419/2419/2419 2423/2423/2423 2420/2420/2420
f 2420/2420/2420 2423/2423/2423 2424/2424/2424
f 2421/2421/2421 2425/2425/2425 2422/2422/2422
f 2422/2422/2422 2425/2425/2425 2426/2426/2426
f 2422/2422/2422 2426/2426/2426 2423/2423/2423
f 2423/2423/2423 2426/2426/2426 2427/2427/2427
f 2423/2423/2423 2427/2427/2427 2424/2424/2424
f 2424/2424/2424 2427/2427/2427 2428/2428/2428
f 2425/2425/2425 2429/2429/2429 2426/2426/2426
f 2426/2426/2426 2429/2429/2429 2430/2430/2430
f 2426/2426/2426 2430/2430/2430 2427/2427/2427
f 2427/2427/2427 2430/2430/2430 2431/2431/2431
f 2427/2427/2427 2431/2431/2431 2428/2428/2428
f 2428/2428/2428 2431/2431/2431 2432/2432/2432
f 2429/2429/2429 2433/2433/2433 2430/2430/2430
f 2430/2430/2430 2433/2433/2433 2434/2434/2434
f 2430/2430/2430 2434/2434/2434 2431/2431/2431
f 2431/2431/2431 2434/2434/2434 2435/2435/2435
f 2431/2431/2431 2435/2435/2435 2432/2432/2432
f 2432/2432/2432 2435/2435/2435 2436/2436/2436
f 2433/2433/2433 2437/2437/2437 2434/2434/2434
f 2434/2434/2434 2437/2437/2437 2438/2438/2438
f 2434/2434/2434 2438/2438/2438 2435/2435/2435
f 2435/2435/2435 2438/2438/2438 2439/2439/2439
f 2435/2435/2435 2439/2439/2439 2436/2436/2436
f 2436/2436/2436 2439/2439/2439 2440/2440/2440
f 2437/2437/2437 2441/2441/2441 2438/2438/2438
f 2438/2438/2438 2441/2441/2441 2442/2442/2442
f 2438/2438/2438 2442/2442/2442 2439/2439/2439
f 2439/2439/2439 2442/2442/2442 2443/2443/2443
f 2439/2439/2439 2443/2443/2443 2440/2440/2440
f 2440/2440/2440 2443/2443/2443 2444/2444/2444
f 2441/2441/2441 2445/2445/2445 2442/2442/2442
f 2442/2442/2442 2445/2445/2445 2446/2446/2446
f 2442/2442/2442 2446/2446/2446 2443/2443/2443
f 2443/2443/2443 2446/2446/2446 2447/2447/2447
f 2443/2443/2443 2447/2447/2447 2444/2444/2444
f 2444/2444/2444 2447/2447/2447 2448/2448/2448

# Patch: bottom_strap_right_0
o bottom_strap_right_0
usemtl bikini_db851116_material
v 0.109172 0.984000 0.087320
v 0.110217 0.984000 0.089773
v 0.111263 0.984000 0.092227
v 0.112308 0.984000 0.094680
v 0.114624 0.984000 0.084998
v 0.115669 0.984000 0.087451
v 0.116714 0.984000 0.089904
v 0.117759 0.984000 0.092358
v 0.120075 0.984000 0.082675
v 0.121120 0.984000 0.085129
v 0.122165 0.984000 0.087582
v 0.123210 0.984000 0.090035
v 0.125526 0.984000 0.080353
v 0.126572 0.984000 0.082806
v 0.127617 0.984000 0.085260
v 0.128662 0.984000 0.087713
v 0.130548 0.984000 0.078245
v 0.131880 0.984000 0.080556
v 0.133211 0.984000 0.082866
v 0.134543 0.984000 0.085176
v 0.150926 0.984000 0.065681
v 0.152325 0.984000 0.067951
v 0.153725 0.984000 0.070221
v 0.155124 0.984000 0.072491
v 0.171405 0.984000 0.053056
v 0.172805 0.984000 0.055326
v 0.174204 0.984000 0.057596
v 0.175603 0.984000 0.059866
v 0.191885 0.984000 0.040431
v 0.193284 0.984000 0.042701
v 0.194684 0.984000 0.044971
v 0.196083 0.984000 0.047241
v 0.211091 0.984000 0.029059
v 0.213339 0.984000 0.030493
v 0.215587 0.984000 0.031928
v 0.217835 0.984000 0.033362
v 0.210463 0.984000 0.011743
v 0.213130 0.984000 0.011743
v 0.215797 0.984000 0.011743
v 0.218463 0.984000 0.011743
v 0.210463 0.984000 -0.007725
v 0.213130 0.984000 -0.007725
v 0.215797 0.984000 -0.007725
v 0.218463 0.984000 -0.007725
v 0.210463 0.984000 -0.027193
v 0.213130 0.984000 -0.027193
v 0.215797 0.984000 -0.027193
v 0.218463 0.984000 -0.027193
v 0.210935 0.984000 -0.044777
v 0.213287 0.984000 -0.046033
v 0.215639 0.984000 -0.047290
v 0.217992 0.984000 -0.048546
v 0.191273 0.984000 -0.062595
v 0.193080 0.984000 -0.064556
v 0.194887 0.984000 -0.066517
v 0.196695 0.984000 -0.068478
v 0.170794 0.984000 -0.081470
v 0.172601 0.984000 -0.083431
v 0.174408 0.984000 -0.085392
v 0.176215 0.984000 -0.087353
v 0.150314 0.984000 -0.100345
v 0.152121 0.984000 -0.102306
v 0.153929 0.984000 -0.104267
v 0.155736 0.984000 -0.106228
v 0.130122 0.984000 -0.118980
v 0.131738 0.984000 -0.121101
v 0.133354 0.984000 -0.123222
v 0.134969 0.984000 -0.125344
v 0.118213 0.960667 -0.124864
v 0.119407 0.960667 -0.127249
v 0.120601 0.960667 -0.129633
v 0.121795 0.960667 -0.132018
v 0.105671 0.937333 -0.131144
v 0.106865 0.937333 -0.133528
v 0.108059 0.937333 -0.135913
v 0.109253 0.937333 -0.138297
v 0.093129 0.914000 -0.137423
v 0.094323 0.914000 -0.139808
v 0.095517 0.914000 -0.142192
v 0.096711 0.914000 -0.144577
vn 0.000000 -1.000000 0.000000
vn 0.000000 -1.000000 0.000000
vn 0.000000 -1.000000 0.000000
vn 0.000000 -1.000000 0.000000
vn 0.000000 -1.000000 0.000000
vn 0.000000 -1.000000 0.000000
vn 0.000000 -1.000000 0.000000
vn 0.000000 -1.000000 0.000000
vn 0.000000 -1.000000 0.000000
vn 0.000000 -1.000000 0.000000
vn 0.000000 -1.000000 0.000000
vn 0.000000 -1.000000 0.000000
vn 0.000000 -1.000000 0.000000
vn 0.000000 -1.000000 0.000000
vn 0.000000 -1.000000 0.000000
vn 0.000000 -1.000000 0.000000
vn 0.000000 -1.000000 0.000000
vn 0.000000 -1.000000 0.000000
vn 0.000000 -1.000000 0.000000
vn 0.000000 -1.000000 0.000000
vn 0.000000 -1.000000 0.000000
vn 0.000000 -1.000000 0.000000
vn 0.000000 -1.000000 0.000000
vn 0.000000 -1.000000 0.000000
vn 0.000000 -1.000000 0.000000
vn 0.000000 -1.000000 0.000000
vn 0.000000 -1.000000 0.000000
vn 0.000000 -1.000000 0.000000
vn 0.000000 -1.000000 0.000000
vn 0.000000 -1.000000 0.000000
vn 0.000000 -1.000000 0.000000
vn 0.000000 -1.000000 0.000000
vn 0.000000 -1.000000 0.000000
vn 0.000000 -1.000000 0.000000
vn 0.000000 -1.000000 0.000000
vn 0.000000 -1.000000 0.000000
vn 0.000000 -1.000000 0.000000
vn 0.000000 -1.000000 0.000000
vn 0.000000 -1.000000 0.000000
vn 0.000000 -1.000000 0.000000
vn 0.000000 -1.000000 0.000000
vn 0.000000 -1.000000 0.000000
vn 0.000000 -1.000000 0.000000
vn 0.000000 -1.000000 0.000000
vn 0.000000 -1.000000 0.000000
vn 0.000000 -1.000000 0.000000
vn 0.000000 -1.000000 0.000000
vn 0.000000 -1.000000 0.000000
vn 0.000000 -1.000000 0.000000
vn 0.000000 -1.000000 0.000000
vn 0.000000 -1.000000 0.000000
vn 0.000000 -1.000000 0.000000
vn 0.000000 -1.000000 0.000000
vn 0.000000 -1.000000 0.000000
vn 0.000000 -1.000000 0.000000
vn 0.000000 -1.000000 0.000000
vn 0.000000 -1.000000 0.000000
vn 0.000000 -1.000000 0.000000
vn 0.000000 -1.000000 0.000000
vn 0.000000 -1.000000 0.000000
vn 0.000000 -1.000000 0.000000
vn 0.000000 -1.000000 0.000000
vn 0.000000 -1.000000 0.000000
vn 0.000000 -1.000000 0.000000
vn 0.257776 -0.946040 0.196365
vn 0.408772 -0.870852 0.272988
vn 0.403230 -0.874580 0.269287
vn 0.536683 -0.774574 0.334674
vn 0.746066 -0.505426 0.433510
vn 0.754790 -0.513899 0.407676
vn 0.751244 -0.520567 0.405761
vn 0.762781 -0.521833 0.381910
vn 0.766378 -0.515199 0.383711
vn 0.766378 -0.515199 0.383711
vn 0.766378 -0.515199 0.383711
vn 0.766378 -0.515199 0.383711
vn 0.766378 -0.515199 0.383711
vn 0.766378 -0.515199 0.383711
vn 0.766378 -0.515199 0.383711
vn 0.766378 -0.515199 0.383711
vt 0.804000 0.510000
vt 0.804000 0.585000
vt 0.804000 0.660000
vt 0.804000 0.735000
vt 0.813263 0.510000
vt 0.813263 0.585000
vt 0.813263 0.660000
vt 0.813263 0.735000
vt 0.822526 0.510000
vt 0.822526 0.585000
vt 0.822526 0.660000
vt 0.822526 0.735000
vt 0.831789 0.510000
vt 0.831789 0.585000
vt 0.831789 0.660000
vt 0.831789 0.735000
vt 0.841053 0.510000
vt 0.841053 0.585000
vt 0.841053 0.660000
vt 0.841053 0.735000
vt 0.850316 0.510000
vt 0.850316 0.585000
vt 0.850316 0.660000
vt 0.850316 0.735000
vt 0.859579 0.510000
vt 0.859579 0.585000
vt 0.859579 0.660000
vt 0.859579 0.735000
vt 0.868842 0.510000
vt 0.868842 0.585000
vt 0.868842 0.660000
vt 0.868842 0.735000
vt 0.878105 0.510000
vt 0.878105 0.585000
vt 0.878105 0.660000
vt 0.878105 0.735000
vt 0.887368 0.510000
vt 0.887368 0.585000
vt 0.887368 0.660000
vt 0.887368 0.735000
vt 0.896632 0.510000
vt 0.896632 0.585000
vt 0.896632 0.660000
vt 0.896632 0.735000
vt 0.905895 0.510000
vt 0.905895 0.585000
vt 0.905895 0.660000
vt 0.905895 0.735000
vt 0.915158 0.510000
vt 0.915158 0.585000
vt 0.915158 0.660000
vt 0.915158 0.735000
vt 0.924421 0.510000
vt 0.924421 0.585000
vt 0.924421 0.660000
vt 0.924421 0.735000
vt 0.933684 0.510000
vt 0.933684 0.585000
vt 0.933684 0.660000
vt 0.933684 0.735000
vt 0.942947 0.510000
vt 0.942947 0.585000
vt 0.942947 0.660000
vt 0.942947 0.735000
vt 0.952211 0.510000
vt 0.952211 0.585000
vt 0.952211 0.660000
vt 0.952211 0.735000
vt 0.961474 0.510000
vt 0.961474 0.585000
vt 0.961474 0.660000
vt 0.961474 0.735000
vt 0.970737 0.510000
vt 0.970737 0.585000
vt 0.970737 0.660000
vt 0.970737 0.735000
vt 0.980000 0.510000
vt 0.980000 0.585000
vt 0.980000 0.660000
vt 0.980000 0.735000
f 2449/2449/2449 2453/2453/2453 2450/2450/2450
f 2450/2450/2450 2453/2453/2453 2454/2454/2454
f 2450/2450/2450 2454/2454/2454 2451/2451/2451
f 2451/2451/2451 2454/2454/2454 2455/2455/2455
f 2451/2451/2451 2455/2455/2455 2452/2452/2452
f 2452/2452/2452 2455/2455/2455 2456/2456/2456
f 2453/2453/2453 2457/2457/2457 2454/2454/2454
f 2454/2454/2454 2457/2457/2457 2458/2458/2458
f 2454/2454/2454 2458/2458/2458 2455/2455/2455
f 2455/2455/2455 2458/2458/2458 2459/2459/2459
f 2455/2455/2455 2459/2459/2459 2456/2456/2456
f 2456/2456/2456 2459/2459/2459 2460/2460/2460
f 2457/2457/2457 2461/2461/2461 2458/2458/2458
f 2458/2458/2458 2461/2461/2461 2462/2462/2462
f 2458/2458/2458 2462/2462/2462 2459/2459/2459
f 2459/2459/2459 2462/2462/2462 2463/2463/2463
f 2459/2459/2459 2463/2463/2463 2460/2460/2460
f 2460/2460/2460 2463/2463/2463 2464/2464/2464
f 2461/2461/2461 2465/2465/2465 2462/2462/2462
f 2462/2462/2462 2465/2465/2465 2466/2466/2466
f 2462/2462/2462 2466/2466/2466 2463/2463/2463
f 2463/2463/2463 2466/2466/2466 2467/2467/2467
f 2463/2463/2463 2467/2467/2467 2464/2464/2464
f 2464/2464/2464 2467/2467/2467 2468/2468/2468
f 2465/2465/2465 2469/2469/2469 2466/2466/2466
f 2466/2466/2466 2469/2469/2469 2470/2470/2470
f 2466/2466/2466 2470/2470/2470 2467/2467/2467
f 2467/2467/2467 2470/2470/2470 2471/2471/2471
f 2467/2467/2467 2471/2471/2471 2468/2468/2468
f 2468/2468/2468 2471/2471/2471 2472/2472/2472
f 2469/2469/2469 2473/2473/2473 2470/2470/2470
f 2470/2470/2470 2473/2473/2473 2474/2474/2474
f 2470/2470/2470 2474/2474/2474 2471/2471/2471
f 2471/2471/2471 2474/2474/2474 2475/2475/2475
f 2471/2471/2471 2475/2475/2475 2472/2472/2472
f 2472/2472/2472 2475/2475/2475 2476/2476/2476
f 2473/2473/2473 2477/2477/2477 2474/2474/2474
f 2474/2474/2474 2477/2477/2477 2478/2478/2478
f 2474/2474/2474 2478/2478/2478 2475/2475/2475
f 2475/2475/2475 2478/2478/2478 2479/2479/2479
f 2475/2475/2475 2479/2479/2479 2476/2476/2476
f 2476/2476/2476 2479/2479/2479 2480/2480/2480
f 2477/2477/2477 2481/2481/2481 2478/2478/2478
f 2478/2478/2478 2481/2481/2481 2482/2482/2482
f 2478/2478/2478 2482/2482/2482 2479/2479/2479
f 2479/2479/2479 2482/2482/2482 2483/2483/2483
f 2479/2479/2479 2483/2483/2483 2480/2480/2480
f 2480/2480/2480 2483/2483/2483 2484/2484/2484
f 2481/2481/2481 2485/2485/2485 2482/2482/2482
f 2482/2482/2482 2485/2485/2485 2486/2486/2486
f 2482/2482/2482 2486/2486/2486 2483/2483/2483
f 2483/2483/2483 2486/2486/2486 2487/2487/2487
f 2483/2483/2483 2487/2487/2487 2484/2484/2484
f 2484/2484/2484 2487/2487/2487 2488/2488/2488
f 2485/2485/2485 2489/2489/2489 2486/2486/2486
f 2486/2486/2486 2489/2489/2489 2490/2490/2490
f 2486/2486/2486 2490/2490/2490 2487/2487/2487
f 2487/2487/2487 2490/2490/2490 2491/2491/2491
f 2487/2487/2487 2491/2491/2491 2488/2488/2488
f 2488/2488/2488 2491/2491/2491 2492/2492/2492
f 2489/2489/2489 2493/2493/2493 2490/2490/2490
f 2490/2490/2490 2493/2493/2493 2494/2494/2494
f 2490/2490/2490 2494/2494/2494 2491/2491/2491
f 2491/2491/2491 2494/2494/2494 2495/2495/2495
f 2491/2491/2491 2495/2495/2495 2492/2492/2492
f 2492/2492/2492 2495/2495/2495 2496/2496/2496
f 2493/2493/2493 2497/2497/2497 2494/2494/2494
f 2494/2494/2494 2497/2497/2497 2498/2498/2498
f 2494/2494/2494 2498/2498/2498 2495/2495/2495
f 2495/2495/2495 2498/2498/2498 2499/2499/2499
f 2495/2495/2495 2499/2499/2499 2496/2496/2496
f 2496/2496/2496 2499/2499/2499 2500/2500/2500
f 2497/2497/2497 2501/2501/2501 2498/2498/2498
f 2498/2498/2498 2501/2501/2501 2502/2502/2502
f 2498/2498/2498 2502/2502/2502 2499/2499/2499
f 2499/2499/2499 2502/2502/2502 2503/2503/2503
f 2499/2499/2499 2503/2503/2503 2500/2500/2500
f 2500/2500/2500 2503/2503/2503 2504/2504/2504
f 2501/2501/2501 2505/2505/2505 2502/2502/2502
f 2502/2502/2502 2505/2505/2505 2506/2506/2506
f 2502/2502/2502 2506/2506/2506 2503/2503/2503
f 2503/2503/2503 2506/2506/2506 2507/2507/2507
f 2503/2503/2503 2507/2507/2507 2504/2504/2504
f 2504/2504/2504 2507/2507/2507 2508/2508/2508
f 2505/2505/2505 2509/2509/2509 2506/2506/2506
f 2506/2506/2506 2509/2509/2509 2510/2510/2510
f 2506/2506/2506 2510/2510/2510 2507/2507/2507
f 2507/2507/2507 2510/2510/2510 2511/2511/2511
f 2507/2507/2507 2511/2511/2511 2508/2508/2508
f 2508/2508/2508 2511/2511/2511 2512/2512/2512
f 2509/2509/2509 2513/2513/2513 2510/2510/2510
f 2510/2510/2510 2513/2513/2513 2514/2514/2514
f 2510/2510/2510 2514/2514/2514 2511/2511/2511
f 2511/2511/2511 2514/2514/2514 2515/2515/2515
f 2511/2511/2511 2515/2515/2515 2512/2512/2512
f 2512/2512/2512 2515/2515/2515 2516/2516/2516
f 2513/2513/2513 2517/2517/2517 2514/2514/2514
f 2514/2514/2514 2517/2517/2517 2518/2518/2518
f 2514/2514/2514 2518/2518/2518 2515/2515/2515
f 2515/2515/2515 2518/2518/2518 2519/2519/2519
f 2515/2515/2515 2519/2519/2519 2516/2516/2516
f 2516/2516/2516 2519/2519/2519 2520/2520/2520
f 2517/2517/2517 2521/2521/2521 2518/2518/2518
f 2518/2518/2518 2521/2521/2521 2522/2522/2522
f 2518/2518/2518 2522/2522/2522 2519/2519/2519
f 2519/2519/2519 2522/2522/2522 2523/2523/2523
f 2519/2519/2519 2523/2523/2523 2520/2520/2520
f 2520/2520/2520 2523/2523/2523 2524/2524/2524
f 2521/2521/2521 2525/2525/2525 2522/2522/2522
f 2522/2522/2522 2525/2525/2525 2526/2526/2526
f 2522/2522/2522 2526/2526/2526 2523/2523/2523
f 2523/2523/2523 2526/2526/2526 2527/2527/2527
f 2523/2523/2523 2527/2527/2527 2524/2524/2524
f 2524/2524/2524 2527/2527/2527 2528/2528/2528

# Patch: bottom_strap_right_1
o bottom_strap_right_1
usemtl bikini_db851116_material
v 0.109172 0.996000 0.087320
v 0.110217 0.996000 0.089773
v 0.111263 0.996000 0.092227
v 0.112308 0.996000 0.094680
v 0.114624 0.996000 0.084998
v 0.115669 0.996000 0.087451
v 0.116714 0.996000 0.089904
v 0.117759 0.996000 0.092358
v 0.120075 0.996000 0.082675
v 0.121120 0.996000 0.085129
v 0.122165 0.996000 0.087582
v 0.123210 0.996000 0.090035
v 0.125526 0.996000 0.080353
v 0.126572 0.996000 0.082806
v 0.127617 0.996000 0.085260
v 0.128662 0.996000 0.087713
v 0.130548 0.996000 0.078245
v 0.131880 0.996000 0.080556
v 0.133211 0.996000 0.082866
v 0.134543 0.996000 0.085176
v 0.150926 0.996000 0.065681
v 0.152325 0.996000 0.067951
v 0.153725 0.996000 0.070221
v 0.155124 0.996000 0.072491
v 0.171405 0.996000 0.053056
v 0.172805 0.996000 0.055326
v 0.174204 0.996000 0.057596
v 0.175603 0.996000 0.059866
v 0.191885 0.996000 0.040431
v 0.193284 0.996000 0.042701
v 0.194684 0.996000 0.044971
v 0.196083 0.996000 0.047241
v 0.211091 0.996000 0.029059
v 0.213339 0.996000 0.030493
v 0.215587 0.996000 0.031928
v 0.217835 0.996000 0.033362
v 0.210463 0.996000 0.011743
v 0.213130 0.996000 0.011743
v 0.215797 0.996000 0.011743
v 0.218463 0.996000 0.011743
v 0.210463 0.996000 -0.007725
v 0.213130 0.996000 -0.007725
v 0.215797 0.996000 -0.007725
v 0.218463 0.996000 -0.007725
v 0.210463 0.996000 -0.027193
v 0.213130 0.996000 -0.027193
v 0.215797 0.996000 -0.027193
v 0.218463 0.996000 -0.027193
v 0.210935 0.996000 -0.044777
v 0.213287 0.996000 -0.046033
v 0.215639 0.996000 -0.047290
v 0.217992 0.996000 -0.048546
v 0.191273 0.996000 -0.062595
v 0.193080 0.996000 -0.064556
v 0.194887 0.996000 -0.066517
v 0.196695 0.996000 -0.068478
v 0.170794 0.996000 -0.081470
v 0.172601 0.996000 -0.083431
v 0.174408 0.996000 -0.085392
v 0.176215 0.996000 -0.087353
v 0.150314 0.996000 -0.100345
v 0.152121 0.996000 -0.102306
v 0.153929 0.996000 -0.104267
v 0.155736 0.996000 -0.106228
v 0.130122 0.996000 -0.118980
v 0.131738 0.996000 -0.121101
v 0.133354 0.996000 -0.123222
v 0.134969 0.996000 -0.125344
v 0.118213 0.972667 -0.124864
v 0.119407 0.972667 -0.127249
v 0.120601 0.972667 -0.129633
v 0.121795 0.972667 -0.132018
v 0.105671 0.949333 -0.131144
v 0.106865 0.949333 -0.133528
v 0.108059 0.949333 -0.135913
v 0.109253 0.949333 -0.138297
v 0.093129 0.926000 -0.137423
v 0.094323 0.926000 -0.139808
v 0.095517 0.926000 -0.142192
v 0.096711 0.926000 -0.144577
vn 0.000000 -1.000000 0.000000
vn 0.000000 -1.000000 0.000000
vn 0.000000 -1.000000 0.000000
vn 0.000000 -1.000000 0.000000
vn 0.000000 -1.000000 0.000000
vn 0.000000 -1.000000 0.000000
vn 0.000000 -1.000000 0.000000
vn 0.000000 -1.000000 0.000000
vn 0.000000 -1.000000 0.000000
vn 0.000000 -1.000000 0.000000
vn 0.000000 -1.000000 0.000000
vn 0.000000 -1.000000 0.000000
vn 0.000000 -1.000000 0.000000
vn 0.000000 -1.000000 0.000000
vn 0.000000 -1.000000 0.000000
vn 0.000000 -1.000000 0.000000
vn 0.000000 -1.000000 0.000000
vn 0.000000 -1.000000 0.000000
vn 0.000000 -1.000000 0.000000
vn 0.000000 -1.000000 0.000000
vn 0.000000 -1.000000 0.000000
vn 0.000000 -1.000000 0.000000
vn 0.000000 -1.000000 0.000000
vn 0.000000 -1.000000 0.000000
vn 0.000000 -1.000000 0.000000
vn 0.000000 -1.000000 0.000000
vn 0.000000 -1.000000 0.000000
vn 0.000000 -1.000000 0.000000
vn 0.000000 -1.000000 0.000000
vn 0.000000 -1.000000 0.000000
vn 0.000000 -1.000000 0.000000
vn 0.000000 -1.000000 0.000000
vn 0.000000 -1.000000 0.000000
vn 0.000000 -1.000000 0.000000
vn 0.000000 -1.000000 0.000000
vn 0.000000 -1.000000 0.000000
vn 0.000000 -1.000000 0.000000
vn 0.000000 -1.000000 0.000000
vn 0.000000 -1.000000 0.000000
vn 0.000000 -1.000000 0.000000
vn 0.000000 -1.000000 0.000000
vn 0.000000 -1.000000 0.000000
vn 0.000000 -1.000000 0.000000
vn 0.000000 -1.000000 0.000000
vn 0.000000 -1.000000 0.000000
vn 0.000000 -1.000000 0.000000
vn 0.000000 -1.000000 0.000000
vn 0.000000 -1.000000 0.000000
vn 0.000000 -1.000000 0.000000
vn 0.000000 -1.000000 0.000000
vn 0.000000 -1.000000 0.000000
vn 0.000000 -1.000000 0.000000
vn 0.000000 -1.000000 0.000000
vn 0.000000 -1.000000 0.000000
vn 0.000000 -1.000000 0.000000
vn 0.000000 -1.000000 0.000000
vn 0.000000 -1.000000 0.000000
vn 0.000000 -1.000000 0.000000
vn 0.000000 -1.000000 0.000000
vn 0.000000 -1.000000 0.000000
vn 0.000000 -1.000000 0.000000
vn 0.000000 -1.000000 0.000000
vn 0.000000 -1.000000 0.000000
vn 0.000000 -1.000000 0.000000
vn 0.257776 -0.946040 0.196365
vn 0.408772 -0.870852 0.272988
vn 0.403230 -0.874580 0.269287
vn 0.536683 -0.774574 0.334674
vn 0.746066 -0.505426 0.433510
vn 0.754790 -0.513899 0.407676
vn 0.751244 -0.520567 0.405761
vn 0.762781 -0.521833 0.381910
vn 0.766378 -0.515199 0.383711
vn 0.766378 -0.515199 0.383711
vn 0.766378 -0.515199 0.383711
vn 0.766378 -0.515199 0.383711
vn 0.766378 -0.515199 0.383711
vn 0.766378 -0.515199 0.383711
vn 0.766378 -0.515199 0.383711
vn 0.766378 -0.515199 0.383711
vt 0.020000 0.755000
vt 0.020000 0.830000
vt 0.020000 0.905000
vt 0.020000 0.980000
vt 0.029263 0.755000
vt 0.029263 0.830000
vt 0.029263 0.905000
vt 0.029263 0.980000
vt 0.038526 0.755000
vt 0.038526 0.830000
vt 0.038526 0.905000
vt 0.038526 0.980000
vt 0.047789 0.755000
vt 0.047789 0.830000
vt 0.047789 0.905000
vt 0.047789 0.980000
vt 0.057053 0.755000
vt 0.057053 0.830000
vt 0.057053 0.905000
vt 0.057053 0.980000
vt 0.066316 0.755000
vt 0.066316 0.830000
vt 0.066316 0.905000
vt 0.066316 0.980000
vt 0.075579 0.755000
vt 0.075579 0.830000
vt 0.075579 0.905000
vt 0.075579 0.980000
vt 0.084842 0.755000
vt 0.084842 0.830000
vt 0.084842 0.905000
vt 0.084842 0.980000
vt 0.094105 0.755000
vt 0.094105 0.830000
vt 0.094105 0.905000
vt 0.094105 0.980000
vt 0.103368 0.755000
vt 0.103368 0.830000
vt 0.103368 0.905000
vt 0.103368 0.980000
vt 0.112632 0.755000
vt 0.112632 0.830000
vt 0.112632 0.905000
vt 0.112632 0.980000
vt 0.121895 0.755000
vt 0.121895 0.830000
vt 0.121895 0.905000
vt 0.121895 0.980000
vt 0.131158 0.755000
vt 0.131158 0.830000
vt 0.131158 0.905000
vt 0.131158 0.980000
vt 0.140421 0.755000
vt 0.140421 0.830000
vt 0.140421 0.905000
vt 0.140421 0.980000
vt 0.149684 0.755000
vt 0.149684 0.830000
vt 0.149684 0.905000
vt 0.149684 0.980000
vt 0.158947 0.755000
vt 0.158947 0.830000
vt 0.158947 0.905000
vt 0.158947 0.980000
vt 0.168211 0.755000
vt 0.168211 0.830000
vt 0.168211 0.905000
vt 0.168211 0.980000
vt 0.177474 0.755000
vt 0.177474 0.830000
vt 0.177474 0.905000
vt 0.177474 0.980000
vt 0.186737 0.755000
vt 0.186737 0.830000
vt 0.186737 0.905000
vt 0.186737 0.980000
vt 0.196000 0.755000
vt 0.196000 0.830000
vt 0.196000 0.905000
vt 0.196000 0.980000
f 2529/2529/2529 2533/2533/2533 2530/2530/2530
f 2530/2530/2530 2533/2533/2533 2534/2534/2534
f 2530/2530/2530 2534/2534/2534 2531/2531/2531
f 2531/2531/2531 2534/2534/2534 2535/2535/2535
f 2531/2531/2531 2535/2535/2535 2532/2532/2532
f 2532/2532/2532 2535/2535/2535 2536/2536/2536
f 2533/2533/2533 2537/2537/2537 2534/2534/2534
f 2534/2534/2534 2537/2537/2537 2538/2538/2538
f 2534/2534/2534 2538/2538/2538 2535/2535/2535
f 2535/2535/2535 2538/2538/2538 2539/2539/2539
f 2535/2535/2535 2539/2539/2539 2536/2536/2536
f 2536/2536/2536 2539/2539/2539 2540/2540/2540
f 2537/2537/2537 2541/2541/2541 2538/2538/2538
f 2538/2538/2538 2541/2541/2541 2542/2542/2542
f 2538/2538/2538 2542/2542/2542 2539/2539/2539
f 2539/2539/2539 2542/2542/2542 2543/2543/2543
f 2539/2539/2539 2543/2543/2543 2540/2540/2540
f 2540/2540/2540 2543/2543/2543 2544/2544/2544
f 2541/2541/2541 2545/2545/2545 2542/2542/2542
f 2542/2542/2542 2545/2545/2545 2546/2546/2546
f 2542/2542/2542 2546/2546/2546 2543/2543/2543
f 2543/2543/2543 2546/2546/2546 2547/2547/2547
f 2543/2543/2543 2547/2547/2547 2544/2544/2544
f 2544/2544/2544 2547/2547/2547 2548/2548/2548
f 2545/2545/2545 2549/2549/2549 2546/2546/2546
f 2546/2546/2546 2549/2549/2549 2550/2550/2550
f 2546/2546/2546 2550/2550/2550 2547/2547/2547
f 2547/2547/2547 2550/2550/2550 2551/2551/2551
f 2547/2547/2547 2551/2551/2551 2548/2548/2548
f 2548/2548/2548 2551/2551/2551 2552/2552/2552
f 2549/2549/2549 2553/2553/2553 2550/2550/2550
f 2550/2550/2550 2553/2553/2553 2554/2554/2554
f 2550/2550/2550 2554/2554/2554 2551/2551/2551
f 2551/2551/2551 2554/2554/2554 2555/2555/2555
f 2551/2551/2551 2555/2555/2555 2552/2552/2552
f 2552/2552/2552 2555/2555/2555 2556/2556/2556
f 2553/2553/2553 2557/2557/2557 2554/2554/2554
f 2554/2554/2554 2557/2557/2557 2558/2558/2558
f 2554/2554/2554 2558/2558/2558 2555/2555/2555
f 2555/2555/2555 2558/2558/2558 2559/2559/2559
f 2555/2555/2555 2559/2559/2559 2556/2556/2556
f 2556/2556/2556 2559/2559/2559 2560/2560/2560
f 2557/2557/2557 2561/2561/2561 2558/2558/2558
f 2558/2558/2558 2561/2561/2561 2562/2562/2562
f 2558/2558/2558 2562/2562/2562 2559/2559/2559
f 2559/2559/2559 2562/2562/2562 2563/2563/2563
f 2559/2559/2559 2563/2563/2563 2560/2560/2560
f 2560/2560/2560 2563/2563/2563 2564/2564/2564
f 2561/2561/2561 2565/2565/2565 2562/2562/2562
f 2562/2562/2562 2565/2565/2565 2566/2566/2566
f 2562/2562/2562 2566/2566/2566 2563/2563/2563
f 2563/2563/2563 2566/2566/2566 2567/2567/2567
f 2563/2563/2563 2567/2567/2567 2564/2564/2564
f 2564/2564/2564 2567/2567/2567 2568/2568/2568
f 2565/2565/2565 2569/2569/2569 2566/2566/2566
f 2566/2566/2566 2569/2569/2569 2570/2570/2570
f 2566/2566/2566 2570/2570/2570 2567/2567/2567
f 2567/2567/2567 2570/2570/2570 2571/2571/2571
f 2567/2567/2567 2571/2571/2571 2568/2568/2568
f 2568/2568/2568 2571/2571/2571 2572/2572/2572
f 2569/2569/2569 2573/2573/2573 2570/2570/2570
f 2570/2570/2570 2573/2573/2573 2574/2574/2574
f 2570/2570/2570 2574/2574/2574 2571/2571/2571
f 2571/2571/2571 2574/2574/2574 2575/2575/2575
f 2571/2571/2571 2575/2575/2575 2572/2572/2572
f 2572/2572/2572 2575/2575/2575 2576/2576/2576
f 2573/2573/2573 2577/2577/2577 2574/2574/2574
f 2574/2574/2574 2577/2577/2577 2578/2578/2578
f 2574/2574/2574 2578/2578/2578 2575/2575/2575
f 2575/2575/2575 2578/2578/2578 2579/2579/2579
f 2575/2575/2575 2579/2579/2579 2576/2576/2576
f 2576/2576/2576 2579/2579/2579 2580/2580/2580
f 2577/2577/2577 2581/2581/2581 2578/2578/2578
f 2578/2578/2578 2581/2581/2581 2582/2582/2582
f 2578/2578/2578 2582/2582/2582 2579/2579/2579
f 2579/2579/2579 2582/2582/2582 2583/2583/2583
f 2579/2579/2579 2583/2583/2583 2580/2580/2580
f 2580/2580/2580 2583/2583/2583 2584/2584/2584
f 2581/2581/2581 2585/2585/2585 2582/2582/2582
f 2582/2582/2582 2585/2585/2585 2586/2586/2586
f 2582/2582/2582 2586/2586/2586 2583/2583/2583
f 2583/2583/2583 2586/2586/2586 2587/2587/2587
f 2583/2583/2583 2587/2587/2587 2584/2584/2584
f 2584/2584/2584 2587/2587/2587 2588/2588/2588
f 2585/2585/2585 2589/2589/2589 2586/2586/2586
f 2586/2586/2586 2589/2589/2589 2590/2590/2590
f 2586/2586/2586 2590/2590/2590 2587/2587/2587
f 2587/2587/2587 2590/2590/2590 2591/2591/2591
f 2587/2587/2587 2591/2591/2591 2588/2588/2588
f 2588/2588/2588 2591/2591/2591 2592/2592/2592
f 2589/2589/2589 2593/2593/2593 2590/2590/2590
f 2590/2590/2590 2593/2593/2593 2594/2594/2594
f 2590/2590/2590 2594/2594/2594 2591/2591/2591
f 2591/2591/2591 2594/2594/2594 2595/2595/2595
f 2591/2591/2591 2595/2595/2595 2592/2592/2592
f 2592/2592/2592 2595/2595/2595 2596/2596/2596
f 2593/2593/2593 2597/2597/2597 2594/2594/2594
f 2594/2594/2594 2597/2597/2597 2598/2598/2598
f 2594/2594/2594 2598/2598/2598 2595/2595/2595
f 2595/2595/2595 2598/2598/2598 2599/2599/2599
f 2595/2595/2595 2599/2599/2599 2596/2596/2596
f 2596/2596/2596 2599/2599/2599 2600/2600/2600
f 2597/2597/2597 2601/2601/2601 2598/2598/2598
f 2598/2598/2598 2601/2601/2601 2602/2602/2602
f 2598/2598/2598 2602/2602/2602 2599/2599/2599
f 2599/2599/2599 2602/2602/2602 2603/2603/2603
f 2599/2599/2599 2603/2603/2603 2600/2600/2600
f 2600/2600/2600 2603/2603/2603 2604/2604/2604
f 2601/2601/2601 2605/2605/2605 2602/2602/2602
f 2602/2602/2602 2605/2605/2605 2606/2606/2606
f 2602/2602/2602 2606/2606/2606 2603/2603/2603
f 2603/2603/2603 2606/2606/2606 2607/2607/2607
f 2603/2603/2603 2607/2607/2607 2604/2604/2604
f 2604/2604/2604 2607/2607/2607 2608/2608/2608

# Patch: bottom_strap_right_2
o bottom_strap_right_2
usemtl bikini_db851116_material
v 0.109172 1.008000 0.087320
v 0.110217 1.008000 0.089773
v 0.111263 1.008000 0.092227
v 0.112308 1.008000 0.094680
v 0.114624 1.008000 0.084998
v 0.115669 1.008000 0.087451
v 0.116714 1.008000 0.089904
v 0.117759 1.008000 0.092358
v 0.120075 1.008000 0.082675
v 0.121120 1.008000 0.085129
v 0.122165 1.008000 0.087582
v 0.123210 1.008000 0.090035
v 0.125526 1.008000 0.080353
v 0.126572 1.008000 0.082806
v 0.127617 1.008000 0.085260
v 0.128662 1.008000 0.087713
v 0.130548 1.008000 0.078245
v 0.131880 1.008000 0.080556
v 0.133211 1.008000 0.082866
v 0.134543 1.008000 0.085176
v 0.150926 1.008000 0.065681
v 0.152325 1.008000 0.067951
v 0.153725 1.008000 0.070221
v 0.155124 1.008000 0.072491
v 0.171405 1.008000 0.053056
v 0.172805 1.008000 0.055326
v 0.174204 1.008000 0.057596
v 0.175603 1.008000 0.059866
v 0.191885 1.008000 0.040431
v 0.193284 1.008000 0.042701
v 0.194684 1.008000 0.044971
v 0.196083 1.008000 0.047241
v 0.211091 1.008000 0.029059
v 0.213339 1.008000 0.030493
v 0.215587 1.008000 0.031928
v 0.217835 1.008000 0.033362
v 0.210463 1.008000 0.011743
v 0.213130 1.008000 0.011743
v 0.215797 1.008000 0.011743
v 0.218463 1.008000 0.011743
v 0.210463 1.008000 -0.007725
v 0.213130 1.008000 -0.007725
v 0.215797 1.008000 -0.007725
v 0.218463 1.008000 -0.007725
v 0.210463 1.008000 -0.027193
v 0.213130 1.008000 -0.027193
v 0.215797 1.008000 -0.027193
v 0.218463 1.008000 -0.027193
v 0.210935 1.008000 -0.044777
v 0.213287 1.008000 -0.046033
v 0.215639 1.008000 -0.047290
v 0.217992 1.008000 -0.048546
v 0.191273 1.008000 -0.062595
v 0.193080 1.008000 -0.064556
v 0.194887 1.008000 -0.066517
v 0.196695 1.008000 -0.068478
v 0.170794 1.008000 -0.081470
v 0.172601 1.008000 -0.083431
v 0.174408 1.008000 -0.085392
v 0.176215 1.008000 -0.087353
v 0.150314 1.008000 -0.100345
v 0.152121 1.008000 -0.102306
v 0.153929 1.008000 -0.104267
v 0.155736 1.008000 -0.106228
v 0.130122 1.008000 -0.118980
v 0.131738 1.008000 -0.121101
v 0.133354 1.008000 -0.123222
v 0.134969 1.008000 -0.125344
v 0.118213 0.984667 -0.124864
v 0.119407 0.984667 -0.127249
v 0.120601 0.984667 -0.129633
v 0.121795 0.984667 -0.132018
v 0.105671 0.961333 -0.131144
v 0.106865 0.961333 -0.133528
v 0.108059 0.961333 -0.135913
v 0.109253 0.961333 -0.138297
v 0.093129 0.938000 -0.137423
v 0.094323 0.938000 -0.139808
v 0.095517 0.938000 -0.142192
v 0.096711 0.938000 -0.144577
vn 0.000000 -1.000000 0.000000
vn 0.000000 -1.000000 0.000000
vn 0.000000 -1.000000 0.000000
vn 0.000000 -1.000000 0.000000
vn 0.000000 -1.000000 0.000000
vn 0.000000 -1.000000 0.000000
vn 0.000000 -1.000000 0.000000
vn 0.000000 -1.000000 0.000000
vn 0.000000 -1.000000 0.000000
vn 0.000000 -1.000000 0.000000
vn 0.000000 -1.000000 0.000000
vn 0.000000 -1.000000 0.000000
vn 0.000000 -1.000000 0.000000
vn 0.000000 -1.000000 0.000000
vn 0.000000 -1.000000 0.000000
vn 0.000000 -1.000000 0.000000
vn 0.000000 -1.000000 0.000000
vn 0.000000 -1.000000 0.000000
vn 0.000000 -1.000000 0.000000
vn 0.000000 -1.000000 0.000000
vn 0.000000 -1.000000 0.000000
vn 0.000000 -1.000000 0.000000
vn 0.000000 -1.000000 0.000000
vn 0.000000 -1.000000 0.000000
vn 0.000000 -1.000000 0.000000
vn 0.000000 -1.000000 0.000000
vn 0.000000 -1.000000 0.000000
vn 0.000000 -1.000000 0.000000
vn 0.000000 -1.000000 0.000000
vn 0.000000 -1.000000 0.000000
vn 0.000000 -1.000000 0.000000
vn 0.000000 -1.000000 0.000000
vn 0.000000 -1.000000 0.000000
vn 0.000000 -1.000000 0.000000
vn 0.000000 -1.000000 0.000000
vn 0.000000 -1.000000 0.000000
vn 0.000000 -1.000000 0.000000
vn 0.000000 -1.000000 0.000000
vn 0.000000 -1.000000 0.000000
vn 0.000000 -1.000000 0.000000
vn 0.000000 -1.000000 0.000000
vn 0.000000 -1.000000 0.000000
vn 0.000000 -1.000000 0.000000
vn 0.000000 -1.000000 0.000000
vn 0.000000 -1.000000 0.000000
vn 0.000000 -1.000000 0.000000
vn 0.000000 -1.000000 0.000000
vn 0.000000 -1.000000 0.000000
vn 0.000000 -1.000000 0.000000
vn 0.000000 -1.000000 0.000000
vn 0.000000 -1.000000 0.000000
vn 0.000000 -1.000000 0.000000
vn 0.000000 -1.000000 0.000000
vn 0.000000 -1.000000 0.000000
vn 0.000000 -1.000000 0.000000
vn 0.000000 -1.000000 0.000000
vn 0.000000 -1.000000 0.000000
vn 0.000000 -1.000000 0.000000
vn 0.000000 -1.000000 0.000000
vn 0.000000 -1.000000 0.000000
vn 0.000000 -1.000000 0.000000
vn 0.000000 -1.000000 0.000000
vn 0.000000 -1.000000 0.000000
vn 0.000000 -1.000000 0.000000
vn 0.257776 -0.946040 0.196365
vn 0.408772 -0.870852 0.272988
vn 0.403230 -0.874580 0.269287
vn 0.536683 -0.774574 0.334674
vn 0.746066 -0.505426 0.433510
vn 0.754790 -0.513899 0.407676
vn 0.751244 -0.520567 0.405761
vn 0.762781 -0.521833 0.381910
vn 0.766378 -0.515199 0.383711
vn 0.766378 -0.515199 0.383711
vn 0.766378 -0.515199 0.383711
vn 0.766378 -0.515199 0.383711
vn 0.766378 -0.515199 0.383711
vn 0.766378 -0.515199 0.383711
vn 0.766378 -0.515199 0.383711
vn 0.766378 -0.515199 0.383711
vt 0.216000 0.755000
vt 0.216000 0.830000
vt 0.216000 0.905000
vt 0.216000 0.980000
vt 0.225263 0.755000
vt 0.225263 0.830000
vt 0.225263 0.905000
vt 0.225263 0.980000
vt 0.234526 0.755000
vt 0.234526 0.830000
vt 0.234526 0.905000
vt 0.234526 0.980000
vt 0.243789 0.755000
vt 0.243789 0.830000
vt 0.243789 0.905000
vt 0.243789 0.980000
vt 0.253053 0.755000
vt 0.253053 0.830000
vt 0.253053 0.905000
vt 0.253053 0.980000
vt 0.262316 0.755000
vt 0.262316 0.830000
vt 0.262316 0.905000
vt 0.262316 0.980000
vt 0.271579 0.755000
vt 0.271579 0.830000
vt 0.271579 0.905000
vt 0.271579 0.980000
vt 0.280842 0.755000
vt 0.280842 0.830000
vt 0.280842 0.905000
vt 0.280842 0.980000
vt 0.290105 0.755000
vt 0.290105 0.830000
vt 0.290105 0.905000
vt 0.290105 0.980000
vt 0.299368 0.755000
vt 0.299368 0.830000
vt 0.299368 0.905000
vt 0.299368 0.980000
vt 0.308632 0.755000
vt 0.308632 0.830000
vt 0.308632 0.905000
vt 0.308632 0.980000
vt 0.317895 0.755000
vt 0.317895 0.830000
vt 0.317895 0.905000
vt 0.317895 0.980000
vt 0.327158 0.755000
vt 0.327158 0.830000
vt 0.327158 0.905000
vt 0.327158 0.980000
vt 0.336421 0.755000
vt 0.336421 0.830000
vt 0.336421 0.905000
vt 0.336421 0.980000
vt 0.345684 0.755000
vt 0.345684 0.830000
vt 0.345684 0.905000
vt 0.345684 0.980000
vt 0.354947 0.755000
vt 0.354947 0.830000
vt 0.354947 0.905000
vt 0.354947 0.980000
vt 0.364211 0.755000
vt 0.364211 0.830000
vt 0.364211 0.905000
vt 0.364211 0.980000
vt 0.373474 0.755000
vt 0.373474 0.830000
vt 0.373474 0.905000
vt 0.373474 0.980000
vt 0.382737 0.755000
vt 0.382737 0.830000
vt 0.382737 0.905000
vt 0.382737 0.980000
vt 0.392000 0.755000
vt 0.392000 0.830000
vt 0.392000 0.905000
vt 0.392000 0.980000
f 2609/2609/2609 2613/2613/2613 2610/2610/2610
f 2610/2610/2610 2613/2613/2613 2614/2614/2614
f 2610/2610/2610 2614/2614/2614 2611/2611/2611
f 2611/2611/2611 2614/2614/2614 2615/2615/2615
f 2611/2611/2611 2615/2615/2615 2612/2612/2612
f 2612/2612/2612 2615/2615/2615 2616/2616/2616
f 2613/2613/2613 2617/2617/2617 2614/2614/2614
f 2614/2614/2614 2617/2617/2617 2618/2618/2618
f 2614/2614/2614 2618/2618/2618 2615/2615/2615
f 2615/2615/2615 2618/2618/2618 2619/2619/2619
f 2615/2615/2615 2619/2619/2619 2616/2616/2616
f 2616/2616/2616 2619/2619/2619 2620/2620/2620
f 2617/2617/2617 2621/2621/2621 2618/2618/2618
f 2618/2618/2618 2621/2621/2621 2622/2622/2622
f 2618/2618/2618 2622/2622/2622 2619/2619/2619
f 2619/2619/2619 2622/2622/2622 2623/2623/2623
f 2619/2619/2619 2623/2623/2623 2620/2620/2620
f 2620/2620/2620 2623/2623/2623 2624/2624/2624
f 2621/2621/2621 2625/2625/2625 2622/2622/2622
f 2622/2622/2622 2625/2625/2625 2626/2626/2626
f 2622/2622/2622 2626/2626/2626 2623/2623/2623
f 2623/2623/2623 2626/2626/2626 2627/2627/2627
f 2623/2623/2623 2627/2627/2627 2624/2624/2624
f 2624/2624/2624 2627/2627/2627 2628/2628/2628
f 2625/2625/2625 2629/2629/2629 2626/2626/2626
f 2626/2626/2626 2629/2629/2629 2630/2630/2630
f 2626/2626/2626 2630/2630/2630 2627/2627/2627
f 2627/2627/2627 2630/2630/2630 2631/2631/2631
f 2627/2627/2627 2631/2631/2631 2628/2628/2628
f 2628/2628/2628 2631/2631/2631 2632/2632/2632
f 2629/2629/2629 2633/2633/2633 2630/2630/2630
f 2630/2630/2630 2633/2633/2633 2634/2634/2634
f 2630/2630/2630 2634/2634/2634 2631/2631/2631
f 2631/2631/2631 2634/2634/2634 2635/2635/2635
f 2631/2631/2631 2635/2635/2635 2632/2632/2632
f 2632/2632/2632 2635/2635/2635 2636/2636/2636
f 2633/2633/2633 2637/2637/2637 2634/2634/2634
f 2634/2634/2634 2637/2637/2637 2638/2638/2638
f 2634/2634/2634 2638/2638/2638 2635/2635/2635
f 2635/2635/2635 2638/2638/2638 2639/2639/2639
f 2635/2635/2635 2639/2639/2639 2636/2636/2636
f 2636/2636/2636 2639/2639/2639 2640/2640/2640
f 2637/2637/2637 2641/2641/2641 2638/2638/2638
f 2638/2638/2638 2641/2641/2641 2642/2642/2642
f 2638/2638/2638 2642/2642/2642 2639/2639/2639
f 2639/2639/2639 2642/2642/2642 2643/2643/2643
f 2639/2639/2639 2643/2643/2643 2640/2640/2640
f 2640/2640/2640 2643/2643/2643 2644/2644/2644
f 2641/2641/2641 2645/2645/2645 2642/2642/2642
f 2642/2642/2642 2645/2645/2645 2646/2646/2646
f 2642/2642/2642 2646/2646/2646 2643/2643/2643
f 2643/2643/2643 2646/2646/2646 2647/2647/2647
f 2643/2643/2643 2647/2647/2647 2644/2644/2644
f 2644/2644/2644 2647/2647/2647 2648/2648/2648
f 2645/2645/2645 2649/2649/2649 2646/2646/2646
f 2646/2646/2646 2649/2649/2649 2650/2650/2650
f 2646/2646/2646 2650/2650/2650 2647/2647/2647
f 2647/2647/2647 2650/2650/2650 2651/2651/2651
f 2647/2647/2647 2651/2651/2651 2648/2648/2648
f 2648/2648/2648 2651/2651/2651 2652/2652/2652
f 2649/2649/2649 2653/2653/2653 2650/2650/2650
f 2650/2650/2650 2653/2653/2653 2654/2654/2654
f 2650/2650/2650 2654/2654/2654 2651/2651/2651
f 2651/2651/2651 2654/2654/2654 2655/2655/2655
f 2651/2651/2651 2655/2655/2655 2652/2652/2652
f 2652/2652/2652 2655/2655/2655 2656/2656/2656
f 2653/2653/2653 2657/2657/2657 2654/2654/2654
f 2654/2654/2654 2657/2657/2657 2658/2658/2658
f 2654/2654/2654 2658/2658/2658 2655/2655/2655
f 2655/2655/2655 2658/2658/2658 2659/2659/2659
f 2655/2655/2655 2659/2659/2659 2656/2656/2656
f 2656/2656/2656 2659/2659/2659 2660/2660/2660
f 2657/2657/2657 2661/2661/2661 2658/2658/2658
f 2658/2658/2658 2661/2661/2661 2662/2662/2662
f 2658/2658/2658 2662/2662/2662 2659/2659/2659
f 2659/2659/2659 2662/2662/2662 2663/2663/2663
f 2659/2659/2659 2663/2663/2663 2660/2660/2660
f 2660/2660/2660 2663/2663/2663 2664/2664/2664
f 2661/2661/2661 2665/2665/2665 2662/2662/2662
f 2662/2662/2662 2665/2665/2665 2666/2666/2666
f 2662/2662/2662 2666/2666/2666 2663/2663/2663
f 2663/2663/2663 2666/2666/2666 2667/2667/2667
f 2663/2663/2663 2667/2667/2667 2664/2664/2664
f 2664/2664/2664 2667/2667/2667 2668/2668/2668
f 2665/2665/2665 2669/2669/2669 2666/2666/2666
f 2666/2666/2666 2669/2669/2669 2670/2670/2670
f 2666/2666/2666 2670/2670/2670 2667/2667/2667
f 2667/2667/2667 2670/2670/2670 2671/2671/2671
f 2667/2667/2667 2671/2671/2671 2668/2668/2668
f 2668/2668/2668 2671/2671/2671 2672/2672/2672
f 2669/2669/2669 2673/2673/2673 2670/2670/2670
f 2670/2670/2670 2673/2673/2673 2674/2674/2674
f 2670/2670/2670 2674/2674/2674 2671/2671/2671
f 2671/2671/2671 2674/2674/2674 2675/2675/2675
f 2671/2671/2671 2675/2675/2675 2672/2672/2672
f 2672/2672/2672 2675/2675/2675 2676/2676/2676
f 2673/2673/2673 2677/2677/2677 2674/2674/2674
f 2674/2674/2674 2677/2677/2677 2678/2678/2678
f 2674/2674/2674 2678/2678/2678 2675/2675/2675
f 2675/2675/2675 2678/2678/2678 2679/2679/2679
f 2675/2675/2675 2679/2679/2679 2676/2676/2676
f 2676/2676/2676 2679/2679/2679 2680/2680/2680
f 2677/2677/2677 2681/2681/2681 2678/2678/2678
f 2678/2678/2678 2681/2681/2681 2682/2682/2682
f 2678/2678/2678 2682/2682/2682 2679/2679/2679
f 2679/2679/2679 2682/2682/2682 2683/2683/2683
f 2679/2679/2679 2683/2683/2683 2680/2680/2680
f 2680/2680/2680 2683/2683/2683 2684/2684/2684
f 2681/2681/2681 2685/2685/2685 2682/2682/2682
f 2682/2682/2682 2685/2685/2685 2686/2686/2686
f 2682/2682/2682 2686/2686/2686 2683/2683/2683
f 2683/2683/2683 2686/2686/2686 2687/2687/2687
f 2683/2683/2683 2687/2687/2687 2684/2684/2684
f 2684/2684/2684 2687/2687/2687 2688/2688/2688

# Patch: deco_ring
o deco_ring
usemtl metal_material
v -0.001798 1.287000 0.103000
v -0.002798 1.287000 0.104732
v -0.004798 1.287000 0.104732
v -0.005798 1.287000 0.103000
v -0.004798 1.287000 0.101268
v -0.002798 1.287000 0.101268
v -0.003184 1.293966 0.103000
v -0.004107 1.293583 0.104732
v -0.005955 1.292818 0.104732
v -0.006879 1.292435 0.103000
v -0.005955 1.292818 0.101268
v -0.004107 1.293583 0.101268
v -0.007129 1.299871 0.103000
v -0.007836 1.299164 0.104732
v -0.009251 1.297749 0.104732
v -0.009958 1.297042 0.103000
v -0.009251 1.297749 0.101268
v -0.007836 1.299164 0.101268
v -0.013034 1.303816 0.103000
v -0.013417 1.302893 0.104732
v -0.014182 1.301045 0.104732
v -0.014565 1.300121 0.103000
v -0.014182 1.301045 0.101268
v -0.013417 1.302893 0.101268
v -0.020000 1.305202 0.103000
v -0.020000 1.304202 0.104732
v -0.020000 1.302202 0.104732
v -0.020000 1.301202 0.103000
v -0.020000 1.302202 0.101268
v -0.020000 1.304202 0.101268
v -0.026966 1.303816 0.103000
v -0.026583 1.302893 0.104732
v -0.025818 1.301045 0.104732
v -0.025435 1.300121 0.103000
v -0.025818 1.301045 0.101268
v -0.026583 1.302893 0.101268
v -0.032871 1.299871 0.103000
v -0.032164 1.299164 0.104732
v -0.030749 1.297749 0.104732
v -0.030042 1.297042 0.103000
v -0.030749 1.297749 0.101268
v -0.032164 1.299164 0.101268
v -0.036816 1.293966 0.103000
v -0.035893 1.293583 0.104732
v -0.034045 1.292818 0.104732
v -0.033121 1.292435 0.103000
v -0.034045 1.292818 0.101268
v -0.035893 1.293583 0.101268
v -0.038202 1.287000 0.103000
v -0.037202 1.287000 0.104732
v -0.035202 1.287000 0.104732
v -0.034202 1.287000 0.103000
v -0.035202 1.287000 0.101268
v -0.037202 1.287000 0.101268
v -0.036816 1.280034 0.103000
v -0.035893 1.280417 0.104732
v -0.034045 1.281182 0.104732
v -0.033121 1.281565 0.103000
v -0.034045 1.281182 0.101268
v -0.035893 1.280417 0.101268
v -0.032871 1.274129 0.103000
v -0.032164 1.274836 0.104732
v -0.030749 1.276251 0.104732
v -0.030042 1.276958 0.103000
v -0.030749 1.276251 0.101268
v -0.032164 1.274836 0.101268
v -0.026966 1.270184 0.103000
v -0.026583 1.271107 0.104732
v -0.025818 1.272955 0.104732
v -0.025435 1.273879 0.103000
v -0.025818 1.272955 0.101268
v -0.026583 1.271107 0.101268
v -0.020000 1.268798 0.103000
v -0.020000 1.269798 0.104732
v -0.020000 1.271798 0.104732
v -0.020000 1.272798 0.103000
v -0.020000 1.271798 0.101268
v -0.020000 1.269798 0.101268
v -0.013034 1.270184 0.103000
v -0.013417 1.271107 0.104732
v -0.014182 1.272955 0.104732
v -0.014565 1.273879 0.103000
v -0.014182 1.272955 0.101268
v -0.013417 1.271107 0.101268
v -0.007129 1.274129 0.103000
v -0.007836 1.274836 0.104732
v -0.009251 1.276251 0.104732
v -0.009958 1.276958 0.103000
v -0.009251 1.276251 0.101268
v -0.007836 1.274836 0.101268
v -0.003184 1.280034 0.103000
v -0.004107 1.280417 0.104732
v -0.005955 1.281182 0.104732
v -0.006879 1.281565 0.103000
v -0.005955 1.281182 0.101268
v -0.004107 1.280417 0.101268
vn 1.000000 -0.000000 0.000000
vn 0.514279 0.035395 0.856892
vn -0.483421 0.030616 0.874852
vn -1.000000 0.000000 0.000000
vn -0.483421 -0.030616 -0.874852
vn 0.514279 -0.035395 -0.856892
vn 0.923880 0.382683 -0.000000
vn 0.461587 0.229507 0.856892
vn -0.458339 -0.156712 0.874852
vn -0.923880 -0.382683 0.000000
vn -0.434907 -0.213282 -0.874852
vn 0.488677 0.164105 -0.856892
vn 0.707107 0.707107 -0.000000
vn 0.338622 0.388678 0.856892
vn -0.363479 -0.320182 0.874852
vn -0.707107 -0.707107 0.000000
vn -0.320182 -0.363479 -0.874852
vn 0.388678 0.338622 -0.856892
vn 0.382683 0.923880 0.000000
vn 0.164105 0.488677 0.856892
vn -0.213282 -0.434907 0.874852
vn -0.382683 -0.923880 0.000000
vn -0.156712 -0.458339 -0.874852
vn 0.229507 0.461587 -0.856892
vn 0.000000 1.000000 -0.000000
vn -0.035395 0.514279 0.856892
vn -0.030616 -0.483421 0.874852
vn 0.000000 -1.000000 0.000000
vn 0.030616 -0.483421 -0.874852
vn 0.035395 0.514279 -0.856892
vn -0.382683 0.923880 -0.000000
vn -0.229507 0.461587 0.856892
vn 0.156712 -0.458339 0.874852
vn 0.382683 -0.923880 -0.000000
vn 0.213282 -0.434907 -0.874852
vn -0.164105 0.488677 -0.856892
vn -0.707107 0.707107 0.000000
vn -0.388678 0.338622 0.856892
vn 0.320182 -0.363479 0.874852
vn 0.707107 -0.707107 -0.000000
vn 0.363479 -0.320182 -0.874852
vn -0.338622 0.388678 -0.856892
vn -0.923880 0.382683 -0.000000
vn -0.488677 0.164105 0.856892
vn 0.434907 -0.213282 0.874852
vn 0.923880 -0.382683 -0.000000
vn 0.458339 -0.156712 -0.874852
vn -0.461587 0.229507 -0.856892
vn -1.000000 0.000000 0.000000
vn -0.514279 -0.035395 0.856892
vn 0.483421 -0.030616 0.874852
vn 1.000000 0.000000 0.000000
vn 0.483421 0.030616 -0.874852
vn -0.514279 0.035395 -0.856892
vn -0.923880 -0.382683 0.000000
vn -0.461587 -0.229507 0.856892
vn 0.458339 0.156712 0.874852
vn 0.923880 0.382683 0.000000
vn 0.434907 0.213282 -0.874852
vn -0.488677 -0.164105 -0.856892
vn -0.707107 -0.707107 -0.000000
vn -0.338622 -0.388678 0.856892
vn 0.363479 0.320182 0.874852
vn 0.707107 0.707107 0.000000
vn 0.320182 0.363479 -0.874852
vn -0.388678 -0.338622 -0.856892
vn -0.382683 -0.923880 0.000000
vn -0.164105 -0.488677 0.856892
vn 0.213282 0.434907 0.874852
vn 0.382683 0.923880 0.000000
vn 0.156712 0.458339 -0.874852
vn -0.229507 -0.461587 -0.856892
vn 0.000000 -1.000000 -0.000000
vn 0.035395 -0.514279 0.856892
vn 0.030616 0.483421 0.874852
vn 0.000000 1.000000 0.000000
vn -0.030616 0.483421 -0.874852
vn -0.035395 -0.514279 -0.856892
vn 0.382683 -0.923880 -0.000000
vn 0.229507 -0.461587 0.856892
vn -0.156712 0.458339 0.874852
vn -0.382683 0.923880 -0.000000
vn -0.213282 0.434907 -0.874852
vn 0.164105 -0.488677 -0.856892
vn 0.707107 -0.707107 0.000000
vn 0.388678 -0.338622 0.856892
vn -0.320182 0.363479 0.874852
vn -0.707107 0.707107 -0.000000
vn -0.363479 0.320182 -0.874852
vn 0.338622 -0.388678 -0.856892
vn 0.923880 -0.382683 -0.000000
vn 0.488677 -0.164105 0.856892
vn -0.434907 0.213282 0.874852
vn -0.923880 0.382683 -0.000000
vn -0.458339 0.156712 -0.874852
vn 0.461587 -0.229507 -0.856892
vt 0.412000 0.755000
vt 0.412000 0.800000
vt 0.412000 0.845000
vt 0.412000 0.890000
vt 0.412000 0.935000
vt 0.412000 0.980000
vt 0.423733 0.755000
vt 0.423733 0.800000
vt 0.423733 0.845000
vt 0.423733 0.890000
vt 0.423733 0.935000
vt 0.423733 0.980000
vt 0.435467 0.755000
vt 0.435467 0.800000
vt 0.435467 0.845000
vt 0.435467 0.890000
vt 0.435467 0.935000
vt 0.435467 0.980000
vt 0.447200 0.755000
vt 0.447200 0.800000
vt 0.447200 0.845000
vt 0.447200 0.890000
vt 0.447200 0.935000
vt 0.447200 0.980000
vt 0.458933 0.755000
vt 0.458933 0.800000
vt 0.458933 0.845000
vt 0.458933 0.890000
vt 0.458933 0.935000
vt 0.458933 0.980000
vt 0.470667 0.755000
vt 0.470667 0.800000
vt 0.470667 0.845000
vt 0.470667 0.890000
vt 0.470667 0.935000
vt 0.470667 0.980000
vt 0.482400 0.755000
vt 0.482400 0.800000
vt 0.482400 0.845000
vt 0.482400 0.890000
vt 0.482400 0.935000
vt 0.482400 0.980000
vt 0.494133 0.755000
vt 0.494133 0.800000
vt 0.494133 0.845000
vt 0.494133 0.890000
vt 0.494133 0.935000
vt 0.494133 0.980000
vt 0.505867 0.755000
vt 0.505867 0.800000
vt 0.505867 0.845000
vt 0.505867 0.890000
vt 0.505867 0.935000
vt 0.505867 0.980000
vt 0.517600 0.755000
vt 0.517600 0.800000
vt 0.517600 0.845000
vt 0.517600 0.890000
vt 0.517600 0.935000
vt 0.517600 0.980000
vt 0.529333 0.755000
vt 0.529333 0.800000
vt 0.529333 0.845000
vt 0.529333 0.890000
vt 0.529333 0.935000
vt 0.529333 0.980000
vt 0.541067 0.755000
vt 0.541067 0.800000
vt 0.541067 0.845000
vt 0.541067 0.890000
vt 0.541067 0.935000
vt 0.541067 0.980000
vt 0.552800 0.755000
vt 0.552800 0.800000
vt 0.552800 0.845000
vt 0.552800 0.890000
vt 0.552800 0.935000
vt 0.552800 0.980000
vt 0.564533 0.755000
vt 0.564533 0.800000
vt 0.564533 0.845000
vt 0.564533 0.890000
vt 0.564533 0.935000
vt 0.564533 0.980000
vt 0.576267 0.755000
vt 0.576267 0.800000
vt 0.576267 0.845000
vt 0.576267 0.890000
vt 0.576267 0.935000
vt 0.576267 0.980000
vt 0.588000 0.755000
vt 0.588000 0.800000
vt 0.588000 0.845000
vt 0.588000 0.890000
vt 0.588000 0.935000
vt 0.588000 0.980000
f 2689/2689/2689 2695/2695/2695 2690/2690/2690
f 2690/2690/2690 2695/2695/2695 2696/2696/2696
f 2690/2690/2690 2696/2696/2696 2691/2691/2691
f 2691/2691/2691 2696/2696/2696 2697/2697/2697
f 2691/2691/2691 2697/2697/2697 2692/2692/2692
f 2692/2692/2692 2697/2697/2697 2698/2698/2698
f 2692/2692/2692 2698/2698/2698 2693/2693/2693
f 2693/2693/2693 2698/2698/2698 2699/2699/2699
f 2693/2693/2693 2699/2699/2699 2694/2694/2694
f 2694/2694/2694 2699/2699/2699 2700/2700/2700
f 2694/2694/2694 2700/2700/2700 2689/2689/2689
f 2689/2689/2689 2700/2700/2700 2695/2695/2695
f 2695/2695/2695 2701/2701/2701 2696/2696/2696
f 2696/2696/2696 2701/2701/2701 2702/2702/2702
f 2696/2696/2696 2702/2702/2702 2697/2697/2697
f 2697/2697/2697 2702/2702/2702 2703/2703/2703
f 2697/2697/2697 2703/2703/2703 2698/2698/2698
f 2698/2698/2698 2703/2703/2703 2704/2704/2704
f 2698/2698/2698 2704/2704/2704 2699/2699/2699
f 2699/2699/2699 2704/2704/2704 2705/2705/2705
f 2699/2699/2699 2705/2705/2705 2700/2700/2700
f 2700/2700/2700 2705/2705/2705 2706/2706/2706
f 2700/2700/2700 2706/2706/2706 2695/2695/2695
f 2695/2695/2695 2706/2706/2706 2701/2701/2701
f 2701/2701/2701 2707/2707/2707 2702/2702/2702
f 2702/2702/2702 2707/2707/2707 2708/2708/2708
f 2702/2702/2702 2708/2708/2708 2703/2703/2703
f 2703/2703/2703 2708/2708/2708 2709/2709/2709
f 2703/2703/2703 2709/2709/2709 2704/2704/2704
f 2704/2704/2704 2709/2709/2709 2710/2710/2710
f 2704/2704/2704 2710/2710/2710 2705/2705/2705
f 2705/2705/2705 2710/2710/2710 2711/2711/2711
f 2705/2705/2705 2711/2711/2711 2706/2706/2706
f 2706/2706/2706 2711/2711/2711 2712/2712/2712
f 2706/2706/2706 2712/2712/2712 2701/2701/2701
f 2701/2701/2701 2712/2712/2712 2707/2707/2707
f 2707/2707/2707 2713/2713/2713 2708/2708/2708
f 2708/2708/2708 2713/2713/2713 2714/2714/2714
f 2708/2708/2708 2714/2714/2714 2709/2709/2709
f 2709/2709/2709 2714/2714/2714 2715/2715/2715
f 2709/2709/2709 2715/2715/2715 2710/2710/2710
f 2710/2710/2710 2715/2715/2715 2716/2716/2716
f 2710/2710/2710 2716/2716/2716 2711/2711/2711
f 2711/2711/2711 2716/2716/2716 2717/2717/2717
f 2711/2711/2711 2717/2717/2717 2712/2712/2712
f 2712/2712/2712 2717/2717/2717 2718/2718/2718
f 2712/2712/2712 2718/2718/2718 2707/2707/2707
f 2707/2707/2707 2718/2718/2718 2713/2713/2713
f 2713/2713/2713 2719/2719/2719 2714/2714/2714
f 2714/2714/2714 2719/2719/2719 2720/2720/2720
f 2714/2714/2714 2720/2720/2720 2715/2715/2715
f 2715/2715/2715 2720/2720/2720 2721/2721/2721
f 2715/2715/2715 2721/2721/2721 2716/2716/2716
f 2716/2716/2716 2721/2721/2721 2722/2722/2722
f 2716/2716/2716 2722/2722/2722 2717/2717/2717
f 2717/2717/2717 2722/2722/2722 2723/2723/2723
f 2717/2717/2717 2723/2723/2723 2718/2718/2718
f 2718/2718/2718 2723/2723/2723 2724/2724/2724
f 2718/2718/2718 2724/2724/2724 2713/2713/2713
f 2713/2713/2713 2724/2724/2724 2719/2719/2719
f 2719/2719/2719 2725/2725/2725 2720/2720/2720
f 2720/2720/2720 2725/2725/2725 2726/2726/2726
f 2720/2720/2720 2726/2726/2726 2721/2721/2721
f 2721/2721/2721 2726/2726/2726 2727/2727/2727
f 2721/2721/2721 2727/2727/2727 2722/2722/2722
f 2722/2722/2722 2727/2727/2727 2728/2728/2728
f 2722/2722/2722 2728/2728/2728 2723/2723/2723
f 2723/2723/2723 2728/2728/2728 2729/2729/2729
f 2723/2723/2723 2729/2729/2729 2724/2724/2724
f 2724/2724/2724 2729/2729/2729 2730/2730/2730
f 2724/2724/2724 2730/2730/2730 2719/2719/2719
f 2719/2719/2719 2730/2730/2730 2725/2725/2725
f 2725/2725/2725 2731/2731/2731 2726/2726/2726
f 2726/2726/2726 2731/2731/2731 2732/2732/2732
f 2726/2726/2726 2732/2732/2732 2727/2727/2727
f 2727/2727/2727 2732/2732/2732 2733/2733/2733
f 2727/2727/2727 2733/2733/2733 2728/2728/2728
f 2728/2728/2728 2733/2733/2733 2734/2734/2734
f 2728/2728/2728 2734/2734/2734 2729/2729/2729
f 2729/2729/2729 2734/2734/2734 2735/2735/2735
f 2729/2729/2729 2735/2735/2735 2730/2730/2730
f 2730/2730/2730 2735/2735/2735 2736/2736/2736
f 2730/2730/2730 2736/2736/2736 2725/2725/2725
f 2725/2725/2725 2736/2736/2736 2731/2731/2731
f 2731/2731/2731 2737/2737/2737 2732/2732/2732
f 2732/2732/2732 2737/2737/2737 2738/2738/2738
f 2732/2732/2732 2738/2738/2738 2733/2733/2733
f 2733/2733/2733 2738/2738/2738 2739/2739/2739
f 2733/2733/2733 2739/2739/2739 2734/2734/2734
f 2734/2734/2734 2739/2739/2739 2740/2740/2740
f 2734/2734/2734 2740/2740/2740 2735/2735/2735
f 2735/2735/2735 2740/2740/2740 2741/2741/2741
f 2735/2735/2735 2741/2741/2741 2736/2736/2736
f 2736/2736/2736 2741/2741/2741 2742/2742/2742
f 2736/2736/2736 2742/2742/2742 2731/2731/2731
f 2731/2731/2731 2742/2742/2742 2737/2737/2737
f 2737/2737/2737 2743/2743/2743 2738/2738/2738
f 2738/2738/2738 2743/2743/2743 2744/2744/2744
f 2738/2738/2738 2744/2744/2744 2739/2739/2739
f 2739/2739/2739 2744/2744/2744 2745/2745/2745
f 2739/2739/2739 2745/2745/2745 2740/2740/2740
f 2740/2740/2740 2745/2745/2745 2746/2746/2746
f 2740/2740/2740 2746/2746/2746 2741/2741/2741
f 2741/2741/2741 2746/2746/2746 2747/2747/2747
f 2741/2741/2741 2747/2747/2747 2742/2742/2742
f 2742/2742/2742 2747/2747/2747 2748/2748/2748
f 2742/2742/2742 2748/2748/2748 2737/2737/2737
f 2737/2737/2737 2748/2748/2748 2743/2743/2743
f 2743/2743/2743 2749/2749/2749 2744/2744/2744
f 2744/2744/2744 2749/2749/2749 2750/2750/2750
f 2744/2744/2744 2750/2750/2750 2745/2745/2745
f 2745/2745/2745 2750/2750/2750 2751/2751/2751
f 2745/2745/2745 2751/2751/2751 2746/2746/2746
f 2746/2746/2746 2751/2751/2751 2752/2752/2752
f 2746/2746/2746 2752/2752/2752 2747/2747/2747
f 2747/2747/2747 2752/2752/2752 2753/2753/2753
f 2747/2747/2747 2753/2753/2753 2748/2748/2748
f 2748/2748/2748 2753/2753/2753 2754/2754/2754
f 2748/2748/2748 2754/2754/2754 2743/2743/2743
f 2743/2743/2743 2754/2754/2754 2749/2749/2749
f 2749/2749/2749 2755/2755/2755 2750/2750/2750
f 2750/2750/2750 2755/2755/2755 2756/2756/2756
f 2750/2750/2750 2756/2756/2756 2751/2751/2751
f 2751/2751/2751 2756/2756/2756 2757/2757/2757
f 2751/2751/2751 2757/2757/2757 2752/2752/2752
f 2752/2752/2752 2757/2757/2757 2758/2758/2758
f 2752/2752/2752 2758/2758/2758 2753/2753/2753
f 2753/2753/2753 2758/2758/2758 2759/2759/2759
f 2753/2753/2753 2759/2759/2759 2754/2754/2754
f 2754/2754/2754 2759/2759/2759 2760/2760/2760
f 2754/2754/2754 2760/2760/2760 2749/2749/2749
f 2749/2749/2749 2760/2760/2760 2755/2755/2755
f 2755/2755/2755 2761/2761/2761 2756/2756/2756
f 2756/2756/2756 2761/2761/2761 2762/2762/2762
f 2756/2756/2756 2762/2762/2762 2757/2757/2757
f 2757/2757/2757 2762/2762/2762 2763/2763/2763
f 2757/2757/2757 2763/2763/2763 2758/2758/2758
f 2758/2758/2758 2763/2763/2763 2764/2764/2764
f 2758/2758/2758 2764/2764/2764 2759/2759/2759
f 2759/2759/2759 2764/2764/2764 2765/2765/2765
f 2759/2759/2759 2765/2765/2765 2760/2760/2760
f 2760/2760/2760 2765/2765/2765 2766/2766/2766
f 2760/2760/2760 2766/2766/2766 2755/2755/2755
f 2755/2755/2755 2766/2766/2766 2761/2761/2761
f 2761/2761/2761 2767/2767/2767 2762/2762/2762
f 2762/2762/2762 2767/2767/2767 2768/2768/2768
f 2762/2762/2762 2768/2768/2768 2763/2763/2763
f 2763/2763/2763 2768/2768/2768 2769/2769/2769
f 2763/2763/2763 2769/2769/2769 2764/2764/2764
f 2764/2764/2764 2769/2769/2769 2770/2770/2770
f 2764/2764/2764 2770/2770/2770 2765/2765/2765
f 2765/2765/2765 2770/2770/2770 2771/2771/2771
f 2765/2765/2765 2771/2771/2771 2766/2766/2766
f 2766/2766/2766 2771/2771/2771 2772/2772/2772
f 2766/2766/2766 2772/2772/2772 2761/2761/2761
f 2761/2761/2761 2772/2772/2772 2767/2767/2767
f 2767/2767/2767 2773/2773/2773 2768/2768/2768
f 2768/2768/2768 2773/2773/2773 2774/2774/2774
f 2768/2768/2768 2774/2774/2774 2769/2769/2769
f 2769/2769/2769 2774/2774/2774 2775/2775/2775
f 2769/2769/2769 2775/2775/2775 2770/2770/2770
f 2770/2770/2770 2775/2775/2775 2776/2776/2776
f 2770/2770/2770 2776/2776/2776 2771/2771/2771
f 2771/2771/2771 2776/2776/2776 2777/2777/2777
f 2771/2771/2771 2777/2777/2777 2772/2772/2772
f 2772/2772/2772 2777/2777/2777 2778/2778/2778
f 2772/2772/2772 2778/2778/2778 2767/2767/2767
f 2767/2767/2767 2778/2778/2778 2773/2773/2773
f 2773/2773/2773 2779/2779/2779 2774/2774/2774
f 2774/2774/2774 2779/2779/2779 2780/2780/2780
f 2774/2774/2774 2780/2780/2780 2775/2775/2775
f 2775/2775/2775 2780/2780/2780 2781/2781/2781
f 2775/2775/2775 2781/2781/2781 2776/2776/2776
f 2776/2776/2776 2781/2781/2781 2782/2782/2782
f 2776/2776/2776 2782/2782/2782 2777/2777/2777
f 2777/2777/2777 2782/2782/2782 2783/2783/2783
f 2777/2777/2777 2783/2783/2783 2778/2778/2778
f 2778/2778/2778 2783/2783/2783 2784/2784/2784
f 2778/2778/2778 2784/2784/2784 2773/2773/2773
f 2773/2773/2773 2784/2784/2784 2779/2779/2779
f 2779/2779/2779 2689/2689/2689 2780/2780/2780
f 2780/2780/2780 2689/2689/2689 2690/2690/2690
f 2780/2780/2780 2690/2690/2690 2781/2781/2781
f 2781/2781/2781 2690/2690/2690 2691/2691/2691
f 2781/2781/2781 2691/2691/2691 2782/2782/2782
f 2782/2782/2782 2691/2691/2691 2692/2692/2692
f 2782/2782/2782 2692/2692/2692 2783/2783/2783
f 2783/2783/2783 2692/2692/2692 2693/2693/2693
f 2783/2783/2783 2693/2693/2693 2784/2784/2784
f 2784/2784/2784 2693/2693/2693 2694/2694/2694
f 2784/2784/2784 2694/2694/2694 2779/2779/2779
f 2779/2779/2779 2694/2694/2694 2689/2689/2689

# Patch: deco_chain
o deco_chain
usemtl metal_material
v -0.070000 1.278000 0.128000
v -0.071500 1.278000 0.130598
v -0.074500 1.278000 0.130598
v -0.076000 1.278000 0.128000
v -0.074500 1.278000 0.125402
v -0.071500 1.278000 0.125402
v -0.073000 1.274450 0.131000
v -0.070402 1.274450 0.129500
v -0.070402 1.274450 0.126500
v -0.073000 1.274450 0.125000
v -0.075598 1.274450 0.126500
v -0.075598 1.274450 0.129500
v -0.070000 1.270901 0.128000
v -0.071500 1.270901 0.130598
v -0.074500 1.270901 0.130598
v -0.076000 1.270901 0.128000
v -0.074500 1.270901 0.125402
v -0.071500 1.270901 0.125402
v -0.073000 1.267351 0.131000
v -0.070402 1.267351 0.129500
v -0.070402 1.267351 0.126500
v -0.073000 1.267351 0.125000
v -0.075598 1.267351 0.126500
v -0.075598 1.267351 0.129500
v -0.070000 1.263801 0.128000
v -0.071500 1.263801 0.130598
v -0.074500 1.263801 0.130598
v -0.076000 1.263801 0.128000
v -0.074500 1.263801 0.125402
v -0.071500 1.263801 0.125402
v -0.073000 1.260252 0.131000
v -0.070402 1.260252 0.129500
v -0.070402 1.260252 0.126500
v -0.073000 1.260252 0.125000
v -0.075598 1.260252 0.126500
v -0.075598 1.260252 0.129500
v -0.070000 1.256702 0.128000
v -0.071500 1.256702 0.130598
v -0.074500 1.256702 0.130598
v -0.076000 1.256702 0.128000
v -0.074500 1.256702 0.125402
v -0.071500 1.256702 0.125402
v -0.073000 1.253153 0.131000
v -0.070402 1.253153 0.129500
v -0.070402 1.253153 0.126500
v -0.073000 1.253153 0.125000
v -0.075598 1.253153 0.126500
v -0.075598 1.253153 0.129500
vn -0.576710 0.785708 0.223761
vn -0.411447 0.568194 -0.712648
vn 0.482138 0.785708 -0.387565
vn 0.576710 0.785708 -0.223761
vn 0.411447 0.568194 0.712648
vn -0.482138 0.785708 0.387565
vn -0.409878 -0.400001 0.819756
vn 0.925023 0.366354 0.100588
vn 0.756641 0.165410 -0.632562
vn 0.409878 -0.400001 -0.819756
vn -0.925023 0.366354 -0.100588
vn -0.756641 0.165410 0.632562
vn -0.819756 0.400001 0.409878
vn -0.100588 -0.366354 -0.925023
vn 0.632562 -0.165410 -0.756641
vn 0.819756 0.400001 -0.409878
vn 0.100588 -0.366354 0.925023
vn -0.632562 -0.165410 0.756641
vn -0.409878 -0.400001 0.819756
vn 0.925023 0.366354 0.100588
vn 0.756641 0.165410 -0.632562
vn 0.409878 -0.400001 -0.819756
vn -0.925023 0.366354 -0.100588
vn -0.756641 0.165410 0.632562
vn -0.819756 0.400001 0.409878
vn -0.100588 -0.366354 -0.925023
vn 0.632562 -0.165410 -0.756641
vn 0.819756 0.400001 -0.409878
vn 0.100588 -0.366354 0.925023
vn -0.632562 -0.165410 0.756641
vn -0.409878 -0.400001 0.819756
vn 0.925023 0.366354 0.100588
vn 0.756641 0.165410 -0.632562
vn 0.409878 -0.400001 -0.819756
vn -0.925023 0.366354 -0.100588
vn -0.756641 0.165410 0.632562
vn -0.819756 0.400001 0.409878
vn -0.100588 -0.366354 -0.925023
vn 0.632562 -0.165410 -0.756641
vn 0.819756 0.400001 -0.409878
vn 0.100588 -0.366354 0.925023
vn -0.632562 -0.165410 0.756641
vn -0.428110 0.667667 0.609051
vn 0.741509 0.667667 -0.066229
vn 0.498074 0.818065 -0.287563
vn 0.428110 0.667667 -0.609051
vn -0.741509 0.667667 0.066229
vn -0.498074 0.818065 0.287563
vt 0.608000 0.755000
vt 0.608000 0.800000
vt 0.608000 0.845000
vt 0.608000 0.890000
vt 0.608000 0.935000
vt 0.608000 0.980000
vt 0.633143 0.755000
vt 0.633143 0.800000
vt 0.633143 0.845000
vt 0.633143 0.890000
vt 0.633143 0.935000
vt 0.633143 0.980000
vt 0.658286 0.755000
vt 0.658286 0.800000
vt 0.658286 0.845000
vt 0.658286 0.890000
vt 0.658286 0.935000
vt 0.658286 0.980000
vt 0.683429 0.755000
vt 0.683429 0.800000
vt 0.683429 0.845000
vt 0.683429 0.890000
vt 0.683429 0.935000
vt 0.683429 0.980000
vt 0.708571 0.755000
vt 0.708571 0.800000
vt 0.708571 0.845000
vt 0.708571 0.890000
vt 0.708571 0.935000
vt 0.708571 0.980000
vt 0.733714 0.755000
vt 0.733714 0.800000
vt 0.733714 0.845000
vt 0.733714 0.890000
vt 0.733714 0.935000
vt 0.733714 0.980000
vt 0.758857 0.755000
vt 0.758857 0.800000
vt 0.758857 0.845000
vt 0.758857 0.890000
vt 0.758857 0.935000
vt 0.758857 0.980000
vt 0.784000 0.755000
vt 0.784000 0.800000
vt 0.784000 0.845000
vt 0.784000 0.890000
vt 0.784000 0.935000
vt 0.784000 0.980000
f 2785/2785/2785 2791/2791/2791 2786/2786/2786
f 2786/2786/2786 2791/2791/2791 2792/2792/2792
f 2786/2786/2786 2792/2792/2792 2787/2787/2787
f 2787/2787/2787 2792/2792/2792 2793/2793/2793
f 2787/2787/2787 2793/2793/2793 2788/2788/2788
f 2788/2788/2788 2793/2793/2793 2794/2794/2794
f 2788/2788/2788 2794/2794/2794 2789/2789/2789
f 2789/2789/2789 2794/2794/2794 2795/2795/2795
f 2789/2789/2789 2795/2795/2795 2790/2790/2790
f 2790/2790/2790 2795/2795/2795 2796/2796/2796
f 2790/2790/2790 2796/2796/2796 2785/2785/2785
f 2785/2785/2785 2796/2796/2796 2791/2791/2791
f 2791/2791/2791 2797/2797/2797 2792/2792/2792
f 2792/2792/2792 2797/2797/2797 2798/2798/2798
f 2792/2792/2792 2798/2798/2798 2793/2793/2793
f 2793/2793/2793 2798/2798/2798 2799/2799/2799
f 2793/2793/2793 2799/2799/2799 2794/2794/2794
f 2794/2794/2794 2799/2799/2799 2800/2800/2800
f 2794/2794/2794 2800/2800/2800 2795/2795/2795
f 2795/2795/2795 2800/2800/2800 2801/2801/2801
f 2795/2795/2795 2801/2801/2801 2796/2796/2796
f 2796/2796/2796 2801/2801/2801 2802/2802/2802
f 2796/2796/2796 2802/2802/2802 2791/2791/2791
f 2791/2791/2791 2802/2802/2802 2797/2797/2797
f 2797/2797/2797 2803/2803/2803 2798/2798/2798
f 2798/2798/2798 2803/2803/2803 2804/2804/2804
f 2798/2798/2798 2804/2804/2804 2799/2799/2799
f 2799/2799/2799 2804/2804/2804 2805/2805/2805
f 2799/2799/2799 2805/2805/2805 2800/2800/2800
f 2800/2800/2800 2805/2805/2805 2806/2806/2806
f 2800/2800/2800 2806/2806/2806 2801/2801/2801
f 2801/2801/2801 2806/2806/2806 2807/2807/2807
f 2801/2801/2801 2807/2807/2807 2802/2802/2802
f 2802/2802/2802 2807/2807/2807 2808/2808/2808
f 2802/2802/2802 2808/2808/2808 2797/2797/2797
f 2797/2797/2797 2808/2808/2808 2803/2803/2803
f 2803/2803/2803 2809/2809/2809 2804/2804/2804
f 2804/2804/2804 2809/2809/2809 2810/2810/2810
f 2804/2804/2804 2810/2810/2810 2805/2805/2805
f 2805/2805/2805 2810/2810/2810 2811/2811/2811
f 2805/2805/2805 2811/2811/2811 2806/2806/2806
f 2806/2806/2806 2811/2811/2811 2812/2812/2812
f 2806/2806/2806 2812/2812/2812 2807/2807/2807
f 2807/2807/2807 2812/2812/2812 2813/2813/2813
f 2807/2807/2807 2813/2813/2813 2808/2808/2808
f 2808/2808/2808 2813/2813/2813 2814/2814/2814
f 2808/2808/2808 2814/2814/2814 2803/2803/2803
f 2803/2803/2803 2814/2814/2814 2809/2809/2809
f 2809/2809/2809 2815/2815/2815 2810/2810/2810
f 2810/2810/2810 2815/2815/2815 2816/2816/2816
f 2810/2810/2810 2816/2816/2816 2811/2811/2811
f 2811/2811/2811 2816/2816/2816 2817/2817/2817
f 2811/2811/2811 2817/2817/2817 2812/2812/2812
f 2812/2812/2812 2817/2817/2817 2818/2818/2818
f 2812/2812/2812 2818/2818/2818 2813/2813/2813
f 2813/2813/2813 2818/2818/2818 2819/2819/2819
f 2813/2813/2813 2819/2819/2819 2814/2814/2814
f 2814/2814/2814 2819/2819/2819 2820/2820/2820
f 2814/2814/2814 2820/2820/2820 2809/2809/2809
f 2809/2809/2809 2820/2820/2820 2815/2815/2815
f 2815/2815/2815 2821/2821/2821 2816/2816/2816
f 2816/2816/2816 2821/2821/2821 2822/2822/2822
f 2816/2816/2816 2822/2822/2822 2817/2817/2817
f 2817/2817/2817 2822/2822/2822 2823/2823/2823
f 2817/2817/2817 2823/2823/2823 2818/2818/2818
f 2818/2818/2818 2823/2823/2823 2824/2824/2824
f 2818/2818/2818 2824/2824/2824 2819/2819/2819
f 2819/2819/2819 2824/2824/2824 2825/2825/2825
f 2819/2819/2819 2825/2825/2825 2820/2820/2820
f 2820/2820/2820 2825/2825/2825 2826/2826/2826
f 2820/2820/2820 2826/2826/2826 2815/2815/2815
f 2815/2815/2815 2826/2826/2826 2821/2821/2821
f 2821/2821/2821 2827/2827/2827 2822/2822/2822
f 2822/2822/2822 2827/2827/2827 2828/2828/2828
f 2822/2822/2822 2828/2828/2828 2823/2823/2823
f 2823/2823/2823 2828/2828/2828 2829/2829/2829
f 2823/2823/2823 2829/2829/2829 2824/2824/2824
f 2824/2824/2824 2829/2829/2829 2830/2830/2830
f 2824/2824/2824 2830/2830/2830 2825/2825/2825
f 2825/2825/2825 2830/2830/2830 2831/2831/2831
f 2825/2825/2825 2831/2831/2831 2826/2826/2826
f 2826/2826/2826 2831/2831/2831 2832/2832/2832
f 2826/2826/2826 2832/2832/2832 2821/2821/2821
f 2821/2821/2821 2832/2832/2832 2827/2827/2827

