# 3D Bikini Generator - bikini_8625a973
# Patches: 11
# Total vertices: 1764
# Total faces: 3005

mtllib bikini_8625a973.mtl

# Patch: cup_left_triangle
o cup_left_triangle
usemtl bikini_8625a973_material
v -0.075267 1.331437 0.097035
v -0.075811 1.331437 0.097397
v -0.076441 1.331437 0.097731
v -0.077149 1.331437 0.098032
v -0.077926 1.331437 0.098297
v -0.078764 1.331437 0.098523
v -0.079652 1.331437 0.098707
v -0.080579 1.331437 0.098847
v -0.081536 1.331437 0.098941
v -0.082510 1.331437 0.098988
v -0.083490 1.331437 0.098988
v -0.084464 1.331437 0.098941
v -0.085421 1.331437 0.098847
v -0.086348 1.331437 0.098707
v -0.087236 1.331437 0.098523
v -0.088074 1.331437 0.098297
v -0.088851 1.331437 0.098032
v -0.089559 1.331437 0.097731
v -0.090189 1.331437 0.097397
v -0.090733 1.331437 0.097035
v -0.068451 1.330707 0.099244
v -0.069523 1.330707 0.099894
v -0.070741 1.330707 0.100490
v -0.072093 1.330707 0.101027
v -0.073563 1.330707 0.101499
v -0.075135 1.330707 0.101900
v -0.076792 1.330707 0.102226
v -0.078517 1.330707 0.102474
v -0.080291 1.330707 0.102640
v -0.082094 1.330707 0.102724
v -0.083906 1.330707 0.102724
v -0.085709 1.330707 0.102640
v -0.087483 1.330707 0.102474
v -0.089208 1.330707 0.102226
v -0.090865 1.330707 0.101900
v -0.092437 1.330707 0.101499
v -0.093907 1.330707 0.101027
v -0.095259 1.330707 0.100490
v -0.096477 1.330707 0.099894
v -0.097549 1.330707 0.099244
v -0.062246 1.329515 0.101684
v -0.063840 1.329515 0.102566
v -0.065623 1.329515 0.103373
v -0.067577 1.329515 0.104098
v -0.069683 1.329515 0.104733
v -0.071920 1.329515 0.105272
v -0.074267 1.329515 0.105710
v -0.076700 1.329515 0.106042
v -0.079195 1.329515 0.106265
v -0.081727 1.329515 0.106377
v -0.084273 1.329515 0.106377
v -0.086805 1.329515 0.106265
v -0.089300 1.329515 0.106042
v -0.091733 1.329515 0.105710
v -0.094080 1.329515 0.105272
v -0.096317 1.329515 0.104733
v -0.098423 1.329515 0.104098
v -0.100377 1.329515 0.103373
v -0.102160 1.329515 0.102566
v -0.103754 1.329515 0.101684
v -0.056749 1.327876 0.104307
v -0.058841 1.327876 0.105366
v -0.061149 1.327876 0.106332
v -0.063652 1.327876 0.107198
v -0.066327 1.327876 0.107955
v -0.069151 1.327876 0.108596
v -0.072098 1.327876 0.109116
v -0.075143 1.327876 0.109510
v -0.078258 1.327876 0.109775
v -0.081414 1.327876 0.109908
v -0.084586 1.327876 0.109908
v -0.087742 1.327876 0.109775
v -0.090857 1.327876 0.109510
v -0.093902 1.327876 0.109116
v -0.096849 1.327876 0.108596
v -0.099673 1.327876 0.107955
v -0.102348 1.327876 0.107198
v -0.104851 1.327876 0.106332
v -0.107159 1.327876 0.105366
v -0.109251 1.327876 0.104307
v -0.052041 1.325806 0.107058
v -0.054593 1.325806 0.108241
v -0.057373 1.325806 0.109318
v -0.060358 1.325806 0.110279
v -0.063525 1.325806 0.111118
v -0.066848 1.325806 0.111828
v -0.070301 1.325806 0.112403
v -0.073856 1.325806 0.112838
v -0.077484 1.325806 0.113130
v -0.081156 1.325806 0.113277
v -0.084844 1.325806 0.113277
v -0.088516 1.325806 0.113130
v -0.092144 1.325806 0.112838
v -0.095699 1.325806 0.112403
v -0.099152 1.325806 0.111828
v -0.102475 1.325806 0.111118
v -0.105642 1.325806 0.110279
v -0.108627 1.325806 0.109318
v -0.111407 1.325806 0.108241
v -0.113959 1.325806 0.107058
v -0.048183 1.323329 0.109881
v -0.051141 1.323329 0.111137
v -0.054328 1.323329 0.112277
v -0.057721 1.323329 0.113294
v -0.061295 1.323329 0.114179
v -0.065025 1.323329 0.114927
v -0.068884 1.323329 0.115531
v -0.072844 1.323329 0.115988
v -0.076877 1.323329 0.116295
v -0.080954 1.323329 0.116449
v -0.085046 1.323329 0.116449
v -0.089123 1.323329 0.116295
v -0.093156 1.323329 0.115988
v -0.097116 1.323329 0.115531
v -0.100975 1.323329 0.114927
v -0.104705 1.323329 0.114179
v -0.108279 1.323329 0.113294
v -0.111672 1.323329 0.112277
v -0.114859 1.323329 0.111137
v -0.117817 1.323329 0.109881
v -0.045217 1.320471 0.112714
v -0.048517 1.320471 0.113997
v -0.052037 1.320471 0.115159
v -0.055754 1.320471 0.116193
v -0.059645 1.320471 0.117091
v -0.063685 1.320471 0.117849
v -0.067848 1.320471 0.118461
v -0.072108 1.320471 0.118924
v -0.076437 1.320471 0.119234
v -0.080808 1.320471 0.119389
v -0.085192 1.320471 0.119389
v -0.089563 1.320471 0.119234
v -0.093892 1.320471 0.118924
v -0.098152 1.320471 0.118461
v -0.102315 1.320471 0.117849
v -0.106355 1.320471 0.117091
v -0.110246 1.320471 0.116193
v -0.113963 1.320471 0.115159
v -0.117483 1.320471 0.113997
v -0.120783 1.320471 0.112714
v -0.043166 1.317263 0.115496
v -0.046733 1.317263 0.116765
v -0.050504 1.317263 0.117912
v -0.054457 1.317263 0.118929
v -0.058572 1.317263 0.119813
v -0.062823 1.317263 0.120556
v -0.067188 1.317263 0.121156
v -0.071642 1.317263 0.121609
v -0.076159 1.317263 0.121913
v -0.080716 1.317263 0.122065
v -0.085284 1.317263 0.122065
v -0.089841 1.317263 0.121913
v -0.094358 1.317263 0.121609
v -0.098812 1.317263 0.121156
v -0.103177 1.317263 0.120556
v -0.107428 1.317263 0.119813
v -0.111543 1.317263 0.118929
v -0.115496 1.317263 0.117912
v -0.119267 1.317263 0.116765
v -0.122834 1.317263 0.115496
v -0.042029 1.313740 0.118166
v -0.045781 1.313740 0.119385
v -0.049717 1.313740 0.120484
v -0.053816 1.313740 0.121458
v -0.058059 1.313740 0.122301
v -0.062425 1.313740 0.123011
v -0.066891 1.313740 0.123583
v -0.071437 1.313740 0.124014
v -0.076039 1.313740 0.124303
v -0.080676 1.313740 0.124448
v -0.085324 1.313740 0.124448
v -0.089961 1.313740 0.124303
v -0.094563 1.313740 0.124014
v -0.099109 1.313740 0.123583
v -0.103575 1.313740 0.123011
v -0.107941 1.313740 0.122301
v -0.112184 1.313740 0.121458
v -0.116283 1.313740 0.120484
v -0.120219 1.313740 0.119385
v -0.123971 1.313740 0.118166
v -0.041787 1.309940 0.120662
v -0.045640 1.309940 0.121802
v -0.049651 1.309940 0.122827
v -0.053805 1.309940 0.123735
v -0.058083 1.309940 0.124519
v -0.062467 1.309940 0.125179
v -0.066939 1.309940 0.125710
v -0.071479 1.309940 0.126110
v -0.076067 1.309940 0.126377
v -0.080686 1.309940 0.126512
v -0.085314 1.309940 0.126512
v -0.089933 1.309940 0.126377
v -0.094521 1.309940 0.126110
v -0.099061 1.309940 0.125710
v -0.103533 1.309940 0.125179
v -0.107917 1.309940 0.124519
v -0.112195 1.309940 0.123735
v -0.116349 1.309940 0.122827
v -0.120360 1.309940 0.121802
v -0.124213 1.309940 0.120662
v -0.042400 1.305904 0.122926
v -0.046266 1.305904 0.123965
v -0.050266 1.305904 0.124897
v -0.054385 1.305904 0.125721
v -0.058608 1.305904 0.126432
v -0.062921 1.305904 0.127029
v -0.067306 1.305904 0.127509
v -0.071749 1.305904 0.127871
v -0.076233 1.305904 0.128113
v -0.080742 1.305904 0.128234
v -0.085258 1.305904 0.128234
v -0.089767 1.305904 0.128113
v -0.094251 1.305904 0.127871
v -0.098694 1.305904 0.127509
v -0.103079 1.305904 0.127029
v -0.107392 1.305904 0.126432
v -0.111615 1.305904 0.125721
v -0.115734 1.305904 0.124897
v -0.119734 1.305904 0.123965
v -0.123600 1.305904 0.122926
v -0.043809 1.301676 0.124906
v -0.047603 1.301676 0.125827
v -0.051506 1.301676 0.126652
v -0.055506 1.301676 0.127380
v -0.059591 1.301676 0.128008
v -0.063748 1.301676 0.128535
v -0.067964 1.301676 0.128958
v -0.072227 1.301676 0.129276
v -0.076523 1.301676 0.129489
v -0.080839 1.301676 0.129596
v -0.085161 1.301676 0.129596
v -0.089477 1.301676 0.129489
v -0.093773 1.301676 0.129276
v -0.098036 1.301676 0.128958
v -0.102252 1.301676 0.128535
v -0.106409 1.301676 0.128008
v -0.110494 1.301676 0.127380
v -0.114494 1.301676 0.126652
v -0.118397 1.301676 0.125827
v -0.122191 1.301676 0.124906
v -0.045936 1.297303 0.126553
v -0.049578 1.297303 0.127346
v -0.053305 1.297303 0.128057
v -0.057109 1.297303 0.128683
v -0.060979 1.297303 0.129222
v -0.064905 1.297303 0.129674
v -0.068878 1.297303 0.130036
v -0.072887 1.297303 0.130309
v -0.076922 1.297303 0.130491
v -0.080972 1.297303 0.130583
v -0.085028 1.297303 0.130583
v -0.089078 1.297303 0.130491
v -0.093113 1.297303 0.130309
v -0.097122 1.297303 0.130036
v -0.101095 1.297303 0.129674
v -0.105021 1.297303 0.129222
v -0.108891 1.297303 0.128683
v -0.112695 1.297303 0.128057
v -0.116422 1.297303 0.127346
v -0.120064 1.297303 0.126553
v -0.048691 1.292830 0.127824
v -0.052107 1.292830 0.128488
v -0.055587 1.292830 0.129081
v -0.059125 1.292830 0.129603
v -0.062713 1.292830 0.130052
v -0.066343 1.292830 0.130428
v -0.070008 1.292830 0.130730
v -0.073701 1.292830 0.130956
v -0.077413 1.292830 0.131108
v -0.081136 1.292830 0.131184
v -0.084864 1.292830 0.131184
v -0.088587 1.292830 0.131108
v -0.092299 1.292830 0.130956
v -0.095992 1.292830 0.130730
v -0.099657 1.292830 0.130428
v -0.103287 1.292830 0.130052
v -0.106875 1.292830 0.129603
v -0.110413 1.292830 0.129081
v -0.113893 1.292830 0.128488
v -0.117309 1.292830 0.127824
v -0.051967 1.288308 0.128686
v -0.055092 1.288308 0.129221
v -0.058265 1.288308 0.129700
v -0.061478 1.288308 0.130121
v -0.064728 1.288308 0.130482
v -0.068008 1.288308 0.130785
v -0.071314 1.288308 0.131027
v -0.074639 1.288308 0.131210
v -0.077978 1.288308 0.131331
v -0.081325 1.288308 0.131392
v -0.084675 1.288308 0.131392
v -0.088022 1.288308 0.131331
v -0.091361 1.288308 0.131210
v -0.094686 1.288308 0.131027
v -0.097992 1.288308 0.130785
v -0.101272 1.288308 0.130482
v -0.104522 1.288308 0.130121
v -0.107735 1.288308 0.129700
v -0.110908 1.288308 0.129221
v -0.114033 1.288308 0.128686
v -0.055647 1.283784 0.129110
v -0.058430 1.283784 0.129526
v -0.061245 1.283784 0.129897
v -0.064088 1.283784 0.130223
v -0.066956 1.283784 0.130503
v -0.069844 1.283784 0.130737
v -0.072750 1.283784 0.130924
v -0.075669 1.283784 0.131065
v -0.078598 1.283784 0.131159
v -0.081532 1.283784 0.131206
v -0.084468 1.283784 0.131206
v -0.087402 1.283784 0.131159
v -0.090331 1.283784 0.131065
v -0.093250 1.283784 0.130924
v -0.096156 1.283784 0.130737
v -0.099044 1.283784 0.130503
v -0.101912 1.283784 0.130223
v -0.104755 1.283784 0.129897
v -0.107570 1.283784 0.129526
v -0.110353 1.283784 0.129110
v -0.059606 1.279308 0.129081
v -0.062007 1.279308 0.129388
v -0.064429 1.279308 0.129662
v -0.066868 1.279308 0.129903
v -0.069323 1.279308 0.130109
v -0.071792 1.279308 0.130282
v -0.074271 1.279308 0.130420
v -0.076759 1.279308 0.130523
v -0.079253 1.279308 0.130593
v -0.081751 1.279308 0.130627
v -0.084249 1.279308 0.130627
v -0.086747 1.279308 0.130593
v -0.089241 1.279308 0.130523
v -0.091729 1.279308 0.130420
v -0.094208 1.279308 0.130282
v -0.096677 1.279308 0.130109
v -0.099132 1.279308 0.129903
v -0.101571 1.279308 0.129662
v -0.103993 1.279308 0.129388
v -0.106394 1.279308 0.129081
v -0.063715 1.274929 0.128588
v -0.065709 1.274929 0.128802
v -0.067715 1.274929 0.128992
v -0.069731 1.274929 0.129159
v -0.071757 1.274929 0.129303
v -0.073791 1.274929 0.129422
v -0.075831 1.274929 0.129518
v -0.077875 1.274929 0.129590
v -0.079924 1.274929 0.129638
v -0.081974 1.274929 0.129662
v -0.084026 1.274929 0.129662
v -0.086076 1.274929 0.129638
v -0.088125 1.274929 0.129590
v -0.090169 1.274929 0.129518
v -0.092209 1.274929 0.129422
v -0.094243 1.274929 0.129303
v -0.096269 1.274929 0.129159
v -0.098285 1.274929 0.128992
v -0.100291 1.274929 0.128802
v -0.102285 1.274929 0.128588
v -0.067841 1.270693 0.127634
v -0.069418 1.270693 0.127771
v -0.071001 1.270693 0.127893
v -0.072590 1.270693 0.127999
v -0.074183 1.270693 0.128091
v -0.075781 1.270693 0.128167
v -0.077382 1.270693 0.128228
v -0.078985 1.270693 0.128274
v -0.080590 1.270693 0.128305
v -0.082197 1.270693 0.128320
v -0.083803 1.270693 0.128320
v -0.085410 1.270693 0.128305
v -0.087015 1.270693 0.128274
v -0.088618 1.270693 0.128228
v -0.090219 1.270693 0.128167
v -0.091817 1.270693 0.128091
v -0.093410 1.270693 0.127999
v -0.094999 1.270693 0.127893
v -0.096582 1.270693 0.127771
v -0.098159 1.270693 0.127634
v -0.071853 1.266648 0.126228
v -0.073018 1.266648 0.126305
v -0.074186 1.266648 0.126375
v -0.075356 1.266648 0.126435
v -0.076529 1.266648 0.126487
v -0.077703 1.266648 0.126530
v -0.078879 1.266648 0.126565
v -0.080055 1.266648 0.126591
v -0.081233 1.266648 0.126608
v -0.082411 1.266648 0.126617
v -0.083589 1.266648 0.126617
v -0.084767 1.266648 0.126608
v -0.085945 1.266648 0.126591
v -0.087121 1.266648 0.126565
v -0.088297 1.266648 0.126530
v -0.089471 1.266648 0.126487
v -0.090644 1.266648 0.126435
v -0.091814 1.266648 0.126375
v -0.092982 1.266648 0.126305
v -0.094147 1.266648 0.126228
vn 0.071479 0.991635 0.107472
vn 0.069073 0.990921 0.115346
vn 0.063121 0.989365 0.131043
vn 0.056468 0.987790 0.145200
vn 0.049198 0.986265 0.157671
vn 0.041395 0.984861 0.168333
vn 0.033149 0.983637 0.177086
vn 0.024553 0.982648 0.183850
vn 0.015698 0.981935 0.188564
vn 0.006678 0.981531 0.191189
vn -0.002413 0.981450 0.191701
vn -0.011480 0.981698 0.190096
vn -0.020429 0.982264 0.186387
vn -0.029166 0.983123 0.180606
vn -0.037598 0.984239 0.172801
vn -0.045633 0.985563 0.163044
vn -0.053179 0.987038 0.151422
vn -0.060149 0.988597 0.138049
vn -0.066458 0.990172 0.123059
vn -0.070239 0.991196 0.112239
vn 0.087365 0.986010 0.141957
vn 0.091114 0.981740 0.166990
vn 0.082750 0.978930 0.186676
vn 0.073557 0.976146 0.204273
vn 0.063644 0.973504 0.219634
vn 0.053123 0.971111 0.232639
vn 0.042105 0.969063 0.243197
vn 0.030700 0.967438 0.251239
vn 0.019017 0.966300 0.256716
vn 0.007162 0.965691 0.259596
vn -0.004756 0.965634 0.259862
vn -0.016632 0.966131 0.257515
vn -0.028360 0.967164 0.252565
vn -0.039831 0.968694 0.245043
vn -0.050938 0.970662 0.234992
vn -0.061571 0.972992 0.222478
vn -0.071617 0.975591 0.207587
vn -0.080968 0.978356 0.190433
vn -0.089511 0.981169 0.171156
vn -0.099239 0.980276 0.170912
vn 0.126686 0.966258 0.224269
vn 0.127402 0.958640 0.254514
vn 0.114974 0.953123 0.279889
vn 0.101589 0.947783 0.302304
vn 0.087400 0.942815 0.321652
vn 0.072552 0.938394 0.337865
vn 0.057180 0.934665 0.350901
vn 0.041411 0.931748 0.360737
vn 0.025362 0.929731 0.367365
vn 0.009146 0.928676 0.370779
vn -0.007129 0.928613 0.370980
vn -0.023359 0.929545 0.367967
vn -0.039435 0.931444 0.361742
vn -0.055246 0.934253 0.352306
vn -0.070675 0.937886 0.339668
vn -0.085596 0.942228 0.323850
vn -0.099876 0.947136 0.304890
vn -0.113371 0.952440 0.282852
vn -0.125929 0.957947 0.257838
vn -0.137072 0.956587 0.257203
vn 0.162571 0.935460 0.313824
vn 0.159958 0.923890 0.347622
vn 0.143406 0.915317 0.376337
vn 0.125949 0.907215 0.401370
vn 0.107765 0.899829 0.422722
vn 0.089011 0.893367 0.440424
vn 0.069824 0.887993 0.454524
vn 0.050320 0.883840 0.465076
vn 0.030599 0.881000 0.472126
vn 0.010752 0.879535 0.475713
vn -0.009138 0.879477 0.475853
vn -0.028992 0.880827 0.472550
vn -0.048726 0.883556 0.465784
vn -0.068253 0.887605 0.455520
vn -0.087471 0.892883 0.441712
vn -0.106265 0.899262 0.424306
vn -0.124502 0.906579 0.403254
vn -0.142026 0.914631 0.378521
vn -0.158660 0.923176 0.350106
vn -0.170706 0.921380 0.349167
vn 0.193705 0.892331 0.407704
vn 0.187574 0.876619 0.443119
vn 0.167069 0.865221 0.472737
vn 0.145877 0.854693 0.498217
vn 0.124174 0.845279 0.519696
vn 0.102102 0.837174 0.537322
vn 0.079770 0.830523 0.551242
vn 0.057261 0.825437 0.561582
vn 0.034640 0.821991 0.568446
vn 0.011957 0.820233 0.571905
vn -0.010747 0.820187 0.571995
vn -0.033432 0.821853 0.568718
vn -0.056057 0.825209 0.562039
vn -0.078574 0.830208 0.551888
vn -0.100918 0.836776 0.538164
vn -0.123007 0.844807 0.520740
vn -0.144734 0.854154 0.499472
vn -0.165958 0.864628 0.474211
vn -0.186506 0.875987 0.444817
vn -0.199078 0.873676 0.443912
vn 0.219031 0.836274 0.502663
vn 0.209358 0.816754 0.537664
vn 0.185340 0.803301 0.566000
vn 0.160974 0.791134 0.590080
vn 0.136400 0.780443 0.610167
vn 0.111716 0.771368 0.626507
vn 0.086984 0.764009 0.639316
vn 0.062240 0.758432 0.648773
vn 0.037502 0.754682 0.655018
vn 0.012772 0.752785 0.658142
vn -0.011954 0.752754 0.658194
vn -0.036684 0.754588 0.655173
vn -0.061422 0.758276 0.649034
vn -0.086166 0.763792 0.639685
vn -0.110899 0.771093 0.626991
vn -0.135586 0.780111 0.610773
vn -0.160166 0.790750 0.590815
vn -0.184541 0.802870 0.566872
vn -0.208574 0.816283 0.538682
vn -0.221292 0.813300 0.538119
vn 0.237731 0.767661 0.595130
vn 0.224724 0.745170 0.627870
vn 0.197903 0.730808 0.653264
vn 0.171120 0.718050 0.674627
vn 0.144450 0.707004 0.692300
vn 0.117933 0.697740 0.706577
vn 0.091574 0.690298 0.717706
vn 0.065359 0.684701 0.725887
vn 0.039256 0.680961 0.731267
vn 0.013225 0.679082 0.733944
vn -0.012780 0.679065 0.733967
vn -0.038810 0.680912 0.731336
vn -0.064911 0.684620 0.726004
vn -0.091125 0.690184 0.717873
vn -0.117481 0.697594 0.706796
vn -0.143996 0.706827 0.692576
vn -0.170663 0.717842 0.674965
vn -0.197446 0.730571 0.653668
vn -0.224267 0.744906 0.628347
vn -0.236736 0.741070 0.628308
vn 0.249360 0.687912 0.681613
vn 0.233475 0.663643 0.710681
vn 0.204767 0.649628 0.732157
vn 0.176449 0.637356 0.750096
vn 0.148524 0.626853 0.764850
vn 0.120969 0.618125 0.776716
vn 0.093739 0.611166 0.785932
vn 0.066774 0.605961 0.792687
vn 0.040004 0.602500 0.797116
vn 0.013353 0.600770 0.799310
vn -0.013257 0.600767 0.799314
vn -0.039907 0.602490 0.797128
vn -0.066676 0.605944 0.792708
vn -0.093641 0.611142 0.785963
vn -0.120870 0.618094 0.776756
vn -0.148424 0.626815 0.764901
vn -0.176347 0.637311 0.750158
vn -0.204664 0.649576 0.732232
vn -0.233371 0.663584 0.710770
vn -0.245200 0.658753 0.711281
vn 0.253945 0.599310 0.759170
vn 0.235836 0.574564 0.783746
vn 0.206253 0.562000 0.801009
vn 0.177316 0.551111 0.815375
vn 0.148968 0.541869 0.827156
vn 0.121136 0.534239 0.836609
vn 0.093736 0.528187 0.843939
vn 0.066677 0.523679 0.849302
vn 0.039863 0.520691 0.852814
vn 0.013197 0.519205 0.854548
vn -0.013419 0.519211 0.854541
vn -0.040086 0.520709 0.852792
vn -0.066901 0.523709 0.849266
vn -0.093963 0.528229 0.843887
vn -0.121366 0.534295 0.836540
vn -0.149202 0.541938 0.827069
vn -0.177555 0.551193 0.815267
vn -0.206497 0.562095 0.800880
vn -0.236086 0.574673 0.783591
vn -0.246928 0.568785 0.784544
vn 0.251969 0.504602 0.825765
vn 0.232399 0.480545 0.845616
vn 0.202922 0.470191 0.858919
vn 0.174228 0.461278 0.869981
vn 0.146220 0.453751 0.879050
vn 0.118795 0.447563 0.886327
vn 0.091846 0.442670 0.891969
vn 0.065268 0.439035 0.896096
vn 0.038954 0.436631 0.898797
vn 0.012798 0.435440 0.900127
vn -0.013307 0.435451 0.900114
vn -0.039465 0.436666 0.898758
vn -0.065783 0.439094 0.896030
vn -0.092367 0.442753 0.891874
vn -0.119324 0.447671 0.886201
vn -0.146760 0.453885 0.878891
vn -0.174781 0.461437 0.869786
vn -0.203489 0.470378 0.858683
vn -0.232981 0.480761 0.845334
vn -0.242558 0.473850 0.846541
vn 0.244269 0.406528 0.880379
vn 0.223998 0.384018 0.895743
vn 0.195486 0.376225 0.905671
vn 0.167778 0.369538 0.913943
vn 0.140762 0.363906 0.920738
vn 0.114324 0.359284 0.926199
vn 0.088354 0.355635 0.930439
vn 0.062746 0.352928 0.933544
vn 0.037394 0.351141 0.935576
vn 0.012194 0.350258 0.936574
vn -0.012957 0.350272 0.936559
vn -0.038160 0.351182 0.935529
vn -0.063518 0.352997 0.933466
vn -0.089136 0.355732 0.930328
vn -0.115117 0.359411 0.926052
vn -0.141571 0.364062 0.920552
vn -0.168607 0.369726 0.913715
vn -0.196338 0.376445 0.905395
vn -0.224876 0.384273 0.895413
vn -0.232996 0.376454 0.896658
vn 0.231869 0.307438 0.922886
vn 0.211577 0.286963 0.934284
vn 0.184707 0.281706 0.941555
vn 0.158576 0.277197 0.947637
vn 0.133072 0.273402 0.952650
vn 0.108092 0.270289 0.956692
vn 0.083534 0.267831 0.959838
vn 0.059299 0.266009 0.962145
vn 0.035293 0.264806 0.963656
vn 0.011422 0.264214 0.964396
vn -0.012404 0.264227 0.964381
vn -0.036279 0.264844 0.963608
vn -0.060292 0.266072 0.962066
vn -0.084539 0.267921 0.959725
vn -0.109113 0.270405 0.956543
vn -0.134112 0.273547 0.952463
vn -0.159639 0.277371 0.947407
vn -0.185799 0.281909 0.941279
vn -0.212702 0.287199 0.933956
vn -0.219259 0.278629 0.935035
vn 0.215831 0.209079 0.953783
vn 0.196068 0.190786 0.961851
vn 0.171326 0.187764 0.967157
vn 0.147203 0.185170 0.971619
vn 0.123606 0.182983 0.975315
vn 0.100446 0.181188 0.978305
vn 0.077637 0.179770 0.980640
vn 0.055099 0.178718 0.982356
vn 0.032751 0.178024 0.983481
vn 0.010516 0.177684 0.984031
vn -0.011683 0.177693 0.984017
vn -0.033923 0.178053 0.983436
vn -0.056279 0.178766 0.982281
vn -0.078829 0.179837 0.980533
vn -0.101654 0.181275 0.978165
vn -0.124835 0.183091 0.975138
vn -0.148457 0.185299 0.971404
vn -0.172610 0.187916 0.966899
vn -0.197387 0.190962 0.961547
vn -0.202348 0.181804 0.962290
vn 0.197139 0.112555 0.973893
vn 0.178315 0.096332 0.979247
vn 0.156011 0.095087 0.983168
vn 0.134188 0.094016 0.986486
vn 0.112773 0.093111 0.989249
vn 0.091697 0.092366 0.991494
vn 0.070896 0.091778 0.993253
vn 0.050304 0.091341 0.994548
vn 0.029860 0.091053 0.995398
vn 0.009505 0.090912 0.995814
vn -0.010823 0.090917 0.995800
vn -0.031183 0.091068 0.995356
vn -0.051634 0.091366 0.994478
vn -0.072238 0.091813 0.993153
vn -0.093055 0.092413 0.991363
vn -0.114150 0.093168 0.989085
vn -0.135590 0.094084 0.986288
vn -0.157442 0.095167 0.982932
vn -0.179780 0.096424 0.978970
vn -0.183165 0.086817 0.979241
vn 0.176643 0.018408 0.984103
vn 0.159043 0.003979 0.987264
vn 0.139346 0.003998 0.990236
vn 0.119995 0.004014 0.992766
vn 0.100939 0.004028 0.994884
vn 0.082129 0.004039 0.996614
vn 0.063516 0.004048 0.997973
vn 0.045057 0.004054 0.998976
vn 0.026705 0.004059 0.999635
vn 0.008416 0.004061 0.999956
vn -0.009852 0.004061 0.999943
vn -0.028144 0.004060 0.999596
vn -0.046502 0.004056 0.998910
vn -0.064972 0.004050 0.997879
vn -0.083599 0.004042 0.996491
vn -0.102427 0.004031 0.994732
vn -0.121504 0.004018 0.992583
vn -0.140880 0.004002 0.990019
vn -0.160606 0.003984 0.987010
vn -0.162476 -0.005979 0.986694
vn 0.155046 -0.073243 0.985188
vn 0.138855 -0.086230 0.986551
vn 0.121828 -0.085437 0.988867
vn 0.105030 -0.084750 0.990851
vn 0.088429 -0.084168 0.992520
vn 0.071993 -0.083687 0.993888
vn 0.055690 -0.083306 0.994967
vn 0.039490 -0.083023 0.995765
vn 0.023362 -0.082836 0.996289
vn 0.007277 -0.082744 0.996544
vn -0.008795 -0.082748 0.996532
vn -0.024883 -0.082848 0.996252
vn -0.041016 -0.083043 0.995702
vn -0.057225 -0.083335 0.994877
vn -0.073539 -0.083725 0.993772
vn -0.089989 -0.084214 0.992376
vn -0.106607 -0.084805 0.990678
vn -0.123425 -0.085501 0.988664
vn -0.140476 -0.086304 0.986315
vn -0.140911 -0.096580 0.985300
vn 0.132921 -0.162547 0.977707
vn 0.118253 -0.174454 0.977539
vn 0.103880 -0.173303 0.979375
vn 0.089648 -0.172305 0.980956
vn 0.075535 -0.171455 0.982292
vn 0.061524 -0.170753 0.983391
vn 0.047594 -0.170195 0.984260
vn 0.033728 -0.169780 0.984905
vn 0.019906 -0.169507 0.985328
vn 0.006110 -0.169374 0.985533
vn -0.007677 -0.169382 0.985521
vn -0.021474 -0.169529 0.985291
vn -0.035300 -0.169818 0.984843
vn -0.049173 -0.170248 0.984174
vn -0.063111 -0.170821 0.983279
vn -0.077133 -0.171539 0.982153
vn -0.091258 -0.172404 0.980790
vn -0.105506 -0.173419 0.979181
vn -0.119896 -0.174586 0.977315
vn -0.118994 -0.185183 0.975473
vn 0.110744 -0.249784 0.961948
vn 0.097667 -0.260921 0.960407
vn 0.085882 -0.259730 0.961855
vn 0.074173 -0.258694 0.963107
vn 0.062531 -0.257811 0.964170
vn 0.050943 -0.257080 0.965046
vn 0.039401 -0.256499 0.965741
vn 0.027893 -0.256066 0.966257
vn 0.016410 -0.255781 0.966595
vn 0.004942 -0.255644 0.966758
vn -0.006522 -0.255653 0.966747
vn -0.017992 -0.255810 0.966560
vn -0.029478 -0.256114 0.966197
vn -0.040990 -0.256566 0.965657
vn -0.052537 -0.257167 0.964938
vn -0.064132 -0.257918 0.964036
vn -0.075783 -0.258821 0.962948
vn -0.087502 -0.259877 0.961669
vn -0.099298 -0.261088 0.960194
vn -0.097170 -0.272056 0.957363
vn 0.088932 -0.335224 0.937932
vn 0.077495 -0.345810 0.935099
vn 0.068190 -0.344785 0.936202
vn 0.058922 -0.343891 0.937159
vn 0.049685 -0.343128 0.937974
vn 0.040474 -0.342496 0.938647
vn 0.031285 -0.341993 0.939182
vn 0.022112 -0.341618 0.939579
vn 0.012951 -0.341373 0.939839
vn 0.003796 -0.341255 0.939963
vn -0.005356 -0.341265 0.939952
vn -0.014511 -0.341403 0.939805
vn -0.023674 -0.341670 0.939522
vn -0.032849 -0.342065 0.939102
vn -0.042042 -0.342588 0.938544
vn -0.051257 -0.343242 0.937848
vn -0.060499 -0.344025 0.937009
vn -0.069773 -0.344940 0.936028
vn -0.079084 -0.345987 0.934900
vn -0.075849 -0.357399 0.930867
vn 0.071765 -0.392863 0.916792
vn 0.063030 -0.390615 0.918394
vn 0.055349 -0.390081 0.919116
vn 0.047689 -0.389609 0.919745
vn 0.040048 -0.389198 0.920283
vn 0.032423 -0.388848 0.920731
vn 0.024810 -0.388560 0.921089
vn 0.017207 -0.388332 0.921359
vn 0.009610 -0.388166 0.921539
vn 0.002017 -0.388060 0.921632
vn -0.005576 -0.388015 0.921636
vn -0.013172 -0.388030 0.921553
vn -0.020773 -0.388106 0.921380
vn -0.028383 -0.388243 0.921120
vn -0.036005 -0.388441 0.920770
vn -0.043641 -0.388699 0.920331
vn -0.051296 -0.389019 0.919801
vn -0.058971 -0.389400 0.919179
vn -0.066671 -0.389842 0.918465
vn -0.061554 -0.381597 0.922277
vt 0.020000 0.020000
vt 0.020000 0.036140
vt 0.020000 0.052281
vt 0.020000 0.068421
vt 0.020000 0.084561
vt 0.020000 0.100702
vt 0.020000 0.116842
vt 0.020000 0.132982
vt 0.020000 0.149123
vt 0.020000 0.165263
vt 0.020000 0.181404
vt 0.020000 0.197544
vt 0.020000 0.213684
vt 0.020000 0.229825
vt 0.020000 0.245965
vt 0.020000 0.262105
vt 0.020000 0.278246
vt 0.020000 0.294386
vt 0.020000 0.310526
vt 0.020000 0.326667
vt 0.031842 0.020000
vt 0.031842 0.036140
vt 0.031842 0.052281
vt 0.031842 0.068421
vt 0.031842 0.084561
vt 0.031842 0.100702
vt 0.031842 0.116842
vt 0.031842 0.132982
vt 0.031842 0.149123
vt 0.031842 0.165263
vt 0.031842 0.181404
vt 0.031842 0.197544
vt 0.031842 0.213684
vt 0.031842 0.229825
vt 0.031842 0.245965
vt 0.031842 0.262105
vt 0.031842 0.278246
vt 0.031842 0.294386
vt 0.031842 0.310526
vt 0.031842 0.326667
vt 0.043684 0.020000
vt 0.043684 0.036140
vt 0.043684 0.052281
vt 0.043684 0.068421
vt 0.043684 0.084561
vt 0.043684 0.100702
vt 0.043684 0.116842
vt 0.043684 0.132982
vt 0.043684 0.149123
vt 0.043684 0.165263
vt 0.043684 0.181404
vt 0.043684 0.197544
vt 0.043684 0.213684
vt 0.043684 0.229825
vt 0.043684 0.245965
vt 0.043684 0.262105
vt 0.043684 0.278246
vt 0.043684 0.294386
vt 0.043684 0.310526
vt 0.043684 0.326667
vt 0.055526 0.020000
vt 0.055526 0.036140
vt 0.055526 0.052281
vt 0.055526 0.068421
vt 0.055526 0.084561
vt 0.055526 0.100702
vt 0.055526 0.116842
vt 0.055526 0.132982
vt 0.055526 0.149123
vt 0.055526 0.165263
vt 0.055526 0.181404
vt 0.055526 0.197544
vt 0.055526 0.213684
vt 0.055526 0.229825
vt 0.055526 0.245965
vt 0.055526 0.262105
vt 0.055526 0.278246
vt 0.055526 0.294386
vt 0.055526 0.310526
vt 0.055526 0.326667
vt 0.067368 0.020000
vt 0.067368 0.036140
vt 0.067368 0.052281
vt 0.067368 0.068421
vt 0.067368 0.084561
vt 0.067368 0.100702
vt 0.067368 0.116842
vt 0.067368 0.132982
vt 0.067368 0.149123
vt 0.067368 0.165263
vt 0.067368 0.181404
vt 0.067368 0.197544
vt 0.067368 0.213684
vt 0.067368 0.229825
vt 0.067368 0.245965
vt 0.067368 0.262105
vt 0.067368 0.278246
vt 0.067368 0.294386
vt 0.067368 0.310526
vt 0.067368 0.326667
vt 0.079211 0.020000
vt 0.079211 0.036140
vt 0.079211 0.052281
vt 0.079211 0.068421
vt 0.079211 0.084561
vt 0.079211 0.100702
vt 0.079211 0.116842
vt 0.079211 0.132982
vt 0.079211 0.149123
vt 0.079211 0.165263
vt 0.079211 0.181404
vt 0.079211 0.197544
vt 0.079211 0.213684
vt 0.079211 0.229825
vt 0.079211 0.245965
vt 0.079211 0.262105
vt 0.079211 0.278246
vt 0.079211 0.294386
vt 0.079211 0.310526
vt 0.079211 0.326667
vt 0.091053 0.020000
vt 0.091053 0.036140
vt 0.091053 0.052281
vt 0.091053 0.068421
vt 0.091053 0.084561
vt 0.091053 0.100702
vt 0.091053 0.116842
vt 0.091053 0.132982
vt 0.091053 0.149123
vt 0.091053 0.165263
vt 0.091053 0.181404
vt 0.091053 0.197544
vt 0.091053 0.213684
vt 0.091053 0.229825
vt 0.091053 0.245965
vt 0.091053 0.262105
vt 0.091053 0.278246
vt 0.091053 0.294386
vt 0.091053 0.310526
vt 0.091053 0.326667
vt 0.102895 0.020000
vt 0.102895 0.036140
vt 0.102895 0.052281
vt 0.102895 0.068421
vt 0.102895 0.084561
vt 0.102895 0.100702
vt 0.102895 0.116842
vt 0.102895 0.132982
vt 0.102895 0.149123
vt 0.102895 0.165263
vt 0.102895 0.181404
vt 0.102895 0.197544
vt 0.102895 0.213684
vt 0.102895 0.229825
vt 0.102895 0.245965
vt 0.102895 0.262105
vt 0.102895 0.278246
vt 0.102895 0.294386
vt 0.102895 0.310526
vt 0.102895 0.326667
vt 0.114737 0.020000
vt 0.114737 0.036140
vt 0.114737 0.052281
vt 0.114737 0.068421
vt 0.114737 0.084561
vt 0.114737 0.100702
vt 0.114737 0.116842
vt 0.114737 0.132982
vt 0.114737 0.149123
vt 0.114737 0.165263
vt 0.114737 0.181404
vt 0.114737 0.197544
vt 0.114737 0.213684
vt 0.114737 0.229825
vt 0.114737 0.245965
vt 0.114737 0.262105
vt 0.114737 0.278246
vt 0.114737 0.294386
vt 0.114737 0.310526
vt 0.114737 0.326667
vt 0.126579 0.020000
vt 0.126579 0.036140
vt 0.126579 0.052281
vt 0.126579 0.068421
vt 0.126579 0.084561
vt 0.126579 0.100702
vt 0.126579 0.116842
vt 0.126579 0.132982
vt 0.126579 0.149123
vt 0.126579 0.165263
vt 0.126579 0.181404
vt 0.126579 0.197544
vt 0.126579 0.213684
vt 0.126579 0.229825
vt 0.126579 0.245965
vt 0.126579 0.262105
vt 0.126579 0.278246
vt 0.126579 0.294386
vt 0.126579 0.310526
vt 0.126579 0.326667
vt 0.138421 0.020000
vt 0.138421 0.036140
vt 0.138421 0.052281
vt 0.138421 0.068421
vt 0.138421 0.084561
vt 0.138421 0.100702
vt 0.138421 0.116842
vt 0.138421 0.132982
vt 0.138421 0.149123
vt 0.138421 0.165263
vt 0.138421 0.181404
vt 0.138421 0.197544
vt 0.138421 0.213684
vt 0.138421 0.229825
vt 0.138421 0.245965
vt 0.138421 0.262105
vt 0.138421 0.278246
vt 0.138421 0.294386
vt 0.138421 0.310526
vt 0.138421 0.326667
vt 0.150263 0.020000
vt 0.150263 0.036140
vt 0.150263 0.052281
vt 0.150263 0.068421
vt 0.150263 0.084561
vt 0.150263 0.100702
vt 0.150263 0.116842
vt 0.150263 0.132982
vt 0.150263 0.149123
vt 0.150263 0.165263
vt 0.150263 0.181404
vt 0.150263 0.197544
vt 0.150263 0.213684
vt 0.150263 0.229825
vt 0.150263 0.245965
vt 0.150263 0.262105
vt 0.150263 0.278246
vt 0.150263 0.294386
vt 0.150263 0.310526
vt 0.150263 0.326667
vt 0.162105 0.020000
vt 0.162105 0.036140
vt 0.162105 0.052281
vt 0.162105 0.068421
vt 0.162105 0.084561
vt 0.162105 0.100702
vt 0.162105 0.116842
vt 0.162105 0.132982
vt 0.162105 0.149123
vt 0.162105 0.165263
vt 0.162105 0.181404
vt 0.162105 0.197544
vt 0.162105 0.213684
vt 0.162105 0.229825
vt 0.162105 0.245965
vt 0.162105 0.262105
vt 0.162105 0.278246
vt 0.162105 0.294386
vt 0.162105 0.310526
vt 0.162105 0.326667
vt 0.173947 0.020000
vt 0.173947 0.036140
vt 0.173947 0.052281
vt 0.173947 0.068421
vt 0.173947 0.084561
vt 0.173947 0.100702
vt 0.173947 0.116842
vt 0.173947 0.132982
vt 0.173947 0.149123
vt 0.173947 0.165263
vt 0.173947 0.181404
vt 0.173947 0.197544
vt 0.173947 0.213684
vt 0.173947 0.229825
vt 0.173947 0.245965
vt 0.173947 0.262105
vt 0.173947 0.278246
vt 0.173947 0.294386
vt 0.173947 0.310526
vt 0.173947 0.326667
vt 0.185789 0.020000
vt 0.185789 0.036140
vt 0.185789 0.052281
vt 0.185789 0.068421
vt 0.185789 0.084561
vt 0.185789 0.100702
vt 0.185789 0.116842
vt 0.185789 0.132982
vt 0.185789 0.149123
vt 0.185789 0.165263
vt 0.185789 0.181404
vt 0.185789 0.197544
vt 0.185789 0.213684
vt 0.185789 0.229825
vt 0.185789 0.245965
vt 0.185789 0.262105
vt 0.185789 0.278246
vt 0.185789 0.294386
vt 0.185789 0.310526
vt 0.185789 0.326667
vt 0.197632 0.020000
vt 0.197632 0.036140
vt 0.197632 0.052281
vt 0.197632 0.068421
vt 0.197632 0.084561
vt 0.197632 0.100702
vt 0.197632 0.116842
vt 0.197632 0.132982
vt 0.197632 0.149123
vt 0.197632 0.165263
vt 0.197632 0.181404
vt 0.197632 0.197544
vt 0.197632 0.213684
vt 0.197632 0.229825
vt 0.197632 0.245965
vt 0.197632 0.262105
vt 0.197632 0.278246
vt 0.197632 0.294386
vt 0.197632 0.310526
vt 0.197632 0.326667
vt 0.209474 0.020000
vt 0.209474 0.036140
vt 0.209474 0.052281
vt 0.209474 0.068421
vt 0.209474 0.084561
vt 0.209474 0.100702
vt 0.209474 0.116842
vt 0.209474 0.132982
vt 0.209474 0.149123
vt 0.209474 0.165263
vt 0.209474 0.181404
vt 0.209474 0.197544
vt 0.209474 0.213684
vt 0.209474 0.229825
vt 0.209474 0.245965
vt 0.209474 0.262105
vt 0.209474 0.278246
vt 0.209474 0.294386
vt 0.209474 0.310526
vt 0.209474 0.326667
vt 0.221316 0.020000
vt 0.221316 0.036140
vt 0.221316 0.052281
vt 0.221316 0.068421
vt 0.221316 0.084561
vt 0.221316 0.100702
vt 0.221316 0.116842
vt 0.221316 0.132982
vt 0.221316 0.149123
vt 0.221316 0.165263
vt 0.221316 0.181404
vt 0.221316 0.197544
vt 0.221316 0.213684
vt 0.221316 0.229825
vt 0.221316 0.245965
vt 0.221316 0.262105
vt 0.221316 0.278246
vt 0.221316 0.294386
vt 0.221316 0.310526
vt 0.221316 0.326667
vt 0.233158 0.020000
vt 0.233158 0.036140
vt 0.233158 0.052281
vt 0.233158 0.068421
vt 0.233158 0.084561
vt 0.233158 0.100702
vt 0.233158 0.116842
vt 0.233158 0.132982
vt 0.233158 0.149123
vt 0.233158 0.165263
vt 0.233158 0.181404
vt 0.233158 0.197544
vt 0.233158 0.213684
vt 0.233158 0.229825
vt 0.233158 0.245965
vt 0.233158 0.262105
vt 0.233158 0.278246
vt 0.233158 0.294386
vt 0.233158 0.310526
vt 0.233158 0.326667
vt 0.245000 0.020000
vt 0.245000 0.036140
vt 0.245000 0.052281
vt 0.245000 0.068421
vt 0.245000 0.084561
vt 0.245000 0.100702
vt 0.245000 0.116842
vt 0.245000 0.132982
vt 0.245000 0.149123
vt 0.245000 0.165263
vt 0.245000 0.181404
vt 0.245000 0.197544
vt 0.245000 0.213684
vt 0.245000 0.229825
vt 0.245000 0.245965
vt 0.245000 0.262105
vt 0.245000 0.278246
vt 0.245000 0.294386
vt 0.245000 0.310526
vt 0.245000 0.326667
f 1/1/1 2/2/2 21/21/21
f 2/2/2 22/22/22 21/21/21
f 2/2/2 3/3/3 22/22/22
f 3/3/3 23/23/23 22/22/22
f 3/3/3 4/4/4 23/23/23
f 4/4/4 24/24/24 23/23/23
f 4/4/4 5/5/5 24/24/24
f 5/5/5 25/25/25 24/24/24
f 5/5/5 6/6/6 25/25/25
f 6/6/6 26/26/26 25/25/25
f 6/6/6 7/7/7 26/26/26
f 7/7/7 27/27/27 26/26/26
f 7/7/7 8/8/8 27/27/27
f 8/8/8 28/28/28 27/27/27
f 8/8/8 9/9/9 28/28/28
f 9/9/9 29/29/29 28/28/28
f 9/9/9 10/10/10 29/29/29
f 10/10/10 30/30/30 29/29/29
f 10/10/10 11/11/11 30/30/30
f 11/11/11 31/31/31 30/30/30
f 11/11/11 12/12/12 31/31/31
f 12/12/12 32/32/32 31/31/31
f 12/12/12 13/13/13 32/32/32
f 13/13/13 33/33/33 32/32/32
f 13/13/13 14/14/14 33/33/33
f 14/14/14 34/34/34 33/33/33
f 14/14/14 15/15/15 34/34/34
f 15/15/15 35/35/35 34/34/34
f 15/15/15 16/16/16 35/35/35
f 16/16/16 36/36/36 35/35/35
f 16/16/16 17/17/17 36/36/36
f 17/17/17 37/37/37 36/36/36
f 17/17/17 18/18/18 37/37/37
f 18/18/18 38/38/38 37/37/37
f 18/18/18 19/19/19 38/38/38
f 19/19/19 39/39/39 38/38/38
f 19/19/19 20/20/20 39/39/39
f 20/20/20 40/40/40 39/39/39
f 21/21/21 22/22/22 41/41/41
f 22/22/22 42/42/42 41/41/41
f 22/22/22 23/23/23 42/42/42
f 23/23/23 43/43/43 42/42/42
f 23/23/23 24/24/24 43/43/43
f 24/24/24 44/44/44 43/43/43
f 24/24/24 25/25/25 44/44/44
f 25/25/25 45/45/45 44/44/44
f 25/25/25 26/26/26 45/45/45
f 26/26/26 46/46/46 45/45/45
f 26/26/26 27/27/27 46/46/46
f 27/27/27 47/47/47 46/46/46
f 27/27/27 28/28/28 47/47/47
f 28/28/28 48/48/48 47/47/47
f 28/28/28 29/29/29 48/48/48
f 29/29/29 49/49/49 48/48/48
f 29/29/29 30/30/30 49/49/49
f 30/30/30 50/50/50 49/49/49
f 30/30/30 31/31/31 50/50/50
f 31/31/31 51/51/51 50/50/50
f 31/31/31 32/32/32 51/51/51
f 32/32/32 52/52/52 51/51/51
f 32/32/32 33/33/33 52/52/52
f 33/33/33 53/53/53 52/52/52
f 33/33/33 34/34/34 53/53/53
f 34/34/34 54/54/54 53/53/53
f 34/34/34 35/35/35 54/54/54
f 35/35/35 55/55/55 54/54/54
f 35/35/35 36/36/36 55/55/55
f 36/36/36 56/56/56 55/55/55
f 36/36/36 37/37/37 56/56/56
f 37/37/37 57/57/57 56/56/56
f 37/37/37 38/38/38 57/57/57
f 38/38/38 58/58/58 57/57/57
f 38/38/38 39/39/39 58/58/58
f 39/39/39 59/59/59 58/58/58
f 39/39/39 40/40/40 59/59/59
f 40/40/40 60/60/60 59/59/59
f 41/41/41 42/42/42 61/61/61
f 42/42/42 62/62/62 61/61/61
f 42/42/42 43/43/43 62/62/62
f 43/43/43 63/63/63 62/62/62
f 43/43/43 44/44/44 63/63/63
f 44/44/44 64/64/64 63/63/63
f 44/44/44 45/45/45 64/64/64
f 45/45/45 65/65/65 64/64/64
f 45/45/45 46/46/46 65/65/65
f 46/46/46 66/66/66 65/65/65
f 46/46/46 47/47/47 66/66/66
f 47/47/47 67/67/67 66/66/66
f 47/47/47 48/48/48 67/67/67
f 48/48/48 68/68/68 67/67/67
f 48/48/48 49/49/49 68/68/68
f 49/49/49 69/69/69 68/68/68
f 49/49/49 50/50/50 69/69/69
f 50/50/50 70/70/70 69/69/69
f 50/50/50 51/51/51 70/70/70
f 51/51/51 71/71/71 70/70/70
f 51/51/51 52/52/52 71/71/71
f 52/52/52 72/72/72 71/71/71
f 52/52/52 53/53/53 72/72/72
f 53/53/53 73/73/73 72/72/72
f 53/53/53 54/54/54 73/73/73
f 54/54/54 74/74/74 73/73/73
f 54/54/54 55/55/55 74/74/74
f 55/55/55 75/75/75 74/74/74
f 55/55/55 56/56/56 75/75/75
f 56/56/56 76/76/76 75/75/75
f 56/56/56 57/57/57 76/76/76
f 57/57/57 77/77/77 76/76/76
f 57/57/57 58/58/58 77/77/77
f 58/58/58 78/78/78 77/77/77
f 58/58/58 59/59/59 78/78/78
f 59/59/59 79/79/79 78/78/78
f 59/59/59 60/60/60 79/79/79
f 60/60/60 80/80/80 79/79/79
f 61/61/61 62/62/62 81/81/81
f 62/62/62 82/82/82 81/81/81
f 62/62/62 63/63/63 82/82/82
f 63/63/63 83/83/83 82/82/82
f 63/63/63 64/64/64 83/83/83
f 64/64/64 84/84/84 83/83/83
f 64/64/64 65/65/65 84/84/84
f 65/65/65 85/85/85 84/84/84
f 65/65/65 66/66/66 85/85/85
f 66/66/66 86/86/86 85/85/85
f 66/66/66 67/67/67 86/86/86
f 67/67/67 87/87/87 86/86/86
f 67/67/67 68/68/68 87/87/87
f 68/68/68 88/88/88 87/87/87
f 68/68/68 69/69/69 88/88/88
f 69/69/69 89/89/89 88/88/88
f 69/69/69 70/70/70 89/89/89
f 70/70/70 90/90/90 89/89/89
f 70/70/70 71/71/71 90/90/90
f 71/71/71 91/91/91 90/90/90
f 71/71/71 72/72/72 91/91/91
f 72/72/72 92/92/92 91/91/91
f 72/72/72 73/73/73 92/92/92
f 73/73/73 93/93/93 92/92/92
f 73/73/73 74/74/74 93/93/93
f 74/74/74 94/94/94 93/93/93
f 74/74/74 75/75/75 94/94/94
f 75/75/75 95/95/95 94/94/94
f 75/75/75 76/76/76 95/95/95
f 76/76/76 96/96/96 95/95/95
f 76/76/76 77/77/77 96/96/96
f 77/77/77 97/97/97 96/96/96
f 77/77/77 78/78/78 97/97/97
f 78/78/78 98/98/98 97/97/97
f 78/78/78 79/79/79 98/98/98
f 79/79/79 99/99/99 98/98/98
f 79/79/79 80/80/80 99/99/99
f 80/80/80 100/100/100 99/99/99
f 81/81/81 82/82/82 101/101/101
f 82/82/82 102/102/102 101/101/101
f 82/82/82 83/83/83 102/102/102
f 83/83/83 103/103/103 102/102/102
f 83/83/83 84/84/84 103/103/103
f 84/84/84 104/104/104 103/103/103
f 84/84/84 85/85/85 104/104/104
f 85/85/85 105/105/105 104/104/104
f 85/85/85 86/86/86 105/105/105
f 86/86/86 106/106/106 105/105/105
f 86/86/86 87/87/87 106/106/106
f 87/87/87 107/107/107 106/106/106
f 87/87/87 88/88/88 107/107/107
f 88/88/88 108/108/108 107/107/107
f 88/88/88 89/89/89 108/108/108
f 89/89/89 109/109/109 108/108/108
f 89/89/89 90/90/90 109/109/109
f 90/90/90 110/110/110 109/109/109
f 90/90/90 91/91/91 110/110/110
f 91/91/91 111/111/111 110/110/110
f 91/91/91 92/92/92 111/111/111
f 92/92/92 112/112/112 111/111/111
f 92/92/92 93/93/93 112/112/112
f 93/93/93 113/113/113 112/112/112
f 93/93/93 94/94/94 113/113/113
f 94/94/94 114/114/114 113/113/113
f 94/94/94 95/95/95 114/114/114
f 95/95/95 115/115/115 114/114/114
f 95/95/95 96/96/96 115/115/115
f 96/96/96 116/116/116 115/115/115
f 96/96/96 97/97/97 116/116/116
f 97/97/97 117/117/117 116/116/116
f 97/97/97 98/98/98 117/117/117
f 98/98/98 118/118/118 117/117/117
f 98/98/98 99/99/99 118/118/118
f 99/99/99 119/119/119 118/118/118
f 99/99/99 100/100/100 119/119/119
f 100/100/100 120/120/120 119/119/119
f 101/101/101 102/102/102 121/121/121
f 102/102/102 122/122/122 121/121/121
f 102/102/102 103/103/103 122/122/122
f 103/103/103 123/123/123 122/122/122
f 103/103/103 104/104/104 123/123/123
f 104/104/104 124/124/124 123/123/123
f 104/104/104 105/105/105 124/124/124
f 105/105/105 125/125/125 124/124/124
f 105/105/105 106/106/106 125/125/125
f 106/106/106 126/126/126 125/125/125
f 106/106/106 107/107/107 126/126/126
f 107/107/107 127/127/127 126/126/126
f 107/107/107 108/108/108 127/127/127
f 108/108/108 128/128/128 127/127/127
f 108/108/108 109/109/109 128/128/128
f 109/109/109 129/129/129 128/128/128
f 109/109/109 110/110/110 129/129/129
f 110/110/110 130/130/130 129/129/129
f 110/110/110 111/111/111 130/130/130
f 111/111/111 131/131/131 130/130/130
f 111/111/111 112/112/112 131/131/131
f 112/112/112 132/132/132 131/131/131
f 112/112/112 113/113/113 132/132/132
f 113/113/113 133/133/133 132/132/132
f 113/113/113 114/114/114 133/133/133
f 114/114/114 134/134/134 133/133/133
f 114/114/114 115/115/115 134/134/134
f 115/115/115 135/135/135 134/134/134
f 115/115/115 116/116/116 135/135/135
f 116/116/116 136/136/136 135/135/135
f 116/116/116 117/117/117 136/136/136
f 117/117/117 137/137/137 136/136/136
f 117/117/117 118/118/118 137/137/137
f 118/118/118 138/138/138 137/137/137
f 118/118/118 119/119/119 138/138/138
f 119/119/119 139/139/139 138/138/138
f 119/119/119 120/120/120 139/139/139
f 120/120/120 140/140/140 139/139/139
f 121/121/121 122/122/122 141/141/141
f 122/122/122 142/142/142 141/141/141
f 122/122/122 123/123/123 142/142/142
f 123/123/123 143/143/143 142/142/142
f 123/123/123 124/124/124 143/143/143
f 124/124/124 144/144/144 143/143/143
f 124/124/124 125/125/125 144/144/144
f 125/125/125 145/145/145 144/144/144
f 125/125/125 126/126/126 145/145/145
f 126/126/126 146/146/146 145/145/145
f 126/126/126 127/127/127 146/146/146
f 127/127/127 147/147/147 146/146/146
f 127/127/127 128/128/128 147/147/147
f 128/128/128 148/148/148 147/147/147
f 128/128/128 129/129/129 148/148/148
f 129/129/129 149/149/149 148/148/148
f 129/129/129 130/130/130 149/149/149
f 130/130/130 150/150/150 149/149/149
f 130/130/130 131/131/131 150/150/150
f 131/131/131 151/151/151 150/150/150
f 131/131/131 132/132/132 151/151/151
f 132/132/132 152/152/152 151/151/151
f 132/132/132 133/133/133 152/152/152
f 133/133/133 153/153/153 152/152/152
f 133/133/133 134/134/134 153/153/153
f 134/134/134 154/154/154 153/153/153
f 134/134/134 135/135/135 154/154/154
f 135/135/135 155/155/155 154/154/154
f 135/135/135 136/136/136 155/155/155
f 136/136/136 156/156/156 155/155/155
f 136/136/136 137/137/137 156/156/156
f 137/137/137 157/157/157 156/156/156
f 137/137/137 138/138/138 157/157/157
f 138/138/138 158/158/158 157/157/157
f 138/138/138 139/139/139 158/158/158
f 139/139/139 159/159/159 158/158/158
f 139/139/139 140/140/140 159/159/159
f 140/140/140 160/160/160 159/159/159
f 141/141/141 142/142/142 161/161/161
f 142/142/142 162/162/162 161/161/161
f 142/142/142 143/143/143 162/162/162
f 143/143/143 163/163/163 162/162/162
f 143/143/143 144/144/144 163/163/163
f 144/144/144 164/164/164 163/163/163
f 144/144/144 145/145/145 164/164/164
f 145/145/145 165/165/165 164/164/164
f 145/145/145 146/146/146 165/165/165
f 146/146/146 166/166/166 165/165/165
f 146/146/146 147/147/147 166/166/166
f 147/147/147 167/167/167 166/166/166
f 147/147/147 148/148/148 167/167/167
f 148/148/148 168/168/168 167/167/167
f 148/148/148 149/149/149 168/168/168
f 149/149/149 169/169/169 168/168/168
f 149/149/149 150/150/150 169/169/169
f 150/150/150 170/170/170 169/169/169
f 150/150/150 151/151/151 170/170/170
f 151/151/151 171/171/171 170/170/170
f 151/151/151 152/152/152 171/171/171
f 152/152/152 172/172/172 171/171/171
f 152/152/152 153/153/153 172/172/172
f 153/153/153 173/173/173 172/172/172
f 153/153/153 154/154/154 173/173/173
f 154/154/154 174/174/174 173/173/173
f 154/154/154 155/155/155 174/174/174
f 155/155/155 175/175/175 174/174/174
f 155/155/155 156/156/156 175/175/175
f 156/156/156 176/176/176 175/175/175
f 156/156/156 157/157/157 176/176/176
f 157/157/157 177/177/177 176/176/176
f 157/157/157 158/158/158 177/177/177
f 158/158/158 178/178/178 177/177/177
f 158/158/158 159/159/159 178/178/178
f 159/159/159 179/179/179 178/178/178
f 159/159/159 160/160/160 179/179/179
f 160/160/160 180/180/180 179/179/179
f 161/161/161 162/162/162 181/181/181
f 162/162/162 182/182/182 181/181/181
f 162/162/162 163/163/163 182/182/182
f 163/163/163 183/183/183 182/182/182
f 163/163/163 164/164/164 183/183/183
f 164/164/164 184/184/184 183/183/183
f 164/164/164 165/165/165 184/184/184
f 165/165/165 185/185/185 184/184/184
f 165/165/165 166/166/166 185/185/185
f 166/166/166 186/186/186 185/185/185
f 166/166/166 167/167/167 186/186/186
f 167/167/167 187/187/187 186/186/186
f 167/167/167 168/168/168 187/187/187
f 168/168/168 188/188/188 187/187/187
f 168/168/168 169/169/169 188/188/188
f 169/169/169 189/189/189 188/188/188
f 169/169/169 170/170/170 189/189/189
f 170/170/170 190/190/190 189/189/189
f 170/170/170 171/171/171 190/190/190
f 171/171/171 191/191/191 190/190/190
f 171/171/171 172/172/172 191/191/191
f 172/172/172 192/192/192 191/191/191
f 172/172/172 173/173/173 192/192/192
f 173/173/173 193/193/193 192/192/192
f 173/173/173 174/174/174 193/193/193
f 174/174/174 194/194/194 193/193/193
f 174/174/174 175/175/175 194/194/194
f 175/175/175 195/195/195 194/194/194
f 175/175/175 176/176/176 195/195/195
f 176/176/176 196/196/196 195/195/195
f 176/176/176 177/177/177 196/196/196
f 177/177/177 197/197/197 196/196/196
f 177/177/177 178/178/178 197/197/197
f 178/178/178 198/198/198 197/197/197
f 178/178/178 179/179/179 198/198/198
f 179/179/179 199/199/199 198/198/198
f 179/179/179 180/180/180 199/199/199
f 180/180/180 200/200/200 199/199/199
f 181/181/181 182/182/182 201/201/201
f 182/182/182 202/202/202 201/201/201
f 182/182/182 183/183/183 202/202/202
f 183/183/183 203/203/203 202/202/202
f 183/183/183 184/184/184 203/203/203
f 184/184/184 204/204/204 203/203/203
f 184/184/184 185/185/185 204/204/204
f 185/185/185 205/205/205 204/204/204
f 185/185/185 186/186/186 205/205/205
f 186/186/186 206/206/206 205/205/205
f 186/186/186 187/187/187 206/206/206
f 187/187/187 207/207/207 206/206/206
f 187/187/187 188/188/188 207/207/207
f 188/188/188 208/208/208 207/207/207
f 188/188/188 189/189/189 208/208/208
f 189/189/189 209/209/209 208/208/208
f 189/189/189 190/190/190 209/209/209
f 190/190/190 210/210/210 209/209/209
f 190/190/190 191/191/191 210/210/210
f 191/191/191 211/211/211 210/210/210
f 191/191/191 192/192/192 211/211/211
f 192/192/192 212/212/212 211/211/211
f 192/192/192 193/193/193 212/212/212
f 193/193/193 213/213/213 212/212/212
f 193/193/193 194/194/194 213/213/213
f 194/194/194 214/214/214 213/213/213
f 194/194/194 195/195/195 214/214/214
f 195/195/195 215/215/215 214/214/214
f 195/195/195 196/196/196 215/215/215
f 196/196/196 216/216/216 215/215/215
f 196/196/196 197/197/197 216/216/216
f 197/197/197 217/217/217 216/216/216
f 197/197/197 198/198/198 217/217/217
f 198/198/198 218/218/218 217/217/217
f 198/198/198 199/199/199 218/218/218
f 199/199/199 219/219/219 218/218/218
f 199/199/199 200/200/200 219/219/219
f 200/200/200 220/220/220 219/219/219
f 201/201/201 202/202/202 221/221/221
f 202/202/202 222/222/222 221/221/221
f 202/202/202 203/203/203 222/222/222
f 203/203/203 223/223/223 222/222/222
f 203/203/203 204/204/204 223/223/223
f 204/204/204 224/224/224 223/223/223
f 204/204/204 205/205/205 224/224/224
f 205/205/205 225/225/225 224/224/224
f 205/205/205 206/206/206 225/225/225
f 206/206/206 226/226/226 225/225/225
f 206/206/206 207/207/207 226/226/226
f 207/207/207 227/227/227 226/226/226
f 207/207/207 208/208/208 227/227/227
f 208/208/208 228/228/228 227/227/227
f 208/208/208 209/209/209 228/228/228
f 209/209/209 229/229/229 228/228/228
f 209/209/209 210/210/210 229/229/229
f 210/210/210 230/230/230 229/229/229
f 210/210/210 211/211/211 230/230/230
f 211/211/211 231/231/231 230/230/230
f 211/211/211 212/212/212 231/231/231
f 212/212/212 232/232/232 231/231/231
f 212/212/212 213/213/213 232/232/232
f 213/213/213 233/233/233 232/232/232
f 213/213/213 214/214/214 233/233/233
f 214/214/214 234/234/234 233/233/233
f 214/214/214 215/215/215 234/234/234
f 215/215/215 235/235/235 234/234/234
f 215/215/215 216/216/216 235/235/235
f 216/216/216 236/236/236 235/235/235
f 216/216/216 217/217/217 236/236/236
f 217/217/217 237/237/237 236/236/236
f 217/217/217 218/218/218 237/237/237
f 218/218/218 238/238/238 237/237/237
f 218/218/218 219/219/219 238/238/238
f 219/219/219 239/239/239 238/238/238
f 219/219/219 220/220/220 239/239/239
f 220/220/220 240/240/240 239/239/239
f 221/221/221 222/222/222 241/241/241
f 222/222/222 242/242/242 241/241/241
f 222/222/222 223/223/223 242/242/242
f 223/223/223 243/243/243 242/242/242
f 223/223/223 224/224/224 243/243/243
f 224/224/224 244/244/244 243/243/243
f 224/224/224 225/225/225 244/244/244
f 225/225/225 245/245/245 244/244/244
f 225/225/225 226/226/226 245/245/245
f 226/226/226 246/246/246 245/245/245
f 226/226/226 227/227/227 246/246/246
f 227/227/227 247/247/247 246/246/246
f 227/227/227 228/228/228 247/247/247
f 228/228/228 248/248/248 247/247/247
f 228/228/228 229/229/229 248/248/248
f 229/229/229 249/249/249 248/248/248
f 229/229/229 230/230/230 249/249/249
f 230/230/230 250/250/250 249/249/249
f 230/230/230 231/231/231 250/250/250
f 231/231/231 251/251/251 250/250/250
f 231/231/231 232/232/232 251/251/251
f 232/232/232 252/252/252 251/251/251
f 232/232/232 233/233/233 252/252/252
f 233/233/233 253/253/253 252/252/252
f 233/233/233 234/234/234 253/253/253
f 234/234/234 254/254/254 253/253/253
f 234/234/234 235/235/235 254/254/254
f 235/235/235 255/255/255 254/254/254
f 235/235/235 236/236/236 255/255/255
f 236/236/236 256/256/256 255/255/255
f 236/236/236 237/237/237 256/256/256
f 237/237/237 257/257/257 256/256/256
f 237/237/237 238/238/238 257/257/257
f 238/238/238 258/258/258 257/257/257
f 238/238/238 239/239/239 258/258/258
f 239/239/239 259/259/259 258/258/258
f 239/239/239 240/240/240 259/259/259
f 240/240/240 260/260/260 259/259/259
f 241/241/241 242/242/242 261/261/261
f 242/242/242 262/262/262 261/261/261
f 242/242/242 243/243/243 262/262/262
f 243/243/243 263/263/263 262/262/262
f 243/243/243 244/244/244 263/263/263
f 244/244/244 264/264/264 263/263/263
f 244/244/244 245/245/245 264/264/264
f 245/245/245 265/265/265 264/264/264
f 245/245/245 246/246/246 265/265/265
f 246/246/246 266/266/266 265/265/265
f 246/246/246 247/247/247 266/266/266
f 247/247/247 267/267/267 266/266/266
f 247/247/247 248/248/248 267/267/267
f 248/248/248 268/268/268 267/267/267
f 248/248/248 249/249/249 268/268/268
f 249/249/249 269/269/269 268/268/268
f 249/249/249 250/250/250 269/269/269
f 250/250/250 270/270/270 269/269/269
f 250/250/250 251/251/251 270/270/270
f 251/251/251 271/271/271 270/270/270
f 251/251/251 252/252/252 271/271/271
f 252/252/252 272/272/272 271/271/271
f 252/252/252 253/253/253 272/272/272
f 253/253/253 273/273/273 272/272/272
f 253/253/253 254/254/254 273/273/273
f 254/254/254 274/274/274 273/273/273
f 254/254/254 255/255/255 274/274/274
f 255/255/255 275/275/275 274/274/274
f 255/255/255 256/256/256 275/275/275
f 256/256/256 276/276/276 275/275/275
f 256/256/256 257/257/257 276/276/276
f 257/257/257 277/277/277 276/276/276
f 257/257/257 258/258/258 277/277/277
f 258/258/258 278/278/278 277/277/277
f 258/258/258 259/259/259 278/278/278
f 259/259/259 279/279/279 278/278/278
f 259/259/259 260/260/260 279/279/279
f 260/260/260 280/280/280 279/279/279
f 261/261/261 262/262/262 281/281/281
f 262/262/262 282/282/282 281/281/281
f 262/262/262 263/263/263 282/282/282
f 263/263/263 283/283/283 282/282/282
f 263/263/263 264/264/264 283/283/283
f 264/264/264 284/284/284 283/283/283
f 264/264/264 265/265/265 284/284/284
f 265/265/265 285/285/285 284/284/284
f 265/265/265 266/266/266 285/285/285
f 266/266/266 286/286/286 285/285/285
f 266/266/266 267/267/267 286/286/286
f 267/267/267 287/287/287 286/286/286
f 267/267/267 268/268/268 287/287/287
f 268/268/268 288/288/288 287/287/287
f 268/268/268 269/269/269 288/288/288
f 269/269/269 289/289/289 288/288/288
f 269/269/269 270/270/270 289/289/289
f 270/270/270 290/290/290 289/289/289
f 270/270/270 271/271/271 290/290/290
f 271/271/271 291/291/291 290/290/290
f 271/271/271 272/272/272 291/291/291
f 272/272/272 292/292/292 291/291/291
f 272/272/272 273/273/273 292/292/292
f 273/273/273 293/293/293 292/292/292
f 273/273/273 274/274/274 293/293/293
f 274/274/274 294/294/294 293/293/293
f 274/274/274 275/275/275 294/294/294
f 275/275/275 295/295/295 294/294/294
f 275/275/275 276/276/276 295/295/295
f 276/276/276 296/296/296 295/295/295
f 276/276/276 277/277/277 296/296/296
f 277/277/277 297/297/297 296/296/296
f 277/277/277 278/278/278 297/297/297
f 278/278/278 298/298/298 297/297/297
f 278/278/278 279/279/279 298/298/298
f 279/279/279 299/299/299 298/298/298
f 279/279/279 280/280/280 299/299/299
f 280/280/280 300/300/300 299/299/299
f 281/281/281 282/282/282 301/301/301
f 282/282/282 302/302/302 301/301/301
f 282/282/282 283/283/283 302/302/302
f 283/283/283 303/303/303 302/302/302
f 283/283/283 284/284/284 303/303/303
f 284/284/284 304/304/304 303/303/303
f 284/284/284 285/285/285 304/304/304
f 285/285/285 305/305/305 304/304/304
f 285/285/285 286/286/286 305/305/305
f 286/286/286 306/306/306 305/305/305
f 286/286/286 287/287/287 306/306/306
f 287/287/287 307/307/307 306/306/306
f 287/287/287 288/288/288 307/307/307
f 288/288/288 308/308/308 307/307/307
f 288/288/288 289/289/289 308/308/308
f 289/289/289 309/309/309 308/308/308
f 289/289/289 290/290/290 309/309/309
f 290/290/290 310/310/310 309/309/309
f 290/290/290 291/291/291 310/310/310
f 291/291/291 311/311/311 310/310/310
f 291/291/291 292/292/292 311/311/311
f 292/292/292 312/312/312 311/311/311
f 292/292/292 293/293/293 312/312/312
f 293/293/293 313/313/313 312/312/312
f 293/293/293 294/294/294 313/313/313
f 294/294/294 314/314/314 313/313/313
f 294/294/294 295/295/295 314/314/314
f 295/295/295 315/315/315 314/314/314
f 295/295/295 296/296/296 315/315/315
f 296/296/296 316/316/316 315/315/315
f 296/296/296 297/297/297 316/316/316
f 297/297/297 317/317/317 316/316/316
f 297/297/297 298/298/298 317/317/317
f 298/298/298 318/318/318 317/317/317
f 298/298/298 299/299/299 318/318/318
f 299/299/299 319/319/319 318/318/318
f 299/299/299 300/300/300 319/319/319
f 300/300/300 320/320/320 319/319/319
f 301/301/301 302/302/302 321/321/321
f 302/302/302 322/322/322 321/321/321
f 302/302/302 303/303/303 322/322/322
f 303/303/303 323/323/323 322/322/322
f 303/303/303 304/304/304 323/323/323
f 304/304/304 324/324/324 323/323/323
f 304/304/304 305/305/305 324/324/324
f 305/305/305 325/325/325 324/324/324
f 305/305/305 306/306/306 325/325/325
f 306/306/306 326/326/326 325/325/325
f 306/306/306 307/307/307 326/326/326
f 307/307/307 327/327/327 326/326/326
f 307/307/307 308/308/308 327/327/327
f 308/308/308 328/328/328 327/327/327
f 308/308/308 309/309/309 328/328/328
f 309/309/309 329/329/329 328/328/328
f 309/309/309 310/310/310 329/329/329
f 310/310/310 330/330/330 329/329/329
f 310/310/310 311/311/311 330/330/330
f 311/311/311 331/331/331 330/330/330
f 311/311/311 312/312/312 331/331/331
f 312/312/312 332/332/332 331/331/331
f 312/312/312 313/313/313 332/332/332
f 313/313/313 333/333/333 332/332/332
f 313/313/313 314/314/314 333/333/333
f 314/314/314 334/334/334 333/333/333
f 314/314/314 315/315/315 334/334/334
f 315/315/315 335/335/335 334/334/334
f 315/315/315 316/316/316 335/335/335
f 316/316/316 336/336/336 335/335/335
f 316/316/316 317/317/317 336/336/336
f 317/317/317 337/337/337 336/336/336
f 317/317/317 318/318/318 337/337/337
f 318/318/318 338/338/338 337/337/337
f 318/318/318 319/319/319 338/338/338
f 319/319/319 339/339/339 338/338/338
f 319/319/319 320/320/320 339/339/339
f 320/320/320 340/340/340 339/339/339
f 321/321/321 322/322/322 341/341/341
f 322/322/322 342/342/342 341/341/341
f 322/322/322 323/323/323 342/342/342
f 323/323/323 343/343/343 342/342/342
f 323/323/323 324/324/324 343/343/343
f 324/324/324 344/344/344 343/343/343
f 324/324/324 325/325/325 344/344/344
f 325/325/325 345/345/345 344/344/344
f 325/325/325 326/326/326 345/345/345
f 326/326/326 346/346/346 345/345/345
f 326/326/326 327/327/327 346/346/346
f 327/327/327 347/347/347 346/346/346
f 327/327/327 328/328/328 347/347/347
f 328/328/328 348/348/348 347/347/347
f 328/328/328 329/329/329 348/348/348
f 329/329/329 349/349/349 348/348/348
f 329/329/329 330/330/330 349/349/349
f 330/330/330 350/350/350 349/349/349
f 330/330/330 331/331/331 350/350/350
f 331/331/331 351/351/351 350/350/350
f 331/331/331 332/332/332 351/351/351
f 332/332/332 352/352/352 351/351/351
f 332/332/332 333/333/333 352/352/352
f 333/333/333 353/353/353 352/352/352
f 333/333/333 334/334/334 353/353/353
f 334/334/334 354/354/354 353/353/353
f 334/334/334 335/335/335 354/354/354
f 335/335/335 355/355/355 354/354/354
f 335/335/335 336/336/336 355/355/355
f 336/336/336 356/356/356 355/355/355
f 336/336/336 337/337/337 356/356/356
f 337/337/337 357/357/357 356/356/356
f 337/337/337 338/338/338 357/357/357
f 338/338/338 358/358/358 357/357/357
f 338/338/338 339/339/339 358/358/358
f 339/339/339 359/359/359 358/358/358
f 339/339/339 340/340/340 359/359/359
f 340/340/340 360/360/360 359/359/359
f 341/341/341 342/342/342 361/361/361
f 342/342/342 362/362/362 361/361/361
f 342/342/342 343/343/343 362/362/362
f 343/343/343 363/363/363 362/362/362
f 343/343/343 344/344/344 363/363/363
f 344/344/344 364/364/364 363/363/363
f 344/344/344 345/345/345 364/364/364
f 345/345/345 365/365/365 364/364/364
f 345/345/345 346/346/346 365/365/365
f 346/346/346 366/366/366 365/365/365
f 346/346/346 347/347/347 366/366/366
f 347/347/347 367/367/367 366/366/366
f 347/347/347 348/348/348 367/367/367
f 348/348/348 368/368/368 367/367/367
f 348/348/348 349/349/349 368/368/368
f 349/349/349 369/369/369 368/368/368
f 349/349/349 350/350/350 369/369/369
f 350/350/350 370/370/370 369/369/369
f 350/350/350 351/351/351 370/370/370
f 351/351/351 371/371/371 370/370/370
f 351/351/351 352/352/352 371/371/371
f 352/352/352 372/372/372 371/371/371
f 352/352/352 353/353/353 372/372/372
f 353/353/353 373/373/373 372/372/372
f 353/353/353 354/354/354 373/373/373
f 354/354/354 374/374/374 373/373/373
f 354/354/354 355/355/355 374/374/374
f 355/355/355 375/375/375 374/374/374
f 355/355/355 356/356/356 375/375/375
f 356/356/356 376/376/376 375/375/375
f 356/356/356 357/357/357 376/376/376
f 357/357/357 377/377/377 376/376/376
f 357/357/357 358/358/358 377/377/377
f 358/358/358 378/378/378 377/377/377
f 358/358/358 359/359/359 378/378/378
f 359/359/359 379/379/379 378/378/378
f 359/359/359 360/360/360 379/379/379
f 360/360/360 380/380/380 379/379/379
f 361/361/361 362/362/362 381/381/381
f 362/362/362 382/382/382 381/381/381
f 362/362/362 363/363/363 382/382/382
f 363/363/363 383/383/383 382/382/382
f 363/363/363 364/364/364 383/383/383
f 364/364/364 384/384/384 383/383/383
f 364/364/364 365/365/365 384/384/384
f 365/365/365 385/385/385 384/384/384
f 365/365/365 366/366/366 385/385/385
f 366/366/366 386/386/386 385/385/385
f 366/366/366 367/367/367 386/386/386
f 367/367/367 387/387/387 386/386/386
f 367/367/367 368/368/368 387/387/387
f 368/368/368 388/388/388 387/387/387
f 368/368/368 369/369/369 388/388/388
f 369/369/369 389/389/389 388/388/388
f 369/369/369 370/370/370 389/389/389
f 370/370/370 390/390/390 389/389/389
f 370/370/370 371/371/371 390/390/390
f 371/371/371 391/391/391 390/390/390
f 371/371/371 372/372/372 391/391/391
f 372/372/372 392/392/392 391/391/391
f 372/372/372 373/373/373 392/392/392
f 373/373/373 393/393/393 392/392/392
f 373/373/373 374/374/374 393/393/393
f 374/374/374 394/394/394 393/393/393
f 374/374/374 375/375/375 394/394/394
f 375/375/375 395/395/395 394/394/394
f 375/375/375 376/376/376 395/395/395
f 376/376/376 396/396/396 395/395/395
f 376/376/376 377/377/377 396/396/396
f 377/377/377 397/397/397 396/396/396
f 377/377/377 378/378/378 397/397/397
f 378/378/378 398/398/398 397/397/397
f 378/378/378 379/379/379 398/398/398
f 379/379/379 399/399/399 398/398/398
f 379/379/379 380/380/380 399/399/399
f 380/380/380 400/400/400 399/399/399

# Patch: cup_right_triangle
o cup_right_triangle
usemtl bikini_8625a973_material
v 0.074267 1.330583 0.097035
v 0.074811 1.330583 0.097397
v 0.075441 1.330583 0.097731
v 0.076149 1.330583 0.098032
v 0.076926 1.330583 0.098297
v 0.077764 1.330583 0.098523
v 0.078652 1.330583 0.098707
v 0.079579 1.330583 0.098847
v 0.080536 1.330583 0.098941
v 0.081510 1.330583 0.098988
v 0.082490 1.330583 0.098988
v 0.083464 1.330583 0.098941
v 0.084421 1.330583 0.098847
v 0.085348 1.330583 0.098707
v 0.086236 1.330583 0.098523
v 0.087074 1.330583 0.098297
v 0.087851 1.330583 0.098032
v 0.088559 1.330583 0.097731
v 0.089189 1.330583 0.097397
v 0.089733 1.330583 0.097035
v 0.067451 1.329839 0.099244
v 0.068523 1.329839 0.099894
v 0.069741 1.329839 0.100490
v 0.071093 1.329839 0.101027
v 0.072563 1.329839 0.101499
v 0.074135 1.329839 0.101900
v 0.075792 1.329839 0.102226
v 0.077517 1.329839 0.102474
v 0.079291 1.329839 0.102640
v 0.081094 1.329839 0.102724
v 0.082906 1.329839 0.102724
v 0.084709 1.329839 0.102640
v 0.086483 1.329839 0.102474
v 0.088208 1.329839 0.102226
v 0.089865 1.329839 0.101900
v 0.091437 1.329839 0.101499
v 0.092907 1.329839 0.101027
v 0.094259 1.329839 0.100490
v 0.095477 1.329839 0.099894
v 0.096549 1.329839 0.099244
v 0.061246 1.328627 0.101684
v 0.062840 1.328627 0.102566
v 0.064623 1.328627 0.103373
v 0.066577 1.328627 0.104098
v 0.068683 1.328627 0.104733
v 0.070920 1.328627 0.105272
v 0.073267 1.328627 0.105710
v 0.075700 1.328627 0.106042
v 0.078195 1.328627 0.106265
v 0.080727 1.328627 0.106377
v 0.083273 1.328627 0.106377
v 0.085805 1.328627 0.106265
v 0.088300 1.328627 0.106042
v 0.090733 1.328627 0.105710
v 0.093080 1.328627 0.105272
v 0.095317 1.328627 0.104733
v 0.097423 1.328627 0.104098
v 0.099377 1.328627 0.103373
v 0.101160 1.328627 0.102566
v 0.102754 1.328627 0.101684
v 0.055749 1.326960 0.104307
v 0.057841 1.326960 0.105366
v 0.060149 1.326960 0.106332
v 0.062652 1.326960 0.107198
v 0.065327 1.326960 0.107955
v 0.068151 1.326960 0.108596
v 0.071098 1.326960 0.109116
v 0.074143 1.326960 0.109510
v 0.077258 1.326960 0.109775
v 0.080414 1.326960 0.109908
v 0.083586 1.326960 0.109908
v 0.086742 1.326960 0.109775
v 0.089857 1.326960 0.109510
v 0.092902 1.326960 0.109116
v 0.095849 1.326960 0.108596
v 0.098673 1.326960 0.107955
v 0.101348 1.326960 0.107198
v 0.103851 1.326960 0.106332
v 0.106159 1.326960 0.105366
v 0.108251 1.326960 0.104307
v 0.051041 1.324854 0.107058
v 0.053593 1.324854 0.108241
v 0.056373 1.324854 0.109318
v 0.059358 1.324854 0.110279
v 0.062525 1.324854 0.111118
v 0.065848 1.324854 0.111828
v 0.069301 1.324854 0.112403
v 0.072856 1.324854 0.112838
v 0.076484 1.324854 0.113130
v 0.080156 1.324854 0.113277
v 0.083844 1.324854 0.113277
v 0.087516 1.324854 0.113130
v 0.091144 1.324854 0.112838
v 0.094699 1.324854 0.112403
v 0.098152 1.324854 0.111828
v 0.101475 1.324854 0.111118
v 0.104642 1.324854 0.110279
v 0.107627 1.324854 0.109318
v 0.110407 1.324854 0.108241
v 0.112959 1.324854 0.107058
v 0.047183 1.322334 0.109881
v 0.050141 1.322334 0.111137
v 0.053328 1.322334 0.112277
v 0.056721 1.322334 0.113294
v 0.060295 1.322334 0.114179
v 0.064025 1.322334 0.114927
v 0.067884 1.322334 0.115531
v 0.071844 1.322334 0.115988
v 0.075877 1.322334 0.116295
v 0.079954 1.322334 0.116449
v 0.084046 1.322334 0.116449
v 0.088123 1.322334 0.116295
v 0.092156 1.322334 0.115988
v 0.096116 1.322334 0.115531
v 0.099975 1.322334 0.114927
v 0.103705 1.322334 0.114179
v 0.107279 1.322334 0.113294
v 0.110672 1.322334 0.112277
v 0.113859 1.322334 0.111137
v 0.116817 1.322334 0.109881
v 0.044217 1.319427 0.112714
v 0.047517 1.319427 0.113997
v 0.051037 1.319427 0.115159
v 0.054754 1.319427 0.116193
v 0.058645 1.319427 0.117091
v 0.062685 1.319427 0.117849
v 0.066848 1.319427 0.118461
v 0.071108 1.319427 0.118924
v 0.075437 1.319427 0.119234
v 0.079808 1.319427 0.119389
v 0.084192 1.319427 0.119389
v 0.088563 1.319427 0.119234
v 0.092892 1.319427 0.118924
v 0.097152 1.319427 0.118461
v 0.101315 1.319427 0.117849
v 0.105355 1.319427 0.117091
v 0.109246 1.319427 0.116193
v 0.112963 1.319427 0.115159
v 0.116483 1.319427 0.113997
v 0.119783 1.319427 0.112714
v 0.042166 1.316164 0.115496
v 0.045733 1.316164 0.116765
v 0.049504 1.316164 0.117912
v 0.053457 1.316164 0.118929
v 0.057572 1.316164 0.119813
v 0.061823 1.316164 0.120556
v 0.066188 1.316164 0.121156
v 0.070642 1.316164 0.121609
v 0.075159 1.316164 0.121913
v 0.079716 1.316164 0.122065
v 0.084284 1.316164 0.122065
v 0.088841 1.316164 0.121913
v 0.093358 1.316164 0.121609
v 0.097812 1.316164 0.121156
v 0.102177 1.316164 0.120556
v 0.106428 1.316164 0.119813
v 0.110543 1.316164 0.118929
v 0.114496 1.316164 0.117912
v 0.118267 1.316164 0.116765
v 0.121834 1.316164 0.115496
v 0.041029 1.312580 0.118166
v 0.044781 1.312580 0.119385
v 0.048717 1.312580 0.120484
v 0.052816 1.312580 0.121458
v 0.057059 1.312580 0.122301
v 0.061425 1.312580 0.123011
v 0.065891 1.312580 0.123583
v 0.070437 1.312580 0.124014
v 0.075039 1.312580 0.124303
v 0.079676 1.312580 0.124448
v 0.084324 1.312580 0.124448
v 0.088961 1.312580 0.124303
v 0.093563 1.312580 0.124014
v 0.098109 1.312580 0.123583
v 0.102575 1.312580 0.123011
v 0.106941 1.312580 0.122301
v 0.111184 1.312580 0.121458
v 0.115283 1.312580 0.120484
v 0.119219 1.312580 0.119385
v 0.122971 1.312580 0.118166
v 0.040787 1.308714 0.120662
v 0.044640 1.308714 0.121802
v 0.048651 1.308714 0.122827
v 0.052805 1.308714 0.123735
v 0.057083 1.308714 0.124519
v 0.061467 1.308714 0.125179
v 0.065939 1.308714 0.125710
v 0.070479 1.308714 0.126110
v 0.075067 1.308714 0.126377
v 0.079686 1.308714 0.126512
v 0.084314 1.308714 0.126512
v 0.088933 1.308714 0.126377
v 0.093521 1.308714 0.126110
v 0.098061 1.308714 0.125710
v 0.102533 1.308714 0.125179
v 0.106917 1.308714 0.124519
v 0.111195 1.308714 0.123735
v 0.115349 1.308714 0.122827
v 0.119360 1.308714 0.121802
v 0.123213 1.308714 0.120662
v 0.041400 1.304609 0.122926
v 0.045266 1.304609 0.123965
v 0.049266 1.304609 0.124897
v 0.053385 1.304609 0.125721
v 0.057608 1.304609 0.126432
v 0.061921 1.304609 0.127029
v 0.066306 1.304609 0.127509
v 0.070749 1.304609 0.127871
v 0.075233 1.304609 0.128113
v 0.079742 1.304609 0.128234
v 0.084258 1.304609 0.128234
v 0.088767 1.304609 0.128113
v 0.093251 1.304609 0.127871
v 0.097694 1.304609 0.127509
v 0.102079 1.304609 0.127029
v 0.106392 1.304609 0.126432
v 0.110615 1.304609 0.125721
v 0.114734 1.304609 0.124897
v 0.118734 1.304609 0.123965
v 0.122600 1.304609 0.122926
v 0.042809 1.300309 0.124906
v 0.046603 1.300309 0.125827
v 0.050506 1.300309 0.126652
v 0.054506 1.300309 0.127380
v 0.058591 1.300309 0.128008
v 0.062748 1.300309 0.128535
v 0.066964 1.300309 0.128958
v 0.071227 1.300309 0.129276
v 0.075523 1.300309 0.129489
v 0.079839 1.300309 0.129596
v 0.084161 1.300309 0.129596
v 0.088477 1.300309 0.129489
v 0.092773 1.300309 0.129276
v 0.097036 1.300309 0.128958
v 0.101252 1.300309 0.128535
v 0.105409 1.300309 0.128008
v 0.109494 1.300309 0.127380
v 0.113494 1.300309 0.126652
v 0.117397 1.300309 0.125827
v 0.121191 1.300309 0.124906
v 0.044936 1.295860 0.126553
v 0.048578 1.295860 0.127346
v 0.052305 1.295860 0.128057
v 0.056109 1.295860 0.128683
v 0.059979 1.295860 0.129222
v 0.063905 1.295860 0.129674
v 0.067878 1.295860 0.130036
v 0.071887 1.295860 0.130309
v 0.075922 1.295860 0.130491
v 0.079972 1.295860 0.130583
v 0.084028 1.295860 0.130583
v 0.088078 1.295860 0.130491
v 0.092113 1.295860 0.130309
v 0.096122 1.295860 0.130036
v 0.100095 1.295860 0.129674
v 0.104021 1.295860 0.129222
v 0.107891 1.295860 0.128683
v 0.111695 1.295860 0.128057
v 0.115422 1.295860 0.127346
v 0.119064 1.295860 0.126553
v 0.047691 1.291310 0.127824
v 0.051107 1.291310 0.128488
v 0.054587 1.291310 0.129081
v 0.058125 1.291310 0.129603
v 0.061713 1.291310 0.130052
v 0.065343 1.291310 0.130428
v 0.069008 1.291310 0.130730
v 0.072701 1.291310 0.130956
v 0.076413 1.291310 0.131108
v 0.080136 1.291310 0.131184
v 0.083864 1.291310 0.131184
v 0.087587 1.291310 0.131108
v 0.091299 1.291310 0.130956
v 0.094992 1.291310 0.130730
v 0.098657 1.291310 0.130428
v 0.102287 1.291310 0.130052
v 0.105875 1.291310 0.129603
v 0.109413 1.291310 0.129081
v 0.112893 1.291310 0.128488
v 0.116309 1.291310 0.127824
v 0.050967 1.286710 0.128686
v 0.054092 1.286710 0.129221
v 0.057265 1.286710 0.129700
v 0.060478 1.286710 0.130121
v 0.063728 1.286710 0.130482
v 0.067008 1.286710 0.130785
v 0.070314 1.286710 0.131027
v 0.073639 1.286710 0.131210
v 0.076978 1.286710 0.131331
v 0.080325 1.286710 0.131392
v 0.083675 1.286710 0.131392
v 0.087022 1.286710 0.131331
v 0.090361 1.286710 0.131210
v 0.093686 1.286710 0.131027
v 0.096992 1.286710 0.130785
v 0.100272 1.286710 0.130482
v 0.103522 1.286710 0.130121
v 0.106735 1.286710 0.129700
v 0.109908 1.286710 0.129221
v 0.113033 1.286710 0.128686
v 0.054647 1.282108 0.129110
v 0.057430 1.282108 0.129526
v 0.060245 1.282108 0.129897
v 0.063088 1.282108 0.130223
v 0.065956 1.282108 0.130503
v 0.068844 1.282108 0.130737
v 0.071750 1.282108 0.130924
v 0.074669 1.282108 0.131065
v 0.077598 1.282108 0.131159
v 0.080532 1.282108 0.131206
v 0.083468 1.282108 0.131206
v 0.086402 1.282108 0.131159
v 0.089331 1.282108 0.131065
v 0.092250 1.282108 0.130924
v 0.095156 1.282108 0.130737
v 0.098044 1.282108 0.130503
v 0.100912 1.282108 0.130223
v 0.103755 1.282108 0.129897
v 0.106570 1.282108 0.129526
v 0.109353 1.282108 0.129110
v 0.058606 1.277555 0.129081
v 0.061007 1.277555 0.129388
v 0.063429 1.277555 0.129662
v 0.065868 1.277555 0.129903
v 0.068323 1.277555 0.130109
v 0.070792 1.277555 0.130282
v 0.073271 1.277555 0.130420
v 0.075759 1.277555 0.130523
v 0.078253 1.277555 0.130593
v 0.080751 1.277555 0.130627
v 0.083249 1.277555 0.130627
v 0.085747 1.277555 0.130593
v 0.088241 1.277555 0.130523
v 0.090729 1.277555 0.130420
v 0.093208 1.277555 0.130282
v 0.095677 1.277555 0.130109
v 0.098132 1.277555 0.129903
v 0.100571 1.277555 0.129662
v 0.102993 1.277555 0.129388
v 0.105394 1.277555 0.129081
v 0.062715 1.273100 0.128588
v 0.064709 1.273100 0.128802
v 0.066715 1.273100 0.128992
v 0.068731 1.273100 0.129159
v 0.070757 1.273100 0.129303
v 0.072791 1.273100 0.129422
v 0.074831 1.273100 0.129518
v 0.076875 1.273100 0.129590
v 0.078924 1.273100 0.129638
v 0.080974 1.273100 0.129662
v 0.083026 1.273100 0.129662
v 0.085076 1.273100 0.129638
v 0.087125 1.273100 0.129590
v 0.089169 1.273100 0.129518
v 0.091209 1.273100 0.129422
v 0.093243 1.273100 0.129303
v 0.095269 1.273100 0.129159
v 0.097285 1.273100 0.128992
v 0.099291 1.273100 0.128802
v 0.101285 1.273100 0.128588
v 0.066841 1.268791 0.127634
v 0.068418 1.268791 0.127771
v 0.070001 1.268791 0.127893
v 0.071590 1.268791 0.127999
v 0.073183 1.268791 0.128091
v 0.074781 1.268791 0.128167
v 0.076382 1.268791 0.128228
v 0.077985 1.268791 0.128274
v 0.079590 1.268791 0.128305
v 0.081197 1.268791 0.128320
v 0.082803 1.268791 0.128320
v 0.084410 1.268791 0.128305
v 0.086015 1.268791 0.128274
v 0.087618 1.268791 0.128228
v 0.089219 1.268791 0.128167
v 0.090817 1.268791 0.128091
v 0.092410 1.268791 0.127999
v 0.093999 1.268791 0.127893
v 0.095582 1.268791 0.127771
v 0.097159 1.268791 0.127634
v 0.070853 1.264676 0.126228
v 0.072018 1.264676 0.126305
v 0.073186 1.264676 0.126375
v 0.074356 1.264676 0.126435
v 0.075529 1.264676 0.126487
v 0.076703 1.264676 0.126530
v 0.077879 1.264676 0.126565
v 0.079055 1.264676 0.126591
v 0.080233 1.264676 0.126608
v 0.081411 1.264676 0.126617
v 0.082589 1.264676 0.126617
v 0.083767 1.264676 0.126608
v 0.084945 1.264676 0.126591
v 0.086121 1.264676 0.126565
v 0.087297 1.264676 0.126530
v 0.088471 1.264676 0.126487
v 0.089644 1.264676 0.126435
v 0.090814 1.264676 0.126375
v 0.091982 1.264676 0.126305
v 0.093147 1.264676 0.126228
vn -0.072690 0.991348 0.109294
vn -0.070242 0.990610 0.117298
vn -0.064185 0.989001 0.133253
vn -0.057418 0.987373 0.147641
vn -0.050022 0.985798 0.160313
vn -0.042087 0.984346 0.171146
vn -0.033702 0.983082 0.180038
vn -0.024961 0.982060 0.186908
vn -0.015958 0.981325 0.191696
vn -0.006788 0.980907 0.194361
vn 0.002453 0.980824 0.194881
vn 0.011670 0.981080 0.193252
vn 0.020768 0.981664 0.189485
vn 0.029652 0.982551 0.183613
vn 0.038226 0.983704 0.175685
vn 0.046396 0.985072 0.165772
vn 0.054072 0.986596 0.153964
vn 0.061162 0.988208 0.140374
vn 0.067581 0.989835 0.125138
vn 0.071428 0.990894 0.114140
vn -0.088829 0.985534 0.144335
vn -0.092627 0.981122 0.169762
vn -0.084115 0.978221 0.189757
vn -0.074764 0.975347 0.207625
vn -0.064683 0.972620 0.223218
vn -0.053986 0.970151 0.236416
vn -0.042786 0.968038 0.247129
vn -0.031195 0.966362 0.255287
vn -0.019322 0.965188 0.260842
vn -0.007277 0.964560 0.263762
vn 0.004832 0.964502 0.264033
vn 0.016900 0.965014 0.261652
vn 0.028817 0.966080 0.256632
vn 0.040475 0.967657 0.249001
vn 0.051765 0.969687 0.238803
vn 0.062574 0.972091 0.226104
vn 0.072791 0.974774 0.210989
vn 0.082302 0.977628 0.193572
vn 0.090995 0.980534 0.173994
vn 0.100881 0.979611 0.173741
vn -0.128722 0.965145 0.227873
vn -0.129417 0.957293 0.258538
vn -0.116771 0.951609 0.284263
vn -0.103158 0.946111 0.306974
vn -0.088736 0.940999 0.326568
vn -0.073650 0.936451 0.342979
vn -0.058038 0.932617 0.356169
vn -0.042029 0.929619 0.366118
vn -0.025739 0.927546 0.372820
vn -0.009282 0.926462 0.376273
vn 0.007235 0.926398 0.376476
vn 0.023706 0.927356 0.373430
vn 0.040023 0.929307 0.367134
vn 0.056074 0.932194 0.357590
vn 0.071743 0.935929 0.344804
vn 0.086903 0.940395 0.328793
vn 0.101417 0.945445 0.309593
vn 0.115140 0.950906 0.287265
vn 0.127917 0.956578 0.261908
vn 0.139230 0.955177 0.261252
vn -0.165016 0.933435 0.318543
vn -0.162303 0.921546 0.352719
vn -0.145469 0.912746 0.381750
vn -0.127728 0.904436 0.407040
vn -0.109262 0.896866 0.428594
vn -0.090230 0.890246 0.446453
vn -0.070768 0.884746 0.460670
vn -0.050993 0.880495 0.471304
vn -0.031006 0.877590 0.478408
vn -0.010895 0.876092 0.482020
vn 0.009259 0.876033 0.482162
vn 0.029378 0.877414 0.478834
vn 0.049379 0.880205 0.472017
vn 0.069175 0.884348 0.461674
vn 0.088667 0.889751 0.447752
vn 0.107739 0.896285 0.430193
vn 0.126258 0.903784 0.408942
vn 0.144066 0.912042 0.383958
vn 0.160982 0.920813 0.355230
vn 0.173195 0.918970 0.354257
vn -0.196351 0.889187 0.413272
vn -0.190045 0.873111 0.448955
vn -0.169211 0.861463 0.478799
vn -0.147701 0.850715 0.504448
vn -0.125693 0.841114 0.526051
vn -0.103326 0.832852 0.543765
vn -0.080711 0.826079 0.557745
vn -0.057928 0.820901 0.568125
vn -0.035040 0.817394 0.575013
vn -0.012095 0.815605 0.578483
vn 0.010870 0.815558 0.578573
vn 0.033818 0.817253 0.575286
vn 0.056710 0.820668 0.568584
vn 0.079500 0.825758 0.558394
vn 0.102127 0.832448 0.544611
vn 0.124510 0.840632 0.527101
vn 0.146542 0.850166 0.505711
vn 0.168083 0.860858 0.480283
vn 0.188959 0.872464 0.450667
vn 0.201682 0.870102 0.449718
vn -0.221652 0.831936 0.508677
vn -0.211746 0.812066 0.543795
vn -0.187383 0.798392 0.572240
vn -0.162695 0.786037 0.596387
vn -0.137818 0.775191 0.616510
vn -0.112850 0.765992 0.632867
vn -0.087850 0.758537 0.645681
vn -0.062851 0.752891 0.655138
vn -0.037866 0.749095 0.661379
vn -0.012896 0.747176 0.664501
vn 0.012070 0.747144 0.664552
vn 0.037040 0.749000 0.661533
vn 0.062024 0.752733 0.655398
vn 0.087023 0.758318 0.646050
vn 0.112024 0.765713 0.633351
vn 0.136995 0.774855 0.617117
vn 0.161876 0.785647 0.597123
vn 0.186573 0.797954 0.573114
vn 0.210950 0.811588 0.544817
vn 0.223794 0.808554 0.544203
vn -0.240121 0.762237 0.601113
vn -0.226851 0.739473 0.633812
vn -0.199704 0.724958 0.659207
vn -0.172622 0.712077 0.680550
vn -0.145679 0.700934 0.698189
vn -0.118910 0.691596 0.712430
vn -0.092316 0.684099 0.723524
vn -0.065880 0.678463 0.731675
vn -0.039566 0.674698 0.737033
vn -0.013329 0.672806 0.739699
vn 0.012881 0.672790 0.739722
vn 0.039116 0.674648 0.737102
vn 0.065429 0.678381 0.731791
vn 0.091863 0.683984 0.723690
vn 0.118454 0.691449 0.712648
vn 0.145221 0.700755 0.698465
vn 0.172161 0.711867 0.680887
vn 0.199241 0.724718 0.659611
vn 0.226388 0.739206 0.634289
vn 0.238951 0.735328 0.634188
vn -0.251367 0.681696 0.687099
vn -0.235222 0.657278 0.716001
vn -0.206235 0.643196 0.737405
vn -0.177666 0.630875 0.755269
vn -0.149515 0.620338 0.769952
vn -0.121754 0.611588 0.781752
vn -0.094333 0.604614 0.790913
vn -0.067190 0.599401 0.797624
vn -0.040250 0.595935 0.802024
vn -0.013435 0.594203 0.804203
vn 0.013338 0.594199 0.804207
vn 0.040153 0.595924 0.802036
vn 0.067092 0.599384 0.797645
vn 0.094234 0.604590 0.790943
vn 0.121654 0.611557 0.781792
vn 0.149414 0.620300 0.770002
vn 0.177563 0.630830 0.755331
vn 0.206131 0.643143 0.737480
vn 0.235117 0.657219 0.716089
vn 0.247008 0.652363 0.716526
vn -0.255492 0.592741 0.763794
vn -0.237156 0.567986 0.788130
vn -0.207356 0.555431 0.805295
vn -0.178228 0.544557 0.819569
vn -0.149709 0.535333 0.831268
vn -0.121721 0.527722 0.840651
vn -0.094179 0.521686 0.847923
vn -0.066986 0.517192 0.853244
vn -0.040046 0.514214 0.856726
vn -0.013257 0.512733 0.858446
vn 0.013481 0.512739 0.858439
vn 0.040270 0.514232 0.856705
vn 0.067212 0.517223 0.853208
vn 0.094407 0.521729 0.847872
vn 0.121953 0.527777 0.840582
vn 0.149944 0.535401 0.831181
vn 0.178468 0.544638 0.819462
vn 0.207602 0.555526 0.805166
vn 0.237407 0.568095 0.787976
vn 0.248282 0.562210 0.788845
vn -0.253054 0.498186 0.829322
vn -0.233306 0.474244 0.848917
vn -0.203680 0.463949 0.862129
vn -0.174855 0.455090 0.873109
vn -0.146729 0.447612 0.882108
vn -0.119197 0.441466 0.889326
vn -0.092150 0.436607 0.894920
vn -0.065480 0.432998 0.899013
vn -0.039079 0.430612 0.901691
vn -0.012839 0.429430 0.903009
vn 0.013349 0.429441 0.902996
vn 0.039592 0.430647 0.901652
vn 0.065997 0.433057 0.898947
vn 0.092673 0.436689 0.894826
vn 0.119728 0.441573 0.889201
vn 0.147271 0.447745 0.881950
vn 0.175410 0.455248 0.872915
vn 0.204250 0.464135 0.861894
vn 0.233892 0.474459 0.848636
vn 0.243479 0.467586 0.849754
vn -0.244950 0.400753 0.882835
vn -0.224555 0.378449 0.897971
vn -0.195953 0.370731 0.907833
vn -0.168165 0.364111 0.916048
vn -0.141076 0.358537 0.922794
vn -0.114572 0.353964 0.928215
vn -0.088543 0.350353 0.932423
vn -0.062878 0.347675 0.935504
vn -0.037472 0.345907 0.937520
vn -0.012219 0.345033 0.938511
vn 0.012983 0.345047 0.938496
vn 0.038239 0.345948 0.937474
vn 0.063652 0.347743 0.935427
vn 0.089326 0.350449 0.932312
vn 0.115368 0.354088 0.928069
vn 0.141888 0.358692 0.922609
vn 0.168996 0.364297 0.915821
vn 0.196807 0.370949 0.907559
vn 0.225436 0.378701 0.897644
vn 0.233553 0.370958 0.898801
vn -0.232238 0.302709 0.924355
vn -0.211871 0.282491 0.935580
vn -0.184954 0.277301 0.942813
vn -0.158781 0.272852 0.948863
vn -0.133240 0.269107 0.953849
vn -0.108225 0.266035 0.957869
vn -0.083635 0.263610 0.960997
vn -0.059369 0.261812 0.963291
vn -0.035334 0.260626 0.964793
vn -0.011436 0.260041 0.965530
vn 0.012419 0.260054 0.965514
vn 0.036322 0.260663 0.964746
vn 0.060364 0.261874 0.963212
vn 0.084641 0.263698 0.960885
vn 0.109247 0.266150 0.957721
vn 0.134281 0.269249 0.953663
vn 0.159846 0.273023 0.948635
vn 0.186048 0.277502 0.942539
vn 0.212997 0.282724 0.935254
vn 0.219545 0.274265 0.936258
vn -0.215990 0.205687 0.954485
vn -0.196188 0.187668 0.962440
vn -0.171427 0.184691 0.967730
vn -0.147288 0.182136 0.972179
vn -0.123675 0.179983 0.975864
vn -0.100501 0.178215 0.978846
vn -0.077680 0.176819 0.981173
vn -0.055129 0.175783 0.982884
vn -0.032768 0.175100 0.984005
vn -0.010521 0.174765 0.984554
vn 0.011690 0.174774 0.984539
vn 0.033941 0.175128 0.983960
vn 0.056309 0.175830 0.982809
vn 0.078872 0.176885 0.981066
vn 0.101710 0.178301 0.978705
vn 0.124905 0.180089 0.975688
vn 0.148543 0.182263 0.971965
vn 0.172713 0.184840 0.967473
vn 0.197509 0.187840 0.962136
vn 0.202461 0.178822 0.962825
vn -0.197181 0.110671 0.974100
vn -0.178343 0.094714 0.979399
vn -0.156035 0.093489 0.983317
vn -0.134208 0.092436 0.986633
vn -0.112789 0.091546 0.989393
vn -0.091710 0.090814 0.991636
vn -0.070906 0.090235 0.993393
vn -0.050311 0.089805 0.994688
vn -0.029865 0.089522 0.995537
vn -0.009506 0.089383 0.995952
vn 0.010825 0.089388 0.995938
vn 0.031187 0.089537 0.995495
vn 0.051641 0.089830 0.994617
vn 0.072248 0.090270 0.993293
vn 0.093068 0.090859 0.991505
vn 0.114167 0.091602 0.989229
vn 0.135610 0.092503 0.986435
vn 0.157466 0.093568 0.983082
vn 0.179808 0.094805 0.979123
vn 0.183189 0.085357 0.979365
vn -0.176644 0.018096 0.984108
vn -0.159043 0.003911 0.987264
vn -0.139346 0.003930 0.990236
vn -0.119995 0.003946 0.992767
vn -0.100939 0.003960 0.994885
vn -0.082129 0.003971 0.996614
vn -0.063516 0.003979 0.997973
vn -0.045057 0.003986 0.998976
vn -0.026705 0.003990 0.999635
vn -0.008416 0.003992 0.999957
vn 0.009852 0.003993 0.999943
vn 0.028144 0.003991 0.999596
vn 0.046503 0.003987 0.998910
vn 0.064972 0.003981 0.997879
vn 0.083599 0.003973 0.996492
vn 0.102427 0.003963 0.994733
vn 0.121504 0.003950 0.992583
vn 0.140880 0.003934 0.990019
vn 0.160607 0.003916 0.987011
vn 0.162476 -0.005878 0.986695
vn -0.155060 -0.072008 0.985277
vn -0.138873 -0.084779 0.986675
vn -0.121843 -0.083999 0.988989
vn -0.105043 -0.083324 0.990971
vn -0.088440 -0.082751 0.992638
vn -0.072001 -0.082279 0.994005
vn -0.055696 -0.081904 0.995083
vn -0.039494 -0.081625 0.995880
vn -0.023364 -0.081441 0.996404
vn -0.007278 -0.081351 0.996659
vn 0.008796 -0.081355 0.996646
vn 0.024886 -0.081453 0.996366
vn 0.041021 -0.081645 0.995817
vn 0.057232 -0.081932 0.994993
vn 0.073548 -0.082315 0.993889
vn 0.090000 -0.082797 0.992494
vn 0.106620 -0.083378 0.990798
vn 0.123441 -0.084062 0.988785
vn 0.140494 -0.084852 0.986439
vn 0.140934 -0.094958 0.985455
vn -0.132980 -0.159863 0.978141
vn -0.118314 -0.171585 0.978039
vn -0.103933 -0.170452 0.979869
vn -0.089692 -0.169469 0.981446
vn -0.075573 -0.168633 0.982778
vn -0.061554 -0.167941 0.983873
vn -0.047617 -0.167392 0.984740
vn -0.033744 -0.166984 0.985382
vn -0.019915 -0.166714 0.985804
vn -0.006113 -0.166584 0.986008
vn 0.007681 -0.166591 0.985996
vn 0.021485 -0.166737 0.985767
vn 0.035318 -0.167021 0.985321
vn 0.049197 -0.167444 0.984653
vn 0.063142 -0.168008 0.983761
vn 0.077171 -0.168715 0.982639
vn 0.091304 -0.169567 0.981280
vn 0.105559 -0.170566 0.979676
vn 0.119957 -0.171715 0.977816
vn 0.119063 -0.182150 0.976036
vn -0.110861 -0.245808 0.962958
vn -0.097779 -0.256793 0.961507
vn -0.085980 -0.255618 0.962947
vn -0.074257 -0.254596 0.964192
vn -0.062601 -0.253725 0.965249
vn -0.051000 -0.253004 0.966120
vn -0.039444 -0.252430 0.966811
vn -0.027924 -0.252004 0.967323
vn -0.016428 -0.251723 0.967660
vn -0.004947 -0.251587 0.967822
vn 0.006529 -0.251597 0.967810
vn 0.018012 -0.251751 0.967624
vn 0.029510 -0.252051 0.967264
vn 0.041035 -0.252497 0.966727
vn 0.052596 -0.253090 0.966012
vn 0.064204 -0.253830 0.965116
vn 0.075869 -0.254721 0.964034
vn 0.087601 -0.255763 0.962762
vn 0.099412 -0.256958 0.961296
vn 0.097291 -0.267778 0.958556
vn -0.089101 -0.330166 0.939708
vn -0.077651 -0.340634 0.936984
vn -0.068327 -0.339620 0.938078
vn -0.059040 -0.338736 0.939027
vn -0.049784 -0.337982 0.939835
vn -0.040554 -0.337356 0.940503
vn -0.031347 -0.336859 0.941033
vn -0.022156 -0.336489 0.941427
vn -0.012976 -0.336246 0.941685
vn -0.003804 -0.336129 0.941808
vn 0.005366 -0.336140 0.941797
vn 0.014540 -0.336276 0.941651
vn 0.023721 -0.336540 0.941370
vn 0.032914 -0.336930 0.940954
vn 0.042125 -0.337448 0.940401
vn 0.051359 -0.338094 0.939710
vn 0.060620 -0.338869 0.938879
vn 0.069913 -0.339774 0.937905
vn 0.079243 -0.340809 0.936787
vn 0.076012 -0.352098 0.932871
vn -0.071952 -0.387210 0.919180
vn -0.063192 -0.384983 0.920758
vn -0.055491 -0.384454 0.921475
vn -0.047811 -0.383986 0.922100
vn -0.040150 -0.383579 0.922635
vn -0.032505 -0.383233 0.923080
vn -0.024873 -0.382947 0.923435
vn -0.017251 -0.382722 0.923703
vn -0.009634 -0.382557 0.923882
vn -0.002022 -0.382452 0.923973
vn 0.005590 -0.382407 0.923977
vn 0.013205 -0.382422 0.923893
vn 0.020826 -0.382498 0.923722
vn 0.028455 -0.382633 0.923462
vn 0.036096 -0.382829 0.923114
vn 0.043752 -0.383085 0.922676
vn 0.051427 -0.383402 0.922149
vn 0.059122 -0.383779 0.921530
vn 0.066842 -0.384217 0.920820
vn 0.061705 -0.376051 0.924542
vt 0.265000 0.020000
vt 0.265000 0.036140
vt 0.265000 0.052281
vt 0.265000 0.068421
vt 0.265000 0.084561
vt 0.265000 0.100702
vt 0.265000 0.116842
vt 0.265000 0.132982
vt 0.265000 0.149123
vt 0.265000 0.165263
vt 0.265000 0.181404
vt 0.265000 0.197544
vt 0.265000 0.213684
vt 0.265000 0.229825
vt 0.265000 0.245965
vt 0.265000 0.262105
vt 0.265000 0.278246
vt 0.265000 0.294386
vt 0.265000 0.310526
vt 0.265000 0.326667
vt 0.276842 0.020000
vt 0.276842 0.036140
vt 0.276842 0.052281
vt 0.276842 0.068421
vt 0.276842 0.084561
vt 0.276842 0.100702
vt 0.276842 0.116842
vt 0.276842 0.132982
vt 0.276842 0.149123
vt 0.276842 0.165263
vt 0.276842 0.181404
vt 0.276842 0.197544
vt 0.276842 0.213684
vt 0.276842 0.229825
vt 0.276842 0.245965
vt 0.276842 0.262105
vt 0.276842 0.278246
vt 0.276842 0.294386
vt 0.276842 0.310526
vt 0.276842 0.326667
vt 0.288684 0.020000
vt 0.288684 0.036140
vt 0.288684 0.052281
vt 0.288684 0.068421
vt 0.288684 0.084561
vt 0.288684 0.100702
vt 0.288684 0.116842
vt 0.288684 0.132982
vt 0.288684 0.149123
vt 0.288684 0.165263
vt 0.288684 0.181404
vt 0.288684 0.197544
vt 0.288684 0.213684
vt 0.288684 0.229825
vt 0.288684 0.245965
vt 0.288684 0.262105
vt 0.288684 0.278246
vt 0.288684 0.294386
vt 0.288684 0.310526
vt 0.288684 0.326667
vt 0.300526 0.020000
vt 0.300526 0.036140
vt 0.300526 0.052281
vt 0.300526 0.068421
vt 0.300526 0.084561
vt 0.300526 0.100702
vt 0.300526 0.116842
vt 0.300526 0.132982
vt 0.300526 0.149123
vt 0.300526 0.165263
vt 0.300526 0.181404
vt 0.300526 0.197544
vt 0.300526 0.213684
vt 0.300526 0.229825
vt 0.300526 0.245965
vt 0.300526 0.262105
vt 0.300526 0.278246
vt 0.300526 0.294386
vt 0.300526 0.310526
vt 0.300526 0.326667
vt 0.312368 0.020000
vt 0.312368 0.036140
vt 0.312368 0.052281
vt 0.312368 0.068421
vt 0.312368 0.084561
vt 0.312368 0.100702
vt 0.312368 0.116842
vt 0.312368 0.132982
vt 0.312368 0.149123
vt 0.312368 0.165263
vt 0.312368 0.181404
vt 0.312368 0.197544
vt 0.312368 0.213684
vt 0.312368 0.229825
vt 0.312368 0.245965
vt 0.312368 0.262105
vt 0.312368 0.278246
vt 0.312368 0.294386
vt 0.312368 0.310526
vt 0.312368 0.326667
vt 0.324211 0.020000
vt 0.324211 0.036140
vt 0.324211 0.052281
vt 0.324211 0.068421
vt 0.324211 0.084561
vt 0.324211 0.100702
vt 0.324211 0.116842
vt 0.324211 0.132982
vt 0.324211 0.149123
vt 0.324211 0.165263
vt 0.324211 0.181404
vt 0.324211 0.197544
vt 0.324211 0.213684
vt 0.324211 0.229825
vt 0.324211 0.245965
vt 0.324211 0.262105
vt 0.324211 0.278246
vt 0.324211 0.294386
vt 0.324211 0.310526
vt 0.324211 0.326667
vt 0.336053 0.020000
vt 0.336053 0.036140
vt 0.336053 0.052281
vt 0.336053 0.068421
vt 0.336053 0.084561
vt 0.336053 0.100702
vt 0.336053 0.116842
vt 0.336053 0.132982
vt 0.336053 0.149123
vt 0.336053 0.165263
vt 0.336053 0.181404
vt 0.336053 0.197544
vt 0.336053 0.213684
vt 0.336053 0.229825
vt 0.336053 0.245965
vt 0.336053 0.262105
vt 0.336053 0.278246
vt 0.336053 0.294386
vt 0.336053 0.310526
vt 0.336053 0.326667
vt 0.347895 0.020000
vt 0.347895 0.036140
vt 0.347895 0.052281
vt 0.347895 0.068421
vt 0.347895 0.084561
vt 0.347895 0.100702
vt 0.347895 0.116842
vt 0.347895 0.132982
vt 0.347895 0.149123
vt 0.347895 0.165263
vt 0.347895 0.181404
vt 0.347895 0.197544
vt 0.347895 0.213684
vt 0.347895 0.229825
vt 0.347895 0.245965
vt 0.347895 0.262105
vt 0.347895 0.278246
vt 0.347895 0.294386
vt 0.347895 0.310526
vt 0.347895 0.326667
vt 0.359737 0.020000
vt 0.359737 0.036140
vt 0.359737 0.052281
vt 0.359737 0.068421
vt 0.359737 0.084561
vt 0.359737 0.100702
vt 0.359737 0.116842
vt 0.359737 0.132982
vt 0.359737 0.149123
vt 0.359737 0.165263
vt 0.359737 0.181404
vt 0.359737 0.197544
vt 0.359737 0.213684
vt 0.359737 0.229825
vt 0.359737 0.245965
vt 0.359737 0.262105
vt 0.359737 0.278246
vt 0.359737 0.294386
vt 0.359737 0.310526
vt 0.359737 0.326667
vt 0.371579 0.020000
vt 0.371579 0.036140
vt 0.371579 0.052281
vt 0.371579 0.068421
vt 0.371579 0.084561
vt 0.371579 0.100702
vt 0.371579 0.116842
vt 0.371579 0.132982
vt 0.371579 0.149123
vt 0.371579 0.165263
vt 0.371579 0.181404
vt 0.371579 0.197544
vt 0.371579 0.213684
vt 0.371579 0.229825
vt 0.371579 0.245965
vt 0.371579 0.262105
vt 0.371579 0.278246
vt 0.371579 0.294386
vt 0.371579 0.310526
vt 0.371579 0.326667
vt 0.383421 0.020000
vt 0.383421 0.036140
vt 0.383421 0.052281
vt 0.383421 0.068421
vt 0.383421 0.084561
vt 0.383421 0.100702
vt 0.383421 0.116842
vt 0.383421 0.132982
vt 0.383421 0.149123
vt 0.383421 0.165263
vt 0.383421 0.181404
vt 0.383421 0.197544
vt 0.383421 0.213684
vt 0.383421 0.229825
vt 0.383421 0.245965
vt 0.383421 0.262105
vt 0.383421 0.278246
vt 0.383421 0.294386
vt 0.383421 0.310526
vt 0.383421 0.326667
vt 0.395263 0.020000
vt 0.395263 0.036140
vt 0.395263 0.052281
vt 0.395263 0.068421
vt 0.395263 0.084561
vt 0.395263 0.100702
vt 0.395263 0.116842
vt 0.395263 0.132982
vt 0.395263 0.149123
vt 0.395263 0.165263
vt 0.395263 0.181404
vt 0.395263 0.197544
vt 0.395263 0.213684
vt 0.395263 0.229825
vt 0.395263 0.245965
vt 0.395263 0.262105
vt 0.395263 0.278246
vt 0.395263 0.294386
vt 0.395263 0.310526
vt 0.395263 0.326667
vt 0.407105 0.020000
vt 0.407105 0.036140
vt 0.407105 0.052281
vt 0.407105 0.068421
vt 0.407105 0.084561
vt 0.407105 0.100702
vt 0.407105 0.116842
vt 0.407105 0.132982
vt 0.407105 0.149123
vt 0.407105 0.165263
vt 0.407105 0.181404
vt 0.407105 0.197544
vt 0.407105 0.213684
vt 0.407105 0.229825
vt 0.407105 0.245965
vt 0.407105 0.262105
vt 0.407105 0.278246
vt 0.407105 0.294386
vt 0.407105 0.310526
vt 0.407105 0.326667
vt 0.418947 0.020000
vt 0.418947 0.036140
vt 0.418947 0.052281
vt 0.418947 0.068421
vt 0.418947 0.084561
vt 0.418947 0.100702
vt 0.418947 0.116842
vt 0.418947 0.132982
vt 0.418947 0.149123
vt 0.418947 0.165263
vt 0.418947 0.181404
vt 0.418947 0.197544
vt 0.418947 0.213684
vt 0.418947 0.229825
vt 0.418947 0.245965
vt 0.418947 0.262105
vt 0.418947 0.278246
vt 0.418947 0.294386
vt 0.418947 0.310526
vt 0.418947 0.326667
vt 0.430789 0.020000
vt 0.430789 0.036140
vt 0.430789 0.052281
vt 0.430789 0.068421
vt 0.430789 0.084561
vt 0.430789 0.100702
vt 0.430789 0.116842
vt 0.430789 0.132982
vt 0.430789 0.149123
vt 0.430789 0.165263
vt 0.430789 0.181404
vt 0.430789 0.197544
vt 0.430789 0.213684
vt 0.430789 0.229825
vt 0.430789 0.245965
vt 0.430789 0.262105
vt 0.430789 0.278246
vt 0.430789 0.294386
vt 0.430789 0.310526
vt 0.430789 0.326667
vt 0.442632 0.020000
vt 0.442632 0.036140
vt 0.442632 0.052281
vt 0.442632 0.068421
vt 0.442632 0.084561
vt 0.442632 0.100702
vt 0.442632 0.116842
vt 0.442632 0.132982
vt 0.442632 0.149123
vt 0.442632 0.165263
vt 0.442632 0.181404
vt 0.442632 0.197544
vt 0.442632 0.213684
vt 0.442632 0.229825
vt 0.442632 0.245965
vt 0.442632 0.262105
vt 0.442632 0.278246
vt 0.442632 0.294386
vt 0.442632 0.310526
vt 0.442632 0.326667
vt 0.454474 0.020000
vt 0.454474 0.036140
vt 0.454474 0.052281
vt 0.454474 0.068421
vt 0.454474 0.084561
vt 0.454474 0.100702
vt 0.454474 0.116842
vt 0.454474 0.132982
vt 0.454474 0.149123
vt 0.454474 0.165263
vt 0.454474 0.181404
vt 0.454474 0.197544
vt 0.454474 0.213684
vt 0.454474 0.229825
vt 0.454474 0.245965
vt 0.454474 0.262105
vt 0.454474 0.278246
vt 0.454474 0.294386
vt 0.454474 0.310526
vt 0.454474 0.326667
vt 0.466316 0.020000
vt 0.466316 0.036140
vt 0.466316 0.052281
vt 0.466316 0.068421
vt 0.466316 0.084561
vt 0.466316 0.100702
vt 0.466316 0.116842
vt 0.466316 0.132982
vt 0.466316 0.149123
vt 0.466316 0.165263
vt 0.466316 0.181404
vt 0.466316 0.197544
vt 0.466316 0.213684
vt 0.466316 0.229825
vt 0.466316 0.245965
vt 0.466316 0.262105
vt 0.466316 0.278246
vt 0.466316 0.294386
vt 0.466316 0.310526
vt 0.466316 0.326667
vt 0.478158 0.020000
vt 0.478158 0.036140
vt 0.478158 0.052281
vt 0.478158 0.068421
vt 0.478158 0.084561
vt 0.478158 0.100702
vt 0.478158 0.116842
vt 0.478158 0.132982
vt 0.478158 0.149123
vt 0.478158 0.165263
vt 0.478158 0.181404
vt 0.478158 0.197544
vt 0.478158 0.213684
vt 0.478158 0.229825
vt 0.478158 0.245965
vt 0.478158 0.262105
vt 0.478158 0.278246
vt 0.478158 0.294386
vt 0.478158 0.310526
vt 0.478158 0.326667
vt 0.490000 0.020000
vt 0.490000 0.036140
vt 0.490000 0.052281
vt 0.490000 0.068421
vt 0.490000 0.084561
vt 0.490000 0.100702
vt 0.490000 0.116842
vt 0.490000 0.132982
vt 0.490000 0.149123
vt 0.490000 0.165263
vt 0.490000 0.181404
vt 0.490000 0.197544
vt 0.490000 0.213684
vt 0.490000 0.229825
vt 0.490000 0.245965
vt 0.490000 0.262105
vt 0.490000 0.278246
vt 0.490000 0.294386
vt 0.490000 0.310526
vt 0.490000 0.326667
f 401/401/401 421/421/421 402/402/402
f 402/402/402 421/421/421 422/422/422
f 402/402/402 422/422/422 403/403/403
f 403/403/403 422/422/422 423/423/423
f 403/403/403 423/423/423 404/404/404
f 404/404/404 423/423/423 424/424/424
f 404/404/404 424/424/424 405/405/405
f 405/405/405 424/424/424 425/425/425
f 405/405/405 425/425/425 406/406/406
f 406/406/406 425/425/425 426/426/426
f 406/406/406 426/426/426 407/407/407
f 407/407/407 426/426/426 427/427/427
f 407/407/407 427/427/427 408/408/408
f 408/408/408 427/427/427 428/428/428
f 408/408/408 428/428/428 409/409/409
f 409/409/409 428/428/428 429/429/429
f 409/409/409 429/429/429 410/410/410
f 410/410/410 429/429/429 430/430/430
f 410/410/410 430/430/430 411/411/411
f 411/411/411 430/430/430 431/431/431
f 411/411/411 431/431/431 412/412/412
f 412/412/412 431/431/431 432/432/432
f 412/412/412 432/432/432 413/413/413
f 413/413/413 432/432/432 433/433/433
f 413/413/413 433/433/433 414/414/414
f 414/414/414 433/433/433 434/434/434
f 414/414/414 434/434/434 415/415/415
f 415/415/415 434/434/434 435/435/435
f 415/415/415 435/435/435 416/416/416
f 416/416/416 435/435/435 436/436/436
f 416/416/416 436/436/436 417/417/417
f 417/417/417 436/436/436 437/437/437
f 417/417/417 437/437/437 418/418/418
f 418/418/418 437/437/437 438/438/438
f 418/418/418 438/438/438 419/419/419
f 419/419/419 438/438/438 439/439/439
f 419/419/419 439/439/439 420/420/420
f 420/420/420 439/439/439 440/440/440
f 421/421/421 441/441/441 422/422/422
f 422/422/422 441/441/441 442/442/442
f 422/422/422 442/442/442 423/423/423
f 423/423/423 442/442/442 443/443/443
f 423/423/423 443/443/443 424/424/424
f 424/424/424 443/443/443 444/444/444
f 424/424/424 444/444/444 425/425/425
f 425/425/425 444/444/444 445/445/445
f 425/425/425 445/445/445 426/426/426
f 426/426/426 445/445/445 446/446/446
f 426/426/426 446/446/446 427/427/427
f 427/427/427 446/446/446 447/447/447
f 427/427/427 447/447/447 428/428/428
f 428/428/428 447/447/447 448/448/448
f 428/428/428 448/448/448 429/429/429
f 429/429/429 448/448/448 449/449/449
f 429/429/429 449/449/449 430/430/430
f 430/430/430 449/449/449 450/450/450
f 430/430/430 450/450/450 431/431/431
f 431/431/431 450/450/450 451/451/451
f 431/431/431 451/451/451 432/432/432
f 432/432/432 451/451/451 452/452/452
f 432/432/432 452/452/452 433/433/433
f 433/433/433 452/452/452 453/453/453
f 433/433/433 453/453/453 434/434/434
f 434/434/434 453/453/453 454/454/454
f 434/434/434 454/454/454 435/435/435
f 435/435/435 454/454/454 455/455/455
f 435/435/435 455/455/455 436/436/436
f 436/436/436 455/455/455 456/456/456
f 436/436/436 456/456/456 437/437/437
f 437/437/437 456/456/456 457/457/457
f 437/437/437 457/457/457 438/438/438
f 438/438/438 457/457/457 458/458/458
f 438/438/438 458/458/458 439/439/439
f 439/439/439 458/458/458 459/459/459
f 439/439/439 459/459/459 440/440/440
f 440/440/440 459/459/459 460/460/460
f 441/441/441 461/461/461 442/442/442
f 442/442/442 461/461/461 462/462/462
f 442/442/442 462/462/462 443/443/443
f 443/443/443 462/462/462 463/463/463
f 443/443/443 463/463/463 444/444/444
f 444/444/444 463/463/463 464/464/464
f 444/444/444 464/464/464 445/445/445
f 445/445/445 464/464/464 465/465/465
f 445/445/445 465/465/465 446/446/446
f 446/446/446 465/465/465 466/466/466
f 446/446/446 466/466/466 447/447/447
f 447/447/447 466/466/466 467/467/467
f 447/447/447 467/467/467 448/448/448
f 448/448/448 467/467/467 468/468/468
f 448/448/448 468/468/468 449/449/449
f 449/449/449 468/468/468 469/469/469
f 449/449/449 469/469/469 450/450/450
f 450/450/450 469/469/469 470/470/470
f 450/450/450 470/470/470 451/451/451
f 451/451/451 470/470/470 471/471/471
f 451/451/451 471/471/471 452/452/452
f 452/452/452 471/471/471 472/472/472
f 452/452/452 472/472/472 453/453/453
f 453/453/453 472/472/472 473/473/473
f 453/453/453 473/473/473 454/454/454
f 454/454/454 473/473/473 474/474/474
f 454/454/454 474/474/474 455/455/455
f 455/455/455 474/474/474 475/475/475
f 455/455/455 475/475/475 456/456/456
f 456/456/456 475/475/475 476/476/476
f 456/456/456 476/476/476 457/457/457
f 457/457/457 476/476/476 477/477/477
f 457/457/457 477/477/477 458/458/458
f 458/458/458 477/477/477 478/478/478
f 458/458/458 478/478/478 459/459/459
f 459/459/459 478/478/478 479/479/479
f 459/459/459 479/479/479 460/460/460
f 460/460/460 479/479/479 480/480/480
f 461/461/461 481/481/481 462/462/462
f 462/462/462 481/481/481 482/482/482
f 462/462/462 482/482/482 463/463/463
f 463/463/463 482/482/482 483/483/483
f 463/463/463 483/483/483 464/464/464
f 464/464/464 483/483/483 484/484/484
f 464/464/464 484/484/484 465/465/465
f 465/465/465 484/484/484 485/485/485
f 465/465/465 485/485/485 466/466/466
f 466/466/466 485/485/485 486/486/486
f 466/466/466 486/486/486 467/467/467
f 467/467/467 486/486/486 487/487/487
f 467/467/467 487/487/487 468/468/468
f 468/468/468 487/487/487 488/488/488
f 468/468/468 488/488/488 469/469/469
f 469/469/469 488/488/488 489/489/489
f 469/469/469 489/489/489 470/470/470
f 470/470/470 489/489/489 490/490/490
f 470/470/470 490/490/490 471/471/471
f 471/471/471 490/490/490 491/491/491
f 471/471/471 491/491/491 472/472/472
f 472/472/472 491/491/491 492/492/492
f 472/472/472 492/492/492 473/473/473
f 473/473/473 492/492/492 493/493/493
f 473/473/473 493/493/493 474/474/474
f 474/474/474 493/493/493 494/494/494
f 474/474/474 494/494/494 475/475/475
f 475/475/475 494/494/494 495/495/495
f 475/475/475 495/495/495 476/476/476
f 476/476/476 495/495/495 496/496/496
f 476/476/476 496/496/496 477/477/477
f 477/477/477 496/496/496 497/497/497
f 477/477/477 497/497/497 478/478/478
f 478/478/478 497/497/497 498/498/498
f 478/478/478 498/498/498 479/479/479
f 479/479/479 498/498/498 499/499/499
f 479/479/479 499/499/499 480/480/480
f 480/480/480 499/499/499 500/500/500
f 481/481/481 501/501/501 482/482/482
f 482/482/482 501/501/501 502/502/502
f 482/482/482 502/502/502 483/483/483
f 483/483/483 502/502/502 503/503/503
f 483/483/483 503/503/503 484/484/484
f 484/484/484 503/503/503 504/504/504
f 484/484/484 504/504/504 485/485/485
f 485/485/485 504/504/504 505/505/505
f 485/485/485 505/505/505 486/486/486
f 486/486/486 505/505/505 506/506/506
f 486/486/486 506/506/506 487/487/487
f 487/487/487 506/506/506 507/507/507
f 487/487/487 507/507/507 488/488/488
f 488/488/488 507/507/507 508/508/508
f 488/488/488 508/508/508 489/489/489
f 489/489/489 508/508/508 509/509/509
f 489/489/489 509/509/509 490/490/490
f 490/490/490 509/509/509 510/510/510
f 490/490/490 510/510/510 491/491/491
f 491/491/491 510/510/510 511/511/511
f 491/491/491 511/511/511 492/492/492
f 492/492/492 511/511/511 512/512/512
f 492/492/492 512/512/512 493/493/493
f 493/493/493 512/512/512 513/513/513
f 493/493/493 513/513/513 494/494/494
f 494/494/494 513/513/513 514/514/514
f 494/494/494 514/514/514 495/495/495
f 495/495/495 514/514/514 515/515/515
f 495/495/495 515/515/515 496/496/496
f 496/496/496 515/515/515 516/516/516
f 496/496/496 516/516/516 497/497/497
f 497/497/497 516/516/516 517/517/517
f 497/497/497 517/517/517 498/498/498
f 498/498/498 517/517/517 518/518/518
f 498/498/498 518/518/518 499/499/499
f 499/499/499 518/518/518 519/519/519
f 499/499/499 519/519/519 500/500/500
f 500/500/500 519/519/519 520/520/520
f 501/501/501 521/521/521 502/502/502
f 502/502/502 521/521/521 522/522/522
f 502/502/502 522/522/522 503/503/503
f 503/503/503 522/522/522 523/523/523
f 503/503/503 523/523/523 504/504/504
f 504/504/504 523/523/523 524/524/524
f 504/504/504 524/524/524 505/505/505
f 505/505/505 524/524/524 525/525/525
f 505/505/505 525/525/525 506/506/506
f 506/506/506 525/525/525 526/526/526
f 506/506/506 526/526/526 507/507/507
f 507/507/507 526/526/526 527/527/527
f 507/507/507 527/527/527 508/508/508
f 508/508/508 527/527/527 528/528/528
f 508/508/508 528/528/528 509/509/509
f 509/509/509 528/528/528 529/529/529
f 509/509/509 529/529/529 510/510/510
f 510/510/510 529/529/529 530/530/530
f 510/510/510 530/530/530 511/511/511
f 511/511/511 530/530/530 531/531/531
f 511/511/511 531/531/531 512/512/512
f 512/512/512 531/531/531 532/532/532
f 512/512/512 532/532/532 513/513/513
f 513/513/513 532/532/532 533/533/533
f 513/513/513 533/533/533 514/514/514
f 514/514/514 533/533/533 534/534/534
f 514/514/514 534/534/534 515/515/515
f 515/515/515 534/534/534 535/535/535
f 515/515/515 535/535/535 516/516/516
f 516/516/516 535/535/535 536/536/536
f 516/516/516 536/536/536 517/517/517
f 517/517/517 536/536/536 537/537/537
f 517/517/517 537/537/537 518/518/518
f 518/518/518 537/537/537 538/538/538
f 518/518/518 538/538/538 519/519/519
f 519/519/519 538/538/538 539/539/539
f 519/519/519 539/539/539 520/520/520
f 520/520/520 539/539/539 540/540/540
f 521/521/521 541/541/541 522/522/522
f 522/522/522 541/541/541 542/542/542
f 522/522/522 542/542/542 523/523/523
f 523/523/523 542/542/542 543/543/543
f 523/523/523 543/543/543 524/524/524
f 524/524/524 543/543/543 544/544/544
f 524/524/524 544/544/544 525/525/525
f 525/525/525 544/544/544 545/545/545
f 525/525/525 545/545/545 526/526/526
f 526/526/526 545/545/545 546/546/546
f 526/526/526 546/546/546 527/527/527
f 527/527/527 546/546/546 547/547/547
f 527/527/527 547/547/547 528/528/528
f 528/528/528 547/547/547 548/548/548
f 528/528/528 548/548/548 529/529/529
f 529/529/529 548/548/548 549/549/549
f 529/529/529 549/549/549 530/530/530
f 530/530/530 549/549/549 550/550/550
f 530/530/530 550/550/550 531/531/531
f 531/531/531 550/550/550 551/551/551
f 531/531/531 551/551/551 532/532/532
f 532/532/532 551/551/551 552/552/552
f 532/532/532 552/552/552 533/533/533
f 533/533/533 552/552/552 553/553/553
f 533/533/533 553/553/553 534/534/534
f 534/534/534 553/553/553 554/554/554
f 534/534/534 554/554/554 535/535/535
f 535/535/535 554/554/554 555/555/555
f 535/535/535 555/555/555 536/536/536
f 536/536/536 555/555/555 556/556/556
f 536/536/536 556/556/556 537/537/537
f 537/537/537 556/556/556 557/557/557
f 537/537/537 557/557/557 538/538/538
f 538/538/538 557/557/557 558/558/558
f 538/538/538 558/558/558 539/539/539
f 539/539/539 558/558/558 559/559/559
f 539/539/539 559/559/559 540/540/540
f 540/540/540 559/559/559 560/560/560
f 541/541/541 561/561/561 542/542/542
f 542/542/542 561/561/561 562/562/562
f 542/542/542 562/562/562 543/543/543
f 543/543/543 562/562/562 563/563/563
f 543/543/543 563/563/563 544/544/544
f 544/544/544 563/563/563 564/564/564
f 544/544/544 564/564/564 545/545/545
f 545/545/545 564/564/564 565/565/565
f 545/545/545 565/565/565 546/546/546
f 546/546/546 565/565/565 566/566/566
f 546/546/546 566/566/566 547/547/547
f 547/547/547 566/566/566 567/567/567
f 547/547/547 567/567/567 548/548/548
f 548/548/548 567/567/567 568/568/568
f 548/548/548 568/568/568 549/549/549
f 549/549/549 568/568/568 569/569/569
f 549/549/549 569/569/569 550/550/550
f 550/550/550 569/569/569 570/570/570
f 550/550/550 570/570/570 551/551/551
f 551/551/551 570/570/570 571/571/571
f 551/551/551 571/571/571 552/552/552
f 552/552/552 571/571/571 572/572/572
f 552/552/552 572/572/572 553/553/553
f 553/553/553 572/572/572 573/573/573
f 553/553/553 573/573/573 554/554/554
f 554/554/554 573/573/573 574/574/574
f 554/554/554 574/574/574 555/555/555
f 555/555/555 574/574/574 575/575/575
f 555/555/555 575/575/575 556/556/556
f 556/556/556 575/575/575 576/576/576
f 556/556/556 576/576/576 557/557/557
f 557/557/557 576/576/576 577/577/577
f 557/557/557 577/577/577 558/558/558
f 558/558/558 577/577/577 578/578/578
f 558/558/558 578/578/578 559/559/559
f 559/559/559 578/578/578 579/579/579
f 559/559/559 579/579/579 560/560/560
f 560/560/560 579/579/579 580/580/580
f 561/561/561 581/581/581 562/562/562
f 562/562/562 581/581/581 582/582/582
f 562/562/562 582/582/582 563/563/563
f 563/563/563 582/582/582 583/583/583
f 563/563/563 583/583/583 564/564/564
f 564/564/564 583/583/583 584/584/584
f 564/564/564 584/584/584 565/565/565
f 565/565/565 584/584/584 585/585/585
f 565/565/565 585/585/585 566/566/566
f 566/566/566 585/585/585 586/586/586
f 566/566/566 586/586/586 567/567/567
f 567/567/567 586/586/586 587/587/587
f 567/567/567 587/587/587 568/568/568
f 568/568/568 587/587/587 588/588/588
f 568/568/568 588/588/588 569/569/569
f 569/569/569 588/588/588 589/589/589
f 569/569/569 589/589/589 570/570/570
f 570/570/570 589/589/589 590/590/590
f 570/570/570 590/590/590 571/571/571
f 571/571/571 590/590/590 591/591/591
f 571/571/571 591/591/591 572/572/572
f 572/572/572 591/591/591 592/592/592
f 572/572/572 592/592/592 573/573/573
f 573/573/573 592/592/592 593/593/593
f 573/573/573 593/593/593 574/574/574
f 574/574/574 593/593/593 594/594/594
f 574/574/574 594/594/594 575/575/575
f 575/575/575 594/594/594 595/595/595
f 575/575/575 595/595/595 576/576/576
f 576/576/576 595/595/595 596/596/596
f 576/576/576 596/596/596 577/577/577
f 577/577/577 596/596/596 597/597/597
f 577/577/577 597/597/597 578/578/578
f 578/578/578 597/597/597 598/598/598
f 578/578/578 598/598/598 579/579/579
f 579/579/579 598/598/598 599/599/599
f 579/579/579 599/599/599 580/580/580
f 580/580/580 599/599/599 600/600/600
f 581/581/581 601/601/601 582/582/582
f 582/582/582 601/601/601 602/602/602
f 582/582/582 602/602/602 583/583/583
f 583/583/583 602/602/602 603/603/603
f 583/583/583 603/603/603 584/584/584
f 584/584/584 603/603/603 604/604/604
f 584/584/584 604/604/604 585/585/585
f 585/585/585 604/604/604 605/605/605
f 585/585/585 605/605/605 586/586/586
f 586/586/586 605/605/605 606/606/606
f 586/586/586 606/606/606 587/587/587
f 587/587/587 606/606/606 607/607/607
f 587/587/587 607/607/607 588/588/588
f 588/588/588 607/607/607 608/608/608
f 588/588/588 608/608/608 589/589/589
f 589/589/589 608/608/608 609/609/609
f 589/589/589 609/609/609 590/590/590
f 590/590/590 609/609/609 610/610/610
f 590/590/590 610/610/610 591/591/591
f 591/591/591 610/610/610 611/611/611
f 591/591/591 611/611/611 592/592/592
f 592/592/592 611/611/611 612/612/612
f 592/592/592 612/612/612 593/593/593
f 593/593/593 612/612/612 613/613/613
f 593/593/593 613/613/613 594/594/594
f 594/594/594 613/613/613 614/614/614
f 594/594/594 614/614/614 595/595/595
f 595/595/595 614/614/614 615/615/615
f 595/595/595 615/615/615 596/596/596
f 596/596/596 615/615/615 616/616/616
f 596/596/596 616/616/616 597/597/597
f 597/597/597 616/616/616 617/617/617
f 597/597/597 617/617/617 598/598/598
f 598/598/598 617/617/617 618/618/618
f 598/598/598 618/618/618 599/599/599
f 599/599/599 618/618/618 619/619/619
f 599/599/599 619/619/619 600/600/600
f 600/600/600 619/619/619 620/620/620
f 601/601/601 621/621/621 602/602/602
f 602/602/602 621/621/621 622/622/622
f 602/602/602 622/622/622 603/603/603
f 603/603/603 622/622/622 623/623/623
f 603/603/603 623/623/623 604/604/604
f 604/604/604 623/623/623 624/624/624
f 604/604/604 624/624/624 605/605/605
f 605/605/605 624/624/624 625/625/625
f 605/605/605 625/625/625 606/606/606
f 606/606/606 625/625/625 626/626/626
f 606/606/606 626/626/626 607/607/607
f 607/607/607 626/626/626 627/627/627
f 607/607/607 627/627/627 608/608/608
f 608/608/608 627/627/627 628/628/628
f 608/608/608 628/628/628 609/609/609
f 609/609/609 628/628/628 629/629/629
f 609/609/609 629/629/629 610/610/610
f 610/610/610 629/629/629 630/630/630
f 610/610/610 630/630/630 611/611/611
f 611/611/611 630/630/630 631/631/631
f 611/611/611 631/631/631 612/612/612
f 612/612/612 631/631/631 632/632/632
f 612/612/612 632/632/632 613/613/613
f 613/613/613 632/632/632 633/633/633
f 613/613/613 633/633/633 614/614/614
f 614/614/614 633/633/633 634/634/634
f 614/614/614 634/634/634 615/615/615
f 615/615/615 634/634/634 635/635/635
f 615/615/615 635/635/635 616/616/616
f 616/616/616 635/635/635 636/636/636
f 616/616/616 636/636/636 617/617/617
f 617/617/617 636/636/636 637/637/637
f 617/617/617 637/637/637 618/618/618
f 618/618/618 637/637/637 638/638/638
f 618/618/618 638/638/638 619/619/619
f 619/619/619 638/638/638 639/639/639
f 619/619/619 639/639/639 620/620/620
f 620/620/620 639/639/639 640/640/640
f 621/621/621 641/641/641 622/622/622
f 622/622/622 641/641/641 642/642/642
f 622/622/622 642/642/642 623/623/623
f 623/623/623 642/642/642 643/643/643
f 623/623/623 643/643/643 624/624/624
f 624/624/624 643/643/643 644/644/644
f 624/624/624 644/644/644 625/625/625
f 625/625/625 644/644/644 645/645/645
f 625/625/625 645/645/645 626/626/626
f 626/626/626 645/645/645 646/646/646
f 626/626/626 646/646/646 627/627/627
f 627/627/627 646/646/646 647/647/647
f 627/627/627 647/647/647 628/628/628
f 628/628/628 647/647/647 648/648/648
f 628/628/628 648/648/648 629/629/629
f 629/629/629 648/648/648 649/649/649
f 629/629/629 649/649/649 630/630/630
f 630/630/630 649/649/649 650/650/650
f 630/630/630 650/650/650 631/631/631
f 631/631/631 650/650/650 651/651/651
f 631/631/631 651/651/651 632/632/632
f 632/632/632 651/651/651 652/652/652
f 632/632/632 652/652/652 633/633/633
f 633/633/633 652/652/652 653/653/653
f 633/633/633 653/653/653 634/634/634
f 634/634/634 653/653/653 654/654/654
f 634/634/634 654/654/654 635/635/635
f 635/635/635 654/654/654 655/655/655
f 635/635/635 655/655/655 636/636/636
f 636/636/636 655/655/655 656/656/656
f 636/636/636 656/656/656 637/637/637
f 637/637/637 656/656/656 657/657/657
f 637/637/637 657/657/657 638/638/638
f 638/638/638 657/657/657 658/658/658
f 638/638/638 658/658/658 639/639/639
f 639/639/639 658/658/658 659/659/659
f 639/639/639 659/659/659 640/640/640
f 640/640/640 659/659/659 660/660/660
f 641/641/641 661/661/661 642/642/642
f 642/642/642 661/661/661 662/662/662
f 642/642/642 662/662/662 643/643/643
f 643/643/643 662/662/662 663/663/663
f 643/643/643 663/663/663 644/644/644
f 644/644/644 663/663/663 664/664/664
f 644/644/644 664/664/664 645/645/645
f 645/645/645 664/664/664 665/665/665
f 645/645/645 665/665/665 646/646/646
f 646/646/646 665/665/665 666/666/666
f 646/646/646 666/666/666 647/647/647
f 647/647/647 666/666/666 667/667/667
f 647/647/647 667/667/667 648/648/648
f 648/648/648 667/667/667 668/668/668
f 648/648/648 668/668/668 649/649/649
f 649/649/649 668/668/668 669/669/669
f 649/649/649 669/669/669 650/650/650
f 650/650/650 669/669/669 670/670/670
f 650/650/650 670/670/670 651/651/651
f 651/651/651 670/670/670 671/671/671
f 651/651/651 671/671/671 652/652/652
f 652/652/652 671/671/671 672/672/672
f 652/652/652 672/672/672 653/653/653
f 653/653/653 672/672/672 673/673/673
f 653/653/653 673/673/673 654/654/654
f 654/654/654 673/673/673 674/674/674
f 654/654/654 674/674/674 655/655/655
f 655/655/655 674/674/674 675/675/675
f 655/655/655 675/675/675 656/656/656
f 656/656/656 675/675/675 676/676/676
f 656/656/656 676/676/676 657/657/657
f 657/657/657 676/676/676 677/677/677
f 657/657/657 677/677/677 658/658/658
f 658/658/658 677/677/677 678/678/678
f 658/658/658 678/678/678 659/659/659
f 659/659/659 678/678/678 679/679/679
f 659/659/659 679/679/679 660/660/660
f 660/660/660 679/679/679 680/680/680
f 661/661/661 681/681/681 662/662/662
f 662/662/662 681/681/681 682/682/682
f 662/662/662 682/682/682 663/663/663
f 663/663/663 682/682/682 683/683/683
f 663/663/663 683/683/683 664/664/664
f 664/664/664 683/683/683 684/684/684
f 664/664/664 684/684/684 665/665/665
f 665/665/665 684/684/684 685/685/685
f 665/665/665 685/685/685 666/666/666
f 666/666/666 685/685/685 686/686/686
f 666/666/666 686/686/686 667/667/667
f 667/667/667 686/686/686 687/687/687
f 667/667/667 687/687/687 668/668/668
f 668/668/668 687/687/687 688/688/688
f 668/668/668 688/688/688 669/669/669
f 669/669/669 688/688/688 689/689/689
f 669/669/669 689/689/689 670/670/670
f 670/670/670 689/689/689 690/690/690
f 670/670/670 690/690/690 671/671/671
f 671/671/671 690/690/690 691/691/691
f 671/671/671 691/691/691 672/672/672
f 672/672/672 691/691/691 692/692/692
f 672/672/672 692/692/692 673/673/673
f 673/673/673 692/692/692 693/693/693
f 673/673/673 693/693/693 674/674/674
f 674/674/674 693/693/693 694/694/694
f 674/674/674 694/694/694 675/675/675
f 675/675/675 694/694/694 695/695/695
f 675/675/675 695/695/695 676/676/676
f 676/676/676 695/695/695 696/696/696
f 676/676/676 696/696/696 677/677/677
f 677/677/677 696/696/696 697/697/697
f 677/677/677 697/697/697 678/678/678
f 678/678/678 697/697/697 698/698/698
f 678/678/678 698/698/698 679/679/679
f 679/679/679 698/698/698 699/699/699
f 679/679/679 699/699/699 680/680/680
f 680/680/680 699/699/699 700/700/700
f 681/681/681 701/701/701 682/682/682
f 682/682/682 701/701/701 702/702/702
f 682/682/682 702/702/702 683/683/683
f 683/683/683 702/702/702 703/703/703
f 683/683/683 703/703/703 684/684/684
f 684/684/684 703/703/703 704/704/704
f 684/684/684 704/704/704 685/685/685
f 685/685/685 704/704/704 705/705/705
f 685/685/685 705/705/705 686/686/686
f 686/686/686 705/705/705 706/706/706
f 686/686/686 706/706/706 687/687/687
f 687/687/687 706/706/706 707/707/707
f 687/687/687 707/707/707 688/688/688
f 688/688/688 707/707/707 708/708/708
f 688/688/688 708/708/708 689/689/689
f 689/689/689 708/708/708 709/709/709
f 689/689/689 709/709/709 690/690/690
f 690/690/690 709/709/709 710/710/710
f 690/690/690 710/710/710 691/691/691
f 691/691/691 710/710/710 711/711/711
f 691/691/691 711/711/711 692/692/692
f 692/692/692 711/711/711 712/712/712
f 692/692/692 712/712/712 693/693/693
f 693/693/693 712/712/712 713/713/713
f 693/693/693 713/713/713 694/694/694
f 694/694/694 713/713/713 714/714/714
f 694/694/694 714/714/714 695/695/695
f 695/695/695 714/714/714 715/715/715
f 695/695/695 715/715/715 696/696/696
f 696/696/696 715/715/715 716/716/716
f 696/696/696 716/716/716 697/697/697
f 697/697/697 716/716/716 717/717/717
f 697/697/697 717/717/717 698/698/698
f 698/698/698 717/717/717 718/718/718
f 698/698/698 718/718/718 699/699/699
f 699/699/699 718/718/718 719/719/719
f 699/699/699 719/719/719 700/700/700
f 700/700/700 719/719/719 720/720/720
f 701/701/701 721/721/721 702/702/702
f 702/702/702 721/721/721 722/722/722
f 702/702/702 722/722/722 703/703/703
f 703/703/703 722/722/722 723/723/723
f 703/703/703 723/723/723 704/704/704
f 704/704/704 723/723/723 724/724/724
f 704/704/704 724/724/724 705/705/705
f 705/705/705 724/724/724 725/725/725
f 705/705/705 725/725/725 706/706/706
f 706/706/706 725/725/725 726/726/726
f 706/706/706 726/726/726 707/707/707
f 707/707/707 726/726/726 727/727/727
f 707/707/707 727/727/727 708/708/708
f 708/708/708 727/727/727 728/728/728
f 708/708/708 728/728/728 709/709/709
f 709/709/709 728/728/728 729/729/729
f 709/709/709 729/729/729 710/710/710
f 710/710/710 729/729/729 730/730/730
f 710/710/710 730/730/730 711/711/711
f 711/711/711 730/730/730 731/731/731
f 711/711/711 731/731/731 712/712/712
f 712/712/712 731/731/731 732/732/732
f 712/712/712 732/732/732 713/713/713
f 713/713/713 732/732/732 733/733/733
f 713/713/713 733/733/733 714/714/714
f 714/714/714 733/733/733 734/734/734
f 714/714/714 734/734/734 715/715/715
f 715/715/715 734/734/734 735/735/735
f 715/715/715 735/735/735 716/716/716
f 716/716/716 735/735/735 736/736/736
f 716/716/716 736/736/736 717/717/717
f 717/717/717 736/736/736 737/737/737
f 717/717/717 737/737/737 718/718/718
f 718/718/718 737/737/737 738/738/738
f 718/718/718 738/738/738 719/719/719
f 719/719/719 738/738/738 739/739/739
f 719/719/719 739/739/739 720/720/720
f 720/720/720 739/739/739 740/740/740
f 721/721/721 741/741/741 722/722/722
f 722/722/722 741/741/741 742/742/742
f 722/722/722 742/742/742 723/723/723
f 723/723/723 742/742/742 743/743/743
f 723/723/723 743/743/743 724/724/724
f 724/724/724 743/743/743 744/744/744
f 724/724/724 744/744/744 725/725/725
f 725/725/725 744/744/744 745/745/745
f 725/725/725 745/745/745 726/726/726
f 726/726/726 745/745/745 746/746/746
f 726/726/726 746/746/746 727/727/727
f 727/727/727 746/746/746 747/747/747
f 727/727/727 747/747/747 728/728/728
f 728/728/728 747/747/747 748/748/748
f 728/728/728 748/748/748 729/729/729
f 729/729/729 748/748/748 749/749/749
f 729/729/729 749/749/749 730/730/730
f 730/730/730 749/749/749 750/750/750
f 730/730/730 750/750/750 731/731/731
f 731/731/731 750/750/750 751/751/751
f 731/731/731 751/751/751 732/732/732
f 732/732/732 751/751/751 752/752/752
f 732/732/732 752/752/752 733/733/733
f 733/733/733 752/752/752 753/753/753
f 733/733/733 753/753/753 734/734/734
f 734/734/734 753/753/753 754/754/754
f 734/734/734 754/754/754 735/735/735
f 735/735/735 754/754/754 755/755/755
f 735/735/735 755/755/755 736/736/736
f 736/736/736 755/755/755 756/756/756
f 736/736/736 756/756/756 737/737/737
f 737/737/737 756/756/756 757/757/757
f 737/737/737 757/757/757 738/738/738
f 738/738/738 757/757/757 758/758/758
f 738/738/738 758/758/758 739/739/739
f 739/739/739 758/758/758 759/759/759
f 739/739/739 759/759/759 740/740/740
f 740/740/740 759/759/759 760/760/760
f 741/741/741 761/761/761 742/742/742
f 742/742/742 761/761/761 762/762/762
f 742/742/742 762/762/762 743/743/743
f 743/743/743 762/762/762 763/763/763
f 743/743/743 763/763/763 744/744/744
f 744/744/744 763/763/763 764/764/764
f 744/744/744 764/764/764 745/745/745
f 745/745/745 764/764/764 765/765/765
f 745/745/745 765/765/765 746/746/746
f 746/746/746 765/765/765 766/766/766
f 746/746/746 766/766/766 747/747/747
f 747/747/747 766/766/766 767/767/767
f 747/747/747 767/767/767 748/748/748
f 748/748/748 767/767/767 768/768/768
f 748/748/748 768/768/768 749/749/749
f 749/749/749 768/768/768 769/769/769
f 749/749/749 769/769/769 750/750/750
f 750/750/750 769/769/769 770/770/770
f 750/750/750 770/770/770 751/751/751
f 751/751/751 770/770/770 771/771/771
f 751/751/751 771/771/771 752/752/752
f 752/752/752 771/771/771 772/772/772
f 752/752/752 772/772/772 753/753/753
f 753/753/753 772/772/772 773/773/773
f 753/753/753 773/773/773 754/754/754
f 754/754/754 773/773/773 774/774/774
f 754/754/754 774/774/774 755/755/755
f 755/755/755 774/774/774 775/775/775
f 755/755/755 775/775/775 756/756/756
f 756/756/756 775/775/775 776/776/776
f 756/756/756 776/776/776 757/757/757
f 757/757/757 776/776/776 777/777/777
f 757/757/757 777/777/777 758/758/758
f 758/758/758 777/777/777 778/778/778
f 758/758/758 778/778/778 759/759/759
f 759/759/759 778/778/778 779/779/779
f 759/759/759 779/779/779 760/760/760
f 760/760/760 779/779/779 780/780/780
f 761/761/761 781/781/781 762/762/762
f 762/762/762 781/781/781 782/782/782
f 762/762/762 782/782/782 763/763/763
f 763/763/763 782/782/782 783/783/783
f 763/763/763 783/783/783 764/764/764
f 764/764/764 783/783/783 784/784/784
f 764/764/764 784/784/784 765/765/765
f 765/765/765 784/784/784 785/785/785
f 765/765/765 785/785/785 766/766/766
f 766/766/766 785/785/785 786/786/786
f 766/766/766 786/786/786 767/767/767
f 767/767/767 786/786/786 787/787/787
f 767/767/767 787/787/787 768/768/768
f 768/768/768 787/787/787 788/788/788
f 768/768/768 788/788/788 769/769/769
f 769/769/769 788/788/788 789/789/789
f 769/769/769 789/789/789 770/770/770
f 770/770/770 789/789/789 790/790/790
f 770/770/770 790/790/790 771/771/771
f 771/771/771 790/790/790 791/791/791
f 771/771/771 791/791/791 772/772/772
f 772/772/772 791/791/791 792/792/792
f 772/772/772 792/792/792 773/773/773
f 773/773/773 792/792/792 793/793/793
f 773/773/773 793/793/793 774/774/774
f 774/774/774 793/793/793 794/794/794
f 774/774/774 794/794/794 775/775/775
f 775/775/775 794/794/794 795/795/795
f 775/775/775 795/795/795 776/776/776
f 776/776/776 795/795/795 796/796/796
f 776/776/776 796/796/796 777/777/777
f 777/777/777 796/796/796 797/797/797
f 777/777/777 797/797/797 778/778/778
f 778/778/778 797/797/797 798/798/798
f 778/778/778 798/798/798 779/779/779
f 779/779/779 798/798/798 799/799/799
f 779/779/779 799/799/799 780/780/780
f 780/780/780 799/799/799 800/800/800

# Patch: connector_string
o connector_string
usemtl bikini_8625a973_material
v 0.030000 1.290000 0.110500
v 0.030000 1.290000 0.108000
v 0.030000 1.290000 0.105500
v 0.021429 1.290000 0.110500
v 0.021429 1.290000 0.108000
v 0.021429 1.290000 0.105500
v 0.012857 1.290000 0.110500
v 0.012857 1.290000 0.108000
v 0.012857 1.290000 0.105500
v 0.004286 1.290000 0.110500
v 0.004286 1.290000 0.108000
v 0.004286 1.290000 0.105500
v -0.004286 1.290000 0.110500
v -0.004286 1.290000 0.108000
v -0.004286 1.290000 0.105500
v -0.012857 1.290000 0.110500
v -0.012857 1.290000 0.108000
v -0.012857 1.290000 0.105500
v -0.021429 1.290000 0.110500
v -0.021429 1.290000 0.108000
v -0.021429 1.290000 0.105500
v -0.030000 1.290000 0.110500
v -0.030000 1.290000 0.108000
v -0.030000 1.290000 0.105500
vn 0.000000 -1.000000 0.000000
vn 0.000000 -1.000000 0.000000
vn 0.000000 -1.000000 0.000000
vn 0.000000 -1.000000 0.000000
vn 0.000000 -1.000000 0.000000
vn 0.000000 -1.000000 0.000000
vn 0.000000 -1.000000 0.000000
vn 0.000000 -1.000000 0.000000
vn 0.000000 -1.000000 0.000000
vn 0.000000 -1.000000 0.000000
vn 0.000000 -1.000000 0.000000
vn 0.000000 -1.000000 0.000000
vn 0.000000 -1.000000 0.000000
vn 0.000000 -1.000000 0.000000
vn 0.000000 -1.000000 0.000000
vn 0.000000 -1.000000 0.000000
vn 0.000000 -1.000000 0.000000
vn 0.000000 -1.000000 0.000000
vn 0.000000 -1.000000 0.000000
vn 0.000000 -1.000000 0.000000
vn 0.000000 -1.000000 0.000000
vn 0.000000 -1.000000 0.000000
vn 0.000000 -1.000000 0.000000
vn 0.000000 -1.000000 0.000000
vt 0.510000 0.020000
vt 0.510000 0.173333
vt 0.510000 0.326667
vt 0.542143 0.020000
vt 0.542143 0.173333
vt 0.542143 0.326667
vt 0.574286 0.020000
vt 0.574286 0.173333
vt 0.574286 0.326667
vt 0.606429 0.020000
vt 0.606429 0.173333
vt 0.606429 0.326667
vt 0.638571 0.020000
vt 0.638571 0.173333
vt 0.638571 0.326667
vt 0.670714 0.020000
vt 0.670714 0.173333
vt 0.670714 0.326667
vt 0.702857 0.020000
vt 0.702857 0.173333
vt 0.702857 0.326667
vt 0.735000 0.020000
vt 0.735000 0.173333
vt 0.735000 0.326667
f 801/801/801 804/804/804 802/802/802
f 802/802/802 804/804/804 805/805/805
f 802/802/802 805/805/805 803/803/803
f 803/803/803 805/805/805 806/806/806
f 804/804/804 807/807/807 805/805/805
f 805/805/805 807/807/807 808/808/808
f 805/805/805 808/808/808 806/806/806
f 806/806/806 808/808/808 809/809/809
f 807/807/807 810/810/810 808/808/808
f 808/808/808 810/810/810 811/811/811
f 808/808/808 811/811/811 809/809/809
f 809/809/809 811/811/811 812/812/812
f 810/810/810 813/813/813 811/811/811
f 811/811/811 813/813/813 814/814/814
f 811/811/811 814/814/814 812/812/812
f 812/812/812 814/814/814 815/815/815
f 813/813/813 816/816/816 814/814/814
f 814/814/814 816/816/816 817/817/817
f 814/814/814 817/817/817 815/815/815
f 815/815/815 817/817/817 818/818/818
f 816/816/816 819/819/819 817/817/817
f 817/817/817 819/819/819 820/820/820
f 817/817/817 820/820/820 818/818/818
f 818/818/818 820/820/820 821/821/821
f 819/819/819 822/822/822 820/820/820
f 820/820/820 822/822/822 823/823/823
f 820/820/820 823/823/823 821/821/821
f 821/821/821 823/823/823 824/824/824

# Patch: strap_left_halter
o strap_left_halter
usemtl bikini_8625a973_material
v -0.077420 1.328000 0.120338
v -0.074473 1.328000 0.118779
v -0.071527 1.328000 0.117221
v -0.068580 1.328000 0.115662
v -0.091086 1.344000 0.094505
v -0.088140 1.344000 0.092946
v -0.085193 1.344000 0.091387
v -0.082247 1.344000 0.089829
v -0.104753 1.360000 0.068671
v -0.101807 1.360000 0.067113
v -0.098860 1.360000 0.065554
v -0.095914 1.360000 0.063995
v -0.118420 1.376000 0.042838
v -0.115473 1.376000 0.041279
v -0.112527 1.376000 0.039721
v -0.109580 1.376000 0.038162
v -0.132086 1.392000 0.017005
v -0.129140 1.392000 0.015446
v -0.126193 1.392000 0.013887
v -0.123247 1.392000 0.012329
v -0.145753 1.408000 -0.008829
v -0.142807 1.408000 -0.010387
v -0.139860 1.408000 -0.011946
v -0.136914 1.408000 -0.013505
v -0.159883 1.424000 -0.038077
v -0.156628 1.424000 -0.037359
v -0.153372 1.424000 -0.036641
v -0.150117 1.424000 -0.035923
v -0.135691 1.427083 -0.048429
v -0.134675 1.427083 -0.045254
v -0.133659 1.427083 -0.042079
v -0.132643 1.427083 -0.038905
v -0.114857 1.430167 -0.055095
v -0.113841 1.430167 -0.051921
v -0.112825 1.430167 -0.048746
v -0.111809 1.430167 -0.045571
v -0.094024 1.433250 -0.061762
v -0.093008 1.433250 -0.058587
v -0.091992 1.433250 -0.055413
v -0.090976 1.433250 -0.052238
v -0.073191 1.436333 -0.068429
v -0.072175 1.436333 -0.065254
v -0.071159 1.436333 -0.062079
v -0.070143 1.436333 -0.058905
v -0.052357 1.439417 -0.075095
v -0.051341 1.439417 -0.071921
v -0.050325 1.439417 -0.068746
v -0.049309 1.439417 -0.065571
v -0.031847 1.442500 -0.081646
v -0.030616 1.442500 -0.078549
v -0.029384 1.442500 -0.075451
v -0.028153 1.442500 -0.072354
v -0.026774 1.442500 -0.085160
v -0.024925 1.442500 -0.082387
v -0.023075 1.442500 -0.079613
v -0.021226 1.442500 -0.076840
v -0.020774 1.442500 -0.089160
v -0.018925 1.442500 -0.086387
v -0.017075 1.442500 -0.083613
v -0.015226 1.442500 -0.080840
v -0.014774 1.442500 -0.093160
v -0.012925 1.442500 -0.090387
v -0.011075 1.442500 -0.087613
v -0.009226 1.442500 -0.084840
v -0.008774 1.442500 -0.097160
v -0.006925 1.442500 -0.094387
v -0.005075 1.442500 -0.091613
v -0.003226 1.442500 -0.088840
v -0.002774 1.442500 -0.101160
v -0.000925 1.442500 -0.098387
v 0.000925 1.442500 -0.095613
v 0.002774 1.442500 -0.092840
vn -0.224559 -0.877153 -0.424471
vn -0.224559 -0.877153 -0.424471
vn -0.224559 -0.877153 -0.424471
vn -0.224559 -0.877153 -0.424471
vn -0.224559 -0.877153 -0.424471
vn -0.224559 -0.877153 -0.424471
vn -0.224559 -0.877153 -0.424471
vn -0.224559 -0.877153 -0.424471
vn -0.224559 -0.877153 -0.424471
vn -0.224559 -0.877153 -0.424471
vn -0.224559 -0.877153 -0.424471
vn -0.224559 -0.877153 -0.424471
vn -0.224559 -0.877153 -0.424471
vn -0.224559 -0.877153 -0.424471
vn -0.224559 -0.877153 -0.424471
vn -0.224559 -0.877153 -0.424471
vn -0.224559 -0.877153 -0.424471
vn -0.224559 -0.877153 -0.424471
vn -0.224559 -0.877153 -0.424471
vn -0.224559 -0.877153 -0.424471
vn -0.218335 -0.884310 -0.412706
vn -0.172394 -0.882177 -0.438229
vn -0.177515 -0.874566 -0.451246
vn -0.129585 -0.859755 -0.493993
vn -0.043017 -0.907392 -0.418078
vn 0.026923 -0.923061 -0.383710
vn 0.029956 -0.903786 -0.426934
vn 0.139170 -0.911668 -0.386643
vn 0.107070 -0.991020 -0.080098
vn 0.124761 -0.990205 -0.062674
vn 0.134085 -0.988678 -0.067357
vn 0.142110 -0.988806 -0.045475
vn 0.132938 -0.990211 -0.042540
vn 0.132938 -0.990211 -0.042540
vn 0.132938 -0.990211 -0.042540
vn 0.132938 -0.990211 -0.042540
vn 0.132938 -0.990211 -0.042540
vn 0.132938 -0.990211 -0.042540
vn 0.132938 -0.990211 -0.042540
vn 0.132938 -0.990211 -0.042540
vn 0.132938 -0.990211 -0.042540
vn 0.132938 -0.990211 -0.042540
vn 0.132938 -0.990211 -0.042540
vn 0.132938 -0.990211 -0.042540
vn 0.133623 -0.990109 -0.042759
vn 0.133020 -0.990125 -0.044250
vn 0.132338 -0.990226 -0.044023
vn 0.131068 -0.990339 -0.045273
vn 0.116889 -0.992262 -0.041879
vn 0.101383 -0.994135 -0.037639
vn 0.098222 -0.994496 -0.036465
vn 0.075515 -0.996693 -0.030018
vn 0.000000 -1.000000 0.000000
vn 0.000000 -1.000000 0.000000
vn 0.000000 -1.000000 0.000000
vn 0.000000 -1.000000 0.000000
vn 0.000000 -1.000000 0.000000
vn 0.000000 -1.000000 0.000000
vn 0.000000 -1.000000 0.000000
vn 0.000000 -1.000000 0.000000
vn 0.000000 -1.000000 0.000000
vn 0.000000 -1.000000 0.000000
vn 0.000000 -1.000000 0.000000
vn 0.000000 -1.000000 0.000000
vn 0.000000 -1.000000 0.000000
vn 0.000000 -1.000000 0.000000
vn 0.000000 -1.000000 0.000000
vn 0.000000 -1.000000 0.000000
vn 0.000000 -1.000000 0.000000
vn 0.000000 -1.000000 0.000000
vn 0.000000 -1.000000 0.000000
vn 0.000000 -1.000000 0.000000
vt 0.755000 0.020000
vt 0.755000 0.122222
vt 0.755000 0.224444
vt 0.755000 0.326667
vt 0.768235 0.020000
vt 0.768235 0.122222
vt 0.768235 0.224444
vt 0.768235 0.326667
vt 0.781471 0.020000
vt 0.781471 0.122222
vt 0.781471 0.224444
vt 0.781471 0.326667
vt 0.794706 0.020000
vt 0.794706 0.122222
vt 0.794706 0.224444
vt 0.794706 0.326667
vt 0.807941 0.020000
vt 0.807941 0.122222
vt 0.807941 0.224444
vt 0.807941 0.326667
vt 0.821176 0.020000
vt 0.821176 0.122222
vt 0.821176 0.224444
vt 0.821176 0.326667
vt 0.834412 0.020000
vt 0.834412 0.122222
vt 0.834412 0.224444
vt 0.834412 0.326667
vt 0.847647 0.020000
vt 0.847647 0.122222
vt 0.847647 0.224444
vt 0.847647 0.326667
vt 0.860882 0.020000
vt 0.860882 0.122222
vt 0.860882 0.224444
vt 0.860882 0.326667
vt 0.874118 0.020000
vt 0.874118 0.122222
vt 0.874118 0.224444
vt 0.874118 0.326667
vt 0.887353 0.020000
vt 0.887353 0.122222
vt 0.887353 0.224444
vt 0.887353 0.326667
vt 0.900588 0.020000
vt 0.900588 0.122222
vt 0.900588 0.224444
vt 0.900588 0.326667
vt 0.913824 0.020000
vt 0.913824 0.122222
vt 0.913824 0.224444
vt 0.913824 0.326667
vt 0.927059 0.020000
vt 0.927059 0.122222
vt 0.927059 0.224444
vt 0.927059 0.326667
vt 0.940294 0.020000
vt 0.940294 0.122222
vt 0.940294 0.224444
vt 0.940294 0.326667
vt 0.953529 0.020000
vt 0.953529 0.122222
vt 0.953529 0.224444
vt 0.953529 0.326667
vt 0.966765 0.020000
vt 0.966765 0.122222
vt 0.966765 0.224444
vt 0.966765 0.326667
vt 0.980000 0.020000
vt 0.980000 0.122222
vt 0.980000 0.224444
vt 0.980000 0.326667
f 825/825/825 829/829/829 826/826/826
f 826/826/826 829/829/829 830/830/830
f 826/826/826 830/830/830 827/827/827
f 827/827/827 830/830/830 831/831/831
f 827/827/827 831/831/831 828/828/828
f 828/828/828 831/831/831 832/832/832
f 829/829/829 833/833/833 830/830/830
f 830/830/830 833/833/833 834/834/834
f 830/830/830 834/834/834 831/831/831
f 831/831/831 834/834/834 835/835/835
f 831/831/831 835/835/835 832/832/832
f 832/832/832 835/835/835 836/836/836
f 833/833/833 837/837/837 834/834/834
f 834/834/834 837/837/837 838/838/838
f 834/834/834 838/838/838 835/835/835
f 835/835/835 838/838/838 839/839/839
f 835/835/835 839/839/839 836/836/836
f 836/836/836 839/839/839 840/840/840
f 837/837/837 841/841/841 838/838/838
f 838/838/838 841/841/841 842/842/842
f 838/838/838 842/842/842 839/839/839
f 839/839/839 842/842/842 843/843/843
f 839/839/839 843/843/843 840/840/840
f 840/840/840 843/843/843 844/844/844
f 841/841/841 845/845/845 842/842/842
f 842/842/842 845/845/845 846/846/846
f 842/842/842 846/846/846 843/843/843
f 843/843/843 846/846/846 847/847/847
f 843/843/843 847/847/847 844/844/844
f 844/844/844 847/847/847 848/848/848
f 845/845/845 849/849/849 846/846/846
f 846/846/846 849/849/849 850/850/850
f 846/846/846 850/850/850 847/847/847
f 847/847/847 850/850/850 851/851/851
f 847/847/847 851/851/851 848/848/848
f 848/848/848 851/851/851 852/852/852
f 849/849/849 853/853/853 850/850/850
f 850/850/850 853/853/853 854/854/854
f 850/850/850 854/854/854 851/851/851
f 851/851/851 854/854/854 855/855/855
f 851/851/851 855/855/855 852/852/852
f 852/852/852 855/855/855 856/856/856
f 853/853/853 857/857/857 854/854/854
f 854/854/854 857/857/857 858/858/858
f 854/854/854 858/858/858 855/855/855
f 855/855/855 858/858/858 859/859/859
f 855/855/855 859/859/859 856/856/856
f 856/856/856 859/859/859 860/860/860
f 857/857/857 861/861/861 858/858/858
f 858/858/858 861/861/861 862/862/862
f 858/858/858 862/862/862 859/859/859
f 859/859/859 862/862/862 863/863/863
f 859/859/859 863/863/863 860/860/860
f 860/860/860 863/863/863 864/864/864
f 861/861/861 865/865/865 862/862/862
f 862/862/862 865/865/865 866/866/866
f 862/862/862 866/866/866 863/863/863
f 863/863/863 866/866/866 867/867/867
f 863/863/863 867/867/867 864/864/864
f 864/864/864 867/867/867 868/868/868
f 865/865/865 869/869/869 866/866/866
f 866/866/866 869/869/869 870/870/870
f 866/866/866 870/870/870 867/867/867
f 867/867/867 870/870/870 871/871/871
f 867/867/867 871/871/871 868/868/868
f 868/868/868 871/871/871 872/872/872
f 869/869/869 873/873/873 870/870/870
f 870/870/870 873/873/873 874/874/874
f 870/870/870 874/874/874 871/871/871
f 871/871/871 874/874/874 875/875/875
f 871/871/871 875/875/875 872/872/872
f 872/872/872 875/875/875 876/876/876
f 873/873/873 877/877/877 874/874/874
f 874/874/874 877/877/877 878/878/878
f 874/874/874 878/878/878 875/875/875
f 875/875/875 878/878/878 879/879/879
f 875/875/875 879/879/879 876/876/876
f 876/876/876 879/879/879 880/880/880
f 877/877/877 881/881/881 878/878/878
f 878/878/878 881/881/881 882/882/882
f 878/878/878 882/882/882 879/879/879
f 879/879/879 882/882/882 883/883/883
f 879/879/879 883/883/883 880/880/880
f 880/880/880 883/883/883 884/884/884
f 881/881/881 885/885/885 882/882/882
f 882/882/882 885/885/885 886/886/886
f 882/882/882 886/886/886 883/883/883
f 883/883/883 886/886/886 887/887/887
f 883/883/883 887/887/887 884/884/884
f 884/884/884 887/887/887 888/888/888
f 885/885/885 889/889/889 886/886/886
f 886/886/886 889/889/889 890/890/890
f 886/886/886 890/890/890 887/887/887
f 887/887/887 890/890/890 891/891/891
f 887/887/887 891/891/891 888/888/888
f 888/888/888 891/891/891 892/892/892
f 889/889/889 893/893/893 890/890/890
f 890/890/890 893/893/893 894/894/894
f 890/890/890 894/894/894 891/891/891
f 891/891/891 894/894/894 895/895/895
f 891/891/891 895/895/895 892/892/892
f 892/892/892 895/895/895 896/896/896

# Patch: strap_right_halter
o strap_right_halter
usemtl bikini_8625a973_material
v 0.067623 1.327000 0.115583
v 0.070541 1.327000 0.117194
v 0.073459 1.327000 0.118806
v 0.076377 1.327000 0.120417
v 0.082623 1.342667 0.088417
v 0.085541 1.342667 0.090028
v 0.088459 1.342667 0.091639
v 0.091377 1.342667 0.093250
v 0.097623 1.358333 0.061250
v 0.100541 1.358333 0.062861
v 0.103459 1.358333 0.064472
v 0.106377 1.358333 0.066083
v 0.112623 1.374000 0.034083
v 0.115541 1.374000 0.035694
v 0.118459 1.374000 0.037306
v 0.121377 1.374000 0.038917
v 0.127623 1.389667 0.006917
v 0.130541 1.389667 0.008528
v 0.133459 1.389667 0.010139
v 0.136377 1.389667 0.011750
v 0.142623 1.405333 -0.020250
v 0.145541 1.405333 -0.018639
v 0.148459 1.405333 -0.017028
v 0.151377 1.405333 -0.015417
v 0.157112 1.421000 -0.043947
v 0.160371 1.421000 -0.044649
v 0.163629 1.421000 -0.045351
v 0.166888 1.421000 -0.046053
v 0.138822 1.424583 -0.045474
v 0.139607 1.424583 -0.048714
v 0.140393 1.424583 -0.051953
v 0.141178 1.424583 -0.055193
v 0.116822 1.428167 -0.050807
v 0.117607 1.428167 -0.054047
v 0.118393 1.428167 -0.057286
v 0.119178 1.428167 -0.060526
v 0.094822 1.431750 -0.056141
v 0.095607 1.431750 -0.059380
v 0.096393 1.431750 -0.062620
v 0.097178 1.431750 -0.065859
v 0.072822 1.435333 -0.061474
v 0.073607 1.435333 -0.064714
v 0.074393 1.435333 -0.067953
v 0.075178 1.435333 -0.071193
v 0.050822 1.438917 -0.066807
v 0.051607 1.438917 -0.070047
v 0.052393 1.438917 -0.073286
v 0.053178 1.438917 -0.076526
v 0.028419 1.442500 -0.072257
v 0.029473 1.442500 -0.075419
v 0.030527 1.442500 -0.078581
v 0.031581 1.442500 -0.081743
v 0.021226 1.442500 -0.076840
v 0.023075 1.442500 -0.079613
v 0.024925 1.442500 -0.082387
v 0.026774 1.442500 -0.085160
v 0.015226 1.442500 -0.080840
v 0.017075 1.442500 -0.083613
v 0.018925 1.442500 -0.086387
v 0.020774 1.442500 -0.089160
v 0.009226 1.442500 -0.084840
v 0.011075 1.442500 -0.087613
v 0.012925 1.442500 -0.090387
v 0.014774 1.442500 -0.093160
v 0.003226 1.442500 -0.088840
v 0.005075 1.442500 -0.091613
v 0.006925 1.442500 -0.094387
v 0.008774 1.442500 -0.097160
v -0.002774 1.442500 -0.092840
v -0.000925 1.442500 -0.095613
v 0.000925 1.442500 -0.098387
v 0.002774 1.442500 -0.101160
vn 0.217836 -0.892691 -0.394526
vn 0.217836 -0.892691 -0.394526
vn 0.217836 -0.892691 -0.394526
vn 0.217836 -0.892691 -0.394526
vn 0.217836 -0.892691 -0.394526
vn 0.217836 -0.892691 -0.394526
vn 0.217836 -0.892691 -0.394526
vn 0.217836 -0.892691 -0.394526
vn 0.217836 -0.892691 -0.394526
vn 0.217836 -0.892691 -0.394526
vn 0.217836 -0.892691 -0.394526
vn 0.217836 -0.892691 -0.394526
vn 0.217836 -0.892691 -0.394526
vn 0.217836 -0.892691 -0.394526
vn 0.217836 -0.892691 -0.394526
vn 0.217836 -0.892691 -0.394526
vn 0.217836 -0.892691 -0.394526
vn 0.217836 -0.892691 -0.394526
vn 0.217836 -0.892691 -0.394526
vn 0.217836 -0.892691 -0.394526
vn 0.224113 -0.886015 -0.405894
vn 0.176866 -0.885692 -0.429264
vn 0.171734 -0.892625 -0.416807
vn 0.118233 -0.896673 -0.426614
vn 0.054701 -0.861003 -0.505650
vn -0.032590 -0.905285 -0.423552
vn -0.029211 -0.924677 -0.379632
vn -0.110030 -0.951560 -0.287100
vn -0.154417 -0.982533 -0.103849
vn -0.147549 -0.987063 -0.062735
vn -0.137606 -0.988758 -0.058507
vn -0.142709 -0.989160 -0.034596
vn -0.151946 -0.987702 -0.036835
vn -0.151946 -0.987702 -0.036835
vn -0.151946 -0.987702 -0.036835
vn -0.151946 -0.987702 -0.036835
vn -0.151946 -0.987702 -0.036835
vn -0.151946 -0.987702 -0.036835
vn -0.151946 -0.987702 -0.036835
vn -0.151946 -0.987702 -0.036835
vn -0.151946 -0.987702 -0.036835
vn -0.151946 -0.987702 -0.036835
vn -0.151946 -0.987702 -0.036835
vn -0.151946 -0.987702 -0.036835
vn -0.151037 -0.987850 -0.036615
vn -0.150674 -0.987823 -0.038765
vn -0.151583 -0.987675 -0.038998
vn -0.152137 -0.987491 -0.041418
vn -0.126277 -0.991331 -0.036283
vn -0.111948 -0.993137 -0.033869
vn -0.116311 -0.992589 -0.035189
vn -0.097860 -0.994665 -0.032620
vn 0.000000 -1.000000 0.000000
vn 0.000000 -1.000000 0.000000
vn 0.000000 -1.000000 0.000000
vn 0.000000 -1.000000 0.000000
vn 0.000000 -1.000000 0.000000
vn 0.000000 -1.000000 0.000000
vn 0.000000 -1.000000 0.000000
vn 0.000000 -1.000000 0.000000
vn 0.000000 -1.000000 0.000000
vn 0.000000 -1.000000 0.000000
vn 0.000000 -1.000000 0.000000
vn 0.000000 -1.000000 0.000000
vn 0.000000 -1.000000 0.000000
vn 0.000000 -1.000000 0.000000
vn 0.000000 -1.000000 0.000000
vn 0.000000 -1.000000 0.000000
vn 0.000000 -1.000000 0.000000
vn 0.000000 -1.000000 0.000000
vn 0.000000 -1.000000 0.000000
vn 0.000000 -1.000000 0.000000
vt 0.020000 0.346667
vt 0.020000 0.448889
vt 0.020000 0.551111
vt 0.020000 0.653333
vt 0.033235 0.346667
vt 0.033235 0.448889
vt 0.033235 0.551111
vt 0.033235 0.653333
vt 0.046471 0.346667
vt 0.046471 0.448889
vt 0.046471 0.551111
vt 0.046471 0.653333
vt 0.059706 0.346667
vt 0.059706 0.448889
vt 0.059706 0.551111
vt 0.059706 0.653333
vt 0.072941 0.346667
vt 0.072941 0.448889
vt 0.072941 0.551111
vt 0.072941 0.653333
vt 0.086176 0.346667
vt 0.086176 0.448889
vt 0.086176 0.551111
vt 0.086176 0.653333
vt 0.099412 0.346667
vt 0.099412 0.448889
vt 0.099412 0.551111
vt 0.099412 0.653333
vt 0.112647 0.346667
vt 0.112647 0.448889
vt 0.112647 0.551111
vt 0.112647 0.653333
vt 0.125882 0.346667
vt 0.125882 0.448889
vt 0.125882 0.551111
vt 0.125882 0.653333
vt 0.139118 0.346667
vt 0.139118 0.448889
vt 0.139118 0.551111
vt 0.139118 0.653333
vt 0.152353 0.346667
vt 0.152353 0.448889
vt 0.152353 0.551111
vt 0.152353 0.653333
vt 0.165588 0.346667
vt 0.165588 0.448889
vt 0.165588 0.551111
vt 0.165588 0.653333
vt 0.178824 0.346667
vt 0.178824 0.448889
vt 0.178824 0.551111
vt 0.178824 0.653333
vt 0.192059 0.346667
vt 0.192059 0.448889
vt 0.192059 0.551111
vt 0.192059 0.653333
vt 0.205294 0.346667
vt 0.205294 0.448889
vt 0.205294 0.551111
vt 0.205294 0.653333
vt 0.218529 0.346667
vt 0.218529 0.448889
vt 0.218529 0.551111
vt 0.218529 0.653333
vt 0.231765 0.346667
vt 0.231765 0.448889
vt 0.231765 0.551111
vt 0.231765 0.653333
vt 0.245000 0.346667
vt 0.245000 0.448889
vt 0.245000 0.551111
vt 0.245000 0.653333
f 897/897/897 901/901/901 898/898/898
f 898/898/898 901/901/901 902/902/902
f 898/898/898 902/902/902 899/899/899
f 899/899/899 902/902/902 903/903/903
f 899/899/899 903/903/903 900/900/900
f 900/900/900 903/903/903 904/904/904
f 901/901/901 905/905/905 902/902/902
f 902/902/902 905/905/905 906/906/906
f 902/902/902 906/906/906 903/903/903
f 903/903/903 906/906/906 907/907/907
f 903/903/903 907/907/907 904/904/904
f 904/904/904 907/907/907 908/908/908
f 905/905/905 909/909/909 906/906/906
f 906/906/906 909/909/909 910/910/910
f 906/906/906 910/910/910 907/907/907
f 907/907/907 910/910/910 911/911/911
f 907/907/907 911/911/911 908/908/908
f 908/908/908 911/911/911 912/912/912
f 909/909/909 913/913/913 910/910/910
f 910/910/910 913/913/913 914/914/914
f 910/910/910 914/914/914 911/911/911
f 911/911/911 914/914/914 915/915/915
f 911/911/911 915/915/915 912/912/912
f 912/912/912 915/915/915 916/916/916
f 913/913/913 917/917/917 914/914/914
f 914/914/914 917/917/917 918/918/918
f 914/914/914 918/918/918 915/915/915
f 915/915/915 918/918/918 919/919/919
f 915/915/915 919/919/919 916/916/916
f 916/916/916 919/919/919 920/920/920
f 917/917/917 921/921/921 918/918/918
f 918/918/918 921/921/921 922/922/922
f 918/918/918 922/922/922 919/919/919
f 919/919/919 922/922/922 923/923/923
f 919/919/919 923/923/923 920/920/920
f 920/920/920 923/923/923 924/924/924
f 921/921/921 925/925/925 922/922/922
f 922/922/922 925/925/925 926/926/926
f 922/922/922 926/926/926 923/923/923
f 923/923/923 926/926/926 927/927/927
f 923/923/923 927/927/927 924/924/924
f 924/924/924 927/927/927 928/928/928
f 925/925/925 929/929/929 926/926/926
f 926/926/926 929/929/929 930/930/930
f 926/926/926 930/930/930 927/927/927
f 927/927/927 930/930/930 931/931/931
f 927/927/927 931/931/931 928/928/928
f 928/928/928 931/931/931 932/932/932
f 929/929/929 933/933/933 930/930/930
f 930/930/930 933/933/933 934/934/934
f 930/930/930 934/934/934 931/931/931
f 931/931/931 934/934/934 935/935/935
f 931/931/931 935/935/935 932/932/932
f 932/932/932 935/935/935 936/936/936
f 933/933/933 937/937/937 934/934/934
f 934/934/934 937/937/937 938/938/938
f 934/934/934 938/938/938 935/935/935
f 935/935/935 938/938/938 939/939/939
f 935/935/935 939/939/939 936/936/936
f 936/936/936 939/939/939 940/940/940
f 937/937/937 941/941/941 938/938/938
f 938/938/938 941/941/941 942/942/942
f 938/938/938 942/942/942 939/939/939
f 939/939/939 942/942/942 943/943/943
f 939/939/939 943/943/943 940/940/940
f 940/940/940 943/943/943 944/944/944
f 941/941/941 945/945/945 942/942/942
f 942/942/942 945/945/945 946/946/946
f 942/942/942 946/946/946 943/943/943
f 943/943/943 946/946/946 947/947/947
f 943/943/943 947/947/947 944/944/944
f 944/944/944 947/947/947 948/948/948
f 945/945/945 949/949/949 946/946/946
f 946/946/946 949/949/949 950/950/950
f 946/946/946 950/950/950 947/947/947
f 947/947/947 950/950/950 951/951/951
f 947/947/947 951/951/951 948/948/948
f 948/948/948 951/951/951 952/952/952
f 949/949/949 953/953/953 950/950/950
f 950/950/950 953/953/953 954/954/954
f 950/950/950 954/954/954 951/951/951
f 951/951/951 954/954/954 955/955/955
f 951/951/951 955/955/955 952/952/952
f 952/952/952 955/955/955 956/956/956
f 953/953/953 957/957/957 954/954/954
f 954/954/954 957/957/957 958/958/958
f 954/954/954 958/958/958 955/955/955
f 955/955/955 958/958/958 959/959/959
f 955/955/955 959/959/959 956/956/956
f 956/956/956 959/959/959 960/960/960
f 957/957/957 961/961/961 958/958/958
f 958/958/958 961/961/961 962/962/962
f 958/958/958 962/962/962 959/959/959
f 959/959/959 962/962/962 963/963/963
f 959/959/959 963/963/963 960/960/960
f 960/960/960 963/963/963 964/964/964
f 961/961/961 965/965/965 962/962/962
f 962/962/962 965/965/965 966/966/966
f 962/962/962 966/966/966 963/963/963
f 963/963/963 966/966/966 967/967/967
f 963/963/963 967/967/967 964/964/964
f 964/964/964 967/967/967 968/968/968

# Patch: bottom_front_highcut
o bottom_front_highcut
usemtl bikini_8625a973_material
v -0.134090 0.996000 0.086000
v -0.119975 0.996000 0.086000
v -0.105860 0.996000 0.086000
v -0.091746 0.996000 0.086000
v -0.077631 0.996000 0.086000
v -0.063516 0.996000 0.086000
v -0.049401 0.996000 0.086000
v -0.035287 0.996000 0.086000
v -0.021172 0.996000 0.086000
v -0.007057 0.996000 0.086000
v 0.007057 0.996000 0.086000
v 0.021172 0.996000 0.086000
v 0.035287 0.996000 0.086000
v 0.049401 0.996000 0.086000
v 0.063516 0.996000 0.086000
v 0.077631 0.996000 0.086000
v 0.091746 0.996000 0.086000
v 0.105860 0.996000 0.086000
v 0.119975 0.996000 0.086000
v 0.134090 0.996000 0.086000
v -0.126508 0.986382 0.082340
v -0.113076 0.986121 0.082317
v -0.099677 0.985875 0.082302
v -0.086309 0.985645 0.082297
v -0.072969 0.985432 0.082301
v -0.059657 0.985238 0.082315
v -0.046368 0.985064 0.082339
v -0.033100 0.984913 0.082373
v -0.019851 0.984791 0.082419
v -0.006615 0.984705 0.082477
v 0.006615 0.984705 0.082477
v 0.019851 0.984791 0.082419
v 0.033100 0.984913 0.082373
v 0.046368 0.985064 0.082339
v 0.059657 0.985238 0.082315
v 0.072969 0.985432 0.082301
v 0.086309 0.985645 0.082297
v 0.099677 0.985875 0.082302
v 0.113076 0.986121 0.082317
v 0.126508 0.986382 0.082340
v -0.119131 0.976763 0.078708
v -0.106365 0.976242 0.078656
v -0.093663 0.975750 0.078622
v -0.081022 0.975290 0.078607
v -0.068438 0.974864 0.078610
v -0.055906 0.974475 0.078632
v -0.043420 0.974128 0.078674
v -0.030976 0.973827 0.078736
v -0.018567 0.973581 0.078820
v -0.006185 0.973409 0.078931
v 0.006185 0.973409 0.078931
v 0.018567 0.973581 0.078820
v 0.030976 0.973827 0.078736
v 0.043420 0.974128 0.078674
v 0.055906 0.974475 0.078632
v 0.068438 0.974864 0.078610
v 0.081022 0.975290 0.078607
v 0.093663 0.975750 0.078622
v 0.106365 0.976242 0.078656
v 0.119131 0.976763 0.078708
v -0.111958 0.967145 0.075098
v -0.099842 0.966362 0.075012
v -0.087820 0.965625 0.074952
v -0.075887 0.964935 0.074920
v -0.064037 0.964296 0.074914
v -0.052263 0.963713 0.074936
v -0.040558 0.963191 0.074987
v -0.028914 0.962740 0.075068
v -0.017321 0.962372 0.075181
v -0.005767 0.962114 0.075335
v 0.005767 0.962114 0.075335
v 0.017321 0.962372 0.075181
v 0.028914 0.962740 0.075068
v 0.040558 0.963191 0.074987
v 0.052263 0.963713 0.074936
v 0.064037 0.964296 0.074914
v 0.075887 0.964935 0.074920
v 0.087820 0.965625 0.074952
v 0.099842 0.966362 0.075012
v 0.111958 0.967145 0.075098
v -0.104991 0.957526 0.071505
v -0.093507 0.956483 0.071378
v -0.082147 0.955499 0.071284
v -0.070902 0.954579 0.071225
v -0.059766 0.953728 0.071201
v -0.048729 0.952950 0.071213
v -0.037782 0.952255 0.071261
v -0.026914 0.951653 0.071349
v -0.016112 0.951163 0.071481
v -0.005362 0.950819 0.071667
v 0.005362 0.950819 0.071667
v 0.016112 0.951163 0.071481
v 0.026914 0.951653 0.071349
v 0.037782 0.952255 0.071261
v 0.048729 0.952950 0.071213
v 0.059766 0.953728 0.071201
v 0.070902 0.954579 0.071225
v 0.082147 0.955499 0.071284
v 0.093507 0.956483 0.071378
v 0.104991 0.957526 0.071505
v -0.098228 0.947908 0.067924
v -0.087360 0.946604 0.067746
v -0.076644 0.945374 0.067608
v -0.066069 0.944224 0.067512
v -0.055625 0.943160 0.067458
v -0.045304 0.942188 0.067446
v -0.035091 0.941319 0.067480
v -0.024976 0.940567 0.067563
v -0.014942 0.939954 0.067700
v -0.004970 0.939524 0.067904
v 0.004970 0.939524 0.067904
v 0.014942 0.939954 0.067700
v 0.024976 0.940567 0.067563
v 0.035091 0.941319 0.067480
v 0.045304 0.942188 0.067446
v 0.055625 0.943160 0.067458
v 0.066069 0.944224 0.067512
v 0.076644 0.945374 0.067608
v 0.087360 0.946604 0.067746
v 0.098228 0.947908 0.067924
v -0.091669 0.938289 0.064347
v -0.081402 0.936725 0.064108
v -0.071311 0.935249 0.063915
v -0.061386 0.933869 0.063770
v -0.051615 0.932592 0.063672
v -0.041987 0.931425 0.063624
v -0.032487 0.930383 0.063629
v -0.023100 0.929480 0.063692
v -0.013809 0.928744 0.063819
v -0.004591 0.928228 0.064028
v 0.004591 0.928228 0.064028
v 0.013809 0.928744 0.063819
v 0.023100 0.929480 0.063692
v 0.032487 0.930383 0.063629
v 0.041987 0.931425 0.063624
v 0.051615 0.932592 0.063672
v 0.061386 0.933869 0.063770
v 0.071311 0.935249 0.063915
v 0.081402 0.936725 0.064108
v 0.091669 0.938289 0.064347
v -0.085316 0.928671 0.060767
v -0.075631 0.926845 0.060456
v -0.066148 0.925124 0.060196
v -0.056853 0.923514 0.059988
v -0.047735 0.922023 0.059833
v -0.038778 0.920663 0.059734
v -0.029968 0.919446 0.059695
v -0.021286 0.918393 0.059721
v -0.012713 0.917535 0.059823
v -0.004224 0.916933 0.060022
v 0.004224 0.916933 0.060022
v 0.012713 0.917535 0.059823
v 0.021286 0.918393 0.059721
v 0.029968 0.919446 0.059695
v 0.038778 0.920663 0.059734
v 0.047735 0.922023 0.059833
v 0.056853 0.923514 0.059988
v 0.066148 0.925124 0.060196
v 0.075631 0.926845 0.060456
v 0.085316 0.928671 0.060767
v -0.079166 0.919053 0.057176
v -0.070049 0.916966 0.056781
v -0.061155 0.914999 0.056441
v -0.052472 0.913159 0.056156
v -0.043985 0.911455 0.055929
v -0.035678 0.909901 0.055764
v -0.027534 0.908510 0.055664
v -0.019534 0.907307 0.055639
v -0.011655 0.906326 0.055700
v -0.003870 0.905638 0.055873
v 0.003870 0.905638 0.055873
v 0.011655 0.906326 0.055700
v 0.019534 0.907307 0.055639
v 0.027534 0.908510 0.055664
v 0.035678 0.909901 0.055764
v 0.043985 0.911455 0.055929
v 0.052472 0.913159 0.056156
v 0.061155 0.914999 0.056441
v 0.070049 0.916966 0.056781
v 0.079166 0.919053 0.057176
v -0.073222 0.909434 0.053567
v -0.064654 0.907087 0.053075
v -0.056332 0.904874 0.052641
v -0.048241 0.902804 0.052265
v -0.040365 0.900887 0.051952
v -0.032686 0.899138 0.051704
v -0.025187 0.897574 0.051529
v -0.017845 0.896220 0.051436
v -0.010635 0.895116 0.051440
v -0.003528 0.894342 0.051572
v 0.003528 0.894342 0.051572
v 0.010635 0.895116 0.051440
v 0.017845 0.896220 0.051436
v 0.025187 0.897574 0.051529
v 0.032686 0.899138 0.051704
v 0.040365 0.900887 0.051952
v 0.048241 0.902804 0.052265
v 0.056332 0.904874 0.052641
v 0.064654 0.907087 0.053075
v 0.073222 0.909434 0.053567
v -0.067482 0.899816 0.049932
v -0.059448 0.897208 0.049331
v -0.051679 0.894749 0.048789
v -0.044161 0.892449 0.048309
v -0.036875 0.890319 0.047894
v -0.029803 0.888376 0.047549
v -0.022925 0.886638 0.047283
v -0.016217 0.885134 0.047107
v -0.009653 0.883907 0.047038
v -0.003200 0.883047 0.047115
v 0.003200 0.883047 0.047115
v 0.009653 0.883907 0.047038
v 0.016217 0.885134 0.047107
v 0.022925 0.886638 0.047283
v 0.029803 0.888376 0.047549
v 0.036875 0.890319 0.047894
v 0.044161 0.892449 0.048309
v 0.051679 0.894749 0.048789
v 0.059448 0.897208 0.049331
v 0.067482 0.899816 0.049932
v -0.061948 0.890197 0.046263
v -0.054430 0.887328 0.045540
v -0.047197 0.884623 0.044878
v -0.040232 0.882093 0.044279
v -0.033516 0.879751 0.043748
v -0.027029 0.877613 0.043292
v -0.020749 0.875702 0.042921
v -0.014651 0.874047 0.042647
v -0.008708 0.872698 0.042493
v -0.002883 0.871752 0.042500
v 0.002883 0.871752 0.042500
v 0.008708 0.872698 0.042493
v 0.014651 0.874047 0.042647
v 0.020749 0.875702 0.042921
v 0.027029 0.877613 0.043292
v 0.033516 0.879751 0.043748
v 0.040232 0.882093 0.044279
v 0.047197 0.884623 0.044878
v 0.054430 0.887328 0.045540
v 0.061948 0.890197 0.046263
v -0.056617 0.880579 0.042553
v -0.049600 0.877449 0.041696
v -0.042885 0.874498 0.040901
v -0.036453 0.871738 0.040171
v -0.030286 0.869183 0.039512
v -0.024362 0.866851 0.038932
v -0.018658 0.864765 0.038442
v -0.013148 0.862960 0.038059
v -0.007801 0.861488 0.037806
v -0.002580 0.860456 0.037733
v 0.002580 0.860456 0.037733
v 0.007801 0.861488 0.037806
v 0.013148 0.862960 0.038059
v 0.018658 0.864765 0.038442
v 0.024362 0.866851 0.038932
v 0.030286 0.869183 0.039512
v 0.036453 0.871738 0.040171
v 0.042885 0.874498 0.040901
v 0.049600 0.877449 0.041696
v 0.056617 0.880579 0.042553
v -0.051492 0.870961 0.038797
v -0.044958 0.867570 0.037795
v -0.038742 0.864373 0.036856
v -0.032826 0.861383 0.035983
v -0.027187 0.858615 0.035184
v -0.021805 0.856088 0.034469
v -0.016654 0.853829 0.033849
v -0.011707 0.851874 0.033345
v -0.006932 0.850279 0.032983
v -0.002289 0.849161 0.032820
v 0.002289 0.849161 0.032820
v 0.006932 0.850279 0.032983
v 0.011707 0.851874 0.033345
v 0.016654 0.853829 0.033849
v 0.021805 0.856088 0.034469
v 0.027187 0.858615 0.035184
v 0.032826 0.861383 0.035983
v 0.038742 0.864373 0.036856
v 0.044958 0.867570 0.037795
v 0.051492 0.870961 0.038797
v -0.046571 0.861342 0.034989
v -0.040504 0.857691 0.033832
v -0.034770 0.854248 0.032738
v -0.029349 0.851028 0.031713
v -0.024218 0.848047 0.030765
v -0.019356 0.845326 0.029904
v -0.014735 0.842893 0.029147
v -0.010327 0.840787 0.028513
v -0.006100 0.839070 0.028035
v -0.002011 0.837866 0.027774
v 0.002011 0.837866 0.027774
v 0.006100 0.839070 0.028035
v 0.010327 0.840787 0.028513
v 0.014735 0.842893 0.029147
v 0.019356 0.845326 0.029904
v 0.024218 0.848047 0.030765
v 0.029349 0.851028 0.031713
v 0.034770 0.854248 0.032738
v 0.040504 0.857691 0.033832
v 0.046571 0.861342 0.034989
v -0.041854 0.851724 0.031126
v -0.036238 0.847811 0.029805
v -0.030968 0.844123 0.028548
v -0.026023 0.840673 0.027362
v -0.021380 0.837479 0.026257
v -0.017015 0.834564 0.025245
v -0.012902 0.831957 0.024343
v -0.009010 0.829700 0.023574
v -0.005306 0.827861 0.022974
v -0.001745 0.826571 0.022610
v 0.001745 0.826571 0.022610
v 0.005306 0.827861 0.022974
v 0.009010 0.829700 0.023574
v 0.012902 0.831957 0.024343
v 0.017015 0.834564 0.025245
v 0.021380 0.837479 0.026257
v 0.026023 0.840673 0.027362
v 0.030968 0.844123 0.028548
v 0.036238 0.847811 0.029805
v 0.041854 0.851724 0.031126
v -0.037343 0.842105 0.027204
v -0.032161 0.837932 0.025713
v -0.027336 0.833998 0.024286
v -0.022847 0.830318 0.022934
v -0.018671 0.826911 0.021667
v -0.014783 0.823801 0.020499
v -0.011154 0.821021 0.019448
v -0.007755 0.818614 0.018541
v -0.004549 0.816651 0.017816
v -0.001492 0.815275 0.017346
v 0.001492 0.815275 0.017346
v 0.004549 0.816651 0.017816
v 0.007755 0.818614 0.018541
v 0.011154 0.821021 0.019448
v 0.014783 0.823801 0.020499
v 0.018671 0.826911 0.021667
v 0.022847 0.830318 0.022934
v 0.027336 0.833998 0.024286
v 0.032161 0.837932 0.025713
v 0.037343 0.842105 0.027204
v -0.033036 0.832487 0.023224
v -0.028271 0.828053 0.021556
v -0.023874 0.823873 0.019956
v -0.019823 0.819962 0.018434
v -0.016093 0.816343 0.017002
v -0.012659 0.813039 0.015676
v -0.009493 0.810084 0.014476
v -0.006562 0.807527 0.013430
v -0.003830 0.805442 0.012580
v -0.001252 0.803980 0.012006
v 0.001252 0.803980 0.012006
v 0.003830 0.805442 0.012580
v 0.006562 0.807527 0.013430
v 0.009493 0.810084 0.014476
v 0.012659 0.813039 0.015676
v 0.016093 0.816343 0.017002
v 0.019823 0.819962 0.018434
v 0.023874 0.823873 0.019956
v 0.028271 0.828053 0.021556
v 0.033036 0.832487 0.023224
v -0.028934 0.822868 0.019185
v -0.024570 0.818174 0.017337
v -0.020582 0.813747 0.015561
v -0.016949 0.809607 0.013868
v -0.013645 0.805775 0.012272
v -0.010644 0.802276 0.010789
v -0.007917 0.799148 0.009442
v -0.005431 0.796440 0.008261
v -0.003149 0.794233 0.007289
v -0.001024 0.792685 0.006611
v 0.001024 0.792685 0.006611
v 0.003149 0.794233 0.007289
v 0.005431 0.796440 0.008261
v 0.007917 0.799148 0.009442
v 0.010644 0.802276 0.010789
v 0.013645 0.805775 0.012272
v 0.016949 0.809607 0.013868
v 0.020582 0.813747 0.015561
v 0.024570 0.818174 0.017337
v 0.028934 0.822868 0.019185
v -0.025036 0.813250 0.015089
v -0.021056 0.808294 0.013061
v -0.017461 0.803622 0.011109
v -0.014226 0.799252 0.009247
v -0.011327 0.795207 0.007489
v -0.008737 0.791514 0.005854
v -0.006427 0.788212 0.004364
v -0.004362 0.785354 0.003052
v -0.002506 0.783023 0.001963
v -0.000809 0.781389 0.001187
v 0.000809 0.781389 0.001187
v 0.002506 0.783023 0.001963
v 0.004362 0.785354 0.003052
v 0.006427 0.788212 0.004364
v 0.008737 0.791514 0.005854
v 0.011327 0.795207 0.007489
v 0.014226 0.799252 0.009247
v 0.017461 0.803622 0.011109
v 0.021056 0.808294 0.013061
v 0.025036 0.813250 0.015089
vn 0.000000 -0.355603 0.934637
vn -0.001670 -0.352468 0.935822
vn -0.001718 -0.346092 0.938199
vn -0.001764 -0.339664 0.940545
vn -0.001806 -0.333185 0.942860
vn -0.001846 -0.326657 0.945141
vn -0.001883 -0.320079 0.947389
vn -0.001916 -0.313451 0.949602
vn -0.001946 -0.306776 0.951780
vn -0.001970 -0.300052 0.953921
vn 0.000000 -0.297740 0.954647
vn 0.001973 -0.302301 0.953210
vn 0.001951 -0.309010 0.951057
vn 0.001924 -0.315671 0.948867
vn 0.001892 -0.322284 0.946641
vn 0.001856 -0.328848 0.944381
vn 0.001818 -0.335362 0.942087
vn 0.001776 -0.341827 0.939761
vn 0.001731 -0.348241 0.937404
vn 0.002542 -0.354093 0.935207
vn -0.003424 -0.354984 0.934866
vn -0.005198 -0.351436 0.936197
vn -0.005347 -0.345041 0.938572
vn -0.005489 -0.338590 0.940918
vn -0.005622 -0.332084 0.943233
vn -0.005746 -0.325524 0.945516
vn -0.005859 -0.318910 0.947767
vn -0.005960 -0.312242 0.949984
vn -0.006046 -0.305521 0.952166
vn -0.004036 -0.299860 0.953975
vn 0.002057 -0.299878 0.953975
vn 0.006086 -0.305695 0.952110
vn 0.006011 -0.312420 0.949925
vn 0.005919 -0.319089 0.947706
vn 0.005813 -0.325705 0.945454
vn 0.005696 -0.332265 0.943169
vn 0.005569 -0.338771 0.940852
vn 0.005433 -0.345222 0.938505
vn 0.005289 -0.351617 0.936129
vn 0.007033 -0.356672 0.934203
vn -0.008856 -0.356353 0.934309
vn -0.010780 -0.352952 0.935579
vn -0.011091 -0.346732 0.937899
vn -0.011385 -0.340459 0.940190
vn -0.011662 -0.334134 0.942453
vn -0.011918 -0.327756 0.944687
vn -0.012151 -0.321324 0.946891
vn -0.012358 -0.314836 0.949066
vn -0.012532 -0.308290 0.951210
vn -0.007271 -0.302685 0.953063
vn 0.005342 -0.302744 0.953057
vn 0.012575 -0.308533 0.951130
vn 0.012410 -0.315085 0.948982
vn 0.012212 -0.321573 0.946806
vn 0.011986 -0.328004 0.944600
vn 0.011737 -0.334380 0.942365
vn 0.011467 -0.340701 0.940102
vn 0.011178 -0.346969 0.937810
vn 0.010873 -0.353185 0.935490
vn 0.012655 -0.358226 0.933549
vn -0.014538 -0.358104 0.933569
vn -0.016585 -0.354934 0.934744
vn -0.017064 -0.349032 0.936955
vn -0.017516 -0.343092 0.939138
vn -0.017940 -0.337112 0.941293
vn -0.018333 -0.331090 0.943421
vn -0.018689 -0.325021 0.945522
vn -0.019004 -0.318899 0.947598
vn -0.019269 -0.312714 0.949652
vn -0.010597 -0.307332 0.951543
vn 0.008787 -0.307429 0.951530
vn 0.019314 -0.313017 0.949551
vn 0.019058 -0.319207 0.947493
vn 0.018750 -0.325330 0.945415
vn 0.018400 -0.331397 0.943312
vn 0.018014 -0.337414 0.941184
vn 0.017596 -0.343387 0.939029
vn 0.017149 -0.349319 0.936847
vn 0.016676 -0.355212 0.934637
vn 0.018468 -0.360141 0.932715
vn -0.020384 -0.360249 0.932633
vn -0.022524 -0.357385 0.933686
vn -0.023167 -0.351931 0.935739
vn -0.023775 -0.346463 0.937762
vn -0.024343 -0.340975 0.939757
vn -0.024867 -0.335462 0.941725
vn -0.025342 -0.329915 0.943670
vn -0.025761 -0.324321 0.945596
vn -0.026111 -0.318662 0.947509
vn -0.013942 -0.313654 0.949435
vn 0.012322 -0.313785 0.949414
vn 0.026159 -0.319012 0.947390
vn 0.025814 -0.324678 0.945472
vn 0.025401 -0.330273 0.943544
vn 0.024931 -0.335816 0.941597
vn 0.024412 -0.341323 0.939629
vn 0.023850 -0.346802 0.937635
vn 0.023247 -0.352259 0.935614
vn 0.022609 -0.357701 0.933563
vn 0.024380 -0.362425 0.931694
vn -0.026305 -0.362790 0.931500
vn -0.028497 -0.360295 0.932403
vn -0.029295 -0.355402 0.934254
vn -0.030045 -0.350523 0.936072
vn -0.030744 -0.345652 0.937859
vn -0.031388 -0.340777 0.939620
vn -0.031969 -0.335885 0.941360
vn -0.032480 -0.330954 0.943088
vn -0.032904 -0.325956 0.944812
vn -0.017225 -0.321452 0.946769
vn 0.015869 -0.321611 0.946739
vn 0.032955 -0.326340 0.944678
vn 0.032531 -0.331346 0.942948
vn 0.032023 -0.336277 0.941218
vn 0.031445 -0.341166 0.939477
vn 0.030806 -0.346034 0.937716
vn 0.030111 -0.350895 0.935931
vn 0.029365 -0.355761 0.934115
vn 0.028573 -0.360640 0.932267
vn 0.030292 -0.365072 0.930486
vn -0.032200 -0.365714 0.930170
vn -0.034400 -0.363639 0.930905
vn -0.035331 -0.359398 0.932515
vn -0.036203 -0.355205 0.934087
vn -0.037012 -0.351048 0.935626
vn -0.037753 -0.346911 0.937138
vn -0.038420 -0.342775 0.938631
vn -0.039003 -0.338611 0.940118
vn -0.039483 -0.334376 0.941612
vn -0.020363 -0.330483 0.943592
vn 0.019346 -0.330663 0.943550
vn 0.039538 -0.334780 0.941466
vn 0.039052 -0.339024 0.939967
vn 0.038468 -0.343189 0.938478
vn 0.037802 -0.347322 0.936984
vn 0.037063 -0.351451 0.935472
vn 0.036258 -0.355598 0.933936
vn 0.035390 -0.359778 0.932366
vn 0.034463 -0.364005 0.930759
vn 0.036097 -0.368065 0.929099
vn -0.037967 -0.368996 0.928655
vn -0.040124 -0.367377 0.929206
vn -0.041157 -0.363857 0.930545
vn -0.042120 -0.360418 0.931840
vn -0.043007 -0.357045 0.933097
vn -0.043816 -0.353717 0.934326
vn -0.044539 -0.350407 0.935538
vn -0.045167 -0.347077 0.936748
vn -0.045681 -0.343674 0.937977
vn -0.023270 -0.340468 0.939968
vn 0.022667 -0.340663 0.939912
vn 0.045740 -0.344083 0.937825
vn 0.045213 -0.347496 0.936591
vn 0.044580 -0.350827 0.935378
vn 0.043855 -0.354135 0.934166
vn 0.043046 -0.357456 0.932937
vn 0.042160 -0.360820 0.931682
vn 0.041201 -0.364247 0.930390
vn 0.040171 -0.367754 0.929055
vn 0.041684 -0.371374 0.927547
vn -0.043496 -0.372598 0.926973
vn -0.045553 -0.371456 0.927332
vn -0.046649 -0.368700 0.928377
vn -0.047661 -0.366057 0.929371
vn -0.048588 -0.363508 0.930323
vn -0.049424 -0.361026 0.931245
vn -0.050166 -0.358577 0.932151
vn -0.050805 -0.356117 0.933059
vn -0.051322 -0.353579 0.933996
vn -0.025860 -0.351107 0.935978
vn 0.025744 -0.351309 0.935906
vn 0.051386 -0.353979 0.933841
vn 0.050848 -0.356527 0.932900
vn 0.050199 -0.358990 0.931990
vn 0.049451 -0.361438 0.931084
vn 0.048612 -0.363915 0.930163
vn 0.047686 -0.366456 0.929212
vn 0.046675 -0.369089 0.928221
vn 0.045582 -0.371834 0.927180
vn 0.046939 -0.374956 0.925853
vn -0.048674 -0.376467 0.925151
vn -0.050570 -0.375808 0.925317
vn -0.051679 -0.373834 0.926055
vn -0.052691 -0.372001 0.926736
vn -0.053606 -0.370286 0.927370
vn -0.054423 -0.368657 0.927971
vn -0.055139 -0.367073 0.928557
vn -0.055747 -0.365482 0.929147
vn -0.056231 -0.363810 0.929774
vn -0.028043 -0.362089 0.931722
vn 0.028486 -0.362290 0.931630
vn 0.056301 -0.364187 0.929622
vn 0.055786 -0.365871 0.928992
vn 0.055162 -0.367465 0.928400
vn 0.054437 -0.369049 0.927814
vn 0.053615 -0.370676 0.927213
vn 0.052697 -0.372386 0.926581
vn 0.051685 -0.374211 0.925902
vn 0.050578 -0.376176 0.925167
vn 0.051741 -0.378756 0.924049
vn -0.053384 -0.380539 0.923223
vn -0.055052 -0.380353 0.923202
vn -0.056114 -0.379153 0.923631
vn -0.057067 -0.378119 0.923997
vn -0.057913 -0.377219 0.924311
vn -0.058654 -0.376419 0.924591
vn -0.059289 -0.375673 0.924854
vn -0.059818 -0.374922 0.925124
vn -0.060229 -0.374085 0.925437
vn -0.029730 -0.373103 0.927313
vn 0.030799 -0.373295 0.927201
vn 0.060306 -0.374429 0.925292
vn 0.059854 -0.375276 0.924978
vn 0.059303 -0.376032 0.924707
vn 0.058654 -0.376780 0.924444
vn 0.057905 -0.377580 0.924165
vn 0.057054 -0.378477 0.923850
vn 0.056099 -0.379508 0.923486
vn 0.055037 -0.380700 0.923059
vn 0.055966 -0.382707 0.922173
vn -0.057506 -0.384740 0.921232
vn -0.058875 -0.384999 0.921037
vn -0.059820 -0.384543 0.921167
vn -0.060644 -0.384268 0.921228
vn -0.061352 -0.384140 0.921234
vn -0.061951 -0.384118 0.921203
vn -0.062445 -0.384156 0.921154
vn -0.062839 -0.384189 0.921113
vn -0.063130 -0.384131 0.921118
vn -0.030828 -0.383848 0.922882
vn 0.032587 -0.384025 0.922748
vn 0.063212 -0.384432 0.920987
vn 0.062871 -0.384499 0.920982
vn 0.062448 -0.384471 0.921023
vn 0.061936 -0.384437 0.921071
vn 0.061326 -0.384461 0.921102
vn 0.060610 -0.384590 0.921095
vn 0.059782 -0.384865 0.921035
vn 0.058836 -0.385317 0.920907
vn 0.059487 -0.386731 0.920272
vn -0.060914 -0.388982 0.919229
vn -0.061907 -0.389646 0.918882
vn -0.062655 -0.389881 0.918731
vn -0.063269 -0.390304 0.918510
vn -0.063760 -0.390878 0.918232
vn -0.064140 -0.391562 0.917914
vn -0.064421 -0.392306 0.917576
vn -0.064616 -0.393046 0.917246
vn -0.064732 -0.393692 0.916960
vn -0.031236 -0.394043 0.918561
vn 0.033745 -0.394199 0.918405
vn 0.064820 -0.393941 0.916847
vn 0.064643 -0.393302 0.917134
vn 0.064414 -0.392568 0.917465
vn 0.064110 -0.391830 0.917801
vn 0.063714 -0.391150 0.918119
vn 0.063213 -0.390580 0.918396
vn 0.062593 -0.390160 0.918617
vn 0.061842 -0.389927 0.918767
vn 0.062169 -0.390742 0.918398
vn -0.063474 -0.393171 0.917272
vn -0.064009 -0.394185 0.916799
vn -0.064465 -0.395036 0.916401
vn -0.064775 -0.396075 0.915931
vn -0.064956 -0.397264 0.915403
vn -0.065028 -0.398562 0.914833
vn -0.065012 -0.399918 0.914242
vn -0.064931 -0.401270 0.913655
vn -0.064809 -0.402531 0.913110
vn -0.030840 -0.403433 0.914489
vn 0.034157 -0.403564 0.914314
vn 0.064901 -0.402722 0.913018
vn 0.064953 -0.401466 0.913568
vn 0.064993 -0.400120 0.914155
vn 0.064983 -0.398770 0.914746
vn 0.064892 -0.397480 0.915314
vn 0.064697 -0.396297 0.915840
vn 0.064379 -0.395265 0.916308
vn 0.063918 -0.394420 0.916705
vn 0.063868 -0.394644 0.916612
vn -0.065044 -0.397204 0.915422
vn -0.065028 -0.398501 0.914860
vn -0.065082 -0.399876 0.914256
vn -0.064976 -0.401431 0.913581
vn -0.064736 -0.403131 0.912850
vn -0.064391 -0.404935 0.912075
vn -0.063974 -0.406797 0.911276
vn -0.063524 -0.408657 0.910475
vn -0.063086 -0.410434 0.909705
vn -0.029499 -0.411791 0.910801
vn 0.033679 -0.411895 0.910609
vn 0.063178 -0.410564 0.909640
vn 0.063539 -0.408789 0.910414
vn 0.063944 -0.406933 0.911217
vn 0.064329 -0.405079 0.912016
vn 0.064652 -0.403284 0.912788
vn 0.064876 -0.401594 0.913517
vn 0.064971 -0.400048 0.914188
vn 0.064910 -0.398684 0.914788
vn 0.064425 -0.398332 0.914976
vn -0.065462 -0.400971 0.913749
vn -0.064790 -0.402473 0.913136
vn -0.064307 -0.404262 0.912380
vn -0.063649 -0.406221 0.911555
vn -0.062849 -0.408315 0.910675
vn -0.061951 -0.410509 0.909750
vn -0.061002 -0.412761 0.908794
vn -0.060061 -0.415020 0.907827
vn -0.059204 -0.417214 0.906878
vn -0.027027 -0.418925 0.907618
vn 0.032128 -0.419002 0.907417
vn 0.059290 -0.417281 0.906841
vn 0.060064 -0.415085 0.907798
vn 0.060956 -0.412829 0.908766
vn 0.061871 -0.410584 0.909721
vn 0.062745 -0.408400 0.910644
vn 0.063526 -0.406318 0.911521
vn 0.064172 -0.404373 0.912340
vn 0.064645 -0.402597 0.913092
vn 0.063657 -0.401694 0.913559
vn -0.064539 -0.404354 0.912323
vn -0.063084 -0.405971 0.911706
vn -0.061898 -0.408054 0.910857
vn -0.060511 -0.410290 0.909945
vn -0.058971 -0.412652 0.908978
vn -0.057336 -0.415112 0.907962
vn -0.055674 -0.417638 0.906906
vn -0.054075 -0.420188 0.905825
vn -0.052654 -0.422703 0.904737
vn -0.023157 -0.424673 0.905051
vn 0.029241 -0.424726 0.904850
vn 0.052722 -0.422707 0.904732
vn 0.054059 -0.420185 0.905827
vn 0.055609 -0.417636 0.906911
vn 0.057235 -0.415117 0.907966
vn 0.058844 -0.412668 0.908979
vn 0.060364 -0.410319 0.909942
vn 0.061737 -0.408099 0.910848
vn 0.062913 -0.406033 0.911690
vn 0.061343 -0.404606 0.912431
vn -0.062040 -0.407225 0.911218
vn -0.059643 -0.408858 0.910647
vn -0.057532 -0.411099 0.909773
vn -0.055179 -0.413477 0.908841
vn -0.052647 -0.415974 0.907851
vn -0.050013 -0.418573 0.906805
vn -0.047376 -0.421255 0.905704
vn -0.044863 -0.423993 0.904553
vn -0.042656 -0.426746 0.903365
vn -0.017473 -0.428901 0.903183
vn 0.024617 -0.428938 0.902998
vn 0.042689 -0.426689 0.903390
vn 0.044818 -0.423925 0.904588
vn 0.047282 -0.421185 0.905741
vn 0.049886 -0.418508 0.906842
vn 0.052494 -0.415919 0.907885
vn 0.055006 -0.413437 0.908870
vn 0.057344 -0.411076 0.909796
vn 0.059445 -0.408855 0.910661
vn 0.057196 -0.406935 0.911665
vn -0.057659 -0.409445 0.910511
vn -0.054104 -0.410983 0.910036
vn -0.050758 -0.413233 0.909210
vn -0.047097 -0.415604 0.908325
vn -0.043196 -0.418094 0.907376
vn -0.039160 -0.420700 0.906354
vn -0.035125 -0.423424 0.905251
vn -0.031282 -0.426258 0.904061
vn -0.027913 -0.429182 0.902786
vn -0.009273 -0.431500 0.902065
vn 0.017582 -0.431536 0.901925
vn 0.027880 -0.429067 0.902842
vn 0.031185 -0.426127 0.904126
vn 0.034989 -0.423288 0.905319
vn 0.038995 -0.420568 0.906423
vn 0.043009 -0.417970 0.907442
vn 0.046892 -0.415494 0.908386
vn 0.050541 -0.413141 0.909263
vn 0.053876 -0.410913 0.910081
vn 0.050827 -0.408524 0.911331
vn -0.052244 -0.410731 0.910259
vn -0.048252 -0.412315 0.909763
vn -0.043833 -0.414547 0.908971
vn -0.039042 -0.416902 0.908113
vn -0.033965 -0.419387 0.907172
vn -0.028722 -0.422014 0.906134
vn -0.023480 -0.424797 0.904984
vn -0.018479 -0.427745 0.903711
vn -0.014089 -0.430852 0.902312
vn -0.001468 -0.432872 0.901454
vn 0.011189 -0.431885 0.901859
vn 0.014049 -0.428617 0.903377
vn 0.018293 -0.425477 0.904784
vn 0.023118 -0.422490 0.906073
vn 0.028151 -0.419654 0.907247
vn 0.033163 -0.416961 0.908319
vn 0.037997 -0.414401 0.909301
vn 0.042545 -0.411968 0.910205
vn 0.046733 -0.409662 0.911039
vn 0.038127 -0.404554 0.913719
vt 0.265000 0.346667
vt 0.265000 0.362807
vt 0.265000 0.378947
vt 0.265000 0.395088
vt 0.265000 0.411228
vt 0.265000 0.427368
vt 0.265000 0.443509
vt 0.265000 0.459649
vt 0.265000 0.475789
vt 0.265000 0.491930
vt 0.265000 0.508070
vt 0.265000 0.524211
vt 0.265000 0.540351
vt 0.265000 0.556491
vt 0.265000 0.572632
vt 0.265000 0.588772
vt 0.265000 0.604912
vt 0.265000 0.621053
vt 0.265000 0.637193
vt 0.265000 0.653333
vt 0.276842 0.346667
vt 0.276842 0.362807
vt 0.276842 0.378947
vt 0.276842 0.395088
vt 0.276842 0.411228
vt 0.276842 0.427368
vt 0.276842 0.443509
vt 0.276842 0.459649
vt 0.276842 0.475789
vt 0.276842 0.491930
vt 0.276842 0.508070
vt 0.276842 0.524211
vt 0.276842 0.540351
vt 0.276842 0.556491
vt 0.276842 0.572632
vt 0.276842 0.588772
vt 0.276842 0.604912
vt 0.276842 0.621053
vt 0.276842 0.637193
vt 0.276842 0.653333
vt 0.288684 0.346667
vt 0.288684 0.362807
vt 0.288684 0.378947
vt 0.288684 0.395088
vt 0.288684 0.411228
vt 0.288684 0.427368
vt 0.288684 0.443509
vt 0.288684 0.459649
vt 0.288684 0.475789
vt 0.288684 0.491930
vt 0.288684 0.508070
vt 0.288684 0.524211
vt 0.288684 0.540351
vt 0.288684 0.556491
vt 0.288684 0.572632
vt 0.288684 0.588772
vt 0.288684 0.604912
vt 0.288684 0.621053
vt 0.288684 0.637193
vt 0.288684 0.653333
vt 0.300526 0.346667
vt 0.300526 0.362807
vt 0.300526 0.378947
vt 0.300526 0.395088
vt 0.300526 0.411228
vt 0.300526 0.427368
vt 0.300526 0.443509
vt 0.300526 0.459649
vt 0.300526 0.475789
vt 0.300526 0.491930
vt 0.300526 0.508070
vt 0.300526 0.524211
vt 0.300526 0.540351
vt 0.300526 0.556491
vt 0.300526 0.572632
vt 0.300526 0.588772
vt 0.300526 0.604912
vt 0.300526 0.621053
vt 0.300526 0.637193
vt 0.300526 0.653333
vt 0.312368 0.346667
vt 0.312368 0.362807
vt 0.312368 0.378947
vt 0.312368 0.395088
vt 0.312368 0.411228
vt 0.312368 0.427368
vt 0.312368 0.443509
vt 0.312368 0.459649
vt 0.312368 0.475789
vt 0.312368 0.491930
vt 0.312368 0.508070
vt 0.312368 0.524211
vt 0.312368 0.540351
vt 0.312368 0.556491
vt 0.312368 0.572632
vt 0.312368 0.588772
vt 0.312368 0.604912
vt 0.312368 0.621053
vt 0.312368 0.637193
vt 0.312368 0.653333
vt 0.324211 0.346667
vt 0.324211 0.362807
vt 0.324211 0.378947
vt 0.324211 0.395088
vt 0.324211 0.411228
vt 0.324211 0.427368
vt 0.324211 0.443509
vt 0.324211 0.459649
vt 0.324211 0.475789
vt 0.324211 0.491930
vt 0.324211 0.508070
vt 0.324211 0.524211
vt 0.324211 0.540351
vt 0.324211 0.556491
vt 0.324211 0.572632
vt 0.324211 0.588772
vt 0.324211 0.604912
vt 0.324211 0.621053
vt 0.324211 0.637193
vt 0.324211 0.653333
vt 0.336053 0.346667
vt 0.336053 0.362807
vt 0.336053 0.378947
vt 0.336053 0.395088
vt 0.336053 0.411228
vt 0.336053 0.427368
vt 0.336053 0.443509
vt 0.336053 0.459649
vt 0.336053 0.475789
vt 0.336053 0.491930
vt 0.336053 0.508070
vt 0.336053 0.524211
vt 0.336053 0.540351
vt 0.336053 0.556491
vt 0.336053 0.572632
vt 0.336053 0.588772
vt 0.336053 0.604912
vt 0.336053 0.621053
vt 0.336053 0.637193
vt 0.336053 0.653333
vt 0.347895 0.346667
vt 0.347895 0.362807
vt 0.347895 0.378947
vt 0.347895 0.395088
vt 0.347895 0.411228
vt 0.347895 0.427368
vt 0.347895 0.443509
vt 0.347895 0.459649
vt 0.347895 0.475789
vt 0.347895 0.491930
vt 0.347895 0.508070
vt 0.347895 0.524211
vt 0.347895 0.540351
vt 0.347895 0.556491
vt 0.347895 0.572632
vt 0.347895 0.588772
vt 0.347895 0.604912
vt 0.347895 0.621053
vt 0.347895 0.637193
vt 0.347895 0.653333
vt 0.359737 0.346667
vt 0.359737 0.362807
vt 0.359737 0.378947
vt 0.359737 0.395088
vt 0.359737 0.411228
vt 0.359737 0.427368
vt 0.359737 0.443509
vt 0.359737 0.459649
vt 0.359737 0.475789
vt 0.359737 0.491930
vt 0.359737 0.508070
vt 0.359737 0.524211
vt 0.359737 0.540351
vt 0.359737 0.556491
vt 0.359737 0.572632
vt 0.359737 0.588772
vt 0.359737 0.604912
vt 0.359737 0.621053
vt 0.359737 0.637193
vt 0.359737 0.653333
vt 0.371579 0.346667
vt 0.371579 0.362807
vt 0.371579 0.378947
vt 0.371579 0.395088
vt 0.371579 0.411228
vt 0.371579 0.427368
vt 0.371579 0.443509
vt 0.371579 0.459649
vt 0.371579 0.475789
vt 0.371579 0.491930
vt 0.371579 0.508070
vt 0.371579 0.524211
vt 0.371579 0.540351
vt 0.371579 0.556491
vt 0.371579 0.572632
vt 0.371579 0.588772
vt 0.371579 0.604912
vt 0.371579 0.621053
vt 0.371579 0.637193
vt 0.371579 0.653333
vt 0.383421 0.346667
vt 0.383421 0.362807
vt 0.383421 0.378947
vt 0.383421 0.395088
vt 0.383421 0.411228
vt 0.383421 0.427368
vt 0.383421 0.443509
vt 0.383421 0.459649
vt 0.383421 0.475789
vt 0.383421 0.491930
vt 0.383421 0.508070
vt 0.383421 0.524211
vt 0.383421 0.540351
vt 0.383421 0.556491
vt 0.383421 0.572632
vt 0.383421 0.588772
vt 0.383421 0.604912
vt 0.383421 0.621053
vt 0.383421 0.637193
vt 0.383421 0.653333
vt 0.395263 0.346667
vt 0.395263 0.362807
vt 0.395263 0.378947
vt 0.395263 0.395088
vt 0.395263 0.411228
vt 0.395263 0.427368
vt 0.395263 0.443509
vt 0.395263 0.459649
vt 0.395263 0.475789
vt 0.395263 0.491930
vt 0.395263 0.508070
vt 0.395263 0.524211
vt 0.395263 0.540351
vt 0.395263 0.556491
vt 0.395263 0.572632
vt 0.395263 0.588772
vt 0.395263 0.604912
vt 0.395263 0.621053
vt 0.395263 0.637193
vt 0.395263 0.653333
vt 0.407105 0.346667
vt 0.407105 0.362807
vt 0.407105 0.378947
vt 0.407105 0.395088
vt 0.407105 0.411228
vt 0.407105 0.427368
vt 0.407105 0.443509
vt 0.407105 0.459649
vt 0.407105 0.475789
vt 0.407105 0.491930
vt 0.407105 0.508070
vt 0.407105 0.524211
vt 0.407105 0.540351
vt 0.407105 0.556491
vt 0.407105 0.572632
vt 0.407105 0.588772
vt 0.407105 0.604912
vt 0.407105 0.621053
vt 0.407105 0.637193
vt 0.407105 0.653333
vt 0.418947 0.346667
vt 0.418947 0.362807
vt 0.418947 0.378947
vt 0.418947 0.395088
vt 0.418947 0.411228
vt 0.418947 0.427368
vt 0.418947 0.443509
vt 0.418947 0.459649
vt 0.418947 0.475789
vt 0.418947 0.491930
vt 0.418947 0.508070
vt 0.418947 0.524211
vt 0.418947 0.540351
vt 0.418947 0.556491
vt 0.418947 0.572632
vt 0.418947 0.588772
vt 0.418947 0.604912
vt 0.418947 0.621053
vt 0.418947 0.637193
vt 0.418947 0.653333
vt 0.430789 0.346667
vt 0.430789 0.362807
vt 0.430789 0.378947
vt 0.430789 0.395088
vt 0.430789 0.411228
vt 0.430789 0.427368
vt 0.430789 0.443509
vt 0.430789 0.459649
vt 0.430789 0.475789
vt 0.430789 0.491930
vt 0.430789 0.508070
vt 0.430789 0.524211
vt 0.430789 0.540351
vt 0.430789 0.556491
vt 0.430789 0.572632
vt 0.430789 0.588772
vt 0.430789 0.604912
vt 0.430789 0.621053
vt 0.430789 0.637193
vt 0.430789 0.653333
vt 0.442632 0.346667
vt 0.442632 0.362807
vt 0.442632 0.378947
vt 0.442632 0.395088
vt 0.442632 0.411228
vt 0.442632 0.427368
vt 0.442632 0.443509
vt 0.442632 0.459649
vt 0.442632 0.475789
vt 0.442632 0.491930
vt 0.442632 0.508070
vt 0.442632 0.524211
vt 0.442632 0.540351
vt 0.442632 0.556491
vt 0.442632 0.572632
vt 0.442632 0.588772
vt 0.442632 0.604912
vt 0.442632 0.621053
vt 0.442632 0.637193
vt 0.442632 0.653333
vt 0.454474 0.346667
vt 0.454474 0.362807
vt 0.454474 0.378947
vt 0.454474 0.395088
vt 0.454474 0.411228
vt 0.454474 0.427368
vt 0.454474 0.443509
vt 0.454474 0.459649
vt 0.454474 0.475789
vt 0.454474 0.491930
vt 0.454474 0.508070
vt 0.454474 0.524211
vt 0.454474 0.540351
vt 0.454474 0.556491
vt 0.454474 0.572632
vt 0.454474 0.588772
vt 0.454474 0.604912
vt 0.454474 0.621053
vt 0.454474 0.637193
vt 0.454474 0.653333
vt 0.466316 0.346667
vt 0.466316 0.362807
vt 0.466316 0.378947
vt 0.466316 0.395088
vt 0.466316 0.411228
vt 0.466316 0.427368
vt 0.466316 0.443509
vt 0.466316 0.459649
vt 0.466316 0.475789
vt 0.466316 0.491930
vt 0.466316 0.508070
vt 0.466316 0.524211
vt 0.466316 0.540351
vt 0.466316 0.556491
vt 0.466316 0.572632
vt 0.466316 0.588772
vt 0.466316 0.604912
vt 0.466316 0.621053
vt 0.466316 0.637193
vt 0.466316 0.653333
vt 0.478158 0.346667
vt 0.478158 0.362807
vt 0.478158 0.378947
vt 0.478158 0.395088
vt 0.478158 0.411228
vt 0.478158 0.427368
vt 0.478158 0.443509
vt 0.478158 0.459649
vt 0.478158 0.475789
vt 0.478158 0.491930
vt 0.478158 0.508070
vt 0.478158 0.524211
vt 0.478158 0.540351
vt 0.478158 0.556491
vt 0.478158 0.572632
vt 0.478158 0.588772
vt 0.478158 0.604912
vt 0.478158 0.621053
vt 0.478158 0.637193
vt 0.478158 0.653333
vt 0.490000 0.346667
vt 0.490000 0.362807
vt 0.490000 0.378947
vt 0.490000 0.395088
vt 0.490000 0.411228
vt 0.490000 0.427368
vt 0.490000 0.443509
vt 0.490000 0.459649
vt 0.490000 0.475789
vt 0.490000 0.491930
vt 0.490000 0.508070
vt 0.490000 0.524211
vt 0.490000 0.540351
vt 0.490000 0.556491
vt 0.490000 0.572632
vt 0.490000 0.588772
vt 0.490000 0.604912
vt 0.490000 0.621053
vt 0.490000 0.637193
vt 0.490000 0.653333
f 969/969/969 989/989/989 970/970/970
f 970/970/970 989/989/989 990/990/990
f 970/970/970 990/990/990 971/971/971
f 971/971/971 990/990/990 991/991/991
f 971/971/971 991/991/991 972/972/972
f 972/972/972 991/991/991 992/992/992
f 972/972/972 992/992/992 973/973/973
f 973/973/973 992/992/992 993/993/993
f 973/973/973 993/993/993 974/974/974
f 974/974/974 993/993/993 994/994/994
f 974/974/974 994/994/994 975/975/975
f 975/975/975 994/994/994 995/995/995
f 975/975/975 995/995/995 976/976/976
f 976/976/976 995/995/995 996/996/996
f 976/976/976 996/996/996 977/977/977
f 977/977/977 996/996/996 997/997/997
f 977/977/977 997/997/997 978/978/978
f 978/978/978 997/997/997 998/998/998
f 978/978/978 998/998/998 979/979/979
f 979/979/979 998/998/998 999/999/999
f 979/979/979 999/999/999 980/980/980
f 980/980/980 999/999/999 1000/1000/1000
f 980/980/980 1000/1000/1000 981/981/981
f 981/981/981 1000/1000/1000 1001/1001/1001
f 981/981/981 1001/1001/1001 982/982/982
f 982/982/982 1001/1001/1001 1002/1002/1002
f 982/982/982 1002/1002/1002 983/983/983
f 983/983/983 1002/1002/1002 1003/1003/1003
f 983/983/983 1003/1003/1003 984/984/984
f 984/984/984 1003/1003/1003 1004/1004/1004
f 984/984/984 1004/1004/1004 985/985/985
f 985/985/985 1004/1004/1004 1005/1005/1005
f 985/985/985 1005/1005/1005 986/986/986
f 986/986/986 1005/1005/1005 1006/1006/1006
f 986/986/986 1006/1006/1006 987/987/987
f 987/987/987 1006/1006/1006 1007/1007/1007
f 987/987/987 1007/1007/1007 988/988/988
f 988/988/988 1007/1007/1007 1008/1008/1008
f 989/989/989 1009/1009/1009 990/990/990
f 990/990/990 1009/1009/1009 1010/1010/1010
f 990/990/990 1010/1010/1010 991/991/991
f 991/991/991 1010/1010/1010 1011/1011/1011
f 991/991/991 1011/1011/1011 992/992/992
f 992/992/992 1011/1011/1011 1012/1012/1012
f 992/992/992 1012/1012/1012 993/993/993
f 993/993/993 1012/1012/1012 1013/1013/1013
f 993/993/993 1013/1013/1013 994/994/994
f 994/994/994 1013/1013/1013 1014/1014/1014
f 994/994/994 1014/1014/1014 995/995/995
f 995/995/995 1014/1014/1014 1015/1015/1015
f 995/995/995 1015/1015/1015 996/996/996
f 996/996/996 1015/1015/1015 1016/1016/1016
f 996/996/996 1016/1016/1016 997/997/997
f 997/997/997 1016/1016/1016 1017/1017/1017
f 997/997/997 1017/1017/1017 998/998/998
f 998/998/998 1017/1017/1017 1018/1018/1018
f 998/998/998 1018/1018/1018 999/999/999
f 999/999/999 1018/1018/1018 1019/1019/1019
f 999/999/999 1019/1019/1019 1000/1000/1000
f 1000/1000/1000 1019/1019/1019 1020/1020/1020
f 1000/1000/1000 1020/1020/1020 1001/1001/1001
f 1001/1001/1001 1020/1020/1020 1021/1021/1021
f 1001/1001/1001 1021/1021/1021 1002/1002/1002
f 1002/1002/1002 1021/1021/1021 1022/1022/1022
f 1002/1002/1002 1022/1022/1022 1003/1003/1003
f 1003/1003/1003 1022/1022/1022 1023/1023/1023
f 1003/1003/1003 1023/1023/1023 1004/1004/1004
f 1004/1004/1004 1023/1023/1023 1024/1024/1024
f 1004/1004/1004 1024/1024/1024 1005/1005/1005
f 1005/1005/1005 1024/1024/1024 1025/1025/1025
f 1005/1005/1005 1025/1025/1025 1006/1006/1006
f 1006/1006/1006 1025/1025/1025 1026/1026/1026
f 1006/1006/1006 1026/1026/1026 1007/1007/1007
f 1007/1007/1007 1026/1026/1026 1027/1027/1027
f 1007/1007/1007 1027/1027/1027 1008/1008/1008
f 1008/1008/1008 1027/1027/1027 1028/1028/1028
f 1009/1009/1009 1029/1029/1029 1010/1010/1010
f 1010/1010/1010 1029/1029/1029 1030/1030/1030
f 1010/1010/1010 1030/1030/1030 1011/1011/1011
f 1011/1011/1011 1030/1030/1030 1031/1031/1031
f 1011/1011/1011 1031/1031/1031 1012/1012/1012
f 1012/1012/1012 1031/1031/1031 1032/1032/1032
f 1012/1012/1012 1032/1032/1032 1013/1013/1013
f 1013/1013/1013 1032/1032/1032 1033/1033/1033
f 1013/1013/1013 1033/1033/1033 1014/1014/1014
f 1014/1014/1014 1033/1033/1033 1034/1034/1034
f 1014/1014/1014 1034/1034/1034 1015/1015/1015
f 1015/1015/1015 1034/1034/1034 1035/1035/1035
f 1015/1015/1015 1035/1035/1035 1016/1016/1016
f 1016/1016/1016 1035/1035/1035 1036/1036/1036
f 1016/1016/1016 1036/1036/1036 1017/1017/1017
f 1017/1017/1017 1036/1036/1036 1037/1037/1037
f 1017/1017/1017 1037/1037/1037 1018/1018/1018
f 1018/1018/1018 1037/1037/1037 1038/1038/1038
f 1018/1018/1018 1038/1038/1038 1019/1019/1019
f 1019/1019/1019 1038/1038/1038 1039/1039/1039
f 1019/1019/1019 1039/1039/1039 1020/1020/1020
f 1020/1020/1020 1039/1039/1039 1040/1040/1040
f 1020/1020/1020 1040/1040/1040 1021/1021/1021
f 1021/1021/1021 1040/1040/1040 1041/1041/1041
f 1021/1021/1021 1041/1041/1041 1022/1022/1022
f 1022/1022/1022 1041/1041/1041 1042/1042/1042
f 1022/1022/1022 1042/1042/1042 1023/1023/1023
f 1023/1023/1023 1042/1042/1042 1043/1043/1043
f 1023/1023/1023 1043/1043/1043 1024/1024/1024
f 1024/1024/1024 1043/1043/1043 1044/1044/1044
f 1024/1024/1024 1044/1044/1044 1025/1025/1025
f 1025/1025/1025 1044/1044/1044 1045/1045/1045
f 1025/1025/1025 1045/1045/1045 1026/1026/1026
f 1026/1026/1026 1045/1045/1045 1046/1046/1046
f 1026/1026/1026 1046/1046/1046 1027/1027/1027
f 1027/1027/1027 1046/1046/1046 1047/1047/1047
f 1027/1027/1027 1047/1047/1047 1028/1028/1028
f 1028/1028/1028 1047/1047/1047 1048/1048/1048
f 1029/1029/1029 1049/1049/1049 1030/1030/1030
f 1030/1030/1030 1049/1049/1049 1050/1050/1050
f 1030/1030/1030 1050/1050/1050 1031/1031/1031
f 1031/1031/1031 1050/1050/1050 1051/1051/1051
f 1031/1031/1031 1051/1051/1051 1032/1032/1032
f 1032/1032/1032 1051/1051/1051 1052/1052/1052
f 1032/1032/1032 1052/1052/1052 1033/1033/1033
f 1033/1033/1033 1052/1052/1052 1053/1053/1053
f 1033/1033/1033 1053/1053/1053 1034/1034/1034
f 1034/1034/1034 1053/1053/1053 1054/1054/1054
f 1034/1034/1034 1054/1054/1054 1035/1035/1035
f 1035/1035/1035 1054/1054/1054 1055/1055/1055
f 1035/1035/1035 1055/1055/1055 1036/1036/1036
f 1036/1036/1036 1055/1055/1055 1056/1056/1056
f 1036/1036/1036 1056/1056/1056 1037/1037/1037
f 1037/1037/1037 1056/1056/1056 1057/1057/1057
f 1037/1037/1037 1057/1057/1057 1038/1038/1038
f 1038/1038/1038 1057/1057/1057 1058/1058/1058
f 1038/1038/1038 1058/1058/1058 1039/1039/1039
f 1039/1039/1039 1058/1058/1058 1059/1059/1059
f 1039/1039/1039 1059/1059/1059 1040/1040/1040
f 1040/1040/1040 1059/1059/1059 1060/1060/1060
f 1040/1040/1040 1060/1060/1060 1041/1041/1041
f 1041/1041/1041 1060/1060/1060 1061/1061/1061
f 1041/1041/1041 1061/1061/1061 1042/1042/1042
f 1042/1042/1042 1061/1061/1061 1062/1062/1062
f 1042/1042/1042 1062/1062/1062 1043/1043/1043
f 1043/1043/1043 1062/1062/1062 1063/1063/1063
f 1043/1043/1043 1063/1063/1063 1044/1044/1044
f 1044/1044/1044 1063/1063/1063 1064/1064/1064
f 1044/1044/1044 1064/1064/1064 1045/1045/1045
f 1045/1045/1045 1064/1064/1064 1065/1065/1065
f 1045/1045/1045 1065/1065/1065 1046/1046/1046
f 1046/1046/1046 1065/1065/1065 1066/1066/1066
f 1046/1046/1046 1066/1066/1066 1047/1047/1047
f 1047/1047/1047 1066/1066/1066 1067/1067/1067
f 1047/1047/1047 1067/1067/1067 1048/1048/1048
f 1048/1048/1048 1067/1067/1067 1068/1068/1068
f 1049/1049/1049 1069/1069/1069 1050/1050/1050
f 1050/1050/1050 1069/1069/1069 1070/1070/1070
f 1050/1050/1050 1070/1070/1070 1051/1051/1051
f 1051/1051/1051 1070/1070/1070 1071/1071/1071
f 1051/1051/1051 1071/1071/1071 1052/1052/1052
f 1052/1052/1052 1071/1071/1071 1072/1072/1072
f 1052/1052/1052 1072/1072/1072 1053/1053/1053
f 1053/1053/1053 1072/1072/1072 1073/1073/1073
f 1053/1053/1053 1073/1073/1073 1054/1054/1054
f 1054/1054/1054 1073/1073/1073 1074/1074/1074
f 1054/1054/1054 1074/1074/1074 1055/1055/1055
f 1055/1055/1055 1074/1074/1074 1075/1075/1075
f 1055/1055/1055 1075/1075/1075 1056/1056/1056
f 1056/1056/1056 1075/1075/1075 1076/1076/1076
f 1056/1056/1056 1076/1076/1076 1057/1057/1057
f 1057/1057/1057 1076/1076/1076 1077/1077/1077
f 1057/1057/1057 1077/1077/1077 1058/1058/1058
f 1058/1058/1058 1077/1077/1077 1078/1078/1078
f 1058/1058/1058 1078/1078/1078 1059/1059/1059
f 1059/1059/1059 1078/1078/1078 1079/1079/1079
f 1059/1059/1059 1079/1079/1079 1060/1060/1060
f 1060/1060/1060 1079/1079/1079 1080/1080/1080
f 1060/1060/1060 1080/1080/1080 1061/1061/1061
f 1061/1061/1061 1080/1080/1080 1081/1081/1081
f 1061/1061/1061 1081/1081/1081 1062/1062/1062
f 1062/1062/1062 1081/1081/1081 1082/1082/1082
f 1062/1062/1062 1082/1082/1082 1063/1063/1063
f 1063/1063/1063 1082/1082/1082 1083/1083/1083
f 1063/1063/1063 1083/1083/1083 1064/1064/1064
f 1064/1064/1064 1083/1083/1083 1084/1084/1084
f 1064/1064/1064 1084/1084/1084 1065/1065/1065
f 1065/1065/1065 1084/1084/1084 1085/1085/1085
f 1065/1065/1065 1085/1085/1085 1066/1066/1066
f 1066/1066/1066 1085/1085/1085 1086/1086/1086
f 1066/1066/1066 1086/1086/1086 1067/1067/1067
f 1067/1067/1067 1086/1086/1086 1087/1087/1087
f 1067/1067/1067 1087/1087/1087 1068/1068/1068
f 1068/1068/1068 1087/1087/1087 1088/1088/1088
f 1069/1069/1069 1089/1089/1089 1070/1070/1070
f 1070/1070/1070 1089/1089/1089 1090/1090/1090
f 1070/1070/1070 1090/1090/1090 1071/1071/1071
f 1071/1071/1071 1090/1090/1090 1091/1091/1091
f 1071/1071/1071 1091/1091/1091 1072/1072/1072
f 1072/1072/1072 1091/1091/1091 1092/1092/1092
f 1072/1072/1072 1092/1092/1092 1073/1073/1073
f 1073/1073/1073 1092/1092/1092 1093/1093/1093
f 1073/1073/1073 1093/1093/1093 1074/1074/1074
f 1074/1074/1074 1093/1093/1093 1094/1094/1094
f 1074/1074/1074 1094/1094/1094 1075/1075/1075
f 1075/1075/1075 1094/1094/1094 1095/1095/1095
f 1075/1075/1075 1095/1095/1095 1076/1076/1076
f 1076/1076/1076 1095/1095/1095 1096/1096/1096
f 1076/1076/1076 1096/1096/1096 1077/1077/1077
f 1077/1077/1077 1096/1096/1096 1097/1097/1097
f 1077/1077/1077 1097/1097/1097 1078/1078/1078
f 1078/1078/1078 1097/1097/1097 1098/1098/1098
f 1078/1078/1078 1098/1098/1098 1079/1079/1079
f 1079/1079/1079 1098/1098/1098 1099/1099/1099
f 1079/1079/1079 1099/1099/1099 1080/1080/1080
f 1080/1080/1080 1099/1099/1099 1100/1100/1100
f 1080/1080/1080 1100/1100/1100 1081/1081/1081
f 1081/1081/1081 1100/1100/1100 1101/1101/1101
f 1081/1081/1081 1101/1101/1101 1082/1082/1082
f 1082/1082/1082 1101/1101/1101 1102/1102/1102
f 1082/1082/1082 1102/1102/1102 1083/1083/1083
f 1083/1083/1083 1102/1102/1102 1103/1103/1103
f 1083/1083/1083 1103/1103/1103 1084/1084/1084
f 1084/1084/1084 1103/1103/1103 1104/1104/1104
f 1084/1084/1084 1104/1104/1104 1085/1085/1085
f 1085/1085/1085 1104/1104/1104 1105/1105/1105
f 1085/1085/1085 1105/1105/1105 1086/1086/1086
f 1086/1086/1086 1105/1105/1105 1106/1106/1106
f 1086/1086/1086 1106/1106/1106 1087/1087/1087
f 1087/1087/1087 1106/1106/1106 1107/1107/1107
f 1087/1087/1087 1107/1107/1107 1088/1088/1088
f 1088/1088/1088 1107/1107/1107 1108/1108/1108
f 1089/1089/1089 1109/1109/1109 1090/1090/1090
f 1090/1090/1090 1109/1109/1109 1110/1110/1110
f 1090/1090/1090 1110/1110/1110 1091/1091/1091
f 1091/1091/1091 1110/1110/1110 1111/1111/1111
f 1091/1091/1091 1111/1111/1111 1092/1092/1092
f 1092/1092/1092 1111/1111/1111 1112/1112/1112
f 1092/1092/1092 1112/1112/1112 1093/1093/1093
f 1093/1093/1093 1112/1112/1112 1113/1113/1113
f 1093/1093/1093 1113/1113/1113 1094/1094/1094
f 1094/1094/1094 1113/1113/1113 1114/1114/1114
f 1094/1094/1094 1114/1114/1114 1095/1095/1095
f 1095/1095/1095 1114/1114/1114 1115/1115/1115
f 1095/1095/1095 1115/1115/1115 1096/1096/1096
f 1096/1096/1096 1115/1115/1115 1116/1116/1116
f 1096/1096/1096 1116/1116/1116 1097/1097/1097
f 1097/1097/1097 1116/1116/1116 1117/1117/1117
f 1097/1097/1097 1117/1117/1117 1098/1098/1098
f 1098/1098/1098 1117/1117/1117 1118/1118/1118
f 1098/1098/1098 1118/1118/1118 1099/1099/1099
f 1099/1099/1099 1118/1118/1118 1119/1119/1119
f 1099/1099/1099 1119/1119/1119 1100/1100/1100
f 1100/1100/1100 1119/1119/1119 1120/1120/1120
f 1100/1100/1100 1120/1120/1120 1101/1101/1101
f 1101/1101/1101 1120/1120/1120 1121/1121/1121
f 1101/1101/1101 1121/1121/1121 1102/1102/1102
f 1102/1102/1102 1121/1121/1121 1122/1122/1122
f 1102/1102/1102 1122/1122/1122 1103/1103/1103
f 1103/1103/1103 1122/1122/1122 1123/1123/1123
f 1103/1103/1103 1123/1123/1123 1104/1104/1104
f 1104/1104/1104 1123/1123/1123 1124/1124/1124
f 1104/1104/1104 1124/1124/1124 1105/1105/1105
f 1105/1105/1105 1124/1124/1124 1125/1125/1125
f 1105/1105/1105 1125/1125/1125 1106/1106/1106
f 1106/1106/1106 1125/1125/1125 1126/1126/1126
f 1106/1106/1106 1126/1126/1126 1107/1107/1107
f 1107/1107/1107 1126/1126/1126 1127/1127/1127
f 1107/1107/1107 1127/1127/1127 1108/1108/1108
f 1108/1108/1108 1127/1127/1127 1128/1128/1128
f 1109/1109/1109 1129/1129/1129 1110/1110/1110
f 1110/1110/1110 1129/1129/1129 1130/1130/1130
f 1110/1110/1110 1130/1130/1130 1111/1111/1111
f 1111/1111/1111 1130/1130/1130 1131/1131/1131
f 1111/1111/1111 1131/1131/1131 1112/1112/1112
f 1112/1112/1112 1131/1131/1131 1132/1132/1132
f 1112/1112/1112 1132/1132/1132 1113/1113/1113
f 1113/1113/1113 1132/1132/1132 1133/1133/1133
f 1113/1113/1113 1133/1133/1133 1114/1114/1114
f 1114/1114/1114 1133/1133/1133 1134/1134/1134
f 1114/1114/1114 1134/1134/1134 1115/1115/1115
f 1115/1115/1115 1134/1134/1134 1135/1135/1135
f 1115/1115/1115 1135/1135/1135 1116/1116/1116
f 1116/1116/1116 1135/1135/1135 1136/1136/1136
f 1116/1116/1116 1136/1136/1136 1117/1117/1117
f 1117/1117/1117 1136/1136/1136 1137/1137/1137
f 1117/1117/1117 1137/1137/1137 1118/1118/1118
f 1118/1118/1118 1137/1137/1137 1138/1138/1138
f 1118/1118/1118 1138/1138/1138 1119/1119/1119
f 1119/1119/1119 1138/1138/1138 1139/1139/1139
f 1119/1119/1119 1139/1139/1139 1120/1120/1120
f 1120/1120/1120 1139/1139/1139 1140/1140/1140
f 1120/1120/1120 1140/1140/1140 1121/1121/1121
f 1121/1121/1121 1140/1140/1140 1141/1141/1141
f 1121/1121/1121 1141/1141/1141 1122/1122/1122
f 1122/1122/1122 1141/1141/1141 1142/1142/1142
f 1122/1122/1122 1142/1142/1142 1123/1123/1123
f 1123/1123/1123 1142/1142/1142 1143/1143/1143
f 1123/1123/1123 1143/1143/1143 1124/1124/1124
f 1124/1124/1124 1143/1143/1143 1144/1144/1144
f 1124/1124/1124 1144/1144/1144 1125/1125/1125
f 1125/1125/1125 1144/1144/1144 1145/1145/1145
f 1125/1125/1125 1145/1145/1145 1126/1126/1126
f 1126/1126/1126 1145/1145/1145 1146/1146/1146
f 1126/1126/1126 1146/1146/1146 1127/1127/1127
f 1127/1127/1127 1146/1146/1146 1147/1147/1147
f 1127/1127/1127 1147/1147/1147 1128/1128/1128
f 1128/1128/1128 1147/1147/1147 1148/1148/1148
f 1129/1129/1129 1149/1149/1149 1130/1130/1130
f 1130/1130/1130 1149/1149/1149 1150/1150/1150
f 1130/1130/1130 1150/1150/1150 1131/1131/1131
f 1131/1131/1131 1150/1150/1150 1151/1151/1151
f 1131/1131/1131 1151/1151/1151 1132/1132/1132
f 1132/1132/1132 1151/1151/1151 1152/1152/1152
f 1132/1132/1132 1152/1152/1152 1133/1133/1133
f 1133/1133/1133 1152/1152/1152 1153/1153/1153
f 1133/1133/1133 1153/1153/1153 1134/1134/1134
f 1134/1134/1134 1153/1153/1153 1154/1154/1154
f 1134/1134/1134 1154/1154/1154 1135/1135/1135
f 1135/1135/1135 1154/1154/1154 1155/1155/1155
f 1135/1135/1135 1155/1155/1155 1136/1136/1136
f 1136/1136/1136 1155/1155/1155 1156/1156/1156
f 1136/1136/1136 1156/1156/1156 1137/1137/1137
f 1137/1137/1137 1156/1156/1156 1157/1157/1157
f 1137/1137/1137 1157/1157/1157 1138/1138/1138
f 1138/1138/1138 1157/1157/1157 1158/1158/1158
f 1138/1138/1138 1158/1158/1158 1139/1139/1139
f 1139/1139/1139 1158/1158/1158 1159/1159/1159
f 1139/1139/1139 1159/1159/1159 1140/1140/1140
f 1140/1140/1140 1159/1159/1159 1160/1160/1160
f 1140/1140/1140 1160/1160/1160 1141/1141/1141
f 1141/1141/1141 1160/1160/1160 1161/1161/1161
f 1141/1141/1141 1161/1161/1161 1142/1142/1142
f 1142/1142/1142 1161/1161/1161 1162/1162/1162
f 1142/1142/1142 1162/1162/1162 1143/1143/1143
f 1143/1143/1143 1162/1162/1162 1163/1163/1163
f 1143/1143/1143 1163/1163/1163 1144/1144/1144
f 1144/1144/1144 1163/1163/1163 1164/1164/1164
f 1144/1144/1144 1164/1164/1164 1145/1145/1145
f 1145/1145/1145 1164/1164/1164 1165/1165/1165
f 1145/1145/1145 1165/1165/1165 1146/1146/1146
f 1146/1146/1146 1165/1165/1165 1166/1166/1166
f 1146/1146/1146 1166/1166/1166 1147/1147/1147
f 1147/1147/1147 1166/1166/1166 1167/1167/1167
f 1147/1147/1147 1167/1167/1167 1148/1148/1148
f 1148/1148/1148 1167/1167/1167 1168/1168/1168
f 1149/1149/1149 1169/1169/1169 1150/1150/1150
f 1150/1150/1150 1169/1169/1169 1170/1170/1170
f 1150/1150/1150 1170/1170/1170 1151/1151/1151
f 1151/1151/1151 1170/1170/1170 1171/1171/1171
f 1151/1151/1151 1171/1171/1171 1152/1152/1152
f 1152/1152/1152 1171/1171/1171 1172/1172/1172
f 1152/1152/1152 1172/1172/1172 1153/1153/1153
f 1153/1153/1153 1172/1172/1172 1173/1173/1173
f 1153/1153/1153 1173/1173/1173 1154/1154/1154
f 1154/1154/1154 1173/1173/1173 1174/1174/1174
f 1154/1154/1154 1174/1174/1174 1155/1155/1155
f 1155/1155/1155 1174/1174/1174 1175/1175/1175
f 1155/1155/1155 1175/1175/1175 1156/1156/1156
f 1156/1156/1156 1175/1175/1175 1176/1176/1176
f 1156/1156/1156 1176/1176/1176 1157/1157/1157
f 1157/1157/1157 1176/1176/1176 1177/1177/1177
f 1157/1157/1157 1177/1177/1177 1158/1158/1158
f 1158/1158/1158 1177/1177/1177 1178/1178/1178
f 1158/1158/1158 1178/1178/1178 1159/1159/1159
f 1159/1159/1159 1178/1178/1178 1179/1179/1179
f 1159/1159/1159 1179/1179/1179 1160/1160/1160
f 1160/1160/1160 1179/1179/1179 1180/1180/1180
f 1160/1160/1160 1180/1180/1180 1161/1161/1161
f 1161/1161/1161 1180/1180/1180 1181/1181/1181
f 1161/1161/1161 1181/1181/1181 1162/1162/1162
f 1162/1162/1162 1181/1181/1181 1182/1182/1182
f 1162/1162/1162 1182/1182/1182 1163/1163/1163
f 1163/1163/1163 1182/1182/1182 1183/1183/1183
f 1163/1163/1163 1183/1183/1183 1164/1164/1164
f 1164/1164/1164 1183/1183/1183 1184/1184/1184
f 1164/1164/1164 1184/1184/1184 1165/1165/1165
f 1165/1165/1165 1184/1184/1184 1185/1185/1185
f 1165/1165/1165 1185/1185/1185 1166/1166/1166
f 1166/1166/1166 1185/1185/1185 1186/1186/1186
f 1166/1166/1166 1186/1186/1186 1167/1167/1167
f 1167/1167/1167 1186/1186/1186 1187/1187/1187
f 1167/1167/1167 1187/1187/1187 1168/1168/1168
f 1168/1168/1168 1187/1187/1187 1188/1188/1188
f 1169/1169/1169 1189/1189/1189 1170/1170/1170
f 1170/1170/1170 1189/1189/1189 1190/1190/1190
f 1170/1170/1170 1190/1190/1190 1171/1171/1171
f 1171/1171/1171 1190/1190/1190 1191/1191/1191
f 1171/1171/1171 1191/1191/1191 1172/1172/1172
f 1172/1172/1172 1191/1191/1191 1192/1192/1192
f 1172/1172/1172 1192/1192/1192 1173/1173/1173
f 1173/1173/1173 1192/1192/1192 1193/1193/1193
f 1173/1173/1173 1193/1193/1193 1174/1174/1174
f 1174/1174/1174 1193/1193/1193 1194/1194/1194
f 1174/1174/1174 1194/1194/1194 1175/1175/1175
f 1175/1175/1175 1194/1194/1194 1195/1195/1195
f 1175/1175/1175 1195/1195/1195 1176/1176/1176
f 1176/1176/1176 1195/1195/1195 1196/1196/1196
f 1176/1176/1176 1196/1196/1196 1177/1177/1177
f 1177/1177/1177 1196/1196/1196 1197/1197/1197
f 1177/1177/1177 1197/1197/1197 1178/1178/1178
f 1178/1178/1178 1197/1197/1197 1198/1198/1198
f 1178/1178/1178 1198/1198/1198 1179/1179/1179
f 1179/1179/1179 1198/1198/1198 1199/1199/1199
f 1179/1179/1179 1199/1199/1199 1180/1180/1180
f 1180/1180/1180 1199/1199/1199 1200/1200/1200
f 1180/1180/1180 1200/1200/1200 1181/1181/1181
f 1181/1181/1181 1200/1200/1200 1201/1201/1201
f 1181/1181/1181 1201/1201/1201 1182/1182/1182
f 1182/1182/1182 1201/1201/1201 1202/1202/1202
f 1182/1182/1182 1202/1202/1202 1183/1183/1183
f 1183/1183/1183 1202/1202/1202 1203/1203/1203
f 1183/1183/1183 1203/1203/1203 1184/1184/1184
f 1184/1184/1184 1203/1203/1203 1204/1204/1204
f 1184/1184/1184 1204/1204/1204 1185/1185/1185
f 1185/1185/1185 1204/1204/1204 1205/1205/1205
f 1185/1185/1185 1205/1205/1205 1186/1186/1186
f 1186/1186/1186 1205/1205/1205 1206/1206/1206
f 1186/1186/1186 1206/1206/1206 1187/1187/1187
f 1187/1187/1187 1206/1206/1206 1207/1207/1207
f 1187/1187/1187 1207/1207/1207 1188/1188/1188
f 1188/1188/1188 1207/1207/1207 1208/1208/1208
f 1189/1189/1189 1209/1209/1209 1190/1190/1190
f 1190/1190/1190 1209/1209/1209 1210/1210/1210
f 1190/1190/1190 1210/1210/1210 1191/1191/1191
f 1191/1191/1191 1210/1210/1210 1211/1211/1211
f 1191/1191/1191 1211/1211/1211 1192/1192/1192
f 1192/1192/1192 1211/1211/1211 1212/1212/1212
f 1192/1192/1192 1212/1212/1212 1193/1193/1193
f 1193/1193/1193 1212/1212/1212 1213/1213/1213
f 1193/1193/1193 1213/1213/1213 1194/1194/1194
f 1194/1194/1194 1213/1213/1213 1214/1214/1214
f 1194/1194/1194 1214/1214/1214 1195/1195/1195
f 1195/1195/1195 1214/1214/1214 1215/1215/1215
f 1195/1195/1195 1215/1215/1215 1196/1196/1196
f 1196/1196/1196 1215/1215/1215 1216/1216/1216
f 1196/1196/1196 1216/1216/1216 1197/1197/1197
f 1197/1197/1197 1216/1216/1216 1217/1217/1217
f 1197/1197/1197 1217/1217/1217 1198/1198/1198
f 1198/1198/1198 1217/1217/1217 1218/1218/1218
f 1198/1198/1198 1218/1218/1218 1199/1199/1199
f 1199/1199/1199 1218/1218/1218 1219/1219/1219
f 1199/1199/1199 1219/1219/1219 1200/1200/1200
f 1200/1200/1200 1219/1219/1219 1220/1220/1220
f 1200/1200/1200 1220/1220/1220 1201/1201/1201
f 1201/1201/1201 1220/1220/1220 1221/1221/1221
f 1201/1201/1201 1221/1221/1221 1202/1202/1202
f 1202/1202/1202 1221/1221/1221 1222/1222/1222
f 1202/1202/1202 1222/1222/1222 1203/1203/1203
f 1203/1203/1203 1222/1222/1222 1223/1223/1223
f 1203/1203/1203 1223/1223/1223 1204/1204/1204
f 1204/1204/1204 1223/1223/1223 1224/1224/1224
f 1204/1204/1204 1224/1224/1224 1205/1205/1205
f 1205/1205/1205 1224/1224/1224 1225/1225/1225
f 1205/1205/1205 1225/1225/1225 1206/1206/1206
f 1206/1206/1206 1225/1225/1225 1226/1226/1226
f 1206/1206/1206 1226/1226/1226 1207/1207/1207
f 1207/1207/1207 1226/1226/1226 1227/1227/1227
f 1207/1207/1207 1227/1227/1227 1208/1208/1208
f 1208/1208/1208 1227/1227/1227 1228/1228/1228
f 1209/1209/1209 1229/1229/1229 1210/1210/1210
f 1210/1210/1210 1229/1229/1229 1230/1230/1230
f 1210/1210/1210 1230/1230/1230 1211/1211/1211
f 1211/1211/1211 1230/1230/1230 1231/1231/1231
f 1211/1211/1211 1231/1231/1231 1212/1212/1212
f 1212/1212/1212 1231/1231/1231 1232/1232/1232
f 1212/1212/1212 1232/1232/1232 1213/1213/1213
f 1213/1213/1213 1232/1232/1232 1233/1233/1233
f 1213/1213/1213 1233/1233/1233 1214/1214/1214
f 1214/1214/1214 1233/1233/1233 1234/1234/1234
f 1214/1214/1214 1234/1234/1234 1215/1215/1215
f 1215/1215/1215 1234/1234/1234 1235/1235/1235
f 1215/1215/1215 1235/1235/1235 1216/1216/1216
f 1216/1216/1216 1235/1235/1235 1236/1236/1236
f 1216/1216/1216 1236/1236/1236 1217/1217/1217
f 1217/1217/1217 1236/1236/1236 1237/1237/1237
f 1217/1217/1217 1237/1237/1237 1218/1218/1218
f 1218/1218/1218 1237/1237/1237 1238/1238/1238
f 1218/1218/1218 1238/1238/1238 1219/1219/1219
f 1219/1219/1219 1238/1238/1238 1239/1239/1239
f 1219/1219/1219 1239/1239/1239 1220/1220/1220
f 1220/1220/1220 1239/1239/1239 1240/1240/1240
f 1220/1220/1220 1240/1240/1240 1221/1221/1221
f 1221/1221/1221 1240/1240/1240 1241/1241/1241
f 1221/1221/1221 1241/1241/1241 1222/1222/1222
f 1222/1222/1222 1241/1241/1241 1242/1242/1242
f 1222/1222/1222 1242/1242/1242 1223/1223/1223
f 1223/1223/1223 1242/1242/1242 1243/1243/1243
f 1223/1223/1223 1243/1243/1243 1224/1224/1224
f 1224/1224/1224 1243/1243/1243 1244/1244/1244
f 1224/1224/1224 1244/1244/1244 1225/1225/1225
f 1225/1225/1225 1244/1244/1244 1245/1245/1245
f 1225/1225/1225 1245/1245/1245 1226/1226/1226
f 1226/1226/1226 1245/1245/1245 1246/1246/1246
f 1226/1226/1226 1246/1246/1246 1227/1227/1227
f 1227/1227/1227 1246/1246/1246 1247/1247/1247
f 1227/1227/1227 1247/1247/1247 1228/1228/1228
f 1228/1228/1228 1247/1247/1247 1248/1248/1248
f 1229/1229/1229 1249/1249/1249 1230/1230/1230
f 1230/1230/1230 1249/1249/1249 1250/1250/1250
f 1230/1230/1230 1250/1250/1250 1231/1231/1231
f 1231/1231/1231 1250/1250/1250 1251/1251/1251
f 1231/1231/1231 1251/1251/1251 1232/1232/1232
f 1232/1232/1232 1251/1251/1251 1252/1252/1252
f 1232/1232/1232 1252/1252/1252 1233/1233/1233
f 1233/1233/1233 1252/1252/1252 1253/1253/1253
f 1233/1233/1233 1253/1253/1253 1234/1234/1234
f 1234/1234/1234 1253/1253/1253 1254/1254/1254
f 1234/1234/1234 1254/1254/1254 1235/1235/1235
f 1235/1235/1235 1254/1254/1254 1255/1255/1255
f 1235/1235/1235 1255/1255/1255 1236/1236/1236
f 1236/1236/1236 1255/1255/1255 1256/1256/1256
f 1236/1236/1236 1256/1256/1256 1237/1237/1237
f 1237/1237/1237 1256/1256/1256 1257/1257/1257
f 1237/1237/1237 1257/1257/1257 1238/1238/1238
f 1238/1238/1238 1257/1257/1257 1258/1258/1258
f 1238/1238/1238 1258/1258/1258 1239/1239/1239
f 1239/1239/1239 1258/1258/1258 1259/1259/1259
f 1239/1239/1239 1259/1259/1259 1240/1240/1240
f 1240/1240/1240 1259/1259/1259 1260/1260/1260
f 1240/1240/1240 1260/1260/1260 1241/1241/1241
f 1241/1241/1241 1260/1260/1260 1261/1261/1261
f 1241/1241/1241 1261/1261/1261 1242/1242/1242
f 1242/1242/1242 1261/1261/1261 1262/1262/1262
f 1242/1242/1242 1262/1262/1262 1243/1243/1243
f 1243/1243/1243 1262/1262/1262 1263/1263/1263
f 1243/1243/1243 1263/1263/1263 1244/1244/1244
f 1244/1244/1244 1263/1263/1263 1264/1264/1264
f 1244/1244/1244 1264/1264/1264 1245/1245/1245
f 1245/1245/1245 1264/1264/1264 1265/1265/1265
f 1245/1245/1245 1265/1265/1265 1246/1246/1246
f 1246/1246/1246 1265/1265/1265 1266/1266/1266
f 1246/1246/1246 1266/1266/1266 1247/1247/1247
f 1247/1247/1247 1266/1266/1266 1267/1267/1267
f 1247/1247/1247 1267/1267/1267 1248/1248/1248
f 1248/1248/1248 1267/1267/1267 1268/1268/1268
f 1249/1249/1249 1269/1269/1269 1250/1250/1250
f 1250/1250/1250 1269/1269/1269 1270/1270/1270
f 1250/1250/1250 1270/1270/1270 1251/1251/1251
f 1251/1251/1251 1270/1270/1270 1271/1271/1271
f 1251/1251/1251 1271/1271/1271 1252/1252/1252
f 1252/1252/1252 1271/1271/1271 1272/1272/1272
f 1252/1252/1252 1272/1272/1272 1253/1253/1253
f 1253/1253/1253 1272/1272/1272 1273/1273/1273
f 1253/1253/1253 1273/1273/1273 1254/1254/1254
f 1254/1254/1254 1273/1273/1273 1274/1274/1274
f 1254/1254/1254 1274/1274/1274 1255/1255/1255
f 1255/1255/1255 1274/1274/1274 1275/1275/1275
f 1255/1255/1255 1275/1275/1275 1256/1256/1256
f 1256/1256/1256 1275/1275/1275 1276/1276/1276
f 1256/1256/1256 1276/1276/1276 1257/1257/1257
f 1257/1257/1257 1276/1276/1276 1277/1277/1277
f 1257/1257/1257 1277/1277/1277 1258/1258/1258
f 1258/1258/1258 1277/1277/1277 1278/1278/1278
f 1258/1258/1258 1278/1278/1278 1259/1259/1259
f 1259/1259/1259 1278/1278/1278 1279/1279/1279
f 1259/1259/1259 1279/1279/1279 1260/1260/1260
f 1260/1260/1260 1279/1279/1279 1280/1280/1280
f 1260/1260/1260 1280/1280/1280 1261/1261/1261
f 1261/1261/1261 1280/1280/1280 1281/1281/1281
f 1261/1261/1261 1281/1281/1281 1262/1262/1262
f 1262/1262/1262 1281/1281/1281 1282/1282/1282
f 1262/1262/1262 1282/1282/1282 1263/1263/1263
f 1263/1263/1263 1282/1282/1282 1283/1283/1283
f 1263/1263/1263 1283/1283/1283 1264/1264/1264
f 1264/1264/1264 1283/1283/1283 1284/1284/1284
f 1264/1264/1264 1284/1284/1284 1265/1265/1265
f 1265/1265/1265 1284/1284/1284 1285/1285/1285
f 1265/1265/1265 1285/1285/1285 1266/1266/1266
f 1266/1266/1266 1285/1285/1285 1286/1286/1286
f 1266/1266/1266 1286/1286/1286 1267/1267/1267
f 1267/1267/1267 1286/1286/1286 1287/1287/1287
f 1267/1267/1267 1287/1287/1287 1268/1268/1268
f 1268/1268/1268 1287/1287/1287 1288/1288/1288
f 1269/1269/1269 1289/1289/1289 1270/1270/1270
f 1270/1270/1270 1289/1289/1289 1290/1290/1290
f 1270/1270/1270 1290/1290/1290 1271/1271/1271
f 1271/1271/1271 1290/1290/1290 1291/1291/1291
f 1271/1271/1271 1291/1291/1291 1272/1272/1272
f 1272/1272/1272 1291/1291/1291 1292/1292/1292
f 1272/1272/1272 1292/1292/1292 1273/1273/1273
f 1273/1273/1273 1292/1292/1292 1293/1293/1293
f 1273/1273/1273 1293/1293/1293 1274/1274/1274
f 1274/1274/1274 1293/1293/1293 1294/1294/1294
f 1274/1274/1274 1294/1294/1294 1275/1275/1275
f 1275/1275/1275 1294/1294/1294 1295/1295/1295
f 1275/1275/1275 1295/1295/1295 1276/1276/1276
f 1276/1276/1276 1295/1295/1295 1296/1296/1296
f 1276/1276/1276 1296/1296/1296 1277/1277/1277
f 1277/1277/1277 1296/1296/1296 1297/1297/1297
f 1277/1277/1277 1297/1297/1297 1278/1278/1278
f 1278/1278/1278 1297/1297/1297 1298/1298/1298
f 1278/1278/1278 1298/1298/1298 1279/1279/1279
f 1279/1279/1279 1298/1298/1298 1299/1299/1299
f 1279/1279/1279 1299/1299/1299 1280/1280/1280
f 1280/1280/1280 1299/1299/1299 1300/1300/1300
f 1280/1280/1280 1300/1300/1300 1281/1281/1281
f 1281/1281/1281 1300/1300/1300 1301/1301/1301
f 1281/1281/1281 1301/1301/1301 1282/1282/1282
f 1282/1282/1282 1301/1301/1301 1302/1302/1302
f 1282/1282/1282 1302/1302/1302 1283/1283/1283
f 1283/1283/1283 1302/1302/1302 1303/1303/1303
f 1283/1283/1283 1303/1303/1303 1284/1284/1284
f 1284/1284/1284 1303/1303/1303 1304/1304/1304
f 1284/1284/1284 1304/1304/1304 1285/1285/1285
f 1285/1285/1285 1304/1304/1304 1305/1305/1305
f 1285/1285/1285 1305/1305/1305 1286/1286/1286
f 1286/1286/1286 1305/1305/1305 1306/1306/1306
f 1286/1286/1286 1306/1306/1306 1287/1287/1287
f 1287/1287/1287 1306/1306/1306 1307/1307/1307
f 1287/1287/1287 1307/1307/1307 1288/1288/1288
f 1288/1288/1288 1307/1307/1307 1308/1308/1308
f 1289/1289/1289 1309/1309/1309 1290/1290/1290
f 1290/1290/1290 1309/1309/1309 1310/1310/1310
f 1290/1290/1290 1310/1310/1310 1291/1291/1291
f 1291/1291/1291 1310/1310/1310 1311/1311/1311
f 1291/1291/1291 1311/1311/1311 1292/1292/1292
f 1292/1292/1292 1311/1311/1311 1312/1312/1312
f 1292/1292/1292 1312/1312/1312 1293/1293/1293
f 1293/1293/1293 1312/1312/1312 1313/1313/1313
f 1293/1293/1293 1313/1313/1313 1294/1294/1294
f 1294/1294/1294 1313/1313/1313 1314/1314/1314
f 1294/1294/1294 1314/1314/1314 1295/1295/1295
f 1295/1295/1295 1314/1314/1314 1315/1315/1315
f 1295/1295/1295 1315/1315/1315 1296/1296/1296
f 1296/1296/1296 1315/1315/1315 1316/1316/1316
f 1296/1296/1296 1316/1316/1316 1297/1297/1297
f 1297/1297/1297 1316/1316/1316 1317/1317/1317
f 1297/1297/1297 1317/1317/1317 1298/1298/1298
f 1298/1298/1298 1317/1317/1317 1318/1318/1318
f 1298/1298/1298 1318/1318/1318 1299/1299/1299
f 1299/1299/1299 1318/1318/1318 1319/1319/1319
f 1299/1299/1299 1319/1319/1319 1300/1300/1300
f 1300/1300/1300 1319/1319/1319 1320/1320/1320
f 1300/1300/1300 1320/1320/1320 1301/1301/1301
f 1301/1301/1301 1320/1320/1320 1321/1321/1321
f 1301/1301/1301 1321/1321/1321 1302/1302/1302
f 1302/1302/1302 1321/1321/1321 1322/1322/1322
f 1302/1302/1302 1322/1322/1322 1303/1303/1303
f 1303/1303/1303 1322/1322/1322 1323/1323/1323
f 1303/1303/1303 1323/1323/1323 1304/1304/1304
f 1304/1304/1304 1323/1323/1323 1324/1324/1324
f 1304/1304/1304 1324/1324/1324 1305/1305/1305
f 1305/1305/1305 1324/1324/1324 1325/1325/1325
f 1305/1305/1305 1325/1325/1325 1306/1306/1306
f 1306/1306/1306 1325/1325/1325 1326/1326/1326
f 1306/1306/1306 1326/1326/1326 1307/1307/1307
f 1307/1307/1307 1326/1326/1326 1327/1327/1327
f 1307/1307/1307 1327/1327/1327 1308/1308/1308
f 1308/1308/1308 1327/1327/1327 1328/1328/1328
f 1309/1309/1309 1329/1329/1329 1310/1310/1310
f 1310/1310/1310 1329/1329/1329 1330/1330/1330
f 1310/1310/1310 1330/1330/1330 1311/1311/1311
f 1311/1311/1311 1330/1330/1330 1331/1331/1331
f 1311/1311/1311 1331/1331/1331 1312/1312/1312
f 1312/1312/1312 1331/1331/1331 1332/1332/1332
f 1312/1312/1312 1332/1332/1332 1313/1313/1313
f 1313/1313/1313 1332/1332/1332 1333/1333/1333
f 1313/1313/1313 1333/1333/1333 1314/1314/1314
f 1314/1314/1314 1333/1333/1333 1334/1334/1334
f 1314/1314/1314 1334/1334/1334 1315/1315/1315
f 1315/1315/1315 1334/1334/1334 1335/1335/1335
f 1315/1315/1315 1335/1335/1335 1316/1316/1316
f 1316/1316/1316 1335/1335/1335 1336/1336/1336
f 1316/1316/1316 1336/1336/1336 1317/1317/1317
f 1317/1317/1317 1336/1336/1336 1337/1337/1337
f 1317/1317/1317 1337/1337/1337 1318/1318/1318
f 1318/1318/1318 1337/1337/1337 1338/1338/1338
f 1318/1318/1318 1338/1338/1338 1319/1319/1319
f 1319/1319/1319 1338/1338/1338 1339/1339/1339
f 1319/1319/1319 1339/1339/1339 1320/1320/1320
f 1320/1320/1320 1339/1339/1339 1340/1340/1340
f 1320/1320/1320 1340/1340/1340 1321/1321/1321
f 1321/1321/1321 1340/1340/1340 1341/1341/1341
f 1321/1321/1321 1341/1341/1341 1322/1322/1322
f 1322/1322/1322 1341/1341/1341 1342/1342/1342
f 1322/1322/1322 1342/1342/1342 1323/1323/1323
f 1323/1323/1323 1342/1342/1342 1343/1343/1343
f 1323/1323/1323 1343/1343/1343 1324/1324/1324
f 1324/1324/1324 1343/1343/1343 1344/1344/1344
f 1324/1324/1324 1344/1344/1344 1325/1325/1325
f 1325/1325/1325 1344/1344/1344 1345/1345/1345
f 1325/1325/1325 1345/1345/1345 1326/1326/1326
f 1326/1326/1326 1345/1345/1345 1346/1346/1346
f 1326/1326/1326 1346/1346/1346 1327/1327/1327
f 1327/1327/1327 1346/1346/1346 1347/1347/1347
f 1327/1327/1327 1347/1347/1347 1328/1328/1328
f 1328/1328/1328 1347/1347/1347 1348/1348/1348
f 1329/1329/1329 1349/1349/1349 1330/1330/1330
f 1330/1330/1330 1349/1349/1349 1350/1350/1350
f 1330/1330/1330 1350/1350/1350 1331/1331/1331
f 1331/1331/1331 1350/1350/1350 1351/1351/1351
f 1331/1331/1331 1351/1351/1351 1332/1332/1332
f 1332/1332/1332 1351/1351/1351 1352/1352/1352
f 1332/1332/1332 1352/1352/1352 1333/1333/1333
f 1333/1333/1333 1352/1352/1352 1353/1353/1353
f 1333/1333/1333 1353/1353/1353 1334/1334/1334
f 1334/1334/1334 1353/1353/1353 1354/1354/1354
f 1334/1334/1334 1354/1354/1354 1335/1335/1335
f 1335/1335/1335 1354/1354/1354 1355/1355/1355
f 1335/1335/1335 1355/1355/1355 1336/1336/1336
f 1336/1336/1336 1355/1355/1355 1356/1356/1356
f 1336/1336/1336 1356/1356/1356 1337/1337/1337
f 1337/1337/1337 1356/1356/1356 1357/1357/1357
f 1337/1337/1337 1357/1357/1357 1338/1338/1338
f 1338/1338/1338 1357/1357/1357 1358/1358/1358
f 1338/1338/1338 1358/1358/1358 1339/1339/1339
f 1339/1339/1339 1358/1358/1358 1359/1359/1359
f 1339/1339/1339 1359/1359/1359 1340/1340/1340
f 1340/1340/1340 1359/1359/1359 1360/1360/1360
f 1340/1340/1340 1360/1360/1360 1341/1341/1341
f 1341/1341/1341 1360/1360/1360 1361/1361/1361
f 1341/1341/1341 1361/1361/1361 1342/1342/1342
f 1342/1342/1342 1361/1361/1361 1362/1362/1362
f 1342/1342/1342 1362/1362/1362 1343/1343/1343
f 1343/1343/1343 1362/1362/1362 1363/1363/1363
f 1343/1343/1343 1363/1363/1363 1344/1344/1344
f 1344/1344/1344 1363/1363/1363 1364/1364/1364
f 1344/1344/1344 1364/1364/1364 1345/1345/1345
f 1345/1345/1345 1364/1364/1364 1365/1365/1365
f 1345/1345/1345 1365/1365/1365 1346/1346/1346
f 1346/1346/1346 1365/1365/1365 1366/1366/1366
f 1346/1346/1346 1366/1366/1366 1347/1347/1347
f 1347/1347/1347 1366/1366/1366 1367/1367/1367
f 1347/1347/1347 1367/1367/1367 1348/1348/1348
f 1348/1348/1348 1367/1367/1367 1368/1368/1368

# Patch: bottom_back_thong
o bottom_back_thong
usemtl bikini_8625a973_material
v -0.079100 0.926000 -0.136000
v -0.061522 0.926000 -0.136000
v -0.043944 0.926000 -0.136000
v -0.026367 0.926000 -0.136000
v -0.008789 0.926000 -0.136000
v 0.008789 0.926000 -0.136000
v 0.026367 0.926000 -0.136000
v 0.043944 0.926000 -0.136000
v 0.061522 0.926000 -0.136000
v 0.079100 0.926000 -0.136000
v -0.071335 0.916333 -0.129219
v -0.055483 0.916333 -0.129378
v -0.039630 0.916333 -0.129537
v -0.023778 0.916333 -0.129696
v -0.007926 0.916333 -0.129855
v 0.007926 0.916333 -0.129855
v 0.023778 0.916333 -0.129696
v 0.039630 0.916333 -0.129537
v 0.055483 0.916333 -0.129378
v 0.071335 0.916333 -0.129219
v -0.063968 0.906667 -0.122471
v -0.049753 0.906667 -0.122769
v -0.035538 0.906667 -0.123068
v -0.021323 0.906667 -0.123366
v -0.007108 0.906667 -0.123664
v 0.007108 0.906667 -0.123664
v 0.021323 0.906667 -0.123366
v 0.035538 0.906667 -0.123068
v 0.049753 0.906667 -0.122769
v 0.063968 0.906667 -0.122471
v -0.057001 0.897000 -0.115717
v -0.044334 0.897000 -0.116131
v -0.031667 0.897000 -0.116545
v -0.019000 0.897000 -0.116960
v -0.006333 0.897000 -0.117374
v 0.006333 0.897000 -0.117374
v 0.019000 0.897000 -0.116960
v 0.031667 0.897000 -0.116545
v 0.044334 0.897000 -0.116131
v 0.057001 0.897000 -0.115717
v -0.050432 0.887333 -0.108914
v -0.039225 0.887333 -0.109419
v -0.028018 0.887333 -0.109924
v -0.016811 0.887333 -0.110429
v -0.005604 0.887333 -0.110935
v 0.005604 0.887333 -0.110935
v 0.016811 0.887333 -0.110429
v 0.028018 0.887333 -0.109924
v 0.039225 0.887333 -0.109419
v 0.050432 0.887333 -0.108914
v -0.044262 0.877667 -0.102021
v -0.034426 0.877667 -0.102590
v -0.024590 0.877667 -0.103160
v -0.014754 0.877667 -0.103730
v -0.004918 0.877667 -0.104300
v 0.004918 0.877667 -0.104300
v 0.014754 0.877667 -0.103730
v 0.024590 0.877667 -0.103160
v 0.034426 0.877667 -0.102590
v 0.044262 0.877667 -0.102021
v -0.038491 0.868000 -0.094996
v -0.029938 0.868000 -0.095604
v -0.021384 0.868000 -0.096212
v -0.012830 0.868000 -0.096820
v -0.004277 0.868000 -0.097428
v 0.004277 0.868000 -0.097428
v 0.012830 0.868000 -0.096820
v 0.021384 0.868000 -0.096212
v 0.029938 0.868000 -0.095604
v 0.038491 0.868000 -0.094996
v -0.033119 0.858333 -0.087802
v -0.025759 0.858333 -0.088423
v -0.018399 0.858333 -0.089044
v -0.011040 0.858333 -0.089665
v -0.003680 0.858333 -0.090285
v 0.003680 0.858333 -0.090285
v 0.011040 0.858333 -0.089665
v 0.018399 0.858333 -0.089044
v 0.025759 0.858333 -0.088423
v 0.033119 0.858333 -0.087802
v -0.028146 0.848667 -0.080404
v -0.021891 0.848667 -0.081014
v -0.015636 0.848667 -0.081624
v -0.009382 0.848667 -0.082234
v -0.003127 0.848667 -0.082845
v 0.003127 0.848667 -0.082845
v 0.009382 0.848667 -0.082234
v 0.015636 0.848667 -0.081624
v 0.021891 0.848667 -0.081014
v 0.028146 0.848667 -0.080404
v -0.023571 0.839000 -0.072771
v -0.018333 0.839000 -0.073350
v -0.013095 0.839000 -0.073929
v -0.007857 0.839000 -0.074508
v -0.002619 0.839000 -0.075087
v 0.002619 0.839000 -0.075087
v 0.007857 0.839000 -0.074508
v 0.013095 0.839000 -0.073929
v 0.018333 0.839000 -0.073350
v 0.023571 0.839000 -0.072771
v -0.019396 0.829333 -0.064881
v -0.015085 0.829333 -0.065411
v -0.010775 0.829333 -0.065942
v -0.006465 0.829333 -0.066472
v -0.002155 0.829333 -0.067002
v 0.002155 0.829333 -0.067002
v 0.006465 0.829333 -0.066472
v 0.010775 0.829333 -0.065942
v 0.015085 0.829333 -0.065411
v 0.019396 0.829333 -0.064881
v -0.015619 0.819667 -0.056715
v -0.012148 0.819667 -0.057184
v -0.008677 0.819667 -0.057653
v -0.005206 0.819667 -0.058122
v -0.001735 0.819667 -0.058590
v 0.001735 0.819667 -0.058590
v 0.005206 0.819667 -0.058122
v 0.008677 0.819667 -0.057653
v 0.012148 0.819667 -0.057184
v 0.015619 0.819667 -0.056715
v -0.012241 0.810000 -0.048266
v -0.009521 0.810000 -0.048664
v -0.006800 0.810000 -0.049063
v -0.004080 0.810000 -0.049461
v -0.001360 0.810000 -0.049859
v 0.001360 0.810000 -0.049859
v 0.004080 0.810000 -0.049461
v 0.006800 0.810000 -0.049063
v 0.009521 0.810000 -0.048664
v 0.012241 0.810000 -0.048266
v -0.009262 0.800333 -0.039534
v -0.007204 0.800333 -0.039857
v -0.005145 0.800333 -0.040180
v -0.003087 0.800333 -0.040503
v -0.001029 0.800333 -0.040826
v 0.001029 0.800333 -0.040826
v 0.003087 0.800333 -0.040503
v 0.005145 0.800333 -0.040180
v 0.007204 0.800333 -0.039857
v 0.009262 0.800333 -0.039534
v -0.006681 0.790667 -0.030526
v -0.005197 0.790667 -0.030773
v -0.003712 0.790667 -0.031021
v -0.002227 0.790667 -0.031269
v -0.000742 0.790667 -0.031516
v 0.000742 0.790667 -0.031516
v 0.002227 0.790667 -0.031269
v 0.003712 0.790667 -0.031021
v 0.005197 0.790667 -0.030773
v 0.006681 0.790667 -0.030526
v -0.004500 0.781000 -0.021260
v -0.003500 0.781000 -0.021436
v -0.002500 0.781000 -0.021613
v -0.001500 0.781000 -0.021789
v -0.000500 0.781000 -0.021965
v 0.000500 0.781000 -0.021965
v 0.001500 0.781000 -0.021789
v 0.002500 0.781000 -0.021613
v 0.003500 0.781000 -0.021436
v 0.004500 0.781000 -0.021260
vn 0.000000 0.574270 0.818666
vn 0.002562 0.569392 0.822062
vn 0.002583 0.559833 0.828602
vn 0.002603 0.550044 0.835131
vn 0.002623 0.540024 0.841646
vn 0.000000 0.536467 0.843922
vn -0.002617 0.543390 0.839476
vn -0.002596 0.553333 0.832956
vn -0.002576 0.563044 0.826423
vn -0.003902 0.571608 0.820518
vn 0.005287 0.573209 0.819392
vn 0.008076 0.567867 0.823081
vn 0.008141 0.558187 0.829675
vn 0.008205 0.548273 0.836259
vn 0.005448 0.539775 0.841792
vn -0.002811 0.539835 0.841766
vn -0.008203 0.548690 0.835986
vn -0.008138 0.558594 0.829401
vn -0.008073 0.568264 0.822807
vn -0.010971 0.575644 0.817627
vn 0.013938 0.576274 0.817138
vn 0.016970 0.571501 0.820426
vn 0.017102 0.562197 0.826827
vn 0.017234 0.552674 0.833219
vn 0.009929 0.544319 0.838820
vn -0.007420 0.544448 0.838762
vn -0.017227 0.553170 0.832890
vn -0.017095 0.562682 0.826497
vn -0.016963 0.571974 0.820096
vn -0.020036 0.579466 0.814750
vn 0.023171 0.581431 0.813266
vn 0.026390 0.577351 0.816070
vn 0.026586 0.568670 0.822136
vn 0.026782 0.559795 0.828198
vn 0.014616 0.551858 0.833810
vn -0.012346 0.552048 0.833721
vn -0.026770 0.560346 0.827826
vn -0.026574 0.569209 0.821763
vn -0.026378 0.577878 0.815697
vn -0.029577 0.585287 0.810287
vn 0.032807 0.588534 0.807806
vn 0.036152 0.585222 0.810067
vn 0.036402 0.577353 0.815683
vn 0.036653 0.569320 0.821299
vn 0.019405 0.562039 0.826883
vn -0.017494 0.562278 0.826763
vn -0.036635 0.569900 0.820897
vn -0.036384 0.577921 0.815281
vn -0.036134 0.585778 0.809666
vn -0.039407 0.592935 0.804286
vn 0.042655 0.597347 0.800847
vn 0.046058 0.594827 0.802534
vn 0.046350 0.587893 0.807609
vn 0.046641 0.580828 0.812689
vn 0.024190 0.574395 0.818221
vn -0.022764 0.574670 0.818069
vn -0.046617 0.581412 0.812273
vn -0.046326 0.588466 0.807194
vn -0.046034 0.595389 0.802118
vn -0.049332 0.602151 0.796857
vn 0.052523 0.607560 0.792535
vn 0.055917 0.605806 0.793645
vn 0.056232 0.599868 0.798120
vn 0.056548 0.593830 0.802601
vn 0.028867 0.588384 0.808066
vn -0.028059 0.588680 0.807879
vn -0.056518 0.594396 0.802184
vn -0.056203 0.600425 0.797704
vn -0.055887 0.606353 0.793229
vn -0.059162 0.612615 0.788164
vn 0.062225 0.618808 0.783074
vn 0.065544 0.617756 0.783634
vn 0.065866 0.612814 0.787477
vn 0.066188 0.607800 0.791327
vn 0.033339 0.603429 0.796720
vn -0.033290 0.603729 0.796494
vn -0.066154 0.608330 0.790922
vn -0.065832 0.613337 0.787073
vn -0.065511 0.618270 0.783231
vn -0.068718 0.623960 0.778429
vn 0.071595 0.630700 0.772717
vn 0.074780 0.630254 0.772779
vn 0.075090 0.626261 0.775989
vn 0.075401 0.622218 0.779204
vn 0.037522 0.618959 0.784527
vn -0.038382 0.619247 0.784258
vn -0.075365 0.622699 0.778824
vn -0.075053 0.626736 0.775609
vn -0.074743 0.630723 0.772400
vn -0.077845 0.635801 0.767917
vn 0.080490 0.642842 0.761758
vn 0.083490 0.642888 0.761396
vn 0.083775 0.639757 0.763998
vn 0.084061 0.636594 0.766604
vn 0.041343 0.634444 0.771863
vn -0.043277 0.634702 0.771544
vn -0.084023 0.637017 0.766257
vn -0.083737 0.640176 0.763651
vn -0.083452 0.643302 0.761051
vn -0.086417 0.647759 0.756928
vn 0.088800 0.654855 0.750520
vn 0.091577 0.655270 0.749823
vn 0.091826 0.652893 0.751864
vn 0.092076 0.650496 0.753908
vn 0.044745 0.649415 0.759116
vn -0.047943 0.649626 0.758741
vn -0.092039 0.650856 0.753601
vn -0.091789 0.653250 0.751558
vn -0.091540 0.655625 0.749517
vn -0.094344 0.659475 0.745783
vn 0.096452 0.666397 0.739332
vn 0.098983 0.667059 0.738400
vn 0.099190 0.665313 0.739946
vn 0.099398 0.663557 0.741493
vn 0.047684 0.663483 0.746670
vn -0.052376 0.663628 0.746227
vn -0.099363 0.663855 0.741232
vn -0.099155 0.665609 0.739684
vn -0.098948 0.667353 0.738139
vn -0.101576 0.670627 0.734808
vn 0.103417 0.677169 0.728523
vn 0.105695 0.677962 0.727459
vn 0.105859 0.676725 0.728585
vn 0.106023 0.675483 0.729714
vn 0.050123 0.676339 0.734883
vn -0.056610 0.676396 0.734359
vn -0.105991 0.675721 0.729498
vn -0.105827 0.676962 0.728370
vn -0.105664 0.678198 0.727243
vn -0.108112 0.680936 0.724319
vn 0.109717 0.686920 0.718404
vn 0.111755 0.687739 0.717305
vn 0.111878 0.686894 0.718094
vn 0.112001 0.686047 0.718885
vn 0.052026 0.687751 0.724080
vn -0.060732 0.687696 0.723454
vn -0.111974 0.686230 0.718714
vn -0.111851 0.687077 0.717924
vn -0.111728 0.687921 0.717134
vn -0.114016 0.690170 0.714609
vn 0.115445 0.695439 0.709251
vn 0.117289 0.696194 0.708207
vn 0.117377 0.695635 0.708741
vn 0.117466 0.695075 0.709276
vn 0.053346 0.697555 0.714543
vn -0.064923 0.697352 0.713782
vn -0.117444 0.695211 0.709147
vn -0.117356 0.695770 0.708612
vn -0.117267 0.696329 0.708078
vn -0.119455 0.698132 0.705934
vn 0.120007 0.700750 0.703241
vn 0.121181 0.700394 0.703394
vn 0.121256 0.699943 0.703830
vn 0.121331 0.699491 0.704267
vn 0.035949 0.702849 0.710430
vn -0.086084 0.701479 0.707472
vn -0.121281 0.699792 0.703976
vn -0.121206 0.700244 0.703539
vn -0.121131 0.700695 0.703103
vn -0.123832 0.701077 0.702251
vt 0.510000 0.346667
vt 0.510000 0.380741
vt 0.510000 0.414815
vt 0.510000 0.448889
vt 0.510000 0.482963
vt 0.510000 0.517037
vt 0.510000 0.551111
vt 0.510000 0.585185
vt 0.510000 0.619259
vt 0.510000 0.653333
vt 0.525000 0.346667
vt 0.525000 0.380741
vt 0.525000 0.414815
vt 0.525000 0.448889
vt 0.525000 0.482963
vt 0.525000 0.517037
vt 0.525000 0.551111
vt 0.525000 0.585185
vt 0.525000 0.619259
vt 0.525000 0.653333
vt 0.540000 0.346667
vt 0.540000 0.380741
vt 0.540000 0.414815
vt 0.540000 0.448889
vt 0.540000 0.482963
vt 0.540000 0.517037
vt 0.540000 0.551111
vt 0.540000 0.585185
vt 0.540000 0.619259
vt 0.540000 0.653333
vt 0.555000 0.346667
vt 0.555000 0.380741
vt 0.555000 0.414815
vt 0.555000 0.448889
vt 0.555000 0.482963
vt 0.555000 0.517037
vt 0.555000 0.551111
vt 0.555000 0.585185
vt 0.555000 0.619259
vt 0.555000 0.653333
vt 0.570000 0.346667
vt 0.570000 0.380741
vt 0.570000 0.414815
vt 0.570000 0.448889
vt 0.570000 0.482963
vt 0.570000 0.517037
vt 0.570000 0.551111
vt 0.570000 0.585185
vt 0.570000 0.619259
vt 0.570000 0.653333
vt 0.585000 0.346667
vt 0.585000 0.380741
vt 0.585000 0.414815
vt 0.585000 0.448889
vt 0.585000 0.482963
vt 0.585000 0.517037
vt 0.585000 0.551111
vt 0.585000 0.585185
vt 0.585000 0.619259
vt 0.585000 0.653333
vt 0.600000 0.346667
vt 0.600000 0.380741
vt 0.600000 0.414815
vt 0.600000 0.448889
vt 0.600000 0.482963
vt 0.600000 0.517037
vt 0.600000 0.551111
vt 0.600000 0.585185
vt 0.600000 0.619259
vt 0.600000 0.653333
vt 0.615000 0.346667
vt 0.615000 0.380741
vt 0.615000 0.414815
vt 0.615000 0.448889
vt 0.615000 0.482963
vt 0.615000 0.517037
vt 0.615000 0.551111
vt 0.615000 0.585185
vt 0.615000 0.619259
vt 0.615000 0.653333
vt 0.630000 0.346667
vt 0.630000 0.380741
vt 0.630000 0.414815
vt 0.630000 0.448889
vt 0.630000 0.482963
vt 0.630000 0.517037
vt 0.630000 0.551111
vt 0.630000 0.585185
vt 0.630000 0.619259
vt 0.630000 0.653333
vt 0.645000 0.346667
vt 0.645000 0.380741
vt 0.645000 0.414815
vt 0.645000 0.448889
vt 0.645000 0.482963
vt 0.645000 0.517037
vt 0.645000 0.551111
vt 0.645000 0.585185
vt 0.645000 0.619259
vt 0.645000 0.653333
vt 0.660000 0.346667
vt 0.660000 0.380741
vt 0.660000 0.414815
vt 0.660000 0.448889
vt 0.660000 0.482963
vt 0.660000 0.517037
vt 0.660000 0.551111
vt 0.660000 0.585185
vt 0.660000 0.619259
vt 0.660000 0.653333
vt 0.675000 0.346667
vt 0.675000 0.380741
vt 0.675000 0.414815
vt 0.675000 0.448889
vt 0.675000 0.482963
vt 0.675000 0.517037
vt 0.675000 0.551111
vt 0.675000 0.585185
vt 0.675000 0.619259
vt 0.675000 0.653333
vt 0.690000 0.346667
vt 0.690000 0.380741
vt 0.690000 0.414815
vt 0.690000 0.448889
vt 0.690000 0.482963
vt 0.690000 0.517037
vt 0.690000 0.551111
vt 0.690000 0.585185
vt 0.690000 0.619259
vt 0.690000 0.653333
vt 0.705000 0.346667
vt 0.705000 0.380741
vt 0.705000 0.414815
vt 0.705000 0.448889
vt 0.705000 0.482963
vt 0.705000 0.517037
vt 0.705000 0.551111
vt 0.705000 0.585185
vt 0.705000 0.619259
vt 0.705000 0.653333
vt 0.720000 0.346667
vt 0.720000 0.380741
vt 0.720000 0.414815
vt 0.720000 0.448889
vt 0.720000 0.482963
vt 0.720000 0.517037
vt 0.720000 0.551111
vt 0.720000 0.585185
vt 0.720000 0.619259
vt 0.720000 0.653333
vt 0.735000 0.346667
vt 0.735000 0.380741
vt 0.735000 0.414815
vt 0.735000 0.448889
vt 0.735000 0.482963
vt 0.735000 0.517037
vt 0.735000 0.551111
vt 0.735000 0.585185
vt 0.735000 0.619259
vt 0.735000 0.653333
f 1369/1369/1369 1379/1379/1379 1370/1370/1370
f 1370/1370/1370 1379/1379/1379 1380/1380/1380
f 1370/1370/1370 1380/1380/1380 1371/1371/1371
f 1371/1371/1371 1380/1380/1380 1381/1381/1381
f 1371/1371/1371 1381/1381/1381 1372/1372/1372
f 1372/1372/1372 1381/1381/1381 1382/1382/1382
f 1372/1372/1372 1382/1382/1382 1373/1373/1373
f 1373/1373/1373 1382/1382/1382 1383/1383/1383
f 1373/1373/1373 1383/1383/1383 1374/1374/1374
f 1374/1374/1374 1383/1383/1383 1384/1384/1384
f 1374/1374/1374 1384/1384/1384 1375/1375/1375
f 1375/1375/1375 1384/1384/1384 1385/1385/1385
f 1375/1375/1375 1385/1385/1385 1376/1376/1376
f 1376/1376/1376 1385/1385/1385 1386/1386/1386
f 1376/1376/1376 1386/1386/1386 1377/1377/1377
f 1377/1377/1377 1386/1386/1386 1387/1387/1387
f 1377/1377/1377 1387/1387/1387 1378/1378/1378
f 1378/1378/1378 1387/1387/1387 1388/1388/1388
f 1379/1379/1379 1389/1389/1389 1380/1380/1380
f 1380/1380/1380 1389/1389/1389 1390/1390/1390
f 1380/1380/1380 1390/1390/1390 1381/1381/1381
f 1381/1381/1381 1390/1390/1390 1391/1391/1391
f 1381/1381/1381 1391/1391/1391 1382/1382/1382
f 1382/1382/1382 1391/1391/1391 1392/1392/1392
f 1382/1382/1382 1392/1392/1392 1383/1383/1383
f 1383/1383/1383 1392/1392/1392 1393/1393/1393
f 1383/1383/1383 1393/1393/1393 1384/1384/1384
f 1384/1384/1384 1393/1393/1393 1394/1394/1394
f 1384/1384/1384 1394/1394/1394 1385/1385/1385
f 1385/1385/1385 1394/1394/1394 1395/1395/1395
f 1385/1385/1385 1395/1395/1395 1386/1386/1386
f 1386/1386/1386 1395/1395/1395 1396/1396/1396
f 1386/1386/1386 1396/1396/1396 1387/1387/1387
f 1387/1387/1387 1396/1396/1396 1397/1397/1397
f 1387/1387/1387 1397/1397/1397 1388/1388/1388
f 1388/1388/1388 1397/1397/1397 1398/1398/1398
f 1389/1389/1389 1399/1399/1399 1390/1390/1390
f 1390/1390/1390 1399/1399/1399 1400/1400/1400
f 1390/1390/1390 1400/1400/1400 1391/1391/1391
f 1391/1391/1391 1400/1400/1400 1401/1401/1401
f 1391/1391/1391 1401/1401/1401 1392/1392/1392
f 1392/1392/1392 1401/1401/1401 1402/1402/1402
f 1392/1392/1392 1402/1402/1402 1393/1393/1393
f 1393/1393/1393 1402/1402/1402 1403/1403/1403
f 1393/1393/1393 1403/1403/1403 1394/1394/1394
f 1394/1394/1394 1403/1403/1403 1404/1404/1404
f 1394/1394/1394 1404/1404/1404 1395/1395/1395
f 1395/1395/1395 1404/1404/1404 1405/1405/1405
f 1395/1395/1395 1405/1405/1405 1396/1396/1396
f 1396/1396/1396 1405/1405/1405 1406/1406/1406
f 1396/1396/1396 1406/1406/1406 1397/1397/1397
f 1397/1397/1397 1406/1406/1406 1407/1407/1407
f 1397/1397/1397 1407/1407/1407 1398/1398/1398
f 1398/1398/1398 1407/1407/1407 1408/1408/1408
f 1399/1399/1399 1409/1409/1409 1400/1400/1400
f 1400/1400/1400 1409/1409/1409 1410/1410/1410
f 1400/1400/1400 1410/1410/1410 1401/1401/1401
f 1401/1401/1401 1410/1410/1410 1411/1411/1411
f 1401/1401/1401 1411/1411/1411 1402/1402/1402
f 1402/1402/1402 1411/1411/1411 1412/1412/1412
f 1402/1402/1402 1412/1412/1412 1403/1403/1403
f 1403/1403/1403 1412/1412/1412 1413/1413/1413
f 1403/1403/1403 1413/1413/1413 1404/1404/1404
f 1404/1404/1404 1413/1413/1413 1414/1414/1414
f 1404/1404/1404 1414/1414/1414 1405/1405/1405
f 1405/1405/1405 1414/1414/1414 1415/1415/1415
f 1405/1405/1405 1415/1415/1415 1406/1406/1406
f 1406/1406/1406 1415/1415/1415 1416/1416/1416
f 1406/1406/1406 1416/1416/1416 1407/1407/1407
f 1407/1407/1407 1416/1416/1416 1417/1417/1417
f 1407/1407/1407 1417/1417/1417 1408/1408/1408
f 1408/1408/1408 1417/1417/1417 1418/1418/1418
f 1409/1409/1409 1419/1419/1419 1410/1410/1410
f 1410/1410/1410 1419/1419/1419 1420/1420/1420
f 1410/1410/1410 1420/1420/1420 1411/1411/1411
f 1411/1411/1411 1420/1420/1420 1421/1421/1421
f 1411/1411/1411 1421/1421/1421 1412/1412/1412
f 1412/1412/1412 1421/1421/1421 1422/1422/1422
f 1412/1412/1412 1422/1422/1422 1413/1413/1413
f 1413/1413/1413 1422/1422/1422 1423/1423/1423
f 1413/1413/1413 1423/1423/1423 1414/1414/1414
f 1414/1414/1414 1423/1423/1423 1424/1424/1424
f 1414/1414/1414 1424/1424/1424 1415/1415/1415
f 1415/1415/1415 1424/1424/1424 1425/1425/1425
f 1415/1415/1415 1425/1425/1425 1416/1416/1416
f 1416/1416/1416 1425/1425/1425 1426/1426/1426
f 1416/1416/1416 1426/1426/1426 1417/1417/1417
f 1417/1417/1417 1426/1426/1426 1427/1427/1427
f 1417/1417/1417 1427/1427/1427 1418/1418/1418
f 1418/1418/1418 1427/1427/1427 1428/1428/1428
f 1419/1419/1419 1429/1429/1429 1420/1420/1420
f 1420/1420/1420 1429/1429/1429 1430/1430/1430
f 1420/1420/1420 1430/1430/1430 1421/1421/1421
f 1421/1421/1421 1430/1430/1430 1431/1431/1431
f 1421/1421/1421 1431/1431/1431 1422/1422/1422
f 1422/1422/1422 1431/1431/1431 1432/1432/1432
f 1422/1422/1422 1432/1432/1432 1423/1423/1423
f 1423/1423/1423 1432/1432/1432 1433/1433/1433
f 1423/1423/1423 1433/1433/1433 1424/1424/1424
f 1424/1424/1424 1433/1433/1433 1434/1434/1434
f 1424/1424/1424 1434/1434/1434 1425/1425/1425
f 1425/1425/1425 1434/1434/1434 1435/1435/1435
f 1425/1425/1425 1435/1435/1435 1426/1426/1426
f 1426/1426/1426 1435/1435/1435 1436/1436/1436
f 1426/1426/1426 1436/1436/1436 1427/1427/1427
f 1427/1427/1427 1436/1436/1436 1437/1437/1437
f 1427/1427/1427 1437/1437/1437 1428/1428/1428
f 1428/1428/1428 1437/1437/1437 1438/1438/1438
f 1429/1429/1429 1439/1439/1439 1430/1430/1430
f 1430/1430/1430 1439/1439/1439 1440/1440/1440
f 1430/1430/1430 1440/1440/1440 1431/1431/1431
f 1431/1431/1431 1440/1440/1440 1441/1441/1441
f 1431/1431/1431 1441/1441/1441 1432/1432/1432
f 1432/1432/1432 1441/1441/1441 1442/1442/1442
f 1432/1432/1432 1442/1442/1442 1433/1433/1433
f 1433/1433/1433 1442/1442/1442 1443/1443/1443
f 1433/1433/1433 1443/1443/1443 1434/1434/1434
f 1434/1434/1434 1443/1443/1443 1444/1444/1444
f 1434/1434/1434 1444/1444/1444 1435/1435/1435
f 1435/1435/1435 1444/1444/1444 1445/1445/1445
f 1435/1435/1435 1445/1445/1445 1436/1436/1436
f 1436/1436/1436 1445/1445/1445 1446/1446/1446
f 1436/1436/1436 1446/1446/1446 1437/1437/1437
f 1437/1437/1437 1446/1446/1446 1447/1447/1447
f 1437/1437/1437 1447/1447/1447 1438/1438/1438
f 1438/1438/1438 1447/1447/1447 1448/1448/1448
f 1439/1439/1439 1449/1449/1449 1440/1440/1440
f 1440/1440/1440 1449/1449/1449 1450/1450/1450
f 1440/1440/1440 1450/1450/1450 1441/1441/1441
f 1441/1441/1441 1450/1450/1450 1451/1451/1451
f 1441/1441/1441 1451/1451/1451 1442/1442/1442
f 1442/1442/1442 1451/1451/1451 1452/1452/1452
f 1442/1442/1442 1452/1452/1452 1443/1443/1443
f 1443/1443/1443 1452/1452/1452 1453/1453/1453
f 1443/1443/1443 1453/1453/1453 1444/1444/1444
f 1444/1444/1444 1453/1453/1453 1454/1454/1454
f 1444/1444/1444 1454/1454/1454 1445/1445/1445
f 1445/1445/1445 1454/1454/1454 1455/1455/1455
f 1445/1445/1445 1455/1455/1455 1446/1446/1446
f 1446/1446/1446 1455/1455/1455 1456/1456/1456
f 1446/1446/1446 1456/1456/1456 1447/1447/1447
f 1447/1447/1447 1456/1456/1456 1457/1457/1457
f 1447/1447/1447 1457/1457/1457 1448/1448/1448
f 1448/1448/1448 1457/1457/1457 1458/1458/1458
f 1449/1449/1449 1459/1459/1459 1450/1450/1450
f 1450/1450/1450 1459/1459/1459 1460/1460/1460
f 1450/1450/1450 1460/1460/1460 1451/1451/1451
f 1451/1451/1451 1460/1460/1460 1461/1461/1461
f 1451/1451/1451 1461/1461/1461 1452/1452/1452
f 1452/1452/1452 1461/1461/1461 1462/1462/1462
f 1452/1452/1452 1462/1462/1462 1453/1453/1453
f 1453/1453/1453 1462/1462/1462 1463/1463/1463
f 1453/1453/1453 1463/1463/1463 1454/1454/1454
f 1454/1454/1454 1463/1463/1463 1464/1464/1464
f 1454/1454/1454 1464/1464/1464 1455/1455/1455
f 1455/1455/1455 1464/1464/1464 1465/1465/1465
f 1455/1455/1455 1465/1465/1465 1456/1456/1456
f 1456/1456/1456 1465/1465/1465 1466/1466/1466
f 1456/1456/1456 1466/1466/1466 1457/1457/1457
f 1457/1457/1457 1466/1466/1466 1467/1467/1467
f 1457/1457/1457 1467/1467/1467 1458/1458/1458
f 1458/1458/1458 1467/1467/1467 1468/1468/1468
f 1459/1459/1459 1469/1469/1469 1460/1460/1460
f 1460/1460/1460 1469/1469/1469 1470/1470/1470
f 1460/1460/1460 1470/1470/1470 1461/1461/1461
f 1461/1461/1461 1470/1470/1470 1471/1471/1471
f 1461/1461/1461 1471/1471/1471 1462/1462/1462
f 1462/1462/1462 1471/1471/1471 1472/1472/1472
f 1462/1462/1462 1472/1472/1472 1463/1463/1463
f 1463/1463/1463 1472/1472/1472 1473/1473/1473
f 1463/1463/1463 1473/1473/1473 1464/1464/1464
f 1464/1464/1464 1473/1473/1473 1474/1474/1474
f 1464/1464/1464 1474/1474/1474 1465/1465/1465
f 1465/1465/1465 1474/1474/1474 1475/1475/1475
f 1465/1465/1465 1475/1475/1475 1466/1466/1466
f 1466/1466/1466 1475/1475/1475 1476/1476/1476
f 1466/1466/1466 1476/1476/1476 1467/1467/1467
f 1467/1467/1467 1476/1476/1476 1477/1477/1477
f 1467/1467/1467 1477/1477/1477 1468/1468/1468
f 1468/1468/1468 1477/1477/1477 1478/1478/1478
f 1469/1469/1469 1479/1479/1479 1470/1470/1470
f 1470/1470/1470 1479/1479/1479 1480/1480/1480
f 1470/1470/1470 1480/1480/1480 1471/1471/1471
f 1471/1471/1471 1480/1480/1480 1481/1481/1481
f 1471/1471/1471 1481/1481/1481 1472/1472/1472
f 1472/1472/1472 1481/1481/1481 1482/1482/1482
f 1472/1472/1472 1482/1482/1482 1473/1473/1473
f 1473/1473/1473 1482/1482/1482 1483/1483/1483
f 1473/1473/1473 1483/1483/1483 1474/1474/1474
f 1474/1474/1474 1483/1483/1483 1484/1484/1484
f 1474/1474/1474 1484/1484/1484 1475/1475/1475
f 1475/1475/1475 1484/1484/1484 1485/1485/1485
f 1475/1475/1475 1485/1485/1485 1476/1476/1476
f 1476/1476/1476 1485/1485/1485 1486/1486/1486
f 1476/1476/1476 1486/1486/1486 1477/1477/1477
f 1477/1477/1477 1486/1486/1486 1487/1487/1487
f 1477/1477/1477 1487/1487/1487 1478/1478/1478
f 1478/1478/1478 1487/1487/1487 1488/1488/1488
f 1479/1479/1479 1489/1489/1489 1480/1480/1480
f 1480/1480/1480 1489/1489/1489 1490/1490/1490
f 1480/1480/1480 1490/1490/1490 1481/1481/1481
f 1481/1481/1481 1490/1490/1490 1491/1491/1491
f 1481/1481/1481 1491/1491/1491 1482/1482/1482
f 1482/1482/1482 1491/1491/1491 1492/1492/1492
f 1482/1482/1482 1492/1492/1492 1483/1483/1483
f 1483/1483/1483 1492/1492/1492 1493/1493/1493
f 1483/1483/1483 1493/1493/1493 1484/1484/1484
f 1484/1484/1484 1493/1493/1493 1494/1494/1494
f 1484/1484/1484 1494/1494/1494 1485/1485/1485
f 1485/1485/1485 1494/1494/1494 1495/1495/1495
f 1485/1485/1485 1495/1495/1495 1486/1486/1486
f 1486/1486/1486 1495/1495/1495 1496/1496/1496
f 1486/1486/1486 1496/1496/1496 1487/1487/1487
f 1487/1487/1487 1496/1496/1496 1497/1497/1497
f 1487/1487/1487 1497/1497/1497 1488/1488/1488
f 1488/1488/1488 1497/1497/1497 1498/1498/1498
f 1489/1489/1489 1499/1499/1499 1490/1490/1490
f 1490/1490/1490 1499/1499/1499 1500/1500/1500
f 1490/1490/1490 1500/1500/1500 1491/1491/1491
f 1491/1491/1491 1500/1500/1500 1501/1501/1501
f 1491/1491/1491 1501/1501/1501 1492/1492/1492
f 1492/1492/1492 1501/1501/1501 1502/1502/1502
f 1492/1492/1492 1502/1502/1502 1493/1493/1493
f 1493/1493/1493 1502/1502/1502 1503/1503/1503
f 1493/1493/1493 1503/1503/1503 1494/1494/1494
f 1494/1494/1494 1503/1503/1503 1504/1504/1504
f 1494/1494/1494 1504/1504/1504 1495/1495/1495
f 1495/1495/1495 1504/1504/1504 1505/1505/1505
f 1495/1495/1495 1505/1505/1505 1496/1496/1496
f 1496/1496/1496 1505/1505/1505 1506/1506/1506
f 1496/1496/1496 1506/1506/1506 1497/1497/1497
f 1497/1497/1497 1506/1506/1506 1507/1507/1507
f 1497/1497/1497 1507/1507/1507 1498/1498/1498
f 1498/1498/1498 1507/1507/1507 1508/1508/1508
f 1499/1499/1499 1509/1509/1509 1500/1500/1500
f 1500/1500/1500 1509/1509/1509 1510/1510/1510
f 1500/1500/1500 1510/1510/1510 1501/1501/1501
f 1501/1501/1501 1510/1510/1510 1511/1511/1511
f 1501/1501/1501 1511/1511/1511 1502/1502/1502
f 1502/1502/1502 1511/1511/1511 1512/1512/1512
f 1502/1502/1502 1512/1512/1512 1503/1503/1503
f 1503/1503/1503 1512/1512/1512 1513/1513/1513
f 1503/1503/1503 1513/1513/1513 1504/1504/1504
f 1504/1504/1504 1513/1513/1513 1514/1514/1514
f 1504/1504/1504 1514/1514/1514 1505/1505/1505
f 1505/1505/1505 1514/1514/1514 1515/1515/1515
f 1505/1505/1505 1515/1515/1515 1506/1506/1506
f 1506/1506/1506 1515/1515/1515 1516/1516/1516
f 1506/1506/1506 1516/1516/1516 1507/1507/1507
f 1507/1507/1507 1516/1516/1516 1517/1517/1517
f 1507/1507/1507 1517/1517/1517 1508/1508/1508
f 1508/1508/1508 1517/1517/1517 1518/1518/1518
f 1509/1509/1509 1519/1519/1519 1510/1510/1510
f 1510/1510/1510 1519/1519/1519 1520/1520/1520
f 1510/1510/1510 1520/1520/1520 1511/1511/1511
f 1511/1511/1511 1520/1520/1520 1521/1521/1521
f 1511/1511/1511 1521/1521/1521 1512/1512/1512
f 1512/1512/1512 1521/1521/1521 1522/1522/1522
f 1512/1512/1512 1522/1522/1522 1513/1513/1513
f 1513/1513/1513 1522/1522/1522 1523/1523/1523
f 1513/1513/1513 1523/1523/1523 1514/1514/1514
f 1514/1514/1514 1523/1523/1523 1524/1524/1524
f 1514/1514/1514 1524/1524/1524 1515/1515/1515
f 1515/1515/1515 1524/1524/1524 1525/1525/1525
f 1515/1515/1515 1525/1525/1525 1516/1516/1516
f 1516/1516/1516 1525/1525/1525 1526/1526/1526
f 1516/1516/1516 1526/1526/1526 1517/1517/1517
f 1517/1517/1517 1526/1526/1526 1527/1527/1527
f 1517/1517/1517 1527/1527/1527 1518/1518/1518
f 1518/1518/1518 1527/1527/1527 1528/1528/1528

# Patch: bottom_strap_left_tie
o bottom_strap_left_tie
usemtl bikini_8625a973_material
v -0.113065 0.996000 0.096531
v -0.111515 0.996000 0.092844
v -0.109965 0.996000 0.089156
v -0.108415 0.996000 0.085469
v -0.118590 0.996000 0.094209
v -0.117040 0.996000 0.090521
v -0.115490 0.996000 0.086834
v -0.113940 0.996000 0.083146
v -0.124115 0.996000 0.091887
v -0.122565 0.996000 0.088199
v -0.121015 0.996000 0.084512
v -0.119465 0.996000 0.080824
v -0.129640 0.996000 0.089564
v -0.128090 0.996000 0.085877
v -0.126540 0.996000 0.082189
v -0.124990 0.996000 0.078502
v -0.135826 0.996000 0.086915
v -0.133835 0.996000 0.083445
v -0.131844 0.996000 0.079976
v -0.129853 0.996000 0.076507
v -0.156508 0.996000 0.074196
v -0.154412 0.996000 0.070789
v -0.152316 0.996000 0.067382
v -0.150221 0.996000 0.063975
v -0.177033 0.996000 0.061571
v -0.174937 0.996000 0.058164
v -0.172841 0.996000 0.054757
v -0.170746 0.996000 0.051350
v -0.197558 0.996000 0.048946
v -0.195462 0.996000 0.045539
v -0.193366 0.996000 0.042132
v -0.191270 0.996000 0.038725
v -0.219993 0.996000 0.034443
v -0.216624 0.996000 0.032288
v -0.213254 0.996000 0.030133
v -0.209884 0.996000 0.027978
v -0.220939 0.996000 0.011743
v -0.216939 0.996000 0.011743
v -0.212939 0.996000 0.011743
v -0.208939 0.996000 0.011743
v -0.220939 0.996000 -0.007725
v -0.216939 0.996000 -0.007725
v -0.212939 0.996000 -0.007725
v -0.208939 0.996000 -0.007725
v -0.220939 0.996000 -0.027193
v -0.216939 0.996000 -0.027193
v -0.212939 0.996000 -0.027193
v -0.208939 0.996000 -0.027193
v -0.220229 0.996000 -0.049493
v -0.216702 0.996000 -0.047605
v -0.213176 0.996000 -0.045718
v -0.209649 0.996000 -0.043830
v -0.198475 0.996000 -0.069953
v -0.195768 0.996000 -0.067009
v -0.193060 0.996000 -0.064064
v -0.190353 0.996000 -0.061120
v -0.177951 0.996000 -0.088828
v -0.175243 0.996000 -0.085884
v -0.172535 0.996000 -0.082939
v -0.169828 0.996000 -0.079995
v -0.157426 0.996000 -0.107703
v -0.154718 0.996000 -0.104759
v -0.152010 0.996000 -0.101814
v -0.149303 0.996000 -0.098870
v -0.136465 0.996000 -0.126942
v -0.134048 0.996000 -0.123755
v -0.131631 0.996000 -0.120568
v -0.129214 0.996000 -0.117381
v -0.122869 0.972667 -0.133814
v -0.121089 0.972667 -0.130232
v -0.119310 0.972667 -0.126650
v -0.117530 0.972667 -0.123068
v -0.110229 0.949333 -0.140094
v -0.108450 0.949333 -0.136512
v -0.106670 0.949333 -0.132929
v -0.104890 0.949333 -0.129347
v -0.097590 0.926000 -0.146373
v -0.095810 0.926000 -0.142791
v -0.094030 0.926000 -0.139209
v -0.092250 0.926000 -0.135627
vn 0.000000 -1.000000 0.000000
vn 0.000000 -1.000000 0.000000
vn 0.000000 -1.000000 0.000000
vn 0.000000 -1.000000 0.000000
vn 0.000000 -1.000000 0.000000
vn 0.000000 -1.000000 0.000000
vn 0.000000 -1.000000 0.000000
vn 0.000000 -1.000000 0.000000
vn 0.000000 -1.000000 0.000000
vn 0.000000 -1.000000 0.000000
vn 0.000000 -1.000000 0.000000
vn 0.000000 -1.000000 0.000000
vn 0.000000 -1.000000 0.000000
vn 0.000000 -1.000000 0.000000
vn 0.000000 -1.000000 0.000000
vn 0.000000 -1.000000 0.000000
vn 0.000000 -1.000000 0.000000
vn 0.000000 -1.000000 0.000000
vn 0.000000 -1.000000 0.000000
vn 0.000000 -1.000000 0.000000
vn 0.000000 -1.000000 0.000000
vn 0.000000 -1.000000 0.000000
vn 0.000000 -1.000000 0.000000
vn 0.000000 -1.000000 0.000000
vn 0.000000 -1.000000 0.000000
vn 0.000000 -1.000000 0.000000
vn 0.000000 -1.000000 0.000000
vn 0.000000 -1.000000 0.000000
vn 0.000000 -1.000000 0.000000
vn 0.000000 -1.000000 0.000000
vn 0.000000 -1.000000 0.000000
vn 0.000000 -1.000000 0.000000
vn 0.000000 -1.000000 0.000000
vn 0.000000 -1.000000 0.000000
vn 0.000000 -1.000000 0.000000
vn 0.000000 -1.000000 0.000000
vn 0.000000 -1.000000 0.000000
vn 0.000000 -1.000000 0.000000
vn 0.000000 -1.000000 0.000000
vn 0.000000 -1.000000 0.000000
vn 0.000000 -1.000000 0.000000
vn 0.000000 -1.000000 0.000000
vn 0.000000 -1.000000 0.000000
vn 0.000000 -1.000000 0.000000
vn 0.000000 -1.000000 0.000000
vn 0.000000 -1.000000 0.000000
vn 0.000000 -1.000000 0.000000
vn 0.000000 -1.000000 0.000000
vn 0.000000 -1.000000 0.000000
vn 0.000000 -1.000000 0.000000
vn 0.000000 -1.000000 0.000000
vn 0.000000 -1.000000 0.000000
vn 0.000000 -1.000000 0.000000
vn 0.000000 -1.000000 0.000000
vn 0.000000 -1.000000 0.000000
vn 0.000000 -1.000000 0.000000
vn 0.000000 -1.000000 0.000000
vn 0.000000 -1.000000 0.000000
vn 0.000000 -1.000000 0.000000
vn 0.000000 -1.000000 0.000000
vn 0.000000 -1.000000 0.000000
vn 0.000000 -1.000000 0.000000
vn 0.000000 -1.000000 0.000000
vn 0.000000 -1.000000 0.000000
vn -0.247540 -0.950512 0.187752
vn -0.400130 -0.877062 0.265815
vn -0.408432 -0.871529 0.271331
vn -0.556219 -0.756106 0.344854
vn -0.734346 -0.530069 0.423985
vn -0.753249 -0.519047 0.403988
vn -0.758596 -0.508921 0.406856
vn -0.771709 -0.507426 0.383386
vn -0.766293 -0.517559 0.380695
vn -0.766293 -0.517559 0.380695
vn -0.766293 -0.517559 0.380695
vn -0.766293 -0.517559 0.380695
vn -0.766293 -0.517559 0.380695
vn -0.766293 -0.517559 0.380695
vn -0.766293 -0.517559 0.380695
vn -0.766293 -0.517559 0.380695
vt 0.755000 0.346667
vt 0.755000 0.448889
vt 0.755000 0.551111
vt 0.755000 0.653333
vt 0.766842 0.346667
vt 0.766842 0.448889
vt 0.766842 0.551111
vt 0.766842 0.653333
vt 0.778684 0.346667
vt 0.778684 0.448889
vt 0.778684 0.551111
vt 0.778684 0.653333
vt 0.790526 0.346667
vt 0.790526 0.448889
vt 0.790526 0.551111
vt 0.790526 0.653333
vt 0.802368 0.346667
vt 0.802368 0.448889
vt 0.802368 0.551111
vt 0.802368 0.653333
vt 0.814211 0.346667
vt 0.814211 0.448889
vt 0.814211 0.551111
vt 0.814211 0.653333
vt 0.826053 0.346667
vt 0.826053 0.448889
vt 0.826053 0.551111
vt 0.826053 0.653333
vt 0.837895 0.346667
vt 0.837895 0.448889
vt 0.837895 0.551111
vt 0.837895 0.653333
vt 0.849737 0.346667
vt 0.849737 0.448889
vt 0.849737 0.551111
vt 0.849737 0.653333
vt 0.861579 0.346667
vt 0.861579 0.448889
vt 0.861579 0.551111
vt 0.861579 0.653333
vt 0.873421 0.346667
vt 0.873421 0.448889
vt 0.873421 0.551111
vt 0.873421 0.653333
vt 0.885263 0.346667
vt 0.885263 0.448889
vt 0.885263 0.551111
vt 0.885263 0.653333
vt 0.897105 0.346667
vt 0.897105 0.448889
vt 0.897105 0.551111
vt 0.897105 0.653333
vt 0.908947 0.346667
vt 0.908947 0.448889
vt 0.908947 0.551111
vt 0.908947 0.653333
vt 0.920789 0.346667
vt 0.920789 0.448889
vt 0.920789 0.551111
vt 0.920789 0.653333
vt 0.932632 0.346667
vt 0.932632 0.448889
vt 0.932632 0.551111
vt 0.932632 0.653333
vt 0.944474 0.346667
vt 0.944474 0.448889
vt 0.944474 0.551111
vt 0.944474 0.653333
vt 0.956316 0.346667
vt 0.956316 0.448889
vt 0.956316 0.551111
vt 0.956316 0.653333
vt 0.968158 0.346667
vt 0.968158 0.448889
vt 0.968158 0.551111
vt 0.968158 0.653333
vt 0.980000 0.346667
vt 0.980000 0.448889
vt 0.980000 0.551111
vt 0.980000 0.653333
f 1529/1529/1529 1533/1533/1533 1530/1530/1530
f 1530/1530/1530 1533/1533/1533 1534/1534/1534
f 1530/1530/1530 1534/1534/1534 1531/1531/1531
f 1531/1531/1531 1534/1534/1534 1535/1535/1535
f 1531/1531/1531 1535/1535/1535 1532/1532/1532
f 1532/1532/1532 1535/1535/1535 1536/1536/1536
f 1533/1533/1533 1537/1537/1537 1534/1534/1534
f 1534/1534/1534 1537/1537/1537 1538/1538/1538
f 1534/1534/1534 1538/1538/1538 1535/1535/1535
f 1535/1535/1535 1538/1538/1538 1539/1539/1539
f 1535/1535/1535 1539/1539/1539 1536/1536/1536
f 1536/1536/1536 1539/1539/1539 1540/1540/1540
f 1537/1537/1537 1541/1541/1541 1538/1538/1538
f 1538/1538/1538 1541/1541/1541 1542/1542/1542
f 1538/1538/1538 1542/1542/1542 1539/1539/1539
f 1539/1539/1539 1542/1542/1542 1543/1543/1543
f 1539/1539/1539 1543/1543/1543 1540/1540/1540
f 1540/1540/1540 1543/1543/1543 1544/1544/1544
f 1541/1541/1541 1545/1545/1545 1542/1542/1542
f 1542/1542/1542 1545/1545/1545 1546/1546/1546
f 1542/1542/1542 1546/1546/1546 1543/1543/1543
f 1543/1543/1543 1546/1546/1546 1547/1547/1547
f 1543/1543/1543 1547/1547/1547 1544/1544/1544
f 1544/1544/1544 1547/1547/1547 1548/1548/1548
f 1545/1545/1545 1549/1549/1549 1546/1546/1546
f 1546/1546/1546 1549/1549/1549 1550/1550/1550
f 1546/1546/1546 1550/1550/1550 1547/1547/1547
f 1547/1547/1547 1550/1550/1550 1551/1551/1551
f 1547/1547/1547 1551/1551/1551 1548/1548/1548
f 1548/1548/1548 1551/1551/1551 1552/1552/1552
f 1549/1549/1549 1553/1553/1553 1550/1550/1550
f 1550/1550/1550 1553/1553/1553 1554/1554/1554
f 1550/1550/1550 1554/1554/1554 1551/1551/1551
f 1551/1551/1551 1554/1554/1554 1555/1555/1555
f 1551/1551/1551 1555/1555/1555 1552/1552/1552
f 1552/1552/1552 1555/1555/1555 1556/1556/1556
f 1553/1553/1553 1557/1557/1557 1554/1554/1554
f 1554/1554/1554 1557/1557/1557 1558/1558/1558
f 1554/1554/1554 1558/1558/1558 1555/1555/1555
f 1555/1555/1555 1558/1558/1558 1559/1559/1559
f 1555/1555/1555 1559/1559/1559 1556/1556/1556
f 1556/1556/1556 1559/1559/1559 1560/1560/1560
f 1557/1557/1557 1561/1561/1561 1558/1558/1558
f 1558/1558/1558 1561/1561/1561 1562/1562/1562
f 1558/1558/1558 1562/1562/1562 1559/1559/1559
f 1559/1559/1559 1562/1562/1562 1563/1563/1563
f 1559/1559/1559 1563/1563/1563 1560/1560/1560
f 1560/1560/1560 1563/1563/1563 1564/1564/1564
f 1561/1561/1561 1565/1565/1565 1562/1562/1562
f 1562/1562/1562 1565/1565/1565 1566/1566/1566
f 1562/1562/1562 1566/1566/1566 1563/1563/1563
f 1563/1563/1563 1566/1566/1566 1567/1567/1567
f 1563/1563/1563 1567/1567/1567 1564/1564/1564
f 1564/1564/1564 1567/1567/1567 1568/1568/1568
f 1565/1565/1565 1569/1569/1569 1566/1566/1566
f 1566/1566/1566 1569/1569/1569 1570/1570/1570
f 1566/1566/1566 1570/1570/1570 1567/1567/1567
f 1567/1567/1567 1570/1570/1570 1571/1571/1571
f 1567/1567/1567 1571/1571/1571 1568/1568/1568
f 1568/1568/1568 1571/1571/1571 1572/1572/1572
f 1569/1569/1569 1573/1573/1573 1570/1570/1570
f 1570/1570/1570 1573/1573/1573 1574/1574/1574
f 1570/1570/1570 1574/1574/1574 1571/1571/1571
f 1571/1571/1571 1574/1574/1574 1575/1575/1575
f 1571/1571/1571 1575/1575/1575 1572/1572/1572
f 1572/1572/1572 1575/1575/1575 1576/1576/1576
f 1573/1573/1573 1577/1577/1577 1574/1574/1574
f 1574/1574/1574 1577/1577/1577 1578/1578/1578
f 1574/1574/1574 1578/1578/1578 1575/1575/1575
f 1575/1575/1575 1578/1578/1578 1579/1579/1579
f 1575/1575/1575 1579/1579/1579 1576/1576/1576
f 1576/1576/1576 1579/1579/1579 1580/1580/1580
f 1577/1577/1577 1581/1581/1581 1578/1578/1578
f 1578/1578/1578 1581/1581/1581 1582/1582/1582
f 1578/1578/1578 1582/1582/1582 1579/1579/1579
f 1579/1579/1579 1582/1582/1582 1583/1583/1583
f 1579/1579/1579 1583/1583/1583 1580/1580/1580
f 1580/1580/1580 1583/1583/1583 1584/1584/1584
f 1581/1581/1581 1585/1585/1585 1582/1582/1582
f 1582/1582/1582 1585/1585/1585 1586/1586/1586
f 1582/1582/1582 1586/1586/1586 1583/1583/1583
f 1583/1583/1583 1586/1586/1586 1587/1587/1587
f 1583/1583/1583 1587/1587/1587 1584/1584/1584
f 1584/1584/1584 1587/1587/1587 1588/1588/1588
f 1585/1585/1585 1589/1589/1589 1586/1586/1586
f 1586/1586/1586 1589/1589/1589 1590/1590/1590
f 1586/1586/1586 1590/1590/1590 1587/1587/1587
f 1587/1587/1587 1590/1590/1590 1591/1591/1591
f 1587/1587/1587 1591/1591/1591 1588/1588/1588
f 1588/1588/1588 1591/1591/1591 1592/1592/1592
f 1589/1589/1589 1593/1593/1593 1590/1590/1590
f 1590/1590/1590 1593/1593/1593 1594/1594/1594
f 1590/1590/1590 1594/1594/1594 1591/1591/1591
f 1591/1591/1591 1594/1594/1594 1595/1595/1595
f 1591/1591/1591 1595/1595/1595 1592/1592/1592
f 1592/1592/1592 1595/1595/1595 1596/1596/1596
f 1593/1593/1593 1597/1597/1597 1594/1594/1594
f 1594/1594/1594 1597/1597/1597 1598/1598/1598
f 1594/1594/1594 1598/1598/1598 1595/1595/1595
f 1595/1595/1595 1598/1598/1598 1599/1599/1599
f 1595/1595/1595 1599/1599/1599 1596/1596/1596
f 1596/1596/1596 1599/1599/1599 1600/1600/1600
f 1597/1597/1597 1601/1601/1601 1598/1598/1598
f 1598/1598/1598 1601/1601/1601 1602/1602/1602
f 1598/1598/1598 1602/1602/1602 1599/1599/1599
f 1599/1599/1599 1602/1602/1602 1603/1603/1603
f 1599/1599/1599 1603/1603/1603 1600/1600/1600
f 1600/1600/1600 1603/1603/1603 1604/1604/1604
f 1601/1601/1601 1605/1605/1605 1602/1602/1602
f 1602/1602/1602 1605/1605/1605 1606/1606/1606
f 1602/1602/1602 1606/1606/1606 1603/1603/1603
f 1603/1603/1603 1606/1606/1606 1607/1607/1607
f 1603/1603/1603 1607/1607/1607 1604/1604/1604
f 1604/1604/1604 1607/1607/1607 1608/1608/1608

# Patch: bottom_strap_right_tie
o bottom_strap_right_tie
usemtl bikini_8625a973_material
v 0.108388 0.996000 0.085480
v 0.109956 0.996000 0.089160
v 0.111524 0.996000 0.092840
v 0.113092 0.996000 0.096520
v 0.113840 0.996000 0.083158
v 0.115408 0.996000 0.086838
v 0.116975 0.996000 0.090518
v 0.118543 0.996000 0.094198
v 0.119291 0.996000 0.080835
v 0.120859 0.996000 0.084515
v 0.122427 0.996000 0.088195
v 0.123994 0.996000 0.091875
v 0.124743 0.996000 0.078513
v 0.126310 0.996000 0.082193
v 0.127878 0.996000 0.085873
v 0.129446 0.996000 0.089553
v 0.129549 0.996000 0.076512
v 0.131547 0.996000 0.079978
v 0.133544 0.996000 0.083443
v 0.135542 0.996000 0.086909
v 0.149876 0.996000 0.063978
v 0.151975 0.996000 0.067383
v 0.154075 0.996000 0.070788
v 0.156174 0.996000 0.074193
v 0.170356 0.996000 0.051353
v 0.172455 0.996000 0.054758
v 0.174554 0.996000 0.058163
v 0.176653 0.996000 0.061568
v 0.190835 0.996000 0.038728
v 0.192934 0.996000 0.042133
v 0.195033 0.996000 0.045538
v 0.197132 0.996000 0.048943
v 0.209405 0.996000 0.027983
v 0.212777 0.996000 0.030135
v 0.216149 0.996000 0.032287
v 0.219521 0.996000 0.034438
v 0.208463 0.996000 0.011743
v 0.212463 0.996000 0.011743
v 0.216463 0.996000 0.011743
v 0.220463 0.996000 0.011743
v 0.208463 0.996000 -0.007725
v 0.212463 0.996000 -0.007725
v 0.216463 0.996000 -0.007725
v 0.220463 0.996000 -0.007725
v 0.208463 0.996000 -0.027193
v 0.212463 0.996000 -0.027193
v 0.216463 0.996000 -0.027193
v 0.220463 0.996000 -0.027193
v 0.209171 0.996000 -0.043835
v 0.212699 0.996000 -0.045719
v 0.216227 0.996000 -0.047604
v 0.219756 0.996000 -0.049488
v 0.189918 0.996000 -0.061125
v 0.192628 0.996000 -0.064066
v 0.195339 0.996000 -0.067007
v 0.198050 0.996000 -0.069949
v 0.169438 0.996000 -0.080000
v 0.172149 0.996000 -0.082941
v 0.174860 0.996000 -0.085882
v 0.177571 0.996000 -0.088824
v 0.148959 0.996000 -0.098875
v 0.151670 0.996000 -0.101816
v 0.154380 0.996000 -0.104757
v 0.157091 0.996000 -0.107699
v 0.128910 0.996000 -0.117389
v 0.131334 0.996000 -0.120571
v 0.133758 0.996000 -0.123753
v 0.136181 0.996000 -0.126934
v 0.117318 0.972667 -0.123076
v 0.119108 0.972667 -0.126653
v 0.120899 0.972667 -0.130229
v 0.122690 0.972667 -0.133806
v 0.104776 0.949333 -0.129355
v 0.106566 0.949333 -0.132932
v 0.108357 0.949333 -0.136509
v 0.110148 0.949333 -0.140086
v 0.092234 0.926000 -0.135635
v 0.094025 0.926000 -0.139212
v 0.095815 0.926000 -0.142788
v 0.097606 0.926000 -0.146365
vn 0.000000 -1.000000 0.000000
vn 0.000000 -1.000000 0.000000
vn 0.000000 -1.000000 0.000000
vn 0.000000 -1.000000 0.000000
vn 0.000000 -1.000000 0.000000
vn 0.000000 -1.000000 0.000000
vn 0.000000 -1.000000 0.000000
vn 0.000000 -1.000000 0.000000
vn 0.000000 -1.000000 0.000000
vn 0.000000 -1.000000 0.000000
vn 0.000000 -1.000000 0.000000
vn 0.000000 -1.000000 0.000000
vn 0.000000 -1.000000 0.000000
vn 0.000000 -1.000000 0.000000
vn 0.000000 -1.000000 0.000000
vn 0.000000 -1.000000 0.000000
vn 0.000000 -1.000000 0.000000
vn 0.000000 -1.000000 0.000000
vn 0.000000 -1.000000 0.000000
vn 0.000000 -1.000000 0.000000
vn 0.000000 -1.000000 0.000000
vn 0.000000 -1.000000 0.000000
vn 0.000000 -1.000000 0.000000
vn 0.000000 -1.000000 0.000000
vn 0.000000 -1.000000 0.000000
vn 0.000000 -1.000000 0.000000
vn 0.000000 -1.000000 0.000000
vn 0.000000 -1.000000 0.000000
vn 0.000000 -1.000000 0.000000
vn 0.000000 -1.000000 0.000000
vn 0.000000 -1.000000 0.000000
vn 0.000000 -1.000000 0.000000
vn 0.000000 -1.000000 0.000000
vn 0.000000 -1.000000 0.000000
vn 0.000000 -1.000000 0.000000
vn 0.000000 -1.000000 0.000000
vn 0.000000 -1.000000 0.000000
vn 0.000000 -1.000000 0.000000
vn 0.000000 -1.000000 0.000000
vn 0.000000 -1.000000 0.000000
vn 0.000000 -1.000000 0.000000
vn 0.000000 -1.000000 0.000000
vn 0.000000 -1.000000 0.000000
vn 0.000000 -1.000000 0.000000
vn 0.000000 -1.000000 0.000000
vn 0.000000 -1.000000 0.000000
vn 0.000000 -1.000000 0.000000
vn 0.000000 -1.000000 0.000000
vn 0.000000 -1.000000 0.000000
vn 0.000000 -1.000000 0.000000
vn 0.000000 -1.000000 0.000000
vn 0.000000 -1.000000 0.000000
vn 0.000000 -1.000000 0.000000
vn 0.000000 -1.000000 0.000000
vn 0.000000 -1.000000 0.000000
vn 0.000000 -1.000000 0.000000
vn 0.000000 -1.000000 0.000000
vn 0.000000 -1.000000 0.000000
vn 0.000000 -1.000000 0.000000
vn 0.000000 -1.000000 0.000000
vn 0.000000 -1.000000 0.000000
vn 0.000000 -1.000000 0.000000
vn 0.000000 -1.000000 0.000000
vn 0.000000 -1.000000 0.000000
vn 0.259895 -0.945124 0.197979
vn 0.410488 -0.869684 0.274134
vn 0.402164 -0.875289 0.268575
vn 0.532840 -0.778250 0.332278
vn 0.748373 -0.500842 0.434850
vn 0.755085 -0.513339 0.407835
vn 0.749763 -0.523318 0.404961
vn 0.760978 -0.525115 0.381008
vn 0.766378 -0.515199 0.383711
vn 0.766378 -0.515199 0.383711
vn 0.766378 -0.515199 0.383711
vn 0.766378 -0.515199 0.383711
vn 0.766378 -0.515199 0.383711
vn 0.766378 -0.515199 0.383711
vn 0.766378 -0.515199 0.383711
vn 0.766378 -0.515199 0.383711
vt 0.020000 0.673333
vt 0.020000 0.775556
vt 0.020000 0.877778
vt 0.020000 0.980000
vt 0.031842 0.673333
vt 0.031842 0.775556
vt 0.031842 0.877778
vt 0.031842 0.980000
vt 0.043684 0.673333
vt 0.043684 0.775556
vt 0.043684 0.877778
vt 0.043684 0.980000
vt 0.055526 0.673333
vt 0.055526 0.775556
vt 0.055526 0.877778
vt 0.055526 0.980000
vt 0.067368 0.673333
vt 0.067368 0.775556
vt 0.067368 0.877778
vt 0.067368 0.980000
vt 0.079211 0.673333
vt 0.079211 0.775556
vt 0.079211 0.877778
vt 0.079211 0.980000
vt 0.091053 0.673333
vt 0.091053 0.775556
vt 0.091053 0.877778
vt 0.091053 0.980000
vt 0.102895 0.673333
vt 0.102895 0.775556
vt 0.102895 0.877778
vt 0.102895 0.980000
vt 0.114737 0.673333
vt 0.114737 0.775556
vt 0.114737 0.877778
vt 0.114737 0.980000
vt 0.126579 0.673333
vt 0.126579 0.775556
vt 0.126579 0.877778
vt 0.126579 0.980000
vt 0.138421 0.673333
vt 0.138421 0.775556
vt 0.138421 0.877778
vt 0.138421 0.980000
vt 0.150263 0.673333
vt 0.150263 0.775556
vt 0.150263 0.877778
vt 0.150263 0.980000
vt 0.162105 0.673333
vt 0.162105 0.775556
vt 0.162105 0.877778
vt 0.162105 0.980000
vt 0.173947 0.673333
vt 0.173947 0.775556
vt 0.173947 0.877778
vt 0.173947 0.980000
vt 0.185789 0.673333
vt 0.185789 0.775556
vt 0.185789 0.877778
vt 0.185789 0.980000
vt 0.197632 0.673333
vt 0.197632 0.775556
vt 0.197632 0.877778
vt 0.197632 0.980000
vt 0.209474 0.673333
vt 0.209474 0.775556
vt 0.209474 0.877778
vt 0.209474 0.980000
vt 0.221316 0.673333
vt 0.221316 0.775556
vt 0.221316 0.877778
vt 0.221316 0.980000
vt 0.233158 0.673333
vt 0.233158 0.775556
vt 0.233158 0.877778
vt 0.233158 0.980000
vt 0.245000 0.673333
vt 0.245000 0.775556
vt 0.245000 0.877778
vt 0.245000 0.980000
f 1609/1609/1609 1613/1613/1613 1610/1610/1610
f 1610/1610/1610 1613/1613/1613 1614/1614/1614
f 1610/1610/1610 1614/1614/1614 1611/1611/1611
f 1611/1611/1611 1614/1614/1614 1615/1615/1615
f 1611/1611/1611 1615/1615/1615 1612/1612/1612
f 1612/1612/1612 1615/1615/1615 1616/1616/1616
f 1613/1613/1613 1617/1617/1617 1614/1614/1614
f 1614/1614/1614 1617/1617/1617 1618/1618/1618
f 1614/1614/1614 1618/1618/1618 1615/1615/1615
f 1615/1615/1615 1618/1618/1618 1619/1619/1619
f 1615/1615/1615 1619/1619/1619 1616/1616/1616
f 1616/1616/1616 1619/1619/1619 1620/1620/1620
f 1617/1617/1617 1621/1621/1621 1618/1618/1618
f 1618/1618/1618 1621/1621/1621 1622/1622/1622
f 1618/1618/1618 1622/1622/1622 1619/1619/1619
f 1619/1619/1619 1622/1622/1622 1623/1623/1623
f 1619/1619/1619 1623/1623/1623 1620/1620/1620
f 1620/1620/1620 1623/1623/1623 1624/1624/1624
f 1621/1621/1621 1625/1625/1625 1622/1622/1622
f 1622/1622/1622 1625/1625/1625 1626/1626/1626
f 1622/1622/1622 1626/1626/1626 1623/1623/1623
f 1623/1623/1623 1626/1626/1626 1627/1627/1627
f 1623/1623/1623 1627/1627/1627 1624/1624/1624
f 1624/1624/1624 1627/1627/1627 1628/1628/1628
f 1625/1625/1625 1629/1629/1629 1626/1626/1626
f 1626/1626/1626 1629/1629/1629 1630/1630/1630
f 1626/1626/1626 1630/1630/1630 1627/1627/1627
f 1627/1627/1627 1630/1630/1630 1631/1631/1631
f 1627/1627/1627 1631/1631/1631 1628/1628/1628
f 1628/1628/1628 1631/1631/1631 1632/1632/1632
f 1629/1629/1629 1633/1633/1633 1630/1630/1630
f 1630/1630/1630 1633/1633/1633 1634/1634/1634
f 1630/1630/1630 1634/1634/1634 1631/1631/1631
f 1631/1631/1631 1634/1634/1634 1635/1635/1635
f 1631/1631/1631 1635/1635/1635 1632/1632/1632
f 1632/1632/1632 1635/1635/1635 1636/1636/1636
f 1633/1633/1633 1637/1637/1637 1634/1634/1634
f 1634/1634/1634 1637/1637/1637 1638/1638/1638
f 1634/1634/1634 1638/1638/1638 1635/1635/1635
f 1635/1635/1635 1638/1638/1638 1639/1639/1639
f 1635/1635/1635 1639/1639/1639 1636/1636/1636
f 1636/1636/1636 1639/1639/1639 1640/1640/1640
f 1637/1637/1637 1641/1641/1641 1638/1638/1638
f 1638/1638/1638 1641/1641/1641 1642/1642/1642
f 1638/1638/1638 1642/1642/1642 1639/1639/1639
f 1639/1639/1639 1642/1642/1642 1643/1643/1643
f 1639/1639/1639 1643/1643/1643 1640/1640/1640
f 1640/1640/1640 1643/1643/1643 1644/1644/1644
f 1641/1641/1641 1645/1645/1645 1642/1642/1642
f 1642/1642/1642 1645/1645/1645 1646/1646/1646
f 1642/1642/1642 1646/1646/1646 1643/1643/1643
f 1643/1643/1643 1646/1646/1646 1647/1647/1647
f 1643/1643/1643 1647/1647/1647 1644/1644/1644
f 1644/1644/1644 1647/1647/1647 1648/1648/1648
f 1645/1645/1645 1649/1649/1649 1646/1646/1646
f 1646/1646/1646 1649/1649/1649 1650/1650/1650
f 1646/1646/1646 1650/1650/1650 1647/1647/1647
f 1647/1647/1647 1650/1650/1650 1651/1651/1651
f 1647/1647/1647 1651/1651/1651 1648/1648/1648
f 1648/1648/1648 1651/1651/1651 1652/1652/1652
f 1649/1649/1649 1653/1653/1653 1650/1650/1650
f 1650/1650/1650 1653/1653/1653 1654/1654/1654
f 1650/1650/1650 1654/1654/1654 1651/1651/1651
f 1651/1651/1651 1654/1654/1654 1655/1655/1655
f 1651/1651/1651 1655/1655/1655 1652/1652/1652
f 1652/1652/1652 1655/1655/1655 1656/1656/1656
f 1653/1653/1653 1657/1657/1657 1654/1654/1654
f 1654/1654/1654 1657/1657/1657 1658/1658/1658
f 1654/1654/1654 1658/1658/1658 1655/1655/1655
f 1655/1655/1655 1658/1658/1658 1659/1659/1659
f 1655/1655/1655 1659/1659/1659 1656/1656/1656
f 1656/1656/1656 1659/1659/1659 1660/1660/1660
f 1657/1657/1657 1661/1661/1661 1658/1658/1658
f 1658/1658/1658 1661/1661/1661 1662/1662/1662
f 1658/1658/1658 1662/1662/1662 1659/1659/1659
f 1659/1659/1659 1662/1662/1662 1663/1663/1663
f 1659/1659/1659 1663/1663/1663 1660/1660/1660
f 1660/1660/1660 1663/1663/1663 1664/1664/1664
f 1661/1661/1661 1665/1665/1665 1662/1662/1662
f 1662/1662/1662 1665/1665/1665 1666/1666/1666
f 1662/1662/1662 1666/1666/1666 1663/1663/1663
f 1663/1663/1663 1666/1666/1666 1667/1667/1667
f 1663/1663/1663 1667/1667/1667 1664/1664/1664
f 1664/1664/1664 1667/1667/1667 1668/1668/1668
f 1665/1665/1665 1669/1669/1669 1666/1666/1666
f 1666/1666/1666 1669/1669/1669 1670/1670/1670
f 1666/1666/1666 1670/1670/1670 1667/1667/1667
f 1667/1667/1667 1670/1670/1670 1671/1671/1671
f 1667/1667/1667 1671/1671/1671 1668/1668/1668
f 1668/1668/1668 1671/1671/1671 1672/1672/1672
f 1669/1669/1669 1673/1673/1673 1670/1670/1670
f 1670/1670/1670 1673/1673/1673 1674/1674/1674
f 1670/1670/1670 1674/1674/1674 1671/1671/1671
f 1671/1671/1671 1674/1674/1674 1675/1675/1675
f 1671/1671/1671 1675/1675/1675 1672/1672/1672
f 1672/1672/1672 1675/1675/1675 1676/1676/1676
f 1673/1673/1673 1677/1677/1677 1674/1674/1674
f 1674/1674/1674 1677/1677/1677 1678/1678/1678
f 1674/1674/1674 1678/1678/1678 1675/1675/1675
f 1675/1675/1675 1678/1678/1678 1679/1679/1679
f 1675/1675/1675 1679/1679/1679 1676/1676/1676
f 1676/1676/1676 1679/1679/1679 1680/1680/1680
f 1677/1677/1677 1681/1681/1681 1678/1678/1678
f 1678/1678/1678 1681/1681/1681 1682/1682/1682
f 1678/1678/1678 1682/1682/1682 1679/1679/1679
f 1679/1679/1679 1682/1682/1682 1683/1683/1683
f 1679/1679/1679 1683/1683/1683 1680/1680/1680
f 1680/1680/1680 1683/1683/1683 1684/1684/1684
f 1681/1681/1681 1685/1685/1685 1682/1682/1682
f 1682/1682/1682 1685/1685/1685 1686/1686/1686
f 1682/1682/1682 1686/1686/1686 1683/1683/1683
f 1683/1683/1683 1686/1686/1686 1687/1687/1687
f 1683/1683/1683 1687/1687/1687 1684/1684/1684
f 1684/1684/1684 1687/1687/1687 1688/1688/1688

# Patch: deco_chain
o deco_chain
usemtl metal_material
v -0.017000 1.287000 0.103000
v -0.018500 1.287000 0.105598
v -0.021500 1.287000 0.105598
v -0.023000 1.287000 0.103000
v -0.021500 1.287000 0.100402
v -0.018500 1.287000 0.100402
v -0.020000 1.283543 0.106000
v -0.017402 1.283543 0.104500
v -0.017402 1.283543 0.101500
v -0.020000 1.283543 0.100000
v -0.022598 1.283543 0.101500
v -0.022598 1.283543 0.104500
v -0.017000 1.280085 0.103000
v -0.018500 1.280085 0.105598
v -0.021500 1.280085 0.105598
v -0.023000 1.280085 0.103000
v -0.021500 1.280085 0.100402
v -0.018500 1.280085 0.100402
v -0.020000 1.276628 0.106000
v -0.017402 1.276628 0.104500
v -0.017402 1.276628 0.101500
v -0.020000 1.276628 0.100000
v -0.022598 1.276628 0.101500
v -0.022598 1.276628 0.104500
v -0.017000 1.273170 0.103000
v -0.018500 1.273170 0.105598
v -0.021500 1.273170 0.105598
v -0.023000 1.273170 0.103000
v -0.021500 1.273170 0.100402
v -0.018500 1.273170 0.100402
v -0.020000 1.269713 0.106000
v -0.017402 1.269713 0.104500
v -0.017402 1.269713 0.101500
v -0.020000 1.269713 0.100000
v -0.022598 1.269713 0.101500
v -0.022598 1.269713 0.104500
v -0.017000 1.266256 0.103000
v -0.018500 1.266256 0.105598
v -0.021500 1.266256 0.105598
v -0.023000 1.266256 0.103000
v -0.021500 1.266256 0.100402
v -0.018500 1.266256 0.100402
v -0.020000 1.262798 0.106000
v -0.017402 1.262798 0.104500
v -0.017402 1.262798 0.101500
v -0.020000 1.262798 0.100000
v -0.022598 1.262798 0.101500
v -0.022598 1.262798 0.104500
vn -0.567320 0.793534 0.220118
vn -0.407903 0.578327 -0.706508
vn 0.474287 0.793534 -0.381255
vn 0.567320 0.793534 -0.220118
vn 0.407903 0.578327 0.706508
vn -0.474287 0.793534 0.381255
vn -0.408116 -0.408907 0.816233
vn 0.921685 0.374770 0.100225
vn 0.756081 0.169697 -0.632095
vn 0.408116 -0.408907 -0.816233
vn -0.921685 0.374770 -0.100225
vn -0.756081 0.169697 0.632095
vn -0.816233 0.408907 0.408116
vn -0.100225 -0.374770 -0.921685
vn 0.632095 -0.169697 -0.756081
vn 0.816233 0.408907 -0.408116
vn 0.100225 -0.374770 0.921685
vn -0.632095 -0.169697 0.756081
vn -0.408116 -0.408907 0.816233
vn 0.921685 0.374770 0.100225
vn 0.756081 0.169697 -0.632095
vn 0.408116 -0.408907 -0.816233
vn -0.921685 0.374770 -0.100225
vn -0.756081 0.169697 0.632095
vn -0.816233 0.408907 0.408116
vn -0.100225 -0.374770 -0.921685
vn 0.632095 -0.169697 -0.756081
vn 0.816233 0.408907 -0.408116
vn 0.100225 -0.374770 0.921685
vn -0.632095 -0.169697 0.756081
vn -0.408116 -0.408907 0.816233
vn 0.921685 0.374770 0.100225
vn 0.756081 0.169697 -0.632095
vn 0.408116 -0.408907 -0.816233
vn -0.921685 0.374770 -0.100225
vn -0.756081 0.169697 0.632095
vn -0.816233 0.408907 0.408116
vn -0.100225 -0.374770 -0.921685
vn 0.632095 -0.169697 -0.756081
vn 0.816233 0.408907 -0.408116
vn 0.100225 -0.374770 0.921685
vn -0.632095 -0.169697 0.756081
vn -0.423042 0.677364 0.601841
vn 0.732731 0.677364 -0.065445
vn 0.489300 0.825094 -0.282498
vn 0.423042 0.677364 -0.601841
vn -0.732731 0.677364 0.065445
vn -0.489300 0.825094 0.282498
vt 0.265000 0.673333
vt 0.265000 0.734667
vt 0.265000 0.796000
vt 0.265000 0.857333
vt 0.265000 0.918667
vt 0.265000 0.980000
vt 0.297143 0.673333
vt 0.297143 0.734667
vt 0.297143 0.796000
vt 0.297143 0.857333
vt 0.297143 0.918667
vt 0.297143 0.980000
vt 0.329286 0.673333
vt 0.329286 0.734667
vt 0.329286 0.796000
vt 0.329286 0.857333
vt 0.329286 0.918667
vt 0.329286 0.980000
vt 0.361429 0.673333
vt 0.361429 0.734667
vt 0.361429 0.796000
vt 0.361429 0.857333
vt 0.361429 0.918667
vt 0.361429 0.980000
vt 0.393571 0.673333
vt 0.393571 0.734667
vt 0.393571 0.796000
vt 0.393571 0.857333
vt 0.393571 0.918667
vt 0.393571 0.980000
vt 0.425714 0.673333
vt 0.425714 0.734667
vt 0.425714 0.796000
vt 0.425714 0.857333
vt 0.425714 0.918667
vt 0.425714 0.980000
vt 0.457857 0.673333
vt 0.457857 0.734667
vt 0.457857 0.796000
vt 0.457857 0.857333
vt 0.457857 0.918667
vt 0.457857 0.980000
vt 0.490000 0.673333
vt 0.490000 0.734667
vt 0.490000 0.796000
vt 0.490000 0.857333
vt 0.490000 0.918667
vt 0.490000 0.980000
f 1689/1689/1689 1695/1695/1695 1690/1690/1690
f 1690/1690/1690 1695/1695/1695 1696/1696/1696
f 1690/1690/1690 1696/1696/1696 1691/1691/1691
f 1691/1691/1691 1696/1696/1696 1697/1697/1697
f 1691/1691/1691 1697/1697/1697 1692/1692/1692
f 1692/1692/1692 1697/1697/1697 1698/1698/1698
f 1692/1692/1692 1698/1698/1698 1693/1693/1693
f 1693/1693/1693 1698/1698/1698 1699/1699/1699
f 1693/1693/1693 1699/1699/1699 1694/1694/1694
f 1694/1694/1694 1699/1699/1699 1700/1700/1700
f 1694/1694/1694 1700/1700/1700 1689/1689/1689
f 1689/1689/1689 1700/1700/1700 1695/1695/1695
f 1695/1695/1695 1701/1701/1701 1696/1696/1696
f 1696/1696/1696 1701/1701/1701 1702/1702/1702
f 1696/1696/1696 1702/1702/1702 1697/1697/1697
f 1697/1697/1697 1702/1702/1702 1703/1703/1703
f 1697/1697/1697 1703/1703/1703 1698/1698/1698
f 1698/1698/1698 1703/1703/1703 1704/1704/1704
f 1698/1698/1698 1704/1704/1704 1699/1699/1699
f 1699/1699/1699 1704/1704/1704 1705/1705/1705
f 1699/1699/1699 1705/1705/1705 1700/1700/1700
f 1700/1700/1700 1705/1705/1705 1706/1706/1706
f 1700/1700/1700 1706/1706/1706 1695/1695/1695
f 1695/1695/1695 1706/1706/1706 1701/1701/1701
f 1701/1701/1701 1707/1707/1707 1702/1702/1702
f 1702/1702/1702 1707/1707/1707 1708/1708/1708
f 1702/1702/1702 1708/1708/1708 1703/1703/1703
f 1703/1703/1703 1708/1708/1708 1709/1709/1709
f 1703/1703/1703 1709/1709/1709 1704/1704/1704
f 1704/1704/1704 1709/1709/1709 1710/1710/1710
f 1704/1704/1704 1710/1710/1710 1705/1705/1705
f 1705/1705/1705 1710/1710/1710 1711/1711/1711
f 1705/1705/1705 1711/1711/1711 1706/1706/1706
f 1706/1706/1706 1711/1711/1711 1712/1712/1712
f 1706/1706/1706 1712/1712/1712 1701/1701/1701
f 1701/1701/1701 1712/1712/1712 1707/1707/1707
f 1707/1707/1707 1713/1713/1713 1708/1708/1708
f 1708/1708/1708 1713/1713/1713 1714/1714/1714
f 1708/1708/1708 1714/1714/1714 1709/1709/1709
f 1709/1709/1709 1714/1714/1714 1715/1715/1715
f 1709/1709/1709 1715/1715/1715 1710/1710/1710
f 1710/1710/1710 1715/1715/1715 1716/1716/1716
f 1710/1710/1710 1716/1716/1716 1711/1711/1711
f 1711/1711/1711 1716/1716/1716 1717/1717/1717
f 1711/1711/1711 1717/1717/1717 1712/1712/1712
f 1712/1712/1712 1717/1717/1717 1718/1718/1718
f 1712/1712/1712 1718/1718/1718 1707/1707/1707
f 1707/1707/1707 1718/1718/1718 1713/1713/1713
f 1713/1713/1713 1719/1719/1719 1714/1714/1714
f 1714/1714/1714 1719/1719/1719 1720/1720/1720
f 1714/1714/1714 1720/1720/1720 1715/1715/1715
f 1715/1715/1715 1720/1720/1720 1721/1721/1721
f 1715/1715/1715 1721/1721/1721 1716/1716/1716
f 1716/1716/1716 1721/1721/1721 1722/1722/1722
f 1716/1716/1716 1722/1722/1722 1717/1717/1717
f 1717/1717/1717 1722/1722/1722 1723/1723/1723
f 1717/1717/1717 1723/1723/1723 1718/1718/1718
f 1718/1718/1718 1723/1723/1723 1724/1724/1724
f 1718/1718/1718 1724/1724/1724 1713/1713/1713
f 1713/1713/1713 1724/1724/1724 1719/1719/1719
f 1719/1719/1719 1725/1725/1725 1720/1720/1720
f 1720/1720/1720 1725/1725/1725 1726/1726/1726
f 1720/1720/1720 1726/1726/1726 1721/1721/1721
f 1721/1721/1721 1726/1726/1726 1727/1727/1727
f 1721/1721/1721 1727/1727/1727 1722/1722/1722
f 1722/1722/1722 1727/1727/1727 1728/1728/1728
f 1722/1722/1722 1728/1728/1728 1723/1723/1723
f 1723/1723/1723 1728/1728/1728 1729/1729/1729
f 1723/1723/1723 1729/1729/1729 1724/1724/1724
f 1724/1724/1724 1729/1729/1729 1730/1730/1730
f 1724/1724/1724 1730/1730/1730 1719/1719/1719
f 1719/1719/1719 1730/1730/1730 1725/1725/1725
f 1725/1725/1725 1731/1731/1731 1726/1726/1726
f 1726/1726/1726 1731/1731/1731 1732/1732/1732
f 1726/1726/1726 1732/1732/1732 1727/1727/1727
f 1727/1727/1727 1732/1732/1732 1733/1733/1733
f 1727/1727/1727 1733/1733/1733 1728/1728/1728
f 1728/1728/1728 1733/1733/1733 1734/1734/1734
f 1728/1728/1728 1734/1734/1734 1729/1729/1729
f 1729/1729/1729 1734/1734/1734 1735/1735/1735
f 1729/1729/1729 1735/1735/1735 1730/1730/1730
f 1730/1730/1730 1735/1735/1735 1736/1736/1736
f 1730/1730/1730 1736/1736/1736 1725/1725/1725
f 1725/1725/1725 1736/1736/1736 1731/1731/1731

# Patch: deco_bow
o deco_bow
usemtl bikini_8625a973_material
v -0.452000 0.980447 0.220000
v -0.449077 0.980267 0.220000
v -0.446390 0.979741 0.220000
v -0.444158 0.978912 0.220000
v -0.442562 0.977847 0.220000
v -0.441730 0.976633 0.220000
v -0.441730 0.975367 0.220000
v -0.442562 0.974153 0.220000
v -0.444158 0.973088 0.220000
v -0.446390 0.972259 0.220000
v -0.449077 0.971733 0.220000
v -0.452000 0.971553 0.220000
v -0.452000 0.980447 0.220000
v -0.454923 0.980267 0.220000
v -0.457610 0.979741 0.220000
v -0.459842 0.978912 0.220000
v -0.461438 0.977847 0.220000
v -0.462270 0.976633 0.220000
v -0.462270 0.975367 0.220000
v -0.461438 0.974153 0.220000
v -0.459842 0.973088 0.220000
v -0.457610 0.972259 0.220000
v -0.454923 0.971733 0.220000
v -0.452000 0.971553 0.220000
v -0.449000 0.976000 0.221000
v -0.452000 0.979000 0.221000
v -0.455000 0.976000 0.221000
v -0.452000 0.973000 0.221000
vn -0.014074 -0.228403 -0.973465
vn -0.028765 -0.228582 -0.973100
vn -0.060153 -0.218398 -0.974004
vn -0.091207 -0.184406 -0.978609
vn -0.117192 -0.124880 -0.985226
vn -0.132332 -0.044395 -0.990211
vn -0.132332 0.044395 -0.990211
vn -0.117192 0.124880 -0.985226
vn -0.091207 0.184406 -0.978609
vn -0.060153 0.218398 -0.974004
vn -0.028765 0.228582 -0.973100
vn -0.014074 0.228403 -0.973465
vn -0.013003 0.211020 0.977395
vn -0.024614 0.195600 0.980375
vn -0.044426 0.161298 0.985905
vn -0.059238 0.119771 0.991033
vn -0.069057 0.073587 0.994895
vn -0.073943 0.024806 0.996954
vn -0.073943 -0.024806 0.996954
vn -0.069057 -0.073587 0.994895
vn -0.059238 -0.119771 0.991033
vn -0.044426 -0.161298 0.985905
vn -0.024614 -0.195600 0.980375
vn -0.013003 -0.211020 0.977395
vn -0.195219 -0.000000 0.980760
vn 0.000000 0.000000 1.000000
vn 0.000000 0.000000 1.000000
vn 0.000000 0.000000 1.000000
vt 0.510000 0.673333
vt 0.520227 0.673333
vt 0.530455 0.673333
vt 0.540682 0.673333
vt 0.550909 0.673333
vt 0.561136 0.673333
vt 0.571364 0.673333
vt 0.581591 0.673333
vt 0.591818 0.673333
vt 0.602045 0.673333
vt 0.612273 0.673333
vt 0.622500 0.673333
vt 0.622500 0.673333
vt 0.632727 0.673333
vt 0.642955 0.673333
vt 0.653182 0.673333
vt 0.663409 0.673333
vt 0.673636 0.673333
vt 0.683864 0.673333
vt 0.694091 0.673333
vt 0.704318 0.673333
vt 0.714545 0.673333
vt 0.724773 0.673333
vt 0.735000 0.673333
vt 0.622500 0.673333
vt 0.622500 0.673333
vt 0.622500 0.673333
vt 0.622500 0.673333
f 1737/1737/1737 1738/1738/1738 1761/1761/1761
f 1738/1738/1738 1739/1739/1739 1761/1761/1761
f 1739/1739/1739 1740/1740/1740 1761/1761/1761
f 1740/1740/1740 1741/1741/1741 1761/1761/1761
f 1741/1741/1741 1742/1742/1742 1761/1761/1761
f 1742/1742/1742 1743/1743/1743 1761/1761/1761
f 1743/1743/1743 1744/1744/1744 1761/1761/1761
f 1744/1744/1744 1745/1745/1745 1761/1761/1761
f 1745/1745/1745 1746/1746/1746 1761/1761/1761
f 1746/1746/1746 1747/1747/1747 1761/1761/1761
f 1747/1747/1747 1748/1748/1748 1761/1761/1761
f 1749/1749/1749 1750/1750/1750 1761/1761/1761
f 1750/1750/1750 1751/1751/1751 1761/1761/1761
f 1751/1751/1751 1752/1752/1752 1761/1761/1761
f 1752/1752/1752 1753/1753/1753 1761/1761/1761
f 1753/1753/1753 1754/1754/1754 1761/1761/1761
f 1754/1754/1754 1755/1755/1755 1761/1761/1761
f 1755/1755/1755 1756/1756/1756 1761/1761/1761
f 1756/1756/1756 1757/1757/1757 1761/1761/1761
f 1757/1757/1757 1758/1758/1758 1761/1761/1761
f 1758/1758/1758 1759/1759/1759 1761/1761/1761
f 1759/1759/1759 1760/1760/1760 1761/1761/1761
f 1761/1761/1761 1762/1762/1762 1761/1761/1761
f 1762/1762/1762 1763/1763/1763 1761/1761/1761
f 1763/1763/1763 1764/1764/1764 1761/1761/1761

